  0
SECTION
  2
HEADER
  9
$ACADVER
  1
AC1027
  9
$ACADMAINTVER
 70
105
  9
$DWGCODEPAGE
  3
ANSI_1252
  9
$LASTSAVEDBY
  1
ezdxf
  9
$REQUIREDVERSIONS
160
0
  9
$INSBASE
 10
0.0
 20
0.0
 30
0.0
  9
$EXTMIN
 10
1e+20
 20
1e+20
 30
1e+20
  9
$EXTMAX
 10
-1e+20
 20
-1e+20
 30
-1e+20
  9
$LIMMIN
 10
0.0
 20
0.0
  9
$LIMMAX
 10
420.0
 20
297.0
  9
$ORTHOMODE
 70
0
  9
$REGENMODE
 70
1
  9
$FILLMODE
 70
1
  9
$QTEXTMODE
 70
0
  9
$MIRRTEXT
 70
1
  9
$LTSCALE
 40
1.0
  9
$ATTMODE
 70
1
  9
$TEXTSIZE
 40
2.5
  9
$TRACEWID
 40
1.0
  9
$TEXTSTYLE
  7
OpenSans
  9
$CLAYER
  8
0
  9
$CELTYPE
  6
ByLayer
  9
$CECOLOR
 62
256
  9
$CELTSCALE
 40
1.0
  9
$DISPSILH
 70
0
  9
$DIMSCALE
 40
1.0
  9
$DIMASZ
 40
0.175
  9
$DIMEXO
 40
0.125
  9
$DIMDLI
 40
3.75
  9
$DIMRND
 40
0.0
  9
$DIMDLE
 40
0.0
  9
$DIMEXE
 40
0.375
  9
$DIMTP
 40
0.0
  9
$DIMTM
 40
0.0
  9
$DIMTXT
 40
0.25
  9
$DIMCEN
 40
2.5
  9
$DIMTSZ
 40
0.0
  9
$DIMTOL
 70
0
  9
$DIMLIM
 70
0
  9
$DIMTIH
 70
0
  9
$DIMTOH
 70
0
  9
$DIMSE1
 70
0
  9
$DIMSE2
 70
0
  9
$DIMTAD
 70
1
  9
$DIMZIN
 70
12
  9
$DIMBLK
  1
ARCHTICK
  9
$DIMASO
 70
1
  9
$DIMSHO
 70
1
  9
$DIMPOST
  1

  9
$DIMAPOST
  1

  9
$DIMALT
 70
0
  9
$DIMALTD
 70
3
  9
$DIMALTF
 40
0.03937007874
  9
$DIMLFAC
 40
100.0
  9
$DIMTOFL
 70
1
  9
$DIMTVP
 40
0.0
  9
$DIMTIX
 70
0
  9
$DIMSOXD
 70
0
  9
$DIMSAH
 70
0
  9
$DIMBLK1
  1

  9
$DIMBLK2
  1

  9
$DIMSTYLE
  2
EZDXF
  9
$DIMCLRD
 70
0
  9
$DIMCLRE
 70
0
  9
$DIMCLRT
 70
0
  9
$DIMTFAC
 40
0.5
  9
$DIMGAP
 40
0.1
  9
$DIMJUST
 70
0
  9
$DIMSD1
 70
0
  9
$DIMSD2
 70
0
  9
$DIMTOLJ
 70
0
  9
$DIMTZIN
 70
8
  9
$DIMALTZ
 70
0
  9
$DIMALTTZ
 70
0
  9
$DIMUPT
 70
1
  9
$DIMDEC
 70
2
  9
$DIMTDEC
 70
2
  9
$DIMALTU
 70
2
  9
$DIMALTTD
 70
3
  9
$DIMTXSTY
  7
OpenSansCondensed-Light
  9
$DIMAUNIT
 70
0
  9
$DIMADEC
 70
2
  9
$DIMALTRND
 40
0.0
  9
$DIMAZIN
 70
3
  9
$DIMDSEP
 70
46
  9
$DIMATFIT
 70
3
  9
$DIMFRAC
 70
0
  9
$DIMLDRBLK
  1

  9
$DIMLUNIT
 70
2
  9
$DIMLWD
 70
-2
  9
$DIMLWE
 70
-2
  9
$DIMTMOVE
 70
2
  9
$DIMFXL
 40
1.0
  9
$DIMFXLON
 70
0
  9
$DIMJOGANG
 40
0.785398163397
  9
$DIMTFILL
 70
0
  9
$DIMTFILLCLR
 70
0
  9
$DIMARCSYM
 70
0
  9
$DIMLTYPE
  6

  9
$DIMLTEX1
  6

  9
$DIMLTEX2
  6

  9
$DIMTXTDIRECTION
 70
0
  9
$LUNITS
 70
2
  9
$LUPREC
 70
4
  9
$SKETCHINC
 40
1.0
  9
$FILLETRAD
 40
10.0
  9
$AUNITS
 70
0
  9
$AUPREC
 70
2
  9
$MENU
  1
.
  9
$ELEVATION
 40
0.0
  9
$PELEVATION
 40
0.0
  9
$THICKNESS
 40
0.0
  9
$LIMCHECK
 70
0
  9
$CHAMFERA
 40
0.0
  9
$CHAMFERB
 40
0.0
  9
$CHAMFERC
 40
0.0
  9
$CHAMFERD
 40
0.0
  9
$SKPOLY
 70
0
  9
$TDCREATE
 40
2461277.1084837965
  9
$TDUCREATE
 40
2458532.153996898
  9
$TDUPDATE
 40
2461277.1084837965
  9
$TDUUPDATE
 40
2458532.1544311
  9
$TDINDWG
 40
0.0
  9
$TDUSRTIMER
 40
0.0
  9
$USRTIMER
 70
1
  9
$ANGBASE
 50
0.0
  9
$ANGDIR
 70
0
  9
$PDMODE
 70
0
  9
$PDSIZE
 40
0.0
  9
$PLINEWID
 40
0.0
  9
$SPLFRAME
 70
0
  9
$SPLINETYPE
 70
6
  9
$SPLINESEGS
 70
8
  9
$HANDSEED
  5
152
  9
$SURFTAB1
 70
6
  9
$SURFTAB2
 70
6
  9
$SURFTYPE
 70
6
  9
$SURFU
 70
6
  9
$SURFV
 70
6
  9
$UCSBASE
  2

  9
$UCSNAME
  2

  9
$UCSORG
 10
0.0
 20
0.0
 30
0.0
  9
$UCSXDIR
 10
1.0
 20
0.0
 30
0.0
  9
$UCSYDIR
 10
0.0
 20
1.0
 30
0.0
  9
$UCSORTHOREF
  2

  9
$UCSORTHOVIEW
 70
0
  9
$UCSORGTOP
 10
0.0
 20
0.0
 30
0.0
  9
$UCSORGBOTTOM
 10
0.0
 20
0.0
 30
0.0
  9
$UCSORGLEFT
 10
0.0
 20
0.0
 30
0.0
  9
$UCSORGRIGHT
 10
0.0
 20
0.0
 30
0.0
  9
$UCSORGFRONT
 10
0.0
 20
0.0
 30
0.0
  9
$UCSORGBACK
 10
0.0
 20
0.0
 30
0.0
  9
$PUCSBASE
  2

  9
$PUCSNAME
  2

  9
$PUCSORG
 10
0.0
 20
0.0
 30
0.0
  9
$PUCSXDIR
 10
1.0
 20
0.0
 30
0.0
  9
$PUCSYDIR
 10
0.0
 20
1.0
 30
0.0
  9
$PUCSORTHOREF
  2

  9
$PUCSORTHOVIEW
 70
0
  9
$PUCSORGTOP
 10
0.0
 20
0.0
 30
0.0
  9
$PUCSORGBOTTOM
 10
0.0
 20
0.0
 30
0.0
  9
$PUCSORGLEFT
 10
0.0
 20
0.0
 30
0.0
  9
$PUCSORGRIGHT
 10
0.0
 20
0.0
 30
0.0
  9
$PUCSORGFRONT
 10
0.0
 20
0.0
 30
0.0
  9
$PUCSORGBACK
 10
0.0
 20
0.0
 30
0.0
  9
$USERI1
 70
0
  9
$USERI2
 70
0
  9
$USERI3
 70
0
  9
$USERI4
 70
0
  9
$USERI5
 70
0
  9
$USERR1
 40
0.0
  9
$USERR2
 40
0.0
  9
$USERR3
 40
0.0
  9
$USERR4
 40
0.0
  9
$USERR5
 40
0.0
  9
$WORLDVIEW
 70
1
  9
$SHADEDGE
 70
3
  9
$SHADEDIF
 70
70
  9
$TILEMODE
 70
1
  9
$MAXACTVP
 70
64
  9
$PINSBASE
 10
0.0
 20
0.0
 30
0.0
  9
$PLIMCHECK
 70
0
  9
$PEXTMIN
 10
1e+20
 20
1e+20
 30
1e+20
  9
$PEXTMAX
 10
-1e+20
 20
-1e+20
 30
-1e+20
  9
$PLIMMIN
 10
0.0
 20
0.0
  9
$PLIMMAX
 10
420.0
 20
297.0
  9
$UNITMODE
 70
0
  9
$VISRETAIN
 70
1
  9
$PLINEGEN
 70
0
  9
$PSLTSCALE
 70
1
  9
$TREEDEPTH
 70
3020
  9
$CMLSTYLE
  2
Standard
  9
$CMLJUST
 70
0
  9
$CMLSCALE
 40
20.0
  9
$PROXYGRAPHICS
 70
1
  9
$MEASUREMENT
 70
1
  9
$CELWEIGHT
370
-1
  9
$ENDCAPS
280
0
  9
$JOINSTYLE
280
0
  9
$LWDISPLAY
290
0
  9
$INSUNITS
 70
4
  9
$HYPERLINKBASE
  1

  9
$STYLESHEET
  1

  9
$XEDIT
290
1
  9
$CEPSNTYPE
380
0
  9
$PSTYLEMODE
290
1
  9
$FINGERPRINTGUID
  2
{97958BDB-A2E6-4F1A-9544-C9B580C37377}
  9
$VERSIONGUID
  2
{E33F14BE-C4D2-4733-9C03-9807EFEC82A0}
  9
$EXTNAMES
290
1
  9
$PSVPSCALE
 40
0.0
  9
$OLESTARTUP
290
0
  9
$SORTENTS
280
127
  9
$INDEXCTL
280
0
  9
$HIDETEXT
280
1
  9
$XCLIPFRAME
280
1
  9
$HALOGAP
280
0
  9
$OBSCOLOR
 70
257
  9
$OBSLTYPE
280
0
  9
$INTERSECTIONDISPLAY
280
0
  9
$INTERSECTIONCOLOR
 70
257
  9
$DIMASSOC
280
2
  9
$PROJECTNAME
  1

  9
$CAMERADISPLAY
290
0
  9
$LENSLENGTH
 40
50.0
  9
$CAMERAHEIGHT
 40
0.0
  9
$STEPSPERSEC
 40
24.0
  9
$STEPSIZE
 40
100.0
  9
$3DDWFPREC
 40
2.0
  9
$PSOLWIDTH
 40
0.005
  9
$PSOLHEIGHT
 40
0.08
  9
$LOFTANG1
 40
1.570796326795
  9
$LOFTANG2
 40
1.570796326795
  9
$LOFTMAG1
 40
0.0
  9
$LOFTMAG2
 40
0.0
  9
$LOFTPARAM
 70
7
  9
$LOFTNORMALS
280
1
  9
$LATITUDE
 40
37.795
  9
$LONGITUDE
 40
-122.394
  9
$NORTHDIRECTION
 40
0.0
  9
$TIMEZONE
 70
-8000
  9
$LIGHTGLYPHDISPLAY
280
1
  9
$TILEMODELIGHTSYNCH
280
1
  9
$CMATERIAL
347
20
  9
$SOLIDHIST
280
0
  9
$SHOWHIST
280
1
  9
$DWFFRAME
280
2
  9
$DGNFRAME
280
2
  9
$REALWORLDSCALE
290
1
  9
$INTERFERECOLOR
 62
256
  9
$CSHADOW
280
0
  9
$SHADOWPLANELOCATION
 40
0.0
  0
ENDSEC
  0
SECTION
  2
CLASSES
  0
CLASS
  1
ACDBDICTIONARYWDFLT
  2
AcDbDictionaryWithDefault
  3
ObjectDBX Classes
 90
0
 91
0
280
0
281
0
  0
CLASS
  1
SUN
  2
AcDbSun
  3
SCENEOE
 90
1153
 91
0
280
0
281
0
  0
CLASS
  1
VISUALSTYLE
  2
AcDbVisualStyle
  3
ObjectDBX Classes
 90
4095
 91
0
280
0
281
0
  0
CLASS
  1
MATERIAL
  2
AcDbMaterial
  3
ObjectDBX Classes
 90
1153
 91
0
280
0
281
0
  0
CLASS
  1
SCALE
  2
AcDbScale
  3
ObjectDBX Classes
 90
1153
 91
0
280
0
281
0
  0
CLASS
  1
TABLESTYLE
  2
AcDbTableStyle
  3
ObjectDBX Classes
 90
4095
 91
0
280
0
281
0
  0
CLASS
  1
MLEADERSTYLE
  2
AcDbMLeaderStyle
  3
ACDB_MLEADERSTYLE_CLASS
 90
4095
 91
0
280
0
281
0
  0
CLASS
  1
DICTIONARYVAR
  2
AcDbDictionaryVar
  3
ObjectDBX Classes
 90
0
 91
0
280
0
281
0
  0
CLASS
  1
CELLSTYLEMAP
  2
AcDbCellStyleMap
  3
ObjectDBX Classes
 90
1152
 91
0
280
0
281
0
  0
CLASS
  1
MENTALRAYRENDERSETTINGS
  2
AcDbMentalRayRenderSettings
  3
SCENEOE
 90
1024
 91
0
280
0
281
0
  0
CLASS
  1
ACDBDETAILVIEWSTYLE
  2
AcDbDetailViewStyle
  3
ObjectDBX Classes
 90
1025
 91
0
280
0
281
0
  0
CLASS
  1
ACDBSECTIONVIEWSTYLE
  2
AcDbSectionViewStyle
  3
ObjectDBX Classes
 90
1025
 91
0
280
0
281
0
  0
CLASS
  1
RASTERVARIABLES
  2
AcDbRasterVariables
  3
ISM
 90
0
 91
0
280
0
281
0
  0
CLASS
  1
ACDBPLACEHOLDER
  2
AcDbPlaceHolder
  3
ObjectDBX Classes
 90
0
 91
0
280
0
281
0
  0
CLASS
  1
LAYOUT
  2
AcDbLayout
  3
ObjectDBX Classes
 90
0
 91
0
280
0
281
0
  0
ENDSEC
  0
SECTION
  2
TABLES
  0
TABLE
  2
VPORT
  5
8
330
0
100
AcDbSymbolTable
 70
1
  0
VPORT
  5
23
330
8
100
AcDbSymbolTableRecord
100
AcDbViewportTableRecord
  2
*Active
 70
0
 10
0.0
 20
0.0
 11
1.0
 21
1.0
 12
0.0
 22
0.0
 13
0.0
 23
0.0
 14
0.5
 24
0.5
 15
0.5
 25
0.5
 16
0.0
 26
0.0
 36
1.0
 17
0.0
 27
0.0
 37
0.0
 40
1000.0
 41
1.34
 42
50.0
 43
0.0
 44
0.0
 50
0.0
 51
0.0
 71
0
 72
1000
 73
1
 74
3
 75
0
 76
0
 77
0
 78
0
281
0
 65
0
146
0.0
  0
ENDTAB
  0
TABLE
  2
LTYPE
  5
2
330
0
100
AcDbSymbolTable
 70
21
  0
LTYPE
  5
24
330
2
100
AcDbSymbolTableRecord
100
AcDbLinetypeTableRecord
  2
ByBlock
 70
0
  3

 72
65
 73
0
 40
0.0
  0
LTYPE
  5
25
330
2
100
AcDbSymbolTableRecord
100
AcDbLinetypeTableRecord
  2
ByLayer
 70
0
  3

 72
65
 73
0
 40
0.0
  0
LTYPE
  5
26
330
2
100
AcDbSymbolTableRecord
100
AcDbLinetypeTableRecord
  2
Continuous
 70
0
  3

 72
65
 73
0
 40
0.0
  0
LTYPE
  5
2F
330
2
100
AcDbSymbolTableRecord
100
AcDbLinetypeTableRecord
  2
CENTER
 70
0
  3
Center ____ _ ____ _ ____ _ ____ _ ____ _ ____
 72
65
 73
4
 40
5.08
 49
3.175
 74
0
 49
-0.635
 74
0
 49
0.635
 74
0
 49
-0.635
 74
0
  0
LTYPE
  5
30
330
2
100
AcDbSymbolTableRecord
100
AcDbLinetypeTableRecord
  2
CENTERX2
 70
0
  3
Center (2x) ________  __  ________  __  ________
 72
65
 73
4
 40
8.89
 49
6.35
 74
0
 49
-0.635
 74
0
 49
1.27
 74
0
 49
-0.635
 74
0
  0
LTYPE
  5
31
330
2
100
AcDbSymbolTableRecord
100
AcDbLinetypeTableRecord
  2
CENTER2
 70
0
  3
Center (.5x) ____ _ ____ _ ____ _ ____ _ ____
 72
65
 73
4
 40
2.54
 49
1.587
 74
0
 49
-0.318
 74
0
 49
0.318
 74
0
 49
-0.318
 74
0
  0
LTYPE
  5
32
330
2
100
AcDbSymbolTableRecord
100
AcDbLinetypeTableRecord
  2
DASHED
 70
0
  3
Dashed __ __ __ __ __ __ __ __ __ __ __ __ __ _
 72
65
 73
2
 40
1.524
 49
1.27
 74
0
 49
-0.254
 74
0
  0
LTYPE
  5
33
330
2
100
AcDbSymbolTableRecord
100
AcDbLinetypeTableRecord
  2
DASHEDX2
 70
0
  3
Dashed (2x) ____  ____  ____  ____  ____  ____
 72
65
 73
2
 40
3.048
 49
2.54
 74
0
 49
-0.508
 74
0
  0
LTYPE
  5
34
330
2
100
AcDbSymbolTableRecord
100
AcDbLinetypeTableRecord
  2
DASHED2
 70
0
  3
Dashed (.5x) _ _ _ _ _ _ _ _ _ _ _ _ _ _
 72
65
 73
2
 40
0.762
 49
0.635
 74
0
 49
-0.127
 74
0
  0
LTYPE
  5
35
330
2
100
AcDbSymbolTableRecord
100
AcDbLinetypeTableRecord
  2
PHANTOM
 70
0
  3
Phantom ______  __  __  ______  __  __  ______
 72
65
 73
6
 40
6.35
 49
3.175
 74
0
 49
-0.635
 74
0
 49
0.635
 74
0
 49
-0.635
 74
0
 49
0.635
 74
0
 49
-0.635
 74
0
  0
LTYPE
  5
36
330
2
100
AcDbSymbolTableRecord
100
AcDbLinetypeTableRecord
  2
PHANTOMX2
 70
0
  3
Phantom (2x)____________    ____    ____    ____________
 72
65
 73
6
 40
10.795
 49
6.35
 74
0
 49
-0.635
 74
0
 49
1.27
 74
0
 49
-0.635
 74
0
 49
1.27
 74
0
 49
-0.635
 74
0
  0
LTYPE
  5
37
330
2
100
AcDbSymbolTableRecord
100
AcDbLinetypeTableRecord
  2
PHANTOM2
 70
0
  3
Phantom (.5x) ___ _ _ ___ _ _ ___ _ _ ___ _ _ ___
 72
65
 73
6
 40
3.175
 49
1.587
 74
0
 49
-0.318
 74
0
 49
0.318
 74
0
 49
-0.318
 74
0
 49
0.318
 74
0
 49
-0.318
 74
0
  0
LTYPE
  5
38
330
2
100
AcDbSymbolTableRecord
100
AcDbLinetypeTableRecord
  2
DASHDOT
 70
0
  3
Dash dot __ . __ . __ . __ . __ . __ . __ . __
 72
65
 73
4
 40
3.556
 49
2.54
 74
0
 49
-0.508
 74
0
 49
0.0
 74
0
 49
-0.508
 74
0
  0
LTYPE
  5
39
330
2
100
AcDbSymbolTableRecord
100
AcDbLinetypeTableRecord
  2
DASHDOTX2
 70
0
  3
Dash dot (2x) ____  .  ____  .  ____  .  ____
 72
65
 73
4
 40
6.096
 49
5.08
 74
0
 49
-0.508
 74
0
 49
0.0
 74
0
 49
-0.508
 74
0
  0
LTYPE
  5
3A
330
2
100
AcDbSymbolTableRecord
100
AcDbLinetypeTableRecord
  2
DASHDOT2
 70
0
  3
Dash dot (.5x) _ . _ . _ . _ . _ . _ . _ . _
 72
65
 73
4
 40
1.778
 49
1.27
 74
0
 49
-0.254
 74
0
 49
0.0
 74
0
 49
-0.254
 74
0
  0
LTYPE
  5
3B
330
2
100
AcDbSymbolTableRecord
100
AcDbLinetypeTableRecord
  2
DOT
 70
0
  3
Dot .  .  .  .  .  .  .  .  .  .  .  .  .  .  .  .
 72
65
 73
2
 40
0.508
 49
0.0
 74
0
 49
-0.508
 74
0
  0
LTYPE
  5
3C
330
2
100
AcDbSymbolTableRecord
100
AcDbLinetypeTableRecord
  2
DOTX2
 70
0
  3
Dot (2x) .    .    .    .    .    .    .    . 
 72
65
 73
2
 40
1.016
 49
0.0
 74
0
 49
-1.016
 74
0
  0
LTYPE
  5
3D
330
2
100
AcDbSymbolTableRecord
100
AcDbLinetypeTableRecord
  2
DOT2
 70
0
  3
Dot (.5) . . . . . . . . . . . . . . . . . . . 
 72
65
 73
2
 40
0.254
 49
0.0
 74
0
 49
-0.254
 74
0
  0
LTYPE
  5
3E
330
2
100
AcDbSymbolTableRecord
100
AcDbLinetypeTableRecord
  2
DIVIDE
 70
0
  3
Divide __ . . __ . . __ . . __ . . __ . . __
 72
65
 73
6
 40
4.064
 49
2.54
 74
0
 49
-0.508
 74
0
 49
0.0
 74
0
 49
-0.508
 74
0
 49
0.0
 74
0
 49
-0.508
 74
0
  0
LTYPE
  5
3F
330
2
100
AcDbSymbolTableRecord
100
AcDbLinetypeTableRecord
  2
DIVIDEX2
 70
0
  3
Divide (2x) ____  . .  ____  . .  ____  . .  ____
 72
65
 73
6
 40
6.604
 49
5.08
 74
0
 49
-0.508
 74
0
 49
0.0
 74
0
 49
-0.508
 74
0
 49
0.0
 74
0
 49
-0.508
 74
0
  0
LTYPE
  5
40
330
2
100
AcDbSymbolTableRecord
100
AcDbLinetypeTableRecord
  2
DIVIDE2
 70
0
  3
Divide(.5x) _ . _ . _ . _ . _ . _ . _ . _
 72
65
 73
6
 40
2.032
 49
1.27
 74
0
 49
-0.254
 74
0
 49
0.0
 74
0
 49
-0.254
 74
0
 49
0.0
 74
0
 49
-0.254
 74
0
  0
ENDTAB
  0
TABLE
  2
LAYER
  5
1
330
0
100
AcDbSymbolTable
 70
8
  0
LAYER
  5
27
330
1
100
AcDbSymbolTableRecord
100
AcDbLayerTableRecord
  2
0
 70
0
 62
7
  6
Continuous
370
-3
390
13
347
21
  0
LAYER
  5
28
330
1
100
AcDbSymbolTableRecord
100
AcDbLayerTableRecord
  2
Defpoints
 70
0
 62
7
  6
Continuous
290
0
370
-3
390
13
347
21
  0
LAYER
  5
8A
330
1
100
AcDbSymbolTableRecord
100
AcDbLayerTableRecord
  2
FRAME
 70
0
 62
8
  6
Continuous
370
-3
390
13
347
21
1001
AcAecLayerStandard
1000

1000
Border, framing arrows, registration
  0
LAYER
  5
8C
330
1
100
AcDbSymbolTableRecord
100
AcDbLayerTableRecord
  2
CENTER
 70
0
 62
7
  6
Continuous
370
-3
390
13
347
21
1001
AcAecLayerStandard
1000

1000
Central wedges, zone plate, pulse bars
  0
LAYER
  5
8D
330
1
100
AcDbSymbolTableRecord
100
AcDbLayerTableRecord
  2
PERIPHERY
 70
0
 62
4
  6
Continuous
370
-3
390
13
347
21
1001
AcAecLayerStandard
1000

1000
Corner wedges, checkerboards, edge patterns
  0
LAYER
  5
8E
330
1
100
AcDbSymbolTableRecord
100
AcDbLayerTableRecord
  2
SFR
 70
0
 62
1
  6
Continuous
370
-3
390
13
347
21
1001
AcAecLayerStandard
1000

1000
Slanted-edge SFR bars, H-bars, corner squares
  0
LAYER
  5
8F
330
1
100
AcDbSymbolTableRecord
100
AcDbLayerTableRecord
  2
LABELS
 70
0
 62
3
  6
Continuous
370
-3
390
13
347
21
1001
AcAecLayerStandard
1000

1000
Frequency and aspect-ratio labels
  0
LAYER
  5
90
330
1
100
AcDbSymbolTableRecord
100
AcDbLayerTableRecord
  2
NOTES
 70
0
 62
2
  6
Continuous
370
-3
390
13
347
21
1001
AcAecLayerStandard
1000

1000
Print notes and picture-height callouts
  0
ENDTAB
  0
TABLE
  2
STYLE
  5
5
330
0
100
AcDbSymbolTable
 70
26
  0
STYLE
  5
29
330
5
100
AcDbSymbolTableRecord
100
AcDbTextStyleTableRecord
  2
Standard
 70
0
 40
0.0
 41
1.0
 50
0.0
 71
0
 42
2.5
  3
txt
  4

  0
STYLE
  5
41
330
5
100
AcDbSymbolTableRecord
100
AcDbTextStyleTableRecord
  2
OpenSans-Light
 70
0
 40
0.0
 41
1.0
 50
0.0
 71
0
 42
2.5
  3
OpenSans-Light.ttf
  4

  0
STYLE
  5
42
330
5
100
AcDbSymbolTableRecord
100
AcDbTextStyleTableRecord
  2
OpenSans-Light-Italic
 70
0
 40
0.0
 41
1.0
 50
0.0
 71
0
 42
2.5
  3
OpenSans-LightItalic.ttf
  4

  0
STYLE
  5
43
330
5
100
AcDbSymbolTableRecord
100
AcDbTextStyleTableRecord
  2
OpenSans
 70
0
 40
0.0
 41
1.0
 50
0.0
 71
0
 42
2.5
  3
OpenSans-Regular.ttf
  4

  0
STYLE
  5
44
330
5
100
AcDbSymbolTableRecord
100
AcDbTextStyleTableRecord
  2
OpenSans-Italic
 70
0
 40
0.0
 41
1.0
 50
0.0
 71
0
 42
2.5
  3
OpenSans-Italic.ttf
  4

  0
STYLE
  5
45
330
5
100
AcDbSymbolTableRecord
100
AcDbTextStyleTableRecord
  2
OpenSans-SemiBold
 70
0
 40
0.0
 41
1.0
 50
0.0
 71
0
 42
2.5
  3
OpenSans-SemiBold.ttf
  4

  0
STYLE
  5
46
330
5
100
AcDbSymbolTableRecord
100
AcDbTextStyleTableRecord
  2
OpenSans-SemiBoldItalic
 70
0
 40
0.0
 41
1.0
 50
0.0
 71
0
 42
2.5
  3
OpenSans-SemiBoldItalic.ttf
  4

  0
STYLE
  5
47
330
5
100
AcDbSymbolTableRecord
100
AcDbTextStyleTableRecord
  2
OpenSans-Bold
 70
0
 40
0.0
 41
1.0
 50
0.0
 71
0
 42
2.5
  3
OpenSans-Bold.ttf
  4

  0
STYLE
  5
48
330
5
100
AcDbSymbolTableRecord
100
AcDbTextStyleTableRecord
  2
OpenSans-BoldItalic
 70
0
 40
0.0
 41
1.0
 50
0.0
 71
0
 42
2.5
  3
OpenSans-BoldItalic.ttf
  4

  0
STYLE
  5
49
330
5
100
AcDbSymbolTableRecord
100
AcDbTextStyleTableRecord
  2
OpenSans-ExtraBold
 70
0
 40
0.0
 41
1.0
 50
0.0
 71
0
 42
2.5
  3
OpenSans-ExtraBold.ttf
  4

  0
STYLE
  5
4A
330
5
100
AcDbSymbolTableRecord
100
AcDbTextStyleTableRecord
  2
OpenSans-ExtraBoldItalic
 70
0
 40
0.0
 41
1.0
 50
0.0
 71
0
 42
2.5
  3
OpenSans-ExtraBoldItalic.ttf
  4

  0
STYLE
  5
4B
330
5
100
AcDbSymbolTableRecord
100
AcDbTextStyleTableRecord
  2
OpenSansCondensed-Bold
 70
0
 40
0.0
 41
1.0
 50
0.0
 71
0
 42
2.5
  3
OpenSansCondensed-Bold.ttf
  4

  0
STYLE
  5
4C
330
5
100
AcDbSymbolTableRecord
100
AcDbTextStyleTableRecord
  2
OpenSansCondensed-Light
 70
0
 40
0.0
 41
1.0
 50
0.0
 71
0
 42
2.5
  3
OpenSansCondensed-Light.ttf
  4

  0
STYLE
  5
4D
330
5
100
AcDbSymbolTableRecord
100
AcDbTextStyleTableRecord
  2
OpenSansCondensed-Italic
 70
0
 40
0.0
 41
1.0
 50
0.0
 71
0
 42
2.5
  3
OpenSansCondensed-LightItalic.ttf
  4

  0
STYLE
  5
4E
330
5
100
AcDbSymbolTableRecord
100
AcDbTextStyleTableRecord
  2
LiberationSans
 70
0
 40
0.0
 41
1.0
 50
0.0
 71
0
 42
2.5
  3
LiberationSans-Regular.ttf
  4

  0
STYLE
  5
4F
330
5
100
AcDbSymbolTableRecord
100
AcDbTextStyleTableRecord
  2
LiberationSans-Bold
 70
0
 40
0.0
 41
1.0
 50
0.0
 71
0
 42
2.5
  3
LiberationSans-Bold.ttf
  4

  0
STYLE
  5
50
330
5
100
AcDbSymbolTableRecord
100
AcDbTextStyleTableRecord
  2
LiberationSans-BoldItalic
 70
0
 40
0.0
 41
1.0
 50
0.0
 71
0
 42
2.5
  3
LiberationSans-BoldItalic.ttf
  4

  0
STYLE
  5
51
330
5
100
AcDbSymbolTableRecord
100
AcDbTextStyleTableRecord
  2
LiberationSans-Italic
 70
0
 40
0.0
 41
1.0
 50
0.0
 71
0
 42
2.5
  3
LiberationSans-Italic.ttf
  4

  0
STYLE
  5
52
330
5
100
AcDbSymbolTableRecord
100
AcDbTextStyleTableRecord
  2
LiberationSerif
 70
0
 40
0.0
 41
1.0
 50
0.0
 71
0
 42
2.5
  3
LiberationSerif-Regular.ttf
  4

  0
STYLE
  5
53
330
5
100
AcDbSymbolTableRecord
100
AcDbTextStyleTableRecord
  2
LiberationSerif-Bold
 70
0
 40
0.0
 41
1.0
 50
0.0
 71
0
 42
2.5
  3
LiberationSerif-Bold.ttf
  4

  0
STYLE
  5
54
330
5
100
AcDbSymbolTableRecord
100
AcDbTextStyleTableRecord
  2
LiberationSerif-BoldItalic
 70
0
 40
0.0
 41
1.0
 50
0.0
 71
0
 42
2.5
  3
LiberationSerif-BoldItalic.ttf
  4

  0
STYLE
  5
55
330
5
100
AcDbSymbolTableRecord
100
AcDbTextStyleTableRecord
  2
LiberationSerif-Italic
 70
0
 40
0.0
 41
1.0
 50
0.0
 71
0
 42
2.5
  3
LiberationSerif-Italic.ttf
  4

  0
STYLE
  5
56
330
5
100
AcDbSymbolTableRecord
100
AcDbTextStyleTableRecord
  2
LiberationMono
 70
0
 40
0.0
 41
1.0
 50
0.0
 71
0
 42
2.5
  3
LiberationMono-Regular.ttf
  4

  0
STYLE
  5
57
330
5
100
AcDbSymbolTableRecord
100
AcDbTextStyleTableRecord
  2
LiberationMono-Bold
 70
0
 40
0.0
 41
1.0
 50
0.0
 71
0
 42
2.5
  3
LiberationMono-Bold.ttf
  4

  0
STYLE
  5
58
330
5
100
AcDbSymbolTableRecord
100
AcDbTextStyleTableRecord
  2
LiberationMono-BoldItalic
 70
0
 40
0.0
 41
1.0
 50
0.0
 71
0
 42
2.5
  3
LiberationMono-BoldItalic.ttf
  4

  0
STYLE
  5
59
330
5
100
AcDbSymbolTableRecord
100
AcDbTextStyleTableRecord
  2
LiberationMono-Italic
 70
0
 40
0.0
 41
1.0
 50
0.0
 71
0
 42
2.5
  3
LiberationMono-Italic.ttf
  4

  0
ENDTAB
  0
TABLE
  2
VIEW
  5
7
330
0
100
AcDbSymbolTable
 70
0
  0
ENDTAB
  0
TABLE
  2
UCS
  5
6
330
0
100
AcDbSymbolTable
 70
0
  0
ENDTAB
  0
TABLE
  2
APPID
  5
3
330
0
100
AcDbSymbolTable
 70
4
  0
APPID
  5
2A
330
3
100
AcDbSymbolTableRecord
100
AcDbRegAppTableRecord
  2
ACAD
 70
0
  0
APPID
  5
8B
330
3
100
AcDbSymbolTableRecord
100
AcDbRegAppTableRecord
  2
AcAecLayerStandard
 70
0
  0
APPID
  5
14F
330
3
100
AcDbSymbolTableRecord
100
AcDbRegAppTableRecord
  2
HATCHBACKGROUNDCOLOR
 70
0
  0
APPID
  5
150
330
3
100
AcDbSymbolTableRecord
100
AcDbRegAppTableRecord
  2
EZDXF
 70
0
  0
ENDTAB
  0
TABLE
  2
DIMSTYLE
  5
4
330
0
100
AcDbSymbolTable
 70
12
100
AcDbDimStyleTable
  0
DIMSTYLE
105
2B
330
4
100
AcDbSymbolTableRecord
100
AcDbDimStyleTableRecord
  2
Standard
 70
0
 40
1.0
 41
2.5
 42
0.625
 43
3.75
 44
1.25
 45
0.0
 46
0.0
 47
0.0
 48
0.0
 49
2.5
140
2.5
141
2.5
142
0.0
143
0.03937007874
144
1.0
145
0.0
146
1.0
147
0.625
148
0.0
 69
0
 70
0
 71
0
 72
0
 73
0
 74
0
 75
0
 76
0
 77
1
 78
8
 79
3
170
0
171
3
172
1
173
0
174
0
175
0
176
0
177
0
178
0
179
2
271
2
272
2
273
2
274
3
275
0
276
0
277
2
278
44
279
0
280
0
281
0
282
0
283
0
284
8
285
0
286
0
288
0
289
3
290
0
371
-2
372
-2
  0
DIMSTYLE
105
73
330
4
100
AcDbSymbolTableRecord
100
AcDbDimStyleTableRecord
  2
EZDXF
 70
0
 40
1.0
 41
0.175
 42
0.125
 43
3.75
 44
0.375
 45
0.0
 46
0.0
 47
0.0
 48
0.0
 49
2.5
140
0.25
141
2.5
142
0.0
143
0.03937007874
144
100.0
145
0.0
146
0.5
147
0.1
148
0.0
 69
0
 70
0
 71
0
 72
0
 73
0
 74
0
 75
0
 76
0
 77
1
 78
12
 79
3
170
0
171
3
172
1
173
0
174
0
175
0
176
0
177
0
178
0
179
2
271
2
272
2
273
2
274
3
275
0
276
0
277
2
278
46
279
2
280
0
281
0
282
0
283
0
284
8
285
0
286
0
288
1
289
3
290
0
340
4C
342
74
371
-2
372
-2
  0
DIMSTYLE
105
7C
330
4
100
AcDbSymbolTableRecord
100
AcDbDimStyleTableRecord
  2
EZ_M_100_H25_CM
 70
0
 40
1.0
 41
0.25
 42
0.125
 43
3.75
 44
0.375
 45
0.0
 46
0.0
 47
0.0
 48
0.0
 49
2.5
140
0.25
141
2.5
142
0.125
143
0.03937007874
144
100.0
145
0.0
146
0.5
147
0.1
148
0.0
 69
0
 70
0
 71
0
 72
0
 73
0
 74
0
 75
0
 76
0
 77
1
 78
12
 79
3
170
0
171
3
172
1
173
0
174
0
175
0
176
0
177
0
178
0
179
2
271
2
272
2
273
2
274
3
275
0
276
0
277
2
278
46
279
2
280
0
281
0
282
0
283
0
284
8
285
0
286
0
288
1
289
3
290
0
340
4C
371
-2
372
-2
  0
DIMSTYLE
105
7D
330
4
100
AcDbSymbolTableRecord
100
AcDbDimStyleTableRecord
  2
EZ_M_50_H25_CM
 70
0
 40
1.0
 41
0.125
 42
0.0625
 43
3.75
 44
0.1875
 45
0.0
 46
0.0
 47
0.0
 48
0.0
 49
2.5
140
0.125
141
2.5
142
0.0625
143
0.03937007874
144
100.0
145
0.0
146
0.5
147
0.05
148
0.0
 69
0
 70
0
 71
0
 72
0
 73
0
 74
0
 75
0
 76
0
 77
1
 78
12
 79
3
170
0
171
3
172
1
173
0
174
0
175
0
176
0
177
0
178
0
179
2
271
2
272
2
273
2
274
3
275
0
276
0
277
2
278
46
279
2
280
0
281
0
282
0
283
0
284
8
285
0
286
0
288
1
289
3
290
0
340
4C
371
-2
372
-2
  0
DIMSTYLE
105
7E
330
4
100
AcDbSymbolTableRecord
100
AcDbDimStyleTableRecord
  2
EZ_M_25_H25_CM
 70
0
 40
1.0
 41
0.0625
 42
0.03125
 43
3.75
 44
0.09375
 45
0.0
 46
0.0
 47
0.0
 48
0.0
 49
2.5
140
0.0625
141
2.5
142
0.03125
143
0.03937007874
144
100.0
145
0.0
146
0.5
147
0.025
148
0.0
 69
0
 70
0
 71
0
 72
0
 73
0
 74
0
 75
0
 76
0
 77
1
 78
12
 79
3
170
0
171
3
172
1
173
0
174
0
175
0
176
0
177
0
178
0
179
2
271
2
272
2
273
2
274
3
275
0
276
0
277
2
278
46
279
2
280
0
281
0
282
0
283
0
284
8
285
0
286
0
288
1
289
3
290
0
340
4C
371
-2
372
-2
  0
DIMSTYLE
105
7F
330
4
100
AcDbSymbolTableRecord
100
AcDbDimStyleTableRecord
  2
EZ_M_20_H25_CM
 70
0
 40
1.0
 41
0.05
 42
0.025
 43
3.75
 44
0.07500000000000001
 45
0.0
 46
0.0
 47
0.0
 48
0.0
 49
2.5
140
0.05
141
2.5
142
0.025
143
0.03937007874
144
100.0
145
0.0
146
0.5
147
0.020000000000000004
148
0.0
 69
0
 70
0
 71
0
 72
0
 73
0
 74
0
 75
0
 76
0
 77
1
 78
12
 79
3
170
0
171
3
172
1
173
0
174
0
175
0
176
0
177
0
178
0
179
2
271
2
272
2
273
2
274
3
275
0
276
0
277
2
278
46
279
2
280
0
281
0
282
0
283
0
284
8
285
0
286
0
288
1
289
3
290
0
340
4C
371
-2
372
-2
  0
DIMSTYLE
105
80
330
4
100
AcDbSymbolTableRecord
100
AcDbDimStyleTableRecord
  2
EZ_M_10_H25_CM
 70
0
 40
1.0
 41
0.025
 42
0.0125
 43
3.75
 44
0.037500000000000006
 45
0.0
 46
0.0
 47
0.0
 48
0.0
 49
2.5
140
0.025
141
2.5
142
0.0125
143
0.03937007874
144
100.0
145
0.0
146
0.5
147
0.010000000000000002
148
0.0
 69
0
 70
0
 71
0
 72
0
 73
0
 74
0
 75
0
 76
0
 77
1
 78
12
 79
3
170
0
171
3
172
1
173
0
174
0
175
0
176
0
177
0
178
0
179
2
271
2
272
2
273
2
274
3
275
0
276
0
277
2
278
46
279
2
280
0
281
0
282
0
283
0
284
8
285
0
286
0
288
1
289
3
290
0
340
4C
371
-2
372
-2
  0
DIMSTYLE
105
81
330
4
100
AcDbSymbolTableRecord
100
AcDbDimStyleTableRecord
  2
EZ_M_5_H25_CM
 70
0
 40
1.0
 41
0.0125
 42
0.00625
 43
3.75
 44
0.018750000000000003
 45
0.0
 46
0.0
 47
0.0
 48
0.0
 49
2.5
140
0.0125
141
2.5
142
0.00625
143
0.03937007874
144
100.0
145
0.0
146
0.5
147
0.005000000000000001
148
0.0
 69
0
 70
0
 71
0
 72
0
 73
0
 74
0
 75
0
 76
0
 77
1
 78
12
 79
3
170
0
171
3
172
1
173
0
174
0
175
0
176
0
177
0
178
0
179
2
271
2
272
2
273
2
274
3
275
0
276
0
277
2
278
46
279
2
280
0
281
0
282
0
283
0
284
8
285
0
286
0
288
1
289
3
290
0
340
4C
371
-2
372
-2
  0
DIMSTYLE
105
82
330
4
100
AcDbSymbolTableRecord
100
AcDbDimStyleTableRecord
  2
EZ_M_1_H25_CM
 70
0
 40
1.0
 41
0.0025
 42
0.00125
 43
3.75
 44
0.00375
 45
0.0
 46
0.0
 47
0.0
 48
0.0
 49
2.5
140
0.0025
141
2.5
142
0.00125
143
0.03937007874
144
100.0
145
0.0
146
0.5
147
0.001
148
0.0
 69
0
 70
0
 71
0
 72
0
 73
0
 74
0
 75
0
 76
0
 77
1
 78
12
 79
3
170
0
171
3
172
1
173
0
174
0
175
0
176
0
177
0
178
0
179
2
271
2
272
2
273
2
274
3
275
0
276
0
277
2
278
46
279
2
280
0
281
0
282
0
283
0
284
8
285
0
286
0
288
1
289
3
290
0
340
4C
371
-2
372
-2
  0
DIMSTYLE
105
83
330
4
100
AcDbSymbolTableRecord
100
AcDbDimStyleTableRecord
  2
EZ_RADIUS
 70
0
 40
1.0
 41
0.25
 42
0.125
 43
3.75
 44
0.375
 45
0.0
 46
0.0
 47
0.0
 48
0.0
 49
2.5
140
0.25
141
0.0
142
0.0
143
0.03937007874
144
100.0
145
0.0
146
0.5
147
0.1
148
0.0
 69
0
 70
0
 71
0
 72
0
 73
0
 74
0
 75
0
 76
0
 77
1
 78
12
 79
3
170
0
171
3
172
0
173
0
174
0
175
0
176
0
177
0
178
0
179
2
271
2
272
2
273
2
274
3
275
0
276
0
277
2
278
46
279
1
280
0
281
0
282
0
283
0
284
8
285
0
286
0
288
1
289
3
290
0
340
4C
342
84
371
-2
372
-2
  0
DIMSTYLE
105
88
330
4
100
AcDbSymbolTableRecord
100
AcDbDimStyleTableRecord
  2
EZ_RADIUS_INSIDE
 70
0
 40
1.0
 41
0.25
 42
0.125
 43
3.75
 44
0.375
 45
0.0
 46
0.0
 47
0.0
 48
0.0
 49
2.5
140
0.25
141
0.0
142
0.0
143
0.03937007874
144
100.0
145
0.0
146
0.5
147
0.1
148
0.0
 69
0
 70
0
 71
0
 72
0
 73
0
 74
0
 75
0
 76
0
 77
0
 78
12
 79
3
170
0
171
3
172
0
173
0
174
1
175
0
176
0
177
0
178
0
179
2
271
2
272
2
273
2
274
3
275
0
276
0
277
2
278
46
279
0
280
0
281
0
282
0
283
0
284
8
285
0
286
0
288
1
289
0
290
0
340
4C
342
84
371
-2
372
-2
  0
DIMSTYLE
105
89
330
4
100
AcDbSymbolTableRecord
100
AcDbDimStyleTableRecord
  2
EZ_CURVED
 70
0
 40
1.0
 41
0.25
 42
0.125
 43
3.75
 44
0.375
 45
0.0
 46
0.0
 47
0.0
 48
0.0
 49
2.5
140
0.25
141
2.5
142
0.0
143
0.03937007874
144
100.0
145
0.0
146
0.5
147
0.1
148
0.0
 69
0
 70
0
 71
0
 72
0
 73
0
 74
0
 75
0
 76
0
 77
1
 78
12
 79
2
 90
2
170
0
171
3
172
1
173
0
174
0
175
0
176
0
177
0
178
0
179
2
271
2
272
2
273
2
274
3
275
0
276
0
277
2
278
46
279
2
280
0
281
0
282
0
283
0
284
8
285
0
286
0
288
1
289
3
290
0
340
4C
371
-2
372
-2
  0
ENDTAB
  0
TABLE
  2
BLOCK_RECORD
  5
9
330
0
100
AcDbSymbolTable
 70
5
  0
BLOCK_RECORD
  5
17
330
9
100
AcDbSymbolTableRecord
100
AcDbBlockTableRecord
  2
*Model_Space
340
1A
 70
0
280
1
281
0
  0
BLOCK_RECORD
  5
1B
330
9
100
AcDbSymbolTableRecord
100
AcDbBlockTableRecord
  2
*Paper_Space
340
1E
 70
0
280
1
281
0
  0
BLOCK_RECORD
  5
74
330
9
100
AcDbSymbolTableRecord
100
AcDbBlockTableRecord
  2
_ARCHTICK
340
0
 70
0
280
1
281
0
  0
BLOCK_RECORD
  5
78
330
9
100
AcDbSymbolTableRecord
100
AcDbBlockTableRecord
  2
_CLOSEDFILLED
340
0
 70
0
280
1
281
0
  0
BLOCK_RECORD
  5
84
330
9
100
AcDbSymbolTableRecord
100
AcDbBlockTableRecord
  2
_CLOSEDBLANK
340
0
 70
0
280
1
281
0
  0
ENDTAB
  0
ENDSEC
  0
SECTION
  2
BLOCKS
  0
BLOCK
  5
18
330
17
100
AcDbEntity
  8
0
100
AcDbBlockBegin
  2
*Model_Space
 70
0
 10
0.0
 20
0.0
 30
0.0
  3
*Model_Space
  1

  0
ENDBLK
  5
19
330
17
100
AcDbEntity
  8
0
100
AcDbBlockEnd
  0
BLOCK
  5
1C
330
1B
100
AcDbEntity
  8
0
100
AcDbBlockBegin
  2
*Paper_Space
 70
0
 10
0.0
 20
0.0
 30
0.0
  3
*Paper_Space
  1

  0
ENDBLK
  5
1D
330
1B
100
AcDbEntity
  8
0
100
AcDbBlockEnd
  0
BLOCK
  5
75
330
74
100
AcDbEntity
  8
0
100
AcDbBlockBegin
  2
_ARCHTICK
 70
0
 10
0.0
 20
0.0
 30
0.0
  3
_ARCHTICK
  1

  0
LWPOLYLINE
  5
77
330
74
100
AcDbEntity
  8
0
  6
BYBLOCK
 62
0
100
AcDbPolyline
 90
2
 70
0
 43
0.15
 10
-0.5
 20
-0.5
 10
0.5
 20
0.5
  0
ENDBLK
  5
76
330
74
100
AcDbEntity
  8
0
100
AcDbBlockEnd
  0
BLOCK
  5
79
330
78
100
AcDbEntity
  8
0
100
AcDbBlockBegin
  2
_CLOSEDFILLED
 70
0
 10
0.0
 20
0.0
 30
0.0
  3
_CLOSEDFILLED
  1

  0
SOLID
  5
7B
330
78
100
AcDbEntity
  8
0
  6
BYBLOCK
 62
0
100
AcDbTrace
 10
-1.0
 20
0.16439898372402537
 30
0.0
 11
0.0
 21
0.0
 31
0.0
 12
-1.0
 22
-0.16439898372402537
 32
0.0
 13
-1.0
 23
-0.16439898372402537
 33
0.0
  0
ENDBLK
  5
7A
330
78
100
AcDbEntity
  8
0
100
AcDbBlockEnd
  0
BLOCK
  5
85
330
84
100
AcDbEntity
  8
0
100
AcDbBlockBegin
  2
_CLOSEDBLANK
 70
0
 10
0.0
 20
0.0
 30
0.0
  3
_CLOSEDBLANK
  1

  0
LWPOLYLINE
  5
87
330
84
100
AcDbEntity
  8
0
  6
BYBLOCK
 62
0
100
AcDbPolyline
 90
3
 70
1
 10
-1.0
 20
0.16439898372402537
 10
0.0
 20
0.0
 10
-1.0
 20
-0.16439898372402537
  0
ENDBLK
  5
86
330
84
100
AcDbEntity
  8
0
100
AcDbBlockEnd
  0
ENDSEC
  0
SECTION
  2
ENTITIES
  0
HATCH
  5
91
330
17
100
AcDbEntity
  8
FRAME
 62
7
420
2565413
100
AcDbHatch
 10
0.0
 20
0.0
 30
0.0
210
0.0
220
0.0
230
1.0
  2
SOLID
 70
1
 71
0
 91
1
 92
3
 72
0
 73
1
 93
5
 10
417.11920922222214
 20
949.9673518888887
 10
1259.9667318888887
 20
949.9673518888887
 10
1259.9667318888887
 20
222.92844811111118
 10
417.11920922222214
 20
222.92844811111118
 10
417.11920922222214
 20
949.9673518888887
 97
0
 75
1
 76
1
 98
0
  0
HATCH
  5
92
330
17
100
AcDbEntity
  8
FRAME
 62
7
420
16777215
100
AcDbHatch
 10
0.0
 20
0.0
 30
0.0
210
0.0
220
0.0
230
1.0
  2
SOLID
 70
1
 71
0
 91
1
 92
3
 72
0
 73
1
 93
5
 10
445.1192519999999
 20
921.967309111111
 10
1231.966689111111
 20
921.967309111111
 10
1231.966689111111
 20
250.92849088888892
 10
445.1192519999999
 20
250.92849088888892
 10
445.1192519999999
 20
921.967309111111
 97
0
 75
1
 76
1
 98
0
  0
HATCH
  5
93
330
17
100
AcDbEntity
  8
CENTER
 62
7
420
0
100
AcDbHatch
 10
0.0
 20
0.0
 30
0.0
210
0.0
220
0.0
230
1.0
  2
SOLID
 70
1
 71
0
 91
1
 92
3
 72
0
 73
1
 93
5
 10
751.1203333333332
 20
544.2500333333334
 10
751.1203333333332
 20
464.24991111111115
 10
831.1204555555554
 20
464.24991111111115
 10
831.1204555555554
 20
544.2500333333334
 10
751.1203333333332
 20
544.2500333333334
 97
0
 75
1
 76
1
 98
0
  0
HATCH
  5
94
330
17
100
AcDbEntity
  8
CENTER
 62
7
420
16777215
100
AcDbHatch
 10
0.0
 20
0.0
 30
0.0
210
0.0
220
0.0
230
1.0
  2
SOLID
 70
1
 71
0
 91
1
 92
3
 72
0
 73
1
 93
52
 10
791.1210999999998
 20
473.4108444444444
 10
787.9679487955727
 20
473.5700543646918
 10
784.9058721354165
 20
474.03735297309026
 10
779.1169541666665
 20
475.8342293402777
 10
773.8783695312499
 20
478.677499717882
 10
769.3141416666664
 20
482.4431902777777
 10
765.5482940104165
 20
487.0073271918402
 10
762.7048499999997
 20
492.2459366319444
 10
760.9078330729166
 20
498.0350447699652
 10
760.4404920898436
 20
501.0972940294053
 10
760.2812666666665
 20
504.25067777777775
 10
760.4404769314234
 20
507.4037835069445
 10
760.9077779513888
 20
510.4657402777778
 10
762.7046736111108
 20
516.2542944444444
 10
765.5479963541665
 20
521.4925152777777
 10
769.3137888888887
 20
526.0565777777778
 10
768.7832111111109
 20
526.5871555555555
 10
766.9092555555555
 20
528.4611111111111
 10
762.7282435763888
 20
523.3939434027776
 10
761.013156532118
 20
520.571087282986
 10
759.5713013888887
 20
517.5782694444443
 10
758.4198925998263
 20
514.4326547309028
 10
757.5761446180555
 20
511.151407986111
 10
757.0572718967015
 20
507.7516940538194
 10
756.880488888889
 20
504.25067777777775
 10
757.057272241211
 20
500.7495857096355
 10
757.5761473741319
 20
497.3496719618056
 10
758.4199019015841
 20
494.06814271918404
 10
759.5713234374999
 20
490.9222041666667
 10
761.0131995958114
 20
487.9290624891493
 10
762.7283179904512
 20
485.1059238715278
 10
766.9094319444445
 20
480.0384805555555
 10
771.9769662109376
 20
475.8575236979166
 10
774.8001099962023
 20
474.1424931532118
 10
777.7932217013889
 20
472.70070277777774
 10
780.9390889404295
 20
471.5493587565105
 10
784.2204993272568
 20
470.7056672743056
 10
787.6202404758029
 20
470.18683451605904
 10
791.1211
 20
470.01006666666666
 10
794.6221769097222
 20
470.1868469184027
 10
798.0220506944446
 20
470.7057003472222
 10
801.3035234375001
 20
471.5493959635417
 10
804.4493972222224
 20
472.70070277777785
 10
807.4424741319446
 20
474.14238980034725
 10
810.26555625
 20
475.85722604166665
 10
815.3329444444445
 20
480.03742222222223
 10
812.9284111111112
 20
482.4419555555556
 10
808.3641281249999
 20
478.6769788194445
 10
803.1254222222221
 20
475.834075
 10
797.336382986111
 20
474.03733368055555
 10
794.274266362847
 20
473.57005195312496
 10
791.1210999999998
 20
473.4108444444444
 97
0
 75
1
 76
1
 98
0
  0
HATCH
  5
95
330
17
100
AcDbEntity
  8
CENTER
 62
7
420
16777215
100
AcDbHatch
 10
0.0
 20
0.0
 30
0.0
210
0.0
220
0.0
230
1.0
  2
SOLID
 70
1
 71
0
 91
1
 92
3
 72
0
 73
1
 93
36
 10
791.1210999999998
 20
481.0110888888889
 10
786.4372804687499
 20
481.4832102864583
 10
782.0747312499998
 20
482.8372871527778
 10
778.1269164062497
 20
484.97988849826396
 10
774.6872999999997
 20
487.81758333333335
 10
771.8493460937497
 20
491.25694066840276
 10
769.7065187499998
 20
495.204529513889
 10
768.3522820312497
 20
499.5669188802084
 10
767.8800999999999
 20
504.25067777777775
 10
768.3523812499998
 20
508.9343760416667
 10
769.7067833333331
 20
513.2966055555555
 10
771.8496437499998
 20
517.2439684027778
 10
774.6872999999997
 20
520.6830666666666
 10
774.2808999999997
 20
521.0880555555555
 10
771.8848333333331
 20
523.482711111111
 10
768.5643345486109
 20
519.4573402777777
 10
766.0567680555553
 20
514.837186111111
 10
764.471803645833
 20
509.73178611111103
 10
763.9191111111109
 20
504.2506777777777
 10
764.4717209635415
 20
498.76880876736107
 10
766.0566357638887
 20
493.66311111111105
 10
768.5644833767359
 20
489.0429238715277
 10
771.8858916666665
 20
485.01758611111103
 10
775.9114884982637
 20
481.696436892361
 10
780.5319017361109
 20
479.18881527777773
 10
785.6377592447915
 20
477.60406032986106
 10
791.1196888888886
 20
477.05151111111104
 10
796.601613020833
 20
477.6040272569444
 10
801.7074319444442
 20
479.18881527777773
 10
806.3277404513885
 20
481.69673454861095
 10
810.3531333333331
 20
485.0186444444444
 10
807.5534888888885
 20
487.8182888888888
 10
804.1143906249997
 20
484.9800373263888
 10
800.1670277777778
 20
482.83724305555546
 10
795.8047982638888
 20
481.48317170138887
 10
791.1210999999998
 20
481.0110888888889
 97
0
 75
1
 76
1
 98
0
  0
HATCH
  5
96
330
17
100
AcDbEntity
  8
CENTER
 62
7
420
16777215
100
AcDbHatch
 10
0.0
 20
0.0
 30
0.0
210
0.0
220
0.0
230
1.0
  2
SOLID
 70
1
 71
0
 91
1
 92
3
 72
0
 73
1
 93
37
 10
800.9635999999999
 20
494.4053555555555
 10
798.9035982638887
 20
492.70655416666654
 10
796.539061111111
 20
491.4236777777777
 10
793.9258156249999
 20
490.6128180555555
 10
791.1196888888887
 20
490.33006666666665
 10
788.3143173177082
 20
490.61278222656244
 10
785.7013309027777
 20
491.4236557291667
 10
783.3367220920138
 20
492.70677740885424
 10
781.2764833333332
 20
494.40623750000003
 10
779.5766070746527
 20
496.4661262369791
 10
778.2930857638888
 20
498.8305338541666
 10
777.4819118489581
 20
501.44355058593743
 10
777.1990777777777
 20
504.2492666666666
 10
777.4818732638888
 20
507.0545776041666
 10
778.2930416666666
 20
509.66740416666653
 10
779.5767559027777
 20
512.0317869791666
 10
781.2771888888888
 20
514.0917666666667
 10
778.9911888888887
 20
516.3777666666666
 10
777.7691666666665
 20
517.5997888888888
 10
775.463830034722
 20
514.8057668402777
 10
773.7229819444442
 20
511.59886249999994
 10
772.6226901041666
 20
508.0551435763889
 10
772.2390222222222
 20
504.25067777777775
 10
772.6225853732637
 20
500.4446410156249
 10
773.7226732638889
 20
496.9002440972222
 10
775.4633835503472
 20
493.69325707465276
 10
777.7688138888889
 20
490.8994499999999
 10
780.5630619357638
 20
488.5945929253471
 10
783.7702253472221
 20
486.8544559027777
 10
787.3144017795139
 20
485.75480898437496
 10
791.1196888888887
 20
485.3714222222222
 10
794.9249704861112
 20
485.7548916666666
 10
798.4691083333332
 20
486.8548527777778
 10
801.6761670138886
 20
488.5956347222222
 10
804.470211111111
 20
490.9015666666666
 10
801.6098888888887
 20
493.76047777777774
 10
800.9635999999999
 20
494.4053555555555
 97
0
 75
1
 76
1
 98
0
  0
HATCH
  5
97
330
17
100
AcDbEntity
  8
CENTER
 62
7
420
16777215
100
AcDbHatch
 10
0.0
 20
0.0
 30
0.0
210
0.0
220
0.0
230
1.0
  2
SOLID
 70
1
 71
0
 91
1
 92
3
 72
0
 73
1
 93
15
 10
783.1200999999999
 20
504.2492666666666
 10
783.2826781901041
 20
502.6365651041665
 10
783.7489484375
 20
501.13459166666655
 10
785.4637791666667
 20
498.5914166666666
 10
788.0070203125
 20
496.87691666666655
 10
789.5088035807291
 20
496.41078697916646
 10
791.1210999999998
 20
496.24826666666655
 10
792.7330960069444
 20
496.41089722222216
 10
794.2348930555554
 20
496.8772694444443
 10
796.7782444444443
 20
498.59212222222214
 10
791.1210999999998
 20
504.2492666666666
 10
785.4639555555553
 20
509.9064111111111
 10
783.7491027777777
 20
507.3635888888888
 10
783.2827305555554
 20
505.8618579861111
 10
783.1200999999999
 20
504.2492666666666
 97
0
 75
1
 76
1
 98
0
  0
HATCH
  5
98
330
17
100
AcDbEntity
  8
CENTER
 62
7
420
16777215
100
AcDbHatch
 10
0.0
 20
0.0
 30
0.0
210
0.0
220
0.0
230
1.0
  2
SOLID
 70
1
 71
0
 91
1
 92
3
 72
0
 73
1
 93
67
 10
816.9712444444444
 20
478.3991222222222
 10
819.331110047743
 20
480.9951284505209
 10
821.4359338541667
 20
483.8094324652778
 10
823.2673438585069
 20
486.82366226128477
 10
824.8069680555554
 20
490.0194458333334
 10
826.0364344401042
 20
493.37841117621525
 10
826.9373710069445
 20
496.8821862847222
 10
827.4914057508681
 20
500.5123991536458
 10
827.6801666666667
 20
504.25067777777775
 10
827.4914219428168
 20
507.9885078504774
 10
826.9374343967013
 20
511.6184251302083
 10
826.0365739664712
 20
515.1220452094184
 10
824.8072105902777
 20
518.4809836805555
 10
823.2677142062714
 20
521.6768561360676
 10
821.436454752604
 20
524.6912781684027
 10
819.3318021674262
 20
527.5058653700087
 10
816.9721263888889
 20
530.1022333333333
 10
814.3757973551433
 20
532.4619976508246
 10
811.5611850043402
 20
534.5667739149305
 10
808.5466592746311
 20
536.398177718099
 10
805.3505901041666
 20
537.9378246527777
 10
801.9913474310981
 20
539.1673303114148
 10
798.4873011935765
 20
540.0683102864583
 10
794.8568213297527
 20
540.6223801703558
 10
791.1182777777778
 20
540.8111555555555
 10
787.3804649305557
 20
540.6223973958333
 10
783.7506020833335
 20
540.0683819444444
 10
780.2470777777779
 20
539.1674977430555
 10
776.8882805555556
 20
537.9381333333333
 10
773.6925989583334
 20
536.3986772569444
 10
770.6784215277778
 20
534.5675180555555
 10
767.8641368055556
 20
532.4630442708333
 10
765.2681333333335
 20
530.1036444444444
 10
765.8057666666667
 20
529.566011111111
 10
768.3479935763892
 20
531.8765925564236
 10
771.1038715277779
 20
533.9375230902778
 10
774.0554088541668
 20
535.7307945095486
 10
777.184613888889
 20
537.238398611111
 10
780.4734949652777
 20
538.4423271918401
 10
783.9040604166669
 20
539.3245720486111
 10
787.458318576389
 20
539.8671249782985
 10
791.1182777777778
 20
540.0519777777778
 10
794.7789814643014
 20
539.8671397922091
 10
798.3338869574654
 20
539.3246244140624
 10
801.7650046576608
 20
538.4424295111762
 10
805.054344965278
 20
537.2385529513889
 10
808.1839182807076
 20
535.7309926025391
 10
811.1357350043405
 20
533.9377463324653
 10
813.891805536567
 20
531.8768120090061
 10
816.4341402777778
 20
529.5661875
 10
818.7447496283637
 20
527.0238706732855
 10
820.8056439887152
 20
524.2678593967014
 10
822.5988337592231
 20
521.3161515380858
 10
824.1063293402779
 20
518.1867449652777
 10
825.31014113227
 20
514.8976375461154
 10
826.1922795355904
 20
511.46682714843746
 10
826.7347549506293
 20
507.9123116400824
 10
826.9195777777778
 20
504.2520888888888
 10
826.7347249782987
 20
500.5916639105903
 10
826.1921720486112
 20
497.0370557291667
 10
825.3099271918403
 20
493.60623947482634
 10
824.105998611111
 20
490.3171902777778
 10
822.5983945095484
 20
487.1878832682291
 10
820.8051230902776
 20
484.23629357638873
 10
818.7441925564236
 20
481.48039633246515
 10
816.4336111111111
 20
478.9381666666666
 10
816.9712444444444
 20
478.3991222222222
 97
0
 75
1
 76
1
 98
0
  0
HATCH
  5
99
330
17
100
AcDbEntity
  8
CENTER
 62
7
420
16777215
100
AcDbHatch
 10
0.0
 20
0.0
 30
0.0
210
0.0
220
0.0
230
1.0
  2
SOLID
 70
1
 71
0
 91
1
 92
3
 72
0
 73
1
 93
63
 10
815.8959777777776
 20
479.4743888888889
 10
818.1576802083334
 20
481.9624368489583
 10
820.174907638889
 20
484.65973715277784
 10
821.9300652777778
 20
487.5486619357639
 10
823.4055583333333
 20
490.6115833333334
 10
824.5837920138887
 20
493.83087348090294
 10
825.4471715277776
 20
497.188904513889
 10
825.9781020833332
 20
500.6680485677084
 10
826.1589888888888
 20
504.25067777777775
 10
825.9781031168619
 20
507.8330765109592
 10
825.4471797960068
 20
511.3120624348959
 10
824.5838199191622
 20
514.6700138861762
 10
823.4056244791666
 20
517.8893092013889
 10
821.9301944688583
 20
520.9523267171223
 10
820.1751308810763
 20
523.8414447699653
 10
818.158034708659
 20
526.539041696506
 10
815.8965069444445
 20
529.0274958333333
 10
813.4081485812715
 20
531.2891855170357
 10
810.7105606119792
 20
533.3064890842014
 10
807.8213440294054
 20
535.0617848714193
 10
804.7580998263888
 20
536.5374512152778
 10
801.5384289957682
 20
537.7158664523655
 10
798.1799325303818
 20
538.5794089192708
 10
794.7002114230686
 20
539.1104569525825
 10
791.1168666666666
 20
539.2913888888888
 10
787.5342953342014
 20
539.1105048394097
 10
784.0552918402777
 20
538.5795935763889
 10
780.6974344401041
 20
537.7162664279513
 10
777.4783013888889
 20
536.5381347222223
 10
774.4154709418403
 20
535.0628097873264
 10
771.5265213541667
 20
533.3079029513889
 10
768.8290308810764
 20
531.2910255425346
 10
766.3405777777778
 20
529.0297888888889
 10
766.9022
 20
528.4681666666667
 10
771.9685078125001
 20
532.6473265624999
 10
774.7910083984376
 20
534.361686002604
 10
777.7834541666667
 20
535.8029458333333
 10
780.9286306640626
 20
536.9538916015625
 10
784.2093234375001
 20
537.7973088541667
 10
787.6083180338542
 20
538.3159831380208
 10
791.1084
 20
538.4926999999999
 10
794.6099571560328
 20
538.3159166476779
 10
798.0102161024305
 20
537.7970415147569
 10
801.2919830566407
 20
536.9532869873046
 10
804.438064236111
 20
535.8018654513888
 10
807.4312658582899
 20
534.3599892930772
 10
810.2543941406249
 20
532.6448708984376
 10
815.3216555555555
 20
528.4637569444444
 10
819.5022982204861
 20
523.3962226779513
 10
821.2171530653212
 20
520.5730788926867
 10
822.658771875
 20
517.5799671875
 10
823.8099608669703
 20
514.4340999484591
 10
824.6535262586805
 20
511.1526895616319
 10
825.1722742675781
 20
507.7529484130859
 10
825.349011111111
 20
504.2520888888888
 10
825.1723521267361
 20
500.75200416666667
 10
824.6538184027778
 20
497.35299027777774
 10
823.8105747829861
 20
494.07224513888883
 10
822.6597861111111
 20
490.92696666666654
 10
821.2186172309026
 20
487.93435277777775
 10
819.504232986111
 20
485.11160138888886
 10
815.3244777777777
 20
480.0444777777777
 10
815.8959777777776
 20
479.4743888888889
 97
0
 75
1
 76
1
 98
0
  0
HATCH
  5
9A
330
17
100
AcDbEntity
  8
CENTER
 62
7
420
16777215
100
AcDbHatch
 10
0.0
 20
0.0
 30
0.0
210
0.0
220
0.0
230
1.0
  2
SOLID
 70
1
 71
0
 91
1
 92
3
 72
0
 73
1
 93
51
 10
814.7656777777778
 20
480.60468888888886
 10
818.8493671875001
 20
485.5532791666667
 10
821.9325347222223
 20
491.2331777777777
 10
823.0569615234374
 20
494.3053651041665
 10
823.8809043402778
 20
497.5099763888888
 10
824.3875786675346
 20
500.8302105902777
 10
824.5602
 20
504.2492666666666
 10
824.3875648871528
 20
507.6681218939886
 10
823.8808602430555
 20
510.9882730685763
 10
823.0568871093749
 20
514.1929046793618
 10
821.9324465277778
 20
517.2652012152777
 10
818.8493671875001
 20
522.9455270182291
 10
814.7660305555556
 20
527.8947263888888
 10
809.8168449652777
 20
531.9782752387151
 10
804.13621875
 20
535.0616494791666
 10
801.0636180121529
 20
536.1862323432074
 10
797.8585602430555
 20
537.0103250217013
 10
794.537846484375
 20
537.5171120035807
 10
791.1182777777778
 20
537.6897777777776
 10
787.6992217013888
 20
537.5171592013887
 10
784.3789875
 20
537.0105041666666
 10
781.1743762152778
 20
536.1866137152776
 10
778.1021888888889
 20
535.0622888888887
 10
772.4222902777777
 20
531.9795402777778
 10
767.4737000000001
 20
527.8966666666665
 10
768.067777777778
 20
527.3025888888887
 10
772.8917713541667
 20
531.2828041666667
 10
778.4286847222223
 20
534.2882944444444
 10
781.4235172526044
 20
535.3845072916666
 10
784.5474168402781
 20
536.1878263888888
 10
787.7839958550347
 20
536.6818475694444
 10
791.1168666666667
 20
536.8501666666666
 10
794.4507317328561
 20
536.6818451578775
 10
797.6881851128473
 20
536.1878070963542
 10
800.8128515787762
 20
535.3844421793619
 10
803.8083559027779
 20
534.2881401041667
 10
809.3463772135418
 20
531.2822832682291
 10
814.1712472222224
 20
527.3013541666667
 10
818.1519641059031
 20
522.4764703776041
 10
821.157526041667
 20
516.9387494791666
 10
822.2536858344187
 20
513.9435493570961
 10
823.0569312065975
 20
510.81930904947905
 10
823.5508869303388
 20
507.5824182535806
 10
823.719177777778
 20
504.2492666666666
 10
823.5509165581598
 20
500.9159300781249
 10
823.0570359375001
 20
497.67900104166654
 10
822.2538904730902
 20
494.55485065104153
 10
821.1578347222224
 20
491.5598499999999
 10
818.152410590278
 20
486.02278229166654
 10
814.1716000000002
 20
481.19876666666664
 10
814.7656777777778
 20
480.60468888888886
 97
0
 75
1
 76
1
 98
0
  0
HATCH
  5
9B
330
17
100
AcDbEntity
  8
CENTER
 62
7
420
16777215
100
AcDbHatch
 10
0.0
 20
0.0
 30
0.0
210
0.0
220
0.0
230
1.0
  2
SOLID
 70
1
 71
0
 91
1
 92
3
 72
0
 73
1
 93
43
 10
813.5775222222222
 20
481.79284444444437
 10
817.4556744791668
 20
486.49310121527765
 10
820.3838402777777
 20
491.88775694444433
 10
822.2343581597221
 20
497.8494147569444
 10
822.7156049262152
 20
501.003057921007
 10
822.8795666666666
 20
504.25067777777775
 10
822.7156207736545
 20
507.4981098768446
 10
822.2344187934027
 20
510.65169550781246
 10
820.3840607638888
 20
516.6134883680555
 10
817.4561209635416
 20
522.0083783637151
 10
813.5782277777778
 20
526.7086875
 10
808.8780095920139
 20
530.586737782118
 10
803.4830947916666
 20
533.5148512152778
 10
797.5211117621528
 20
535.3653498046875
 10
794.367353531901
 20
535.8465941596137
 10
791.119688888889
 20
536.0105555555556
 10
787.8724769314238
 20
535.8465938151041
 10
784.7190432291667
 20
535.3653470486112
 10
778.7574736111111
 20
533.5148291666666
 10
773.3629060763889
 20
530.5866633680555
 10
768.6632666666667
 20
526.7085111111111
 10
769.2841555555557
 20
526.0876222222222
 10
773.854016840278
 20
529.8575598958333
 10
779.0989625000002
 20
532.7044986111111
 10
784.8950352430558
 20
534.5039519097222
 10
787.9610076171876
 20
534.9719695095487
 10
791.1182777777778
 20
535.1314333333333
 10
794.2760901963977
 20
534.9720122287326
 10
797.3426172309029
 20
534.5040952256944
 10
803.1397538194445
 20
532.7048513888889
 10
808.3855648871528
 20
529.8578575520833
 10
812.9559277777779
 20
526.0872694444445
 10
816.7267198350694
 20
521.5172427951389
 10
819.5738184027779
 20
516.2719333333333
 10
821.3731008246527
 20
510.4754967881944
 10
821.8410226508247
 20
507.4094045247396
 10
822.0004444444445
 20
504.2520888888889
 10
821.841038498264
 20
501.0948159722222
 10
821.3731614583335
 20
498.0288243055556
 10
819.5740388888889
 20
492.2325972222222
 10
816.7271663194444
 20
486.98723263888894
 10
812.9566333333335
 20
482.4165555555556
 10
813.5775222222222
 20
481.79284444444437
 97
0
 75
1
 76
1
 98
0
  0
HATCH
  5
9C
330
17
100
AcDbEntity
  8
CENTER
 62
7
420
16777215
100
AcDbHatch
 10
0.0
 20
0.0
 30
0.0
210
0.0
220
0.0
230
1.0
  2
SOLID
 70
1
 71
0
 91
1
 92
3
 72
0
 73
1
 93
35
 10
812.3046999999999
 20
483.0656666666666
 10
815.9628732638887
 20
487.5001715277777
 10
818.7249027777775
 20
492.58925555555544
 10
820.4704031249998
 20
498.21279791666655
 10
821.0789888888887
 20
504.2506777777777
 10
820.4704031249998
 20
510.2887009548611
 10
818.7249027777775
 20
515.9124527777777
 10
815.9628732638887
 20
521.0014816840277
 10
812.3046999999999
 20
525.4353361111109
 10
807.8707684027778
 20
529.0935644965276
 10
802.7814638888889
 20
531.8557152777777
 10
797.1571718749999
 20
533.601336892361
 10
791.1182777777777
 20
534.2099777777777
 10
785.0804199652779
 20
533.6013920138888
 10
779.4570319444446
 20
531.8558916666666
 10
774.3683668402778
 20
529.0938621527777
 10
769.9346777777778
 20
525.4356888888888
 10
770.5852
 20
524.7851666666666
 10
774.8827168402779
 20
528.3309802083332
 10
779.815101388889
 20
531.0081666666665
 10
785.2658046875
 20
532.7000447916665
 10
791.1182777777778
 20
533.2899333333331
 10
796.9718477864585
 20
532.6999290364582
 10
802.4236149305558
 20
531.0077697916664
 10
807.356864887153
 20
528.3302360677081
 10
811.6548833333336
 20
524.7841083333332
 10
815.2009559461807
 20
520.4861670572916
 10
817.8783684027779
 20
515.5531927083333
 10
819.5704063802084
 20
510.1019657552082
 10
820.1603555555556
 20
504.24926666666653
 10
819.570268576389
 20
498.3967935763887
 10
817.8780597222222
 20
492.9460902777776
 10
815.2008071180555
 20
488.0137057291665
 10
811.6555888888889
 20
483.7161888888888
 10
812.3046999999999
 20
483.0656666666666
 97
0
 75
1
 76
1
 98
0
  0
HATCH
  5
9D
330
17
100
AcDbEntity
  8
CENTER
 62
7
420
16777215
100
AcDbHatch
 10
0.0
 20
0.0
 30
0.0
210
0.0
220
0.0
230
1.0
  2
SOLID
 70
1
 71
0
 91
1
 92
3
 72
0
 73
1
 93
35
 10
811.0036555555555
 20
484.3667111111111
 10
814.4373298611109
 20
488.5274604166666
 10
817.0301583333332
 20
493.30363055555546
 10
818.6688993055553
 20
498.58197986111105
 10
819.2403111111109
 20
504.2492666666666
 10
818.6690591579861
 20
509.9161758897569
 10
817.0306434027776
 20
515.1945279513889
 10
814.438074001736
 20
519.9711969401042
 10
811.0043611111109
 20
524.1330569444443
 10
806.8425148871526
 20
527.5669820529513
 10
802.0655454861109
 20
530.1598463541666
 10
796.7864630642358
 20
531.7985239366319
 10
791.1182777777777
 20
532.3698888888888
 10
785.4511894097221
 20
531.7986975694444
 10
780.1731708333332
 20
530.1604416666667
 10
775.3970668402777
 20
527.5680982638888
 10
771.2357222222221
 20
524.1346444444443
 10
771.9426888888887
 20
523.4276777777777
 10
775.9562637152775
 20
526.7392909722222
 10
780.5626374999998
 20
529.2396916666665
 10
785.6529342013888
 20
530.8198715277778
 10
791.1182777777777
 20
531.3708222222222
 10
796.5845970052083
 20
530.8198742838541
 10
801.6756378472221
 20
529.2397137152777
 10
806.2824250434027
 20
526.7393653862847
 10
810.2959833333333
 20
523.4278541666666
 10
813.6073374565972
 20
519.4142049262152
 10
816.1075121527778
 20
514.8074425347222
 10
817.6875321614584
 20
509.71659186197917
 10
818.2384222222222
 20
504.25067777777775
 10
817.6874715277778
 20
498.7845404513889
 10
816.1072916666667
 20
493.6939791666667
 10
813.6068909722222
 20
489.08786996527783
 10
810.2952777777778
 20
485.0750888888889
 10
811.0036555555555
 20
484.3667111111111
 97
0
 75
1
 76
1
 98
0
  0
HATCH
  5
9E
330
17
100
AcDbEntity
  8
CENTER
 62
7
420
16777215
100
AcDbHatch
 10
0.0
 20
0.0
 30
0.0
210
0.0
220
0.0
230
1.0
  2
SOLID
 70
1
 71
0
 91
1
 92
3
 72
0
 73
1
 93
35
 10
809.5911333333332
 20
485.7806444444444
 10
812.7806854166666
 20
489.64625104166663
 10
815.1886583333331
 20
494.08256388888884
 10
816.7102770833333
 20
498.9850725694444
 10
817.2407666666667
 20
504.2492666666667
 10
816.7101723524306
 20
509.5133753255209
 10
815.1883496527779
 20
514.4163442708334
 10
812.7802389322918
 20
518.8531504557292
 10
809.5907805555556
 20
522.7187708333335
 10
805.724914887153
 20
525.9081823567709
 10
801.2875822916668
 20
528.3163619791667
 10
796.3837231336805
 20
529.8382866536459
 10
791.1182777777777
 20
530.3689333333333
 10
785.8547010416667
 20
529.8382453125
 10
780.9522805555555
 20
528.3162958333334
 10
776.5160559027776
 20
525.9082567708333
 10
772.6510666666666
 20
522.7193
 10
773.3862555555554
 20
521.9841111111111
 10
777.0976762152776
 20
525.0464868055557
 10
781.3574458333331
 20
527.3590333333334
 10
786.0646258680555
 20
528.8206798611111
 10
791.1182777777777
 20
529.3303555555556
 10
796.1736770399305
 20
528.8207818359375
 10
800.8819760416666
 20
527.3593199652778
 10
805.1424016059026
 20
525.0468588758681
 10
808.8541805555554
 20
521.9842875
 10
811.9165397135417
 20
518.2724947699652
 10
814.2287059027777
 20
514.0123696180555
 10
815.6899059461804
 20
509.30480097656243
 10
816.1993666666666
 20
504.25067777777775
 10
815.6899114583332
 20
499.1961880208333
 10
814.2287499999999
 20
494.48843472222217
 10
811.9166885416665
 20
490.2280918402777
 10
808.8545333333332
 20
486.5158333333333
 10
809.5911333333332
 20
485.7806444444444
 97
0
 75
1
 76
1
 98
0
  0
HATCH
  5
9F
330
17
100
AcDbEntity
  8
CENTER
 62
7
420
16777215
100
AcDbHatch
 10
0.0
 20
0.0
 30
0.0
210
0.0
220
0.0
230
1.0
  2
SOLID
 70
1
 71
0
 91
1
 92
3
 72
0
 73
1
 93
36
 10
774.9695222222222
 20
520.4008444444444
 10
778.3496184027779
 20
523.1896189236111
 10
782.2289833333333
 20
525.2951069444443
 10
786.5158065972222
 20
526.6256303819445
 10
791.1182777777777
 20
527.089511111111
 10
795.7222014105902
 20
526.6254622612847
 10
800.0101960069443
 20
525.2945557291666
 10
803.8904346137151
 20
523.1886515407986
 10
807.2710902777776
 20
520.3996097222222
 10
810.0603360460068
 20
517.0192902994792
 10
812.1663449652776
 20
513.1395532986111
 10
813.4972900824652
 20
508.85225874565964
 10
813.9613444444443
 20
504.2492666666667
 10
813.4972652777776
 20
499.6459796875
 10
812.166411111111
 20
495.3587375000001
 10
810.0608569444443
 20
491.4792182291667
 10
807.2726777777776
 20
488.0991
 10
808.0911222222221
 20
487.2806555555556
 10
811.0217354166665
 20
490.83193715277787
 10
813.2342694444443
 20
494.9084166666667
 10
814.632415972222
 20
499.4135211805556
 10
815.1198666666666
 20
504.2506777777778
 10
814.6323691189235
 20
509.08744576822926
 10
813.2341592013888
 20
513.5924758680555
 10
811.0216610026042
 20
517.6692447699654
 10
808.0912986111109
 20
521.2212291666667
 10
804.5394961154512
 20
524.1519057508682
 10
800.4626776041664
 20
526.3647512152778
 10
795.9572671657984
 20
527.7632422526042
 10
791.1196888888887
 20
528.2508555555556
 10
786.2833480902776
 20
527.7632064236112
 10
781.7786624999998
 20
526.3647291666667
 10
777.7023373263887
 20
524.1521289930556
 10
774.1510777777777
 20
521.2221111111112
 10
775.0598333333332
 20
520.4022555555556
 10
774.9695222222222
 20
520.4008444444444
 97
0
 75
1
 76
1
 98
0
  0
HATCH
  5
A0
330
17
100
AcDbEntity
  8
CENTER
 62
7
420
16777215
100
AcDbHatch
 10
0.0
 20
0.0
 30
0.0
210
0.0
220
0.0
230
1.0
  2
SOLID
 70
1
 71
0
 91
1
 92
3
 72
0
 73
1
 93
35
 10
806.4203666666666
 20
488.94999999999993
 10
809.0627824652778
 20
492.15174496527766
 10
811.0581597222222
 20
495.82722638888885
 10
812.3193182291665
 20
499.88926406249993
 10
812.7590777777777
 20
504.25067777777775
 10
812.3194780815973
 20
508.6116532769097
 10
811.0586447916666
 20
512.6735338541665
 10
809.0635266059029
 20
516.3492881293402
 10
806.4210722222222
 20
519.5518847222222
 10
803.2182303385416
 20
522.1942922526041
 10
799.5419496527777
 20
524.1894793402777
 10
795.4791788628472
 20
525.4504146050347
 10
791.1168666666666
 20
525.8900666666666
 10
786.7564671875001
 20
525.4505276041666
 10
782.6951791666667
 20
524.1898541666666
 10
779.0199182291665
 20
522.1949619791666
 10
775.8176
 20
519.5527666666667
 10
776.6939
 20
518.6764666666667
 10
779.7128840277777
 20
521.1673423611112
 10
783.1779555555555
 20
523.0480888888889
 10
787.0070937499997
 20
524.2366854166667
 10
791.1182777777777
 20
524.651111111111
 10
795.2299275824653
 20
524.2366826605903
 10
799.0594157986112
 20
523.0480668402777
 10
802.5247381293401
 20
521.1672679470486
 10
805.5438902777776
 20
518.6762902777778
 10
808.0348679470484
 20
515.6571381293402
 10
809.9156668402776
 20
512.1918157986111
 10
811.1042826605901
 20
508.36232758246524
 10
811.518711111111
 20
504.25067777777775
 10
811.1042854166665
 20
500.13949374999993
 10
809.9156888888887
 20
496.31035555555553
 10
808.034942361111
 20
492.8452840277778
 10
805.5440666666665
 20
489.8263
 10
806.4203666666666
 20
488.94999999999993
 97
0
 75
1
 76
1
 98
0
  0
HATCH
  5
A1
330
17
100
AcDbEntity
  8
CENTER
 62
7
420
16777215
100
AcDbHatch
 10
0.0
 20
0.0
 30
0.0
210
0.0
220
0.0
230
1.0
  2
SOLID
 70
1
 71
0
 91
1
 92
3
 72
0
 73
1
 93
35
 10
804.6113222222222
 20
490.7590444444444
 10
806.9405815972221
 20
493.58287621527774
 10
808.699663888889
 20
496.8238236111111
 10
809.8115753472222
 20
500.40528975694434
 10
810.1993222222222
 20
504.2506777777777
 10
809.8117241753472
 20
508.096115407986
 10
808.7000607638887
 20
511.67766423611096
 10
806.941028081597
 20
514.9186281684026
 10
804.6113222222222
 20
517.742311111111
 10
801.7876392795139
 20
520.0720169704861
 10
798.5466753472222
 20
521.8310496527777
 10
794.9651265190972
 20
522.9427130642359
 10
791.119688888889
 20
523.330311111111
 10
787.2743008680554
 20
522.942762673611
 10
783.6928347222222
 20
521.8311819444443
 10
780.4518873263889
 20
520.072165798611
 10
777.6280555555555
 20
517.742311111111
 10
778.6186555555555
 20
516.751711111111
 10
781.2349217013889
 20
518.9110638888889
 10
784.2378763888888
 20
520.54125
 10
787.5564789930555
 20
521.5713611111112
 10
791.119688888889
 20
521.9304888888888
 10
794.6833645616318
 20
521.5712646484375
 10
798.0023171875
 20
520.5410074652777
 10
801.0055226779515
 20
518.9108406467013
 10
803.6219569444445
 20
516.7518875
 10
805.7805958984377
 20
514.1352713324652
 10
807.410415451389
 20
511.13211545138887
 10
808.440391514757
 20
507.8135431640625
 10
808.7995000000001
 20
504.25067777777775
 10
808.4403942708333
 20
500.68726944444444
 10
807.4104374999998
 20
497.36833611111115
 10
805.7806703124999
 20
494.3653152777777
 10
803.6221333333334
 20
491.74964444444447
 10
804.6113222222222
 20
490.7590444444444
 97
0
 75
1
 76
1
 98
0
  0
HATCH
  5
A2
330
17
100
AcDbEntity
  8
CENTER
 62
7
420
16777215
100
AcDbHatch
 10
0.0
 20
0.0
 30
0.0
210
0.0
220
0.0
230
1.0
  2
SOLID
 70
1
 71
0
 91
1
 92
3
 72
0
 73
1
 93
35
 10
802.5454555555555
 20
492.824911111111
 10
804.519048784722
 20
495.21621527777774
 10
806.0088513888887
 20
497.96100277777776
 10
806.9501727430554
 20
500.9941861111111
 10
807.2783222222222
 20
504.2506777777777
 10
806.9500184027777
 20
507.50718046874994
 10
806.0084104166665
 20
510.5404409722222
 10
804.5184534722222
 20
513.2854379340278
 10
802.5451027777777
 20
515.67715
 10
800.1533135416665
 20
517.6505558159721
 10
797.408040972222
 20
519.1406340277777
 10
794.3742402777779
 20
520.0823632812499
 10
791.1168666666666
 20
520.4107222222221
 10
787.8603749999999
 20
520.0823743055555
 10
784.8271916666667
 20
519.1407222222222
 10
782.0824041666667
 20
517.6508534722221
 10
779.6911
 20
515.6778555555554
 10
780.8510333333334
 20
514.5179222222222
 10
782.9998027777777
 20
516.2909392361111
 10
785.4660722222221
 20
517.629775
 10
788.1916333333331
 20
518.4759565972222
 10
791.1182777777777
 20
518.7710111111111
 10
794.0450324652777
 20
518.4760089626735
 10
796.7708361111111
 20
517.6299293402776
 10
799.2373480902777
 20
516.2911624782985
 10
801.3862277777777
 20
514.518098611111
 10
803.159134548611
 20
512.3691279730901
 10
804.4977277777776
 20
509.902640798611
 10
805.3436668402776
 20
507.1770273220485
 10
805.638611111111
 20
504.2506777777777
 10
805.3437550347221
 20
501.3240333333332
 10
804.4979041666666
 20
498.59847222222214
 10
803.1591345486111
 20
496.1322027777777
 10
801.3855222222221
 20
493.9834333333332
 10
802.5454555555555
 20
492.824911111111
 97
0
 75
1
 76
1
 98
0
  0
HATCH
  5
A3
330
17
100
AcDbEntity
  8
CENTER
 62
7
420
16777215
100
AcDbHatch
 10
0.0
 20
0.0
 30
0.0
210
0.0
220
0.0
230
1.0
  2
SOLID
 70
1
 71
0
 91
1
 92
3
 72
0
 73
1
 93
35
 10
800.0858888888888
 20
495.2830666666666
 10
801.6341864583333
 20
497.15969010416666
 10
802.8033361111111
 20
499.3137291666666
 10
803.5422732638889
 20
501.6939869791666
 10
803.7999333333332
 20
504.2492666666666
 10
803.5423835069442
 20
506.8047861328124
 10
802.8036888888887
 20
509.1848703125
 10
801.6347817708332
 20
511.33857037760407
 10
800.0865944444442
 20
513.2149375
 10
798.2100592013887
 20
514.7630228515625
 10
796.0561083333332
 20
515.9318776041666
 10
793.6756741319443
 20
516.6705529296875
 10
791.1196888888887
 20
516.9281
 10
788.5644092013888
 20
516.6706604166666
 10
786.1841513888888
 20
515.9322083333333
 10
784.0301123263888
 20
514.7635437499999
 10
782.1534888888887
 20
513.2154666666667
 10
783.6534999999998
 20
511.71545555555554
 10
785.2161953124998
 20
513.0048142361112
 10
787.0100041666664
 20
513.978525
 10
788.9924609374997
 20
514.5939899305556
 10
791.1210999999998
 20
514.8086111111111
 10
793.2492787977428
 20
514.5940395399305
 10
795.2314241319442
 20
513.9786572916667
 10
797.0250869140623
 20
513.0049630642361
 10
798.5878180555554
 20
511.71545555555554
 10
799.8771684678817
 20
510.15263346354175
 10
800.8506890624998
 20
508.35899548611104
 10
801.4659307508679
 20
506.3770403211806
 10
801.6804444444442
 20
504.2492666666667
 10
801.4658453124998
 20
502.1212229166667
 10
800.850534722222
 20
500.1387000000001
 10
799.8772428819443
 20
498.3445604166667
 10
798.5886999999997
 20
496.7816666666667
 10
800.0858888888888
 20
495.2830666666666
 97
0
 75
1
 76
1
 98
0
  0
HATCH
  5
A4
330
17
100
AcDbEntity
  8
CENTER
 62
7
420
16777215
100
AcDbHatch
 10
0.0
 20
0.0
 30
0.0
210
0.0
220
0.0
230
1.0
  2
SOLID
 70
1
 71
0
 91
1
 92
3
 72
0
 73
1
 93
14
 10
799.1206888888888
 20
504.2492666666666
 10
798.9581685763889
 20
505.8615024522568
 10
798.4920388888888
 20
507.3631258680555
 10
796.7775388888889
 20
509.9058819444444
 10
794.234363888889
 20
511.62022760416653
 10
792.732390451389
 20
512.0863379991318
 10
791.119688888889
 20
512.2488555555555
 10
789.5079133680556
 20
512.086445486111
 10
788.0066013888888
 20
511.62055833333324
 10
785.4639555555556
 20
509.90641111111097
 10
796.7768333333333
 20
498.59212222222214
 10
798.4916861111111
 20
501.1349444444444
 10
798.9580583333333
 20
502.6366753472221
 10
799.1206888888888
 20
504.2492666666666
 97
0
 75
1
 76
1
 98
0
  0
HATCH
  5
A5
330
17
100
AcDbEntity
  8
CENTER
 62
7
420
0
100
AcDbHatch
 10
0.0
 20
0.0
 30
0.0
210
0.0
220
0.0
230
1.0
  2
SOLID
 70
1
 71
0
 91
1
 92
3
 72
0
 73
1
 93
5
 10
783.1200999999999
 20
816.2501666666665
 10
823.1208666666665
 20
816.2501666666665
 10
799.1206888888887
 20
576.2497999999999
 10
759.119922222222
 20
576.2497999999999
 10
783.1200999999999
 20
816.2501666666665
 97
0
 75
1
 76
1
 98
0
  0
HATCH
  5
A6
330
17
100
AcDbEntity
  8
CENTER
 62
7
420
0
100
AcDbHatch
 10
0.0
 20
0.0
 30
0.0
210
0.0
220
0.0
230
1.0
  2
SOLID
 70
1
 71
0
 91
1
 92
3
 72
0
 73
1
 93
5
 10
671.1202111111111
 20
364.2487
 10
671.1202111111111
 20
404.25087777777776
 10
911.1191666666665
 20
380.25070000000005
 10
911.1191666666665
 20
340.2485222222222
 10
671.1202111111111
 20
364.2487
 97
0
 75
1
 76
1
 98
0
  0
LWPOLYLINE
  5
A7
330
17
100
AcDbEntity
  8
CENTER
370
25
420
2565413
100
AcDbPolyline
 90
3
 70
0
 43
3.999935555555555
 10
723.1196555555555
 20
810.2501222222221
 10
741.1197888888888
 20
810.2501222222221
 10
741.1197888888888
 20
829.705111111111
  0
LWPOLYLINE
  5
A8
330
17
100
AcDbEntity
  8
CENTER
370
25
420
2565413
100
AcDbPolyline
 90
3
 70
0
 43
3.999935555555555
 10
859.1197222222222
 20
808.7952666666666
 10
841.1195888888889
 20
808.7952666666666
 10
841.1195888888889
 20
828.2502555555556
  0
LWPOLYLINE
  5
A9
330
17
100
AcDbEntity
  8
CENTER
370
25
420
2565413
100
AcDbPolyline
 90
3
 70
0
 43
3.999935555555555
 10
859.1197222222222
 20
582.2498444444444
 10
841.1195888888889
 20
582.2498444444444
 10
841.1195888888889
 20
562.7948555555555
  0
LWPOLYLINE
  5
AA
330
17
100
AcDbEntity
  8
CENTER
370
25
420
2565413
100
AcDbPolyline
 90
3
 70
0
 43
3.999935555555555
 10
741.1197888888888
 20
564.2497111111111
 10
741.1197888888888
 20
582.2498444444444
 10
721.6647999999999
 20
582.2498444444444
  0
LWPOLYLINE
  5
AB
330
17
100
AcDbEntity
  8
CENTER
370
25
420
2565413
100
AcDbPolyline
 90
2
 70
0
 43
3.999935555555555
 10
809.1198222222222
 20
830.2497999999999
 10
789.1201444444445
 20
830.2497999999999
  0
LWPOLYLINE
  5
AC
330
17
100
AcDbEntity
  8
CENTER
370
25
420
2565413
100
AcDbPolyline
 90
2
 70
0
 43
3.999935555555555
 10
789.1201444444445
 20
840.2503444444443
 10
789.1201444444445
 20
820.2506666666666
  0
LWPOLYLINE
  5
AD
330
17
100
AcDbEntity
  8
CENTER
370
25
420
2565413
100
AcDbPolyline
 90
2
 70
0
 43
3.999935555555555
 10
775.120511111111
 20
562.2487555555555
 10
795.1201888888888
 20
562.2487555555555
  0
LWPOLYLINE
  5
AE
330
17
100
AcDbEntity
  8
CENTER
370
25
420
2565413
100
AcDbPolyline
 90
2
 70
0
 43
3.999935555555555
 10
795.1201888888888
 20
552.2496222222222
 10
795.1201888888888
 20
572.2493
  0
LWPOLYLINE
  5
AF
330
17
100
AcDbEntity
  8
CENTER
370
25
420
2565413
100
AcDbPolyline
 90
3
 70
0
 43
3.999935555555555
 10
678.575111111111
 20
304.2510777777777
 10
678.575111111111
 20
322.25121111111105
 10
659.1201222222222
 20
322.25121111111105
  0
LWPOLYLINE
  5
B0
330
17
100
AcDbEntity
  8
CENTER
370
25
420
2565413
100
AcDbPolyline
 90
3
 70
0
 43
3.999935555555555
 10
680.0299666666666
 20
440.2511444444444
 10
680.0299666666666
 20
422.251011111111
 10
660.5749777777778
 20
422.251011111111
  0
LWPOLYLINE
  5
B1
330
17
100
AcDbEntity
  8
CENTER
370
25
420
2565413
100
AcDbPolyline
 90
3
 70
0
 43
3.999935555555555
 10
906.5753888888888
 20
440.2511444444444
 10
906.5753888888888
 20
422.251011111111
 10
926.0303777777777
 20
422.251011111111
  0
LWPOLYLINE
  5
B2
330
17
100
AcDbEntity
  8
CENTER
370
25
420
2565413
100
AcDbPolyline
 90
3
 70
0
 43
3.999935555555555
 10
924.5755222222222
 20
322.2512111111111
 10
906.5753888888888
 20
322.2512111111111
 10
906.5753888888888
 20
302.79622222222224
  0
LWPOLYLINE
  5
B3
330
17
100
AcDbEntity
  8
CENTER
370
25
420
2565413
100
AcDbPolyline
 90
2
 70
0
 43
3.999935555555555
 10
657.1191666666666
 20
388.2502888888888
 10
657.1191666666666
 20
368.250611111111
  0
LWPOLYLINE
  5
B4
330
17
100
AcDbEntity
  8
CENTER
370
25
420
2565413
100
AcDbPolyline
 90
2
 70
0
 43
3.999935555555555
 10
647.1200333333333
 20
368.250611111111
 10
667.1197111111111
 20
368.250611111111
  0
LWPOLYLINE
  5
B5
330
17
100
AcDbEntity
  8
CENTER
370
25
420
2565413
100
AcDbPolyline
 90
2
 70
0
 43
3.999935555555555
 10
925.120211111111
 20
354.25097777777773
 10
925.120211111111
 20
374.2506555555555
  0
LWPOLYLINE
  5
B6
330
17
100
AcDbEntity
  8
CENTER
370
25
420
2565413
100
AcDbPolyline
 90
2
 70
0
 43
3.999935555555555
 10
935.1193444444443
 20
374.2506555555555
 10
915.1196666666666
 20
374.2506555555555
  0
HATCH
  5
B7
330
17
100
AcDbEntity
  8
CENTER
 62
7
420
0
100
AcDbHatch
 10
0.0
 20
0.0
 30
0.0
210
0.0
220
0.0
230
1.0
  2
SOLID
 70
1
 71
0
 91
1
 92
3
 72
0
 73
1
 93
5
 10
1199.1198888888887
 20
668.250011111111
 10
1191.1202999999998
 20
668.250011111111
 10
1191.1202999999998
 20
700.2497777777777
 10
1199.1198888888887
 20
700.2497777777777
 10
1199.1198888888887
 20
668.250011111111
 97
0
 75
1
 76
1
 98
0
  0
HATCH
  5
B8
330
17
100
AcDbEntity
  8
CENTER
 62
7
420
0
100
AcDbHatch
 10
0.0
 20
0.0
 30
0.0
210
0.0
220
0.0
230
1.0
  2
SOLID
 70
1
 71
0
 91
1
 92
3
 72
0
 73
1
 93
5
 10
1195.1208
 20
628.2506555555555
 10
1191.1202999999998
 20
628.2506555555555
 10
1191.1202999999998
 20
660.2504222222221
 10
1195.1208
 20
660.2504222222221
 10
1195.1208
 20
628.2506555555555
 97
0
 75
1
 76
1
 98
0
  0
HATCH
  5
B9
330
17
100
AcDbEntity
  8
CENTER
 62
7
420
0
100
AcDbHatch
 10
0.0
 20
0.0
 30
0.0
210
0.0
220
0.0
230
1.0
  2
SOLID
 70
1
 71
0
 91
1
 92
3
 72
0
 73
1
 93
5
 10
1193.8
 20
588.2498888888888
 10
1191.1202999999998
 20
588.2498888888888
 10
1191.1202999999998
 20
620.2496555555556
 10
1193.8
 20
620.2496555555556
 10
1193.8
 20
588.2498888888888
 97
0
 75
1
 76
1
 98
0
  0
HATCH
  5
BA
330
17
100
AcDbEntity
  8
CENTER
 62
7
420
0
100
AcDbHatch
 10
0.0
 20
0.0
 30
0.0
210
0.0
220
0.0
230
1.0
  2
SOLID
 70
1
 71
0
 91
1
 92
3
 72
0
 73
1
 93
5
 10
1191.9204
 20
308.2515777777778
 10
1191.1202999999998
 20
308.2515777777778
 10
1191.1202999999998
 20
340.2513444444445
 10
1191.9204
 20
340.2513444444445
 10
1191.9204
 20
308.2515777777778
 97
0
 75
1
 76
1
 98
0
  0
HATCH
  5
BB
330
17
100
AcDbEntity
  8
CENTER
 62
7
420
0
100
AcDbHatch
 10
0.0
 20
0.0
 30
0.0
210
0.0
220
0.0
230
1.0
  2
SOLID
 70
1
 71
0
 91
1
 92
3
 72
0
 73
1
 93
5
 10
1192.0008333333333
 20
348.25093333333325
 10
1191.1202999999998
 20
348.25093333333325
 10
1191.1202999999998
 20
380.25069999999994
 10
1192.0008333333333
 20
380.25069999999994
 10
1192.0008333333333
 20
348.25093333333325
 97
0
 75
1
 76
1
 98
0
  0
HATCH
  5
BC
330
17
100
AcDbEntity
  8
CENTER
 62
7
420
0
100
AcDbHatch
 10
0.0
 20
0.0
 30
0.0
210
0.0
220
0.0
230
1.0
  2
SOLID
 70
1
 71
0
 91
1
 92
3
 72
0
 73
1
 93
5
 10
1192.1207777777777
 20
388.25169999999997
 10
1191.1202999999998
 20
388.25169999999997
 10
1191.1202999999998
 20
420.2500555555555
 10
1192.1207777777777
 20
420.2500555555555
 10
1192.1207777777777
 20
388.25169999999997
 97
0
 75
1
 76
1
 98
0
  0
HATCH
  5
BD
330
17
100
AcDbEntity
  8
CENTER
 62
7
420
0
100
AcDbHatch
 10
0.0
 20
0.0
 30
0.0
210
0.0
220
0.0
230
1.0
  2
SOLID
 70
1
 71
0
 91
1
 92
3
 72
0
 73
1
 93
5
 10
1192.2802333333332
 20
428.2510555555555
 10
1191.1202999999998
 20
428.2510555555555
 10
1191.1202999999998
 20
460.2508222222222
 10
1192.2802333333332
 20
460.2508222222222
 10
1192.2802333333332
 20
428.2510555555555
 97
0
 75
1
 76
1
 98
0
  0
HATCH
  5
BE
330
17
100
AcDbEntity
  8
CENTER
 62
7
420
0
100
AcDbHatch
 10
0.0
 20
0.0
 30
0.0
210
0.0
220
0.0
230
1.0
  2
SOLID
 70
1
 71
0
 91
1
 92
3
 72
0
 73
1
 93
5
 10
1192.4396888888887
 20
468.2518222222222
 10
1191.1188888888887
 20
468.2518222222222
 10
1191.1188888888887
 20
500.2501777777777
 10
1192.4396888888887
 20
500.2501777777777
 10
1192.4396888888887
 20
468.2518222222222
 97
0
 75
1
 76
1
 98
0
  0
HATCH
  5
BF
330
17
100
AcDbEntity
  8
CENTER
 62
7
420
0
100
AcDbHatch
 10
0.0
 20
0.0
 30
0.0
210
0.0
220
0.0
230
1.0
  2
SOLID
 70
1
 71
0
 91
1
 92
3
 72
0
 73
1
 93
5
 10
1192.7190888888888
 20
508.25117777777774
 10
1191.1188888888887
 20
508.25117777777774
 10
1191.1188888888887
 20
540.2509444444444
 10
1192.7190888888888
 20
540.2509444444444
 10
1192.7190888888888
 20
508.25117777777774
 97
0
 75
1
 76
1
 98
0
  0
HATCH
  5
C0
330
17
100
AcDbEntity
  8
CENTER
 62
7
420
0
100
AcDbHatch
 10
0.0
 20
0.0
 30
0.0
210
0.0
220
0.0
230
1.0
  2
SOLID
 70
1
 71
0
 91
1
 92
3
 72
0
 73
1
 93
5
 10
1193.1198444444444
 20
548.2505333333332
 10
1191.1202999999998
 20
548.2505333333332
 10
1191.1202999999998
 20
580.2502999999999
 10
1193.1198444444444
 20
580.2502999999999
 10
1193.1198444444444
 20
548.2505333333332
 97
0
 75
1
 76
1
 98
0
  0
HATCH
  5
C1
330
17
100
AcDbEntity
  8
CENTER
 62
7
420
0
100
AcDbHatch
 10
0.0
 20
0.0
 30
0.0
210
0.0
220
0.0
230
1.0
  2
SOLID
 70
1
 71
0
 91
1
 92
3
 72
0
 73
1
 93
5
 10
627.1203555555555
 20
872.250111111111
 10
627.1203555555555
 20
880.2496999999998
 10
595.1191777777777
 20
880.2496999999998
 10
595.1191777777777
 20
872.250111111111
 10
627.1203555555555
 20
872.250111111111
 97
0
 75
1
 76
1
 98
0
  0
HATCH
  5
C2
330
17
100
AcDbEntity
  8
CENTER
 62
7
420
0
100
AcDbHatch
 10
0.0
 20
0.0
 30
0.0
210
0.0
220
0.0
230
1.0
  2
SOLID
 70
1
 71
0
 91
1
 92
3
 72
0
 73
1
 93
5
 10
667.1211222222221
 20
876.2491999999999
 10
667.1211222222221
 20
880.2496999999998
 10
635.1213555555554
 20
880.2496999999998
 10
635.1213555555554
 20
876.2491999999999
 10
667.1211222222221
 20
876.2491999999999
 97
0
 75
1
 76
1
 98
0
  0
HATCH
  5
C3
330
17
100
AcDbEntity
  8
CENTER
 62
7
420
0
100
AcDbHatch
 10
0.0
 20
0.0
 30
0.0
210
0.0
220
0.0
230
1.0
  2
SOLID
 70
1
 71
0
 91
1
 92
3
 72
0
 73
1
 93
5
 10
707.1204777777776
 20
877.5685888888888
 10
707.1204777777776
 20
880.2482888888889
 10
675.120711111111
 20
880.2482888888889
 10
675.120711111111
 20
877.5685888888888
 10
707.1204777777776
 20
877.5685888888888
 97
0
 75
1
 76
1
 98
0
  0
HATCH
  5
C4
330
17
100
AcDbEntity
  8
CENTER
 62
7
420
0
100
AcDbHatch
 10
0.0
 20
0.0
 30
0.0
210
0.0
220
0.0
230
1.0
  2
SOLID
 70
1
 71
0
 91
1
 92
3
 72
0
 73
1
 93
5
 10
987.1202
 20
879.4481888888888
 10
987.1202
 20
880.2482888888889
 10
955.1204333333332
 20
880.2482888888889
 10
955.1204333333332
 20
879.4481888888888
 10
987.1202
 20
879.4481888888888
 97
0
 75
1
 76
1
 98
0
  0
HATCH
  5
C5
330
17
100
AcDbEntity
  8
CENTER
 62
7
420
0
100
AcDbHatch
 10
0.0
 20
0.0
 30
0.0
210
0.0
220
0.0
230
1.0
  2
SOLID
 70
1
 71
0
 91
1
 92
3
 72
0
 73
1
 93
5
 10
947.1208444444443
 20
879.3691666666665
 10
947.1208444444443
 20
880.2496999999998
 10
915.1210777777776
 20
880.2496999999998
 10
915.1210777777776
 20
879.3691666666665
 10
947.1208444444443
 20
879.3691666666665
 97
0
 75
1
 76
1
 98
0
  0
HATCH
  5
C6
330
17
100
AcDbEntity
  8
CENTER
 62
7
420
0
100
AcDbHatch
 10
0.0
 20
0.0
 30
0.0
210
0.0
220
0.0
230
1.0
  2
SOLID
 70
1
 71
0
 91
1
 92
3
 72
0
 73
1
 93
5
 10
907.1200777777777
 20
879.2492222222222
 10
907.1200777777777
 20
880.2496999999998
 10
875.121722222222
 20
880.2496999999998
 10
875.121722222222
 20
879.2492222222222
 10
907.1200777777777
 20
879.2492222222222
 97
0
 75
1
 76
1
 98
0
  0
HATCH
  5
C7
330
17
100
AcDbEntity
  8
CENTER
 62
7
420
0
100
AcDbHatch
 10
0.0
 20
0.0
 30
0.0
210
0.0
220
0.0
230
1.0
  2
SOLID
 70
1
 71
0
 91
1
 92
3
 72
0
 73
1
 93
5
 10
867.1207222222222
 20
879.0897666666666
 10
867.1207222222222
 20
880.2496999999998
 10
835.1209555555555
 20
880.2496999999998
 10
835.1209555555555
 20
879.0897666666666
 10
867.1207222222222
 20
879.0897666666666
 97
0
 75
1
 76
1
 98
0
  0
HATCH
  5
C8
330
17
100
AcDbEntity
  8
CENTER
 62
7
420
0
100
AcDbHatch
 10
0.0
 20
0.0
 30
0.0
210
0.0
220
0.0
230
1.0
  2
SOLID
 70
1
 71
0
 91
1
 92
3
 72
0
 73
1
 93
5
 10
827.1199555555555
 20
878.9289
 10
827.1199555555555
 20
880.2496999999998
 10
795.1201888888888
 20
880.2496999999998
 10
795.1201888888888
 20
878.9289
 10
827.1199555555555
 20
878.9289
 97
0
 75
1
 76
1
 98
0
  0
HATCH
  5
C9
330
17
100
AcDbEntity
  8
CENTER
 62
7
420
0
100
AcDbHatch
 10
0.0
 20
0.0
 30
0.0
210
0.0
220
0.0
230
1.0
  2
SOLID
 70
1
 71
0
 91
1
 92
3
 72
0
 73
1
 93
5
 10
787.1206
 20
878.6494999999999
 10
787.1206
 20
880.2496999999998
 10
755.1208333333333
 20
880.2496999999998
 10
755.1208333333333
 20
878.6494999999999
 10
787.1206
 20
878.6494999999999
 97
0
 75
1
 76
1
 98
0
  0
HATCH
  5
CA
330
17
100
AcDbEntity
  8
CENTER
 62
7
420
0
100
AcDbHatch
 10
0.0
 20
0.0
 30
0.0
210
0.0
220
0.0
230
1.0
  2
SOLID
 70
1
 71
0
 91
1
 92
3
 72
0
 73
1
 93
5
 10
747.1198333333333
 20
878.2501555555556
 10
747.1198333333333
 20
880.2496999999998
 10
715.1214777777778
 20
880.2496999999998
 10
715.1214777777778
 20
878.2501555555556
 10
747.1198333333333
 20
878.2501555555556
 97
0
 75
1
 76
1
 98
0
  0
TEXT
  5
CB
330
17
100
AcDbEntity
  8
LABELS
 62
250
100
AcDbText
 10
1183.0333633333332
 20
715.4333333333333
 30
0.0
 40
16.93333333333333
  1
1
 11
1183.0333633333332
 21
715.4333333333333
 31
0.0
100
AcDbText
  0
TEXT
  5
CC
330
17
100
AcDbEntity
  8
LABELS
 62
250
100
AcDbText
 10
1180.441293333333
 20
282.9284833333333
 30
0.0
 40
16.93333333333333
  1
10
 11
1180.441293333333
 21
282.9284833333333
 31
0.0
100
AcDbText
  0
TEXT
  5
CD
330
17
100
AcDbEntity
  8
LABELS
 62
250
100
AcDbText
 10
576.961141111111
 20
873.0339833333334
 30
0.0
 40
16.93333333333333
  1
1
 11
576.961141111111
 21
873.0339833333334
 31
0.0
100
AcDbText
  0
TEXT
  5
CE
330
17
100
AcDbEntity
  8
LABELS
 62
250
100
AcDbText
 10
994.8801822222221
 20
872.24997
 30
0.0
 40
16.93333333333333
  1
10
 11
994.8801822222221
 21
872.24997
 31
0.0
100
AcDbText
  0
LWPOLYLINE
  5
CF
330
17
100
AcDbEntity
  8
CENTER
370
25
420
2565413
100
AcDbPolyline
 90
65
 70
0
 43
3.999935555555555
 10
585.1200444444444
 20
624.2501555555555
 10
584.8412490587023
 20
618.7291220106338
 10
584.0229579210069
 20
613.3675288628472
 10
582.6923135606553
 20
608.192524842665
 10
580.8764585069443
 20
603.2312586805556
 10
578.602535289171
 20
598.5108791069879
 10
575.897686436632
 20
594.0585348524306
 10
572.789054478624
 20
589.9013746473526
 10
569.3037819444444
 20
586.0665472222222
 10
565.4690113633898
 20
582.5812013075086
 10
561.3118852647569
 20
579.4724856336805
 10
556.8595461778428
 20
576.7675489312065
 10
552.1391366319443
 20
574.4935399305556
 10
547.1777991563583
 20
572.6776073621962
 10
542.0026762803818
 20
571.3468999565972
 10
536.6409105333116
 20
570.5285664442274
 10
531.1196444444444
 20
570.2497555555556
 10
525.5983783555772
 20
570.5285509412978
 10
520.236612608507
 20
571.3468420789931
 10
515.0614897325305
 20
572.6774864393446
 10
510.10015225694445
 20
574.4933414930556
 10
505.379742711046
 20
576.7672647108291
 10
500.92740362413184
 20
579.472113563368
 10
496.77027752549907
 20
582.580745521376
 10
492.93550694444446
 20
586.0660180555556
 10
489.45023441026484
 20
589.9007886366102
 10
486.34160245225684
 20
594.057914735243
 10
483.63675359971785
 20
598.5102538221571
 10
481.3628303819444
 20
603.2306633680556
 10
479.54697532823343
 20
608.1920008436415
 10
478.2163309678819
 20
613.367123719618
 10
477.3980398301866
 20
618.7288894666883
 10
477.1192444444444
 20
624.2501555555556
 10
477.3980398301866
 20
629.7714216444227
 10
478.2163309678819
 20
635.133187391493
 10
479.54697532823343
 20
640.3083102674696
 10
481.3628303819444
 20
645.2696477430555
 10
483.63675359971785
 20
649.990057288954
 10
486.34160245225684
 20
654.442396375868
 10
489.45023441026484
 20
658.5995224745008
 10
492.93550694444446
 20
662.4342930555556
 10
496.77027752549907
 20
665.9195655897352
 10
500.92740362413184
 20
669.0281975477429
 10
505.379742711046
 20
671.7330464002821
 10
510.10015225694445
 20
674.0069696180556
 10
515.0614897325305
 20
675.8228246717665
 10
520.236612608507
 20
677.1534690321181
 10
525.5983783555772
 20
677.9717601698134
 10
531.1196444444444
 20
678.2505555555556
 10
536.6409105333116
 20
677.9717601698134
 10
542.0026762803818
 20
677.1534690321181
 10
547.1777991563583
 20
675.8228246717665
 10
552.1391366319443
 20
674.0069696180556
 10
556.8595461778428
 20
671.7330464002821
 10
561.3118852647569
 20
669.0281975477429
 10
565.4690113633898
 20
665.9195655897352
 10
569.3037819444444
 20
662.4342930555556
 10
572.789054478624
 20
658.5995224745008
 10
575.897686436632
 20
654.442396375868
 10
578.602535289171
 20
649.990057288954
 10
580.8764585069443
 20
645.2696477430555
 10
582.6923135606553
 20
640.3083102674696
 10
584.0229579210069
 20
635.133187391493
 10
584.8412490587023
 20
629.7714216444227
 10
585.1200444444444
 20
624.2501555555555
  0
LWPOLYLINE
  5
D0
330
17
100
AcDbEntity
  8
CENTER
370
25
420
2565413
100
AcDbPolyline
 90
2
 70
0
 43
3.999935555555555
 10
477.1192444444444
 20
624.2501555555555
 10
585.1200444444444
 20
624.2501555555555
  0
LWPOLYLINE
  5
D1
330
17
100
AcDbEntity
  8
CENTER
370
25
420
2565413
100
AcDbPolyline
 90
2
 70
0
 43
3.999935555555555
 10
531.1196444444444
 20
678.2505555555555
 10
531.1196444444444
 20
570.2497555555556
  0
LWPOLYLINE
  5
D2
330
17
100
AcDbEntity
  8
CENTER
370
25
420
2565413
100
AcDbPolyline
 90
2
 70
0
 43
3.999935555555555
 10
492.93497777777776
 20
586.0654888888888
 10
569.3028999999999
 20
662.4334111111111
  0
LWPOLYLINE
  5
D3
330
17
100
AcDbEntity
  8
CENTER
370
25
420
2565413
100
AcDbPolyline
 90
2
 70
0
 43
3.999935555555555
 10
492.9363888888888
 20
662.4334111111111
 10
569.304311111111
 20
586.0654888888888
  0
TEXT
  5
D4
330
17
100
AcDbEntity
  8
LABELS
 62
250
100
AcDbText
 10
607.8126866666667
 20
779.3308433333333
 30
0.0
 40
16.93333333333333
  1
1
 11
607.8126866666667
 21
779.3308433333333
 31
0.0
100
AcDbText
  0
TEXT
  5
D5
330
17
100
AcDbEntity
  8
LABELS
 62
250
100
AcDbText
 10
624.3753211111111
 20
731.3310522222222
 30
0.0
 40
16.93333333333333
  1
2
 11
624.3753211111111
 21
731.3310522222222
 31
0.0
100
AcDbText
  0
TEXT
  5
D6
330
17
100
AcDbEntity
  8
LABELS
 62
250
100
AcDbText
 10
631.3943288888888
 20
683.3312611111111
 30
0.0
 40
16.93333333333333
  1
3
 11
631.3943288888888
 21
683.3312611111111
 31
0.0
100
AcDbText
  0
TEXT
  5
D7
330
17
100
AcDbEntity
  8
LABELS
 62
250
100
AcDbText
 10
634.8449188888889
 20
635.3307644444444
 30
0.0
 40
16.93333333333333
  1
4
 11
634.8449188888889
 21
635.3307644444444
 31
0.0
100
AcDbText
  0
TEXT
  5
D8
330
17
100
AcDbEntity
  8
LABELS
 62
250
100
AcDbText
 10
637.31648
 20
587.3308322222222
 30
0.0
 40
16.93333333333333
  1
5
 11
637.31648
 21
587.3308322222222
 31
0.0
100
AcDbText
  0
TEXT
  5
D9
330
17
100
AcDbEntity
  8
LABELS
 62
250
100
AcDbText
 10
638.06197
 20
539.3310411111111
 30
0.0
 40
16.93333333333333
  1
6
 11
638.06197
 21
539.3310411111111
 31
0.0
100
AcDbText
  0
LWPOLYLINE
  5
DA
330
17
100
AcDbEntity
  8
CENTER
370
25
420
0
100
AcDbPolyline
 90
2
 70
0
 43
1.9999677777777776
 10
619.1207666666667
 20
784.2504
 10
643.1209444444444
 20
784.2504
  0
LWPOLYLINE
  5
DB
330
17
100
AcDbEntity
  8
CENTER
370
25
420
0
100
AcDbPolyline
 90
2
 70
0
 43
1.9999677777777776
 10
642.3208444444443
 20
772.250311111111
 10
650.3204333333332
 20
772.250311111111
  0
LWPOLYLINE
  5
DC
330
17
100
AcDbEntity
  8
CENTER
370
25
420
0
100
AcDbPolyline
 90
2
 70
0
 43
1.9999677777777776
 10
639.1204444444444
 20
760.2502222222222
 10
655.1196222222222
 20
760.2502222222222
  0
LWPOLYLINE
  5
DD
330
17
100
AcDbEntity
  8
CENTER
370
25
420
0
100
AcDbPolyline
 90
2
 70
0
 43
1.9999677777777776
 10
650.5603222222221
 20
748.2501333333332
 10
658.5613222222222
 20
748.2501333333332
  0
LWPOLYLINE
  5
DE
330
17
100
AcDbEntity
  8
CENTER
370
25
420
0
100
AcDbPolyline
 90
2
 70
0
 43
1.9999677777777776
 10
637.1194888888889
 20
736.2500444444443
 10
661.1196666666666
 20
736.2500444444443
  0
LWPOLYLINE
  5
DF
330
17
100
AcDbEntity
  8
CENTER
370
25
420
0
100
AcDbPolyline
 90
2
 70
0
 43
1.9999677777777776
 10
655.1196222222221
 20
724.2499555555555
 10
663.1206222222222
 20
724.2499555555555
  0
LWPOLYLINE
  5
E0
330
17
100
AcDbEntity
  8
CENTER
370
25
420
0
100
AcDbPolyline
 90
2
 70
0
 43
1.9999677777777776
 10
648.7202333333333
 20
712.2498666666667
 10
664.7208222222222
 20
712.2498666666667
  0
LWPOLYLINE
  5
E1
330
17
100
AcDbEntity
  8
CENTER
370
25
420
0
100
AcDbPolyline
 90
2
 70
0
 43
1.9999677777777776
 10
658.0406222222222
 20
700.2497777777777
 10
666.0416222222221
 20
700.2497777777777
  0
LWPOLYLINE
  5
E2
330
17
100
AcDbEntity
  8
CENTER
370
25
420
0
100
AcDbPolyline
 90
2
 70
0
 43
1.9999677777777776
 10
643.1195333333333
 20
688.2496888888888
 10
667.1197111111111
 20
688.2496888888888
  0
LWPOLYLINE
  5
E3
330
17
100
AcDbEntity
  8
CENTER
370
25
420
0
100
AcDbPolyline
 90
2
 70
0
 43
1.9999677777777776
 10
660.0415777777777
 20
676.2495999999999
 10
668.0411666666665
 20
676.2495999999999
  0
LWPOLYLINE
  5
E4
330
17
100
AcDbEntity
  8
CENTER
370
25
420
0
100
AcDbPolyline
 90
2
 70
0
 43
1.9999677777777776
 10
652.8406777777777
 20
664.2509222222222
 10
668.8412666666666
 20
664.2509222222222
  0
LWPOLYLINE
  5
E5
330
17
100
AcDbEntity
  8
CENTER
370
25
420
0
100
AcDbPolyline
 90
2
 70
0
 43
1.9999677777777776
 10
661.5204222222221
 20
652.2494222222222
 10
669.520011111111
 20
652.2494222222222
  0
LWPOLYLINE
  5
E6
330
17
100
AcDbEntity
  8
CENTER
370
25
420
0
100
AcDbPolyline
 90
2
 70
0
 43
1.9999677777777776
 10
646.1195555555555
 20
640.2493333333333
 10
670.1197333333332
 20
640.2493333333333
  0
LWPOLYLINE
  5
E7
330
17
100
AcDbEntity
  8
CENTER
370
25
420
0
100
AcDbPolyline
 90
2
 70
0
 43
1.9999677777777776
 10
662.6394333333333
 20
628.2492444444443
 10
670.6404333333332
 20
628.2492444444443
  0
LWPOLYLINE
  5
E8
330
17
100
AcDbEntity
  8
CENTER
370
25
420
0
100
AcDbPolyline
 90
2
 70
0
 43
1.9999677777777776
 10
655.1196222222221
 20
616.2491555555555
 10
671.1202111111111
 20
616.2491555555555
  0
LWPOLYLINE
  5
E9
330
17
100
AcDbEntity
  8
CENTER
370
25
420
0
100
AcDbPolyline
 90
2
 70
0
 43
1.9999677777777776
 10
663.5608888888888
 20
604.2490666666666
 10
671.5604777777777
 20
604.2490666666666
  0
LWPOLYLINE
  5
EA
330
17
100
AcDbEntity
  8
CENTER
370
25
420
0
100
AcDbPolyline
 90
2
 70
0
 43
1.9999677777777776
 10
647.9215444444444
 20
592.2489777777778
 10
671.9217222222221
 20
592.2489777777778
  0
LWPOLYLINE
  5
EB
330
17
100
AcDbEntity
  8
CENTER
370
25
420
0
100
AcDbPolyline
 90
2
 70
0
 43
1.9999677777777776
 10
664.2805555555555
 20
580.2488888888888
 10
672.2801444444443
 20
580.2488888888888
  0
LWPOLYLINE
  5
EC
330
17
100
AcDbEntity
  8
CENTER
370
25
420
0
100
AcDbPolyline
 90
2
 70
0
 43
1.9999677777777776
 10
656.5603666666666
 20
568.2488
 10
672.5609555555554
 20
568.2488
  0
LWPOLYLINE
  5
ED
330
17
100
AcDbEntity
  8
CENTER
370
25
420
0
100
AcDbPolyline
 90
2
 70
0
 43
1.9999677777777776
 10
664.8407666666666
 20
556.2487111111111
 10
672.8403555555554
 20
556.2487111111111
  0
LWPOLYLINE
  5
EE
330
17
100
AcDbEntity
  8
CENTER
370
25
420
0
100
AcDbPolyline
 90
2
 70
0
 43
1.9999677777777776
 10
649.1195777777776
 20
544.2486222222221
 10
673.1197555555555
 20
544.2486222222221
  0
HATCH
  5
EF
330
17
100
AcDbEntity
  8
CENTER
 62
7
420
0
100
AcDbHatch
 10
0.0
 20
0.0
 30
0.0
210
0.0
220
0.0
230
1.0
  2
SOLID
 70
1
 71
0
 91
1
 92
3
 72
0
 73
1
 93
54
 10
651.1205333333332
 20
784.2504
 10
654.3999555555555
 20
779.451211111111
 10
658.3200222222222
 20
772.250311111111
 10
660.4395111111111
 20
767.4511222222221
 10
663.1192111111111
 20
760.2502222222222
 10
664.6389777777778
 20
755.4510333333332
 10
666.5580888888888
 20
748.2501333333332
 10
667.6785111111111
 20
743.4509444444442
 10
669.1192555555556
 20
736.2500444444443
 10
669.9588666666667
 20
731.4508555555553
 10
671.1188000000001
 20
724.2499555555554
 10
672.719
 20
712.2498666666664
 10
674.0398
 20
700.2497777777776
 10
675.1207111111112
 20
688.2496888888887
 10
676.0393444444445
 20
676.2495999999999
 10
676.8394444444446
 20
664.249511111111
 10
677.518188888889
 20
652.2480111111109
 10
678.1193222222223
 20
640.2479222222221
 10
678.6386111111111
 20
628.2478333333332
 10
679.118388888889
 20
616.2477444444444
 10
679.5600666666667
 20
604.2476555555554
 10
679.9199
 20
592.2475666666664
 10
680.2797333333333
 20
580.2474777777776
 10
680.5591333333333
 20
568.2473888888886
 10
680.8399444444444
 20
556.2472999999998
 10
681.1193444444443
 20
544.2472111111108
 10
682.4401444444443
 20
544.2472111111108
 10
682.2397666666666
 20
556.2472999999998
 10
682.0379777777778
 20
568.2473888888886
 10
681.7980888888889
 20
580.2474777777776
 10
681.5186888888888
 20
592.2475666666664
 10
681.2392888888888
 20
604.2476555555554
 10
680.8794555555555
 20
616.2477444444444
 10
680.5182111111111
 20
628.2478333333331
 10
680.1188666666667
 20
640.2479222222221
 10
679.639088888889
 20
652.2480111111109
 10
679.118388888889
 20
664.249511111111
 10
678.5186666666666
 20
676.2495999999999
 10
677.799
 20
688.2496888888886
 10
676.9184666666666
 20
700.2497777777776
 10
675.9179888888889
 20
712.2498666666664
 10
674.6776222222221
 20
724.2499555555553
 10
673.7985
 20
731.4508555555553
 10
673.1183444444443
 20
736.2500444444443
 10
671.9993333333332
 20
743.4509444444442
 10
671.1187999999999
 20
748.2501333333331
 10
669.6385444444444
 20
755.4510333333332
 10
668.4376888888888
 20
760.2502222222222
 10
666.357711111111
 20
767.4511222222221
 10
664.718
 20
772.2503111111109
 10
661.6784666666666
 20
779.451211111111
 10
659.118711111111
 20
784.2504
 10
651.1205333333332
 20
784.2504
 10
651.1205333333332
 20
784.2504
 97
0
 75
1
 76
1
 98
0
  0
HATCH
  5
F0
330
17
100
AcDbEntity
  8
CENTER
 62
7
420
0
100
AcDbHatch
 10
0.0
 20
0.0
 30
0.0
210
0.0
220
0.0
230
1.0
  2
SOLID
 70
1
 71
0
 91
1
 92
3
 72
0
 73
1
 93
54
 10
667.1197111111111
 20
784.2504
 10
668.9202888888889
 20
779.451211111111
 10
671.1202111111111
 20
772.250311111111
 10
672.3210666666666
 20
767.4511222222221
 10
673.8013222222222
 20
760.2502222222222
 10
674.6409333333334
 20
755.4510333333332
 10
675.6809222222223
 20
748.2501333333332
 10
676.3215666666667
 20
743.4509444444442
 10
677.1202555555556
 20
736.2500444444443
 10
677.6000333333333
 20
731.4508555555553
 10
678.2406777777777
 20
724.2499555555554
 10
679.1197999999999
 20
712.2498666666664
 10
679.8408777777778
 20
700.2497777777776
 10
680.4406
 20
688.2496888888887
 10
680.9613
 20
676.2495999999999
 10
681.4015666666668
 20
664.249511111111
 10
681.8009111111112
 20
652.2480111111109
 10
682.1212333333334
 20
640.2479222222221
 10
682.4020444444445
 20
628.2478333333332
 10
682.6814444444445
 20
616.2477444444444
 10
682.9213333333335
 20
604.2476555555554
 10
683.1217111111112
 20
592.2475666666664
 10
683.322088888889
 20
580.2474777777776
 10
683.4815444444445
 20
568.2473888888886
 10
683.6410000000001
 20
556.2472999999998
 10
683.8018666666667
 20
544.2472111111108
 10
685.1212555555555
 20
544.2472111111108
 10
685.0408222222222
 20
556.2472999999998
 10
684.9208777777778
 20
568.2473888888886
 10
684.8404444444444
 20
580.2474777777776
 10
684.7205
 20
592.2475666666664
 10
684.6005555555556
 20
604.2476555555554
 10
684.4411000000001
 20
616.2477444444444
 10
684.2816444444445
 20
628.2478333333331
 10
684.122188888889
 20
640.2479222222221
 10
683.9218111111112
 20
652.2480111111109
 10
683.6819222222223
 20
664.249511111111
 10
683.4406222222223
 20
676.2495999999999
 10
683.1203
 20
688.2496888888886
 10
682.7604666666667
 20
700.2497777777776
 10
682.3202000000001
 20
712.2498666666664
 10
681.7995000000001
 20
724.2499555555553
 10
681.4001555555556
 20
731.4508555555553
 10
681.1207555555557
 20
736.2500444444443
 10
680.6409777777778
 20
743.4509444444442
 10
680.2797333333334
 20
748.2501333333331
 10
679.6405000000002
 20
755.4510333333332
 10
679.1198000000002
 20
760.2502222222222
 10
678.2406777777779
 20
767.4511222222221
 10
677.5196000000001
 20
772.2503111111109
 10
676.2002111111112
 20
779.451211111111
 10
675.1193000000001
 20
784.2504
 10
667.1197111111111
 20
784.2504
 10
667.1197111111111
 20
784.2504
 97
0
 75
1
 76
1
 98
0
  0
HATCH
  5
F1
330
17
100
AcDbEntity
  8
CENTER
 62
7
420
0
100
AcDbHatch
 10
0.0
 20
0.0
 30
0.0
210
0.0
220
0.0
230
1.0
  2
SOLID
 70
1
 71
0
 91
1
 92
3
 72
0
 73
1
 93
54
 10
683.1202999999999
 20
784.2504
 10
683.4801333333332
 20
779.451211111111
 10
683.921811111111
 20
772.250311111111
 10
684.1616999999999
 20
767.4511222222221
 10
684.4410999999999
 20
760.2502222222222
 10
684.6414777777777
 20
755.4510333333332
 10
684.8418555555554
 20
748.2501333333332
 10
684.9617999999998
 20
743.4509444444442
 10
685.1212555555554
 20
736.2500444444443
 10
685.2030999999998
 20
731.4508555555553
 10
685.3625555555554
 20
724.2499555555554
 10
685.5220111111109
 20
712.2498666666664
 10
685.6814666666666
 20
700.2497777777776
 10
685.801411111111
 20
688.2496888888887
 10
685.8818444444443
 20
676.2495999999999
 10
685.9622777777777
 20
664.249511111111
 10
686.042711111111
 20
652.2480111111109
 10
686.1231444444444
 20
640.2479222222221
 10
686.1626555555555
 20
628.2478333333332
 10
686.2430888888889
 20
616.2477444444444
 10
686.2826
 20
604.2476555555554
 10
686.3221111111111
 20
592.2475666666664
 10
686.3616222222223
 20
580.2474777777776
 10
686.4011333333334
 20
568.2473888888886
 10
686.4406444444445
 20
556.2472999999998
 10
686.4406444444445
 20
544.2472111111108
 10
687.8009555555557
 20
544.2472111111108
 10
687.8009555555557
 20
556.2472999999998
 10
687.8404666666668
 20
568.2473888888886
 10
687.879977777778
 20
580.2474777777776
 10
687.9194888888891
 20
592.2475666666664
 10
687.9590000000002
 20
604.2476555555554
 10
687.9985111111114
 20
616.2477444444444
 10
688.0789444444447
 20
628.2478333333331
 10
688.1184555555559
 20
640.2479222222221
 10
688.2003000000003
 20
652.2480111111109
 10
688.2807333333336
 20
664.249511111111
 10
688.361166666667
 20
676.2495999999999
 10
688.4416000000003
 20
688.2496888888886
 10
688.5615444444447
 20
700.2497777777776
 10
688.7210000000003
 20
712.2498666666664
 10
688.8804555555558
 20
724.2499555555553
 10
689.0399111111115
 20
731.4508555555553
 10
689.1203444444448
 20
736.2500444444443
 10
689.2798000000004
 20
743.4509444444442
 10
689.3997444444448
 20
748.2501333333331
 10
689.6396333333337
 20
755.4510333333332
 10
689.8005000000003
 20
760.2502222222222
 10
690.0799000000003
 20
767.4511222222221
 10
690.3197888888892
 20
772.2503111111109
 10
690.7600555555558
 20
779.451211111111
 10
691.1198888888892
 20
784.2504
 10
683.1202999999999
 20
784.2504
 10
683.1202999999999
 20
784.2504
 97
0
 75
1
 76
1
 98
0
  0
HATCH
  5
F2
330
17
100
AcDbEntity
  8
CENTER
 62
7
420
0
100
AcDbHatch
 10
0.0
 20
0.0
 30
0.0
210
0.0
220
0.0
230
1.0
  2
SOLID
 70
1
 71
0
 91
1
 92
3
 72
0
 73
1
 93
54
 10
699.1208888888888
 20
784.2504
 10
698.0399777777777
 20
779.451211111111
 10
696.7191777777778
 20
772.250311111111
 10
695.999511111111
 20
767.4511222222221
 10
695.1189777777777
 20
760.2502222222222
 10
694.6392
 20
755.4510333333332
 10
693.9590444444443
 20
748.2501333333332
 10
693.599211111111
 20
743.4509444444442
 10
693.1194333333333
 20
736.2500444444443
 10
692.8400333333333
 20
731.4508555555553
 10
692.4392777777778
 20
724.2499555555554
 10
691.9199888888888
 20
712.2498666666664
 10
691.4797222222222
 20
700.2497777777776
 10
691.1184777777778
 20
688.2496888888887
 10
690.7981555555556
 20
676.2495999999999
 10
690.5582666666667
 20
664.249511111111
 10
690.3183777777778
 20
652.2480111111109
 10
690.118
 20
640.2479222222221
 10
689.9585444444444
 20
628.2478333333332
 10
689.799088888889
 20
616.2477444444444
 10
689.6382222222222
 20
604.2476555555554
 10
689.5182777777778
 20
592.2475666666664
 10
689.3983333333334
 20
580.2474777777776
 10
689.3179000000001
 20
568.2473888888886
 10
689.1979555555557
 20
556.2472999999998
 10
689.1175222222223
 20
544.2472111111108
 10
690.4383222222223
 20
544.2472111111108
 10
690.5977777777779
 20
556.2472999999998
 10
690.7572333333334
 20
568.2473888888886
 10
690.916688888889
 20
580.2474777777776
 10
691.1170666666667
 20
592.2475666666664
 10
691.3188555555556
 20
604.2476555555554
 10
691.5587444444445
 20
616.2477444444444
 10
691.8381444444444
 20
628.2478333333331
 10
692.1175444444444
 20
640.2479222222221
 10
692.4378666666667
 20
652.2480111111109
 10
692.8386222222222
 20
664.249511111111
 10
693.2788888888888
 20
676.2495999999999
 10
693.7981777777777
 20
688.2496888888886
 10
694.399311111111
 20
700.2497777777776
 10
695.1189777777777
 20
712.2498666666664
 10
695.999511111111
 20
724.2499555555553
 10
696.6387444444443
 20
731.4508555555553
 10
697.118522222222
 20
736.2500444444443
 10
697.9186222222221
 20
743.4509444444442
 10
698.5592666666665
 20
748.2501333333331
 10
699.6387666666666
 20
755.4510333333332
 10
700.4388666666665
 20
760.2502222222222
 10
701.9191222222221
 20
767.4511222222221
 10
703.1185666666665
 20
772.2503111111109
 10
705.3198999999998
 20
779.451211111111
 10
707.1190666666665
 20
784.2504
 10
699.1208888888888
 20
784.2504
 10
699.1208888888888
 20
784.2504
 97
0
 75
1
 76
1
 98
0
  0
HATCH
  5
F3
330
17
100
AcDbEntity
  8
CENTER
 62
7
420
0
100
AcDbHatch
 10
0.0
 20
0.0
 30
0.0
210
0.0
220
0.0
230
1.0
  2
SOLID
 70
1
 71
0
 91
1
 92
3
 72
0
 73
1
 93
54
 10
715.1214777777777
 20
784.2504
 10
712.5617222222221
 20
779.451211111111
 10
709.5221888888888
 20
772.250311111111
 10
707.8824777777777
 20
767.4511222222221
 10
705.8010888888888
 20
760.2502222222222
 10
704.6425666666665
 20
755.4510333333332
 10
703.1213888888888
 20
748.2501333333332
 10
702.2422666666666
 20
743.4509444444442
 10
701.1218444444444
 20
736.2500444444443
 10
700.4431
 20
731.4508555555553
 10
699.5625666666666
 20
724.2499555555554
 10
698.3221999999998
 20
712.2498666666664
 10
697.3231333333332
 20
700.2497777777776
 10
696.4425999999999
 20
688.2496888888887
 10
695.7229333333331
 20
676.2495999999999
 10
695.1217999999999
 20
664.249511111111
 10
694.602511111111
 20
652.2480111111109
 10
694.1227333333333
 20
640.2479222222221
 10
693.7219777777776
 20
628.2478333333332
 10
693.3621444444443
 20
616.2477444444444
 10
693.002311111111
 20
604.2476555555554
 10
692.7229111111111
 20
592.2475666666664
 10
692.4421
 20
580.2474777777776
 10
692.2022111111111
 20
568.2473888888886
 10
692.0018333333333
 20
556.2472999999998
 10
691.8014555555554
 20
544.2472111111108
 10
693.1222555555554
 20
544.2472111111108
 10
693.4016555555554
 20
556.2472999999998
 10
693.6810555555554
 20
568.2473888888886
 10
693.9604555555553
 20
580.2474777777776
 10
694.3216999999997
 20
592.2475666666664
 10
694.681533333333
 20
604.2476555555554
 10
695.1217999999998
 20
616.2477444444444
 10
695.6015777777775
 20
628.2478333333331
 10
696.1222777777775
 20
640.2479222222221
 10
696.7219999999998
 20
652.2480111111109
 10
697.4021555555554
 20
664.249511111111
 10
698.2008444444442
 20
676.2495999999999
 10
699.1208888888887
 20
688.2496888888886
 10
700.2017999999998
 20
700.2497777777776
 10
701.5211888888887
 20
712.2498666666664
 10
703.1213888888888
 20
724.2499555555553
 10
704.281322222222
 20
731.4508555555553
 10
705.1223444444443
 20
736.2500444444443
 10
706.5630888888887
 20
743.4509444444442
 10
707.683511111111
 20
748.2501333333331
 10
709.6435444444443
 20
755.4510333333332
 10
711.1237999999998
 20
760.2502222222222
 10
713.8034999999998
 20
767.4511222222221
 10
715.9229888888888
 20
772.2503111111109
 10
719.8430555555555
 20
779.451211111111
 10
723.1224777777777
 20
784.2504
 10
715.1214777777777
 20
784.2504
 10
715.1214777777777
 20
784.2504
 97
0
 75
1
 76
1
 98
0
  0
LWPOLYLINE
  5
F4
330
17
100
AcDbEntity
  8
CENTER
370
25
420
0
100
AcDbPolyline
 90
2
 70
0
 43
1.9999677777777776
 10
511.1185555555555
 20
436.2506444444444
 10
511.1185555555555
 20
460.25082222222215
  0
LWPOLYLINE
  5
F5
330
17
100
AcDbEntity
  8
CENTER
370
25
420
0
100
AcDbPolyline
 90
2
 70
0
 43
1.9999677777777776
 10
523.1186444444444
 20
459.4507222222222
 10
523.1186444444444
 20
467.4489
  0
LWPOLYLINE
  5
F6
330
17
100
AcDbEntity
  8
CENTER
370
25
420
0
100
AcDbPolyline
 90
2
 70
0
 43
1.9999677777777776
 10
535.1187333333334
 20
456.2517333333333
 10
535.1187333333334
 20
472.25091111111107
  0
LWPOLYLINE
  5
F7
330
17
100
AcDbEntity
  8
CENTER
370
25
420
0
100
AcDbPolyline
 90
2
 70
0
 43
1.9999677777777776
 10
547.1188222222221
 20
467.68878888888884
 10
547.1188222222221
 20
475.68978888888887
  0
LWPOLYLINE
  5
F8
330
17
100
AcDbEntity
  8
CENTER
370
25
420
0
100
AcDbPolyline
 90
2
 70
0
 43
1.9999677777777776
 10
559.1189111111111
 20
454.2507777777778
 10
559.1189111111111
 20
478.25095555555555
  0
LWPOLYLINE
  5
F9
330
17
100
AcDbEntity
  8
CENTER
370
25
420
0
100
AcDbPolyline
 90
2
 70
0
 43
1.9999677777777776
 10
571.119
 20
472.25091111111107
 10
571.119
 20
480.2519111111111
  0
LWPOLYLINE
  5
FA
330
17
100
AcDbEntity
  8
CENTER
370
25
420
0
100
AcDbPolyline
 90
2
 70
0
 43
1.9999677777777776
 10
583.1190888888888
 20
465.85011111111106
 10
583.1190888888888
 20
481.84928888888885
  0
LWPOLYLINE
  5
FB
330
17
100
AcDbEntity
  8
CENTER
370
25
420
0
100
AcDbPolyline
 90
2
 70
0
 43
1.9999677777777776
 10
595.1191777777777
 20
475.16908888888884
 10
595.1191777777777
 20
483.1700888888888
  0
LWPOLYLINE
  5
FC
330
17
100
AcDbEntity
  8
CENTER
370
25
420
0
100
AcDbPolyline
 90
2
 70
0
 43
1.9999677777777776
 10
607.1192666666666
 20
460.25082222222215
 10
607.1192666666666
 20
484.2509999999999
  0
LWPOLYLINE
  5
FD
330
17
100
AcDbEntity
  8
CENTER
370
25
420
0
100
AcDbPolyline
 90
2
 70
0
 43
1.9999677777777776
 10
619.1193555555554
 20
477.1700444444444
 10
619.1193555555554
 20
485.1710444444444
  0
LWPOLYLINE
  5
FE
330
17
100
AcDbEntity
  8
CENTER
370
25
420
0
100
AcDbPolyline
 90
2
 70
0
 43
1.9999677777777776
 10
631.1194444444444
 20
469.9705555555555
 10
631.1194444444444
 20
485.9725555555555
  0
LWPOLYLINE
  5
FF
330
17
100
AcDbEntity
  8
CENTER
370
25
420
0
100
AcDbPolyline
 90
2
 70
0
 43
1.9999677777777776
 10
643.1195333333333
 20
478.6531222222221
 10
643.1195333333333
 20
486.65129999999994
  0
LWPOLYLINE
  5
100
330
17
100
AcDbEntity
  8
CENTER
370
25
420
0
100
AcDbPolyline
 90
2
 70
0
 43
1.9999677777777776
 10
655.1196222222221
 20
463.2522555555555
 10
655.1196222222221
 20
487.2524333333333
  0
LWPOLYLINE
  5
101
330
17
100
AcDbEntity
  8
CENTER
370
25
420
0
100
AcDbPolyline
 90
2
 70
0
 43
1.9999677777777776
 10
667.1197111111111
 20
479.7721333333333
 10
667.1197111111111
 20
487.7731333333333
  0
LWPOLYLINE
  5
102
330
17
100
AcDbEntity
  8
CENTER
370
25
420
0
100
AcDbPolyline
 90
2
 70
0
 43
1.9999677777777776
 10
679.1197999999999
 20
472.25091111111107
 10
679.1197999999999
 20
488.252911111111
  0
LWPOLYLINE
  5
103
330
17
100
AcDbEntity
  8
CENTER
370
25
420
0
100
AcDbPolyline
 90
2
 70
0
 43
1.9999677777777776
 10
691.1198888888888
 20
480.6921777777778
 10
691.1198888888888
 20
488.6903555555555
  0
LWPOLYLINE
  5
104
330
17
100
AcDbEntity
  8
CENTER
370
25
420
0
100
AcDbPolyline
 90
2
 70
0
 43
1.9999677777777776
 10
703.1199777777778
 20
465.0514222222222
 10
703.1199777777778
 20
489.05159999999995
  0
LWPOLYLINE
  5
105
330
17
100
AcDbEntity
  8
CENTER
370
25
420
0
100
AcDbPolyline
 90
2
 70
0
 43
1.9999677777777776
 10
715.1200666666666
 20
481.4118444444444
 10
715.1200666666666
 20
489.41284444444443
  0
LWPOLYLINE
  5
106
330
17
100
AcDbEntity
  8
CENTER
370
25
420
0
100
AcDbPolyline
 90
2
 70
0
 43
1.9999677777777776
 10
727.1201555555556
 20
473.69165555555554
 10
727.1201555555556
 20
489.69083333333333
  0
LWPOLYLINE
  5
107
330
17
100
AcDbEntity
  8
CENTER
370
25
420
0
100
AcDbPolyline
 90
2
 70
0
 43
1.9999677777777776
 10
739.1202444444443
 20
481.97064444444436
 10
739.1202444444443
 20
489.9716444444444
  0
HATCH
  5
108
330
17
100
AcDbEntity
  8
CENTER
 62
7
420
0
100
AcDbHatch
 10
0.0
 20
0.0
 30
0.0
210
0.0
220
0.0
230
1.0
  2
SOLID
 70
1
 71
0
 91
1
 92
3
 72
0
 73
1
 93
53
 10
511.1185555555555
 20
468.2518222222222
 10
515.9177444444443
 20
471.5312444444444
 10
523.1186444444444
 20
475.44989999999996
 10
527.9178333333333
 20
477.56938888888885
 10
535.1187333333334
 20
480.25049999999993
 10
539.9179222222222
 20
481.7688555555555
 10
547.1188222222222
 20
483.68937777777774
 10
551.9180111111111
 20
484.8083888888888
 10
559.1189111111112
 20
486.2491333333333
 10
563.9181000000001
 20
487.0873333333333
 10
571.119
 20
488.24726666666663
 10
583.119088888889
 20
489.8488777777777
 10
595.1191777777778
 20
491.1696777777777
 10
607.1192666666668
 20
492.25058888888884
 10
619.1193555555557
 20
493.167811111111
 10
631.1194444444446
 20
493.9693222222221
 10
643.1209444444446
 20
494.6494777777777
 10
655.1210333333336
 20
495.250611111111
 10
667.1211222222224
 20
495.76848888888884
 10
679.1212111111114
 20
496.24826666666655
 10
691.1213000000002
 20
496.68994444444434
 10
703.1213888888892
 20
497.05118888888876
 10
715.1214777777781
 20
497.409611111111
 10
727.1215666666669
 20
497.69042222222214
 10
739.1216555555559
 20
497.97123333333326
 10
751.1217444444447
 20
498.24922222222216
 10
751.1217444444447
 20
499.5714333333333
 10
739.1216555555559
 20
499.3710555555555
 10
727.1215666666669
 20
499.16926666666666
 10
715.1214777777781
 20
498.92937777777774
 10
703.1213888888891
 20
498.6485666666666
 10
691.1213000000002
 20
498.3705777777777
 10
679.1212111111113
 20
498.0093333333333
 10
667.1211222222224
 20
497.6480888888889
 10
655.1210333333335
 20
497.2487444444444
 10
643.1209444444445
 20
496.7689666666667
 10
631.1194444444445
 20
496.24826666666667
 10
619.1193555555557
 20
495.64713333333333
 10
607.1192666666667
 20
494.9274666666667
 10
595.1191777777778
 20
494.04834444444447
 10
583.1190888888889
 20
493.0492777777778
 10
571.119
 20
491.80891111111106
 10
563.9181
 20
490.9297888888889
 10
559.1189111111111
 20
490.2496333333333
 10
551.918011111111
 20
489.13062222222214
 10
547.1188222222221
 20
488.2486777777777
 10
539.9179222222222
 20
486.76842222222217
 10
535.1187333333332
 20
485.5689777777777
 10
527.9178333333332
 20
483.4875888888888
 10
523.1186444444443
 20
481.84787777777774
 10
515.9177444444443
 20
478.8083444444444
 10
511.1185555555555
 20
476.24999999999994
 10
511.1185555555555
 20
468.2518222222222
 97
0
 75
1
 76
1
 98
0
  0
HATCH
  5
109
330
17
100
AcDbEntity
  8
CENTER
 62
7
420
0
100
AcDbHatch
 10
0.0
 20
0.0
 30
0.0
210
0.0
220
0.0
230
1.0
  2
SOLID
 70
1
 71
0
 91
1
 92
3
 72
0
 73
1
 93
54
 10
511.1185555555555
 20
484.2495888888888
 10
515.9177444444443
 20
486.04875555555543
 10
523.1186444444444
 20
488.2486777777777
 10
527.9178333333333
 20
489.45094444444436
 10
535.1187333333334
 20
490.9311999999999
 10
539.9179222222222
 20
491.76939999999985
 10
547.1188222222222
 20
492.81079999999986
 10
551.9180111111111
 20
493.4500333333332
 10
559.1189111111112
 20
494.248722222222
 10
563.9181000000001
 20
494.72849999999977
 10
571.119
 20
495.3705555555553
 10
583.119088888889
 20
496.2496777777775
 10
595.1191777777778
 20
496.9693444444442
 10
607.1192666666668
 20
497.57047777777746
 10
619.1193555555557
 20
498.0911777777775
 10
631.1194444444446
 20
498.5328555555553
 10
643.1209444444446
 20
498.93219999999974
 10
655.1210333333336
 20
499.2525222222219
 10
667.1211222222224
 20
499.5333333333331
 10
679.1212111111114
 20
499.81273333333303
 10
691.1213000000002
 20
500.05262222222194
 10
703.1213888888892
 20
500.2529999999997
 10
715.1214777777781
 20
500.45337777777746
 10
727.1215666666669
 20
500.612833333333
 10
739.1216555555559
 20
500.77228888888857
 10
751.1217444444447
 20
500.93315555555523
 10
751.1217444444447
 20
502.2525444444441
 10
739.1216555555559
 20
502.1721111111107
 10
727.1215666666669
 20
502.0521666666663
 10
715.1214777777781
 20
501.97173333333296
 10
703.1213888888891
 20
501.85178888888856
 10
691.1213000000002
 20
501.73184444444416
 10
679.1212111111113
 20
501.5723888888886
 10
667.1211222222224
 20
501.41293333333306
 10
655.1210333333335
 20
501.2534777777775
 10
643.1209444444445
 20
501.0530999999997
 10
631.1194444444445
 20
500.8132111111108
 10
619.1193555555557
 20
500.57049999999964
 10
607.1192666666667
 20
500.2501777777775
 10
595.1191777777778
 20
499.8917555555552
 10
583.1190888888889
 20
499.45007777777744
 10
571.119
 20
498.92796666666635
 10
563.9181
 20
498.5286222222219
 10
559.1189111111111
 20
498.250633333333
 10
551.918011111111
 20
497.7708555555552
 10
547.1188222222221
 20
497.40961111111085
 10
539.9179222222222
 20
496.7703777777775
 10
535.1187333333332
 20
496.2496777777775
 10
527.9178333333332
 20
495.3705555555553
 10
523.1186444444443
 20
494.6480666666664
 10
515.9177444444443
 20
493.33008888888855
 10
511.1185555555554
 20
492.2505888888886
 10
511.1185555555554
 20
484.2495888888888
 10
511.1185555555555
 20
484.2495888888888
 97
0
 75
1
 76
1
 98
0
  0
HATCH
  5
10A
330
17
100
AcDbEntity
  8
CENTER
 62
7
420
0
100
AcDbHatch
 10
0.0
 20
0.0
 30
0.0
210
0.0
220
0.0
230
1.0
  2
SOLID
 70
1
 71
0
 91
1
 92
3
 72
0
 73
1
 93
54
 10
511.1185555555555
 20
500.2501777777777
 10
515.9177444444443
 20
500.61142222222213
 10
523.1186444444444
 20
501.05309999999986
 10
527.9178333333333
 20
501.2929888888888
 10
535.1187333333334
 20
501.57097777777767
 10
539.9179222222222
 20
501.77276666666654
 10
547.1188222222222
 20
501.97173333333325
 10
551.9180111111111
 20
502.0930888888888
 10
559.1189111111112
 20
502.25254444444437
 10
563.9181000000001
 20
502.3329777777777
 10
571.119
 20
502.4924333333333
 10
583.119088888889
 20
502.65188888888883
 10
595.1191777777778
 20
502.8113444444444
 10
607.1192666666668
 20
502.9312888888888
 10
619.1193555555557
 20
503.01172222222215
 10
631.1194444444446
 20
503.0921555555555
 10
643.1209444444446
 20
503.17258888888887
 10
655.1210333333336
 20
503.2530222222222
 10
667.1211222222224
 20
503.2925333333333
 10
679.1212111111114
 20
503.3729666666667
 10
691.1213000000002
 20
503.41247777777784
 10
703.1213888888892
 20
503.451988888889
 10
715.1214777777781
 20
503.49150000000014
 10
727.1215666666669
 20
503.53101111111124
 10
739.1216555555559
 20
503.5705222222224
 10
751.1217444444447
 20
503.5705222222224
 10
751.1217444444447
 20
504.9308333333335
 10
739.1216555555559
 20
504.9308333333335
 10
727.1215666666669
 20
504.97034444444466
 10
715.1214777777781
 20
505.0098555555558
 10
703.1213888888891
 20
505.0493666666669
 10
691.1213000000002
 20
505.08887777777807
 10
679.1212111111113
 20
505.1283888888892
 10
667.1211222222224
 20
505.2088222222226
 10
655.1210333333335
 20
505.24833333333373
 10
643.1209444444445
 20
505.33017777777815
 10
631.1194444444445
 20
505.4106111111115
 10
619.1193555555557
 20
505.49104444444487
 10
607.1192666666667
 20
505.5714777777782
 10
595.1191777777778
 20
505.6914222222226
 10
583.1190888888889
 20
505.8508777777782
 10
571.119
 20
506.01033333333373
 10
563.9181
 20
506.1697888888893
 10
559.1189111111111
 20
506.25022222222265
 10
551.918011111111
 20
506.4096777777782
 10
547.1188222222221
 20
506.5296222222226
 10
539.9179222222222
 20
506.7695111111115
 10
535.1187333333332
 20
506.9303777777782
 10
527.9178333333332
 20
507.20977777777813
 10
523.1186444444443
 20
507.44966666666704
 10
515.9177444444443
 20
507.8899333333337
 10
511.1185555555554
 20
508.249766666667
 10
511.1185555555554
 20
500.2501777777777
 10
511.1185555555555
 20
500.2501777777777
 97
0
 75
1
 76
1
 98
0
  0
HATCH
  5
10B
330
17
100
AcDbEntity
  8
CENTER
 62
7
420
0
100
AcDbHatch
 10
0.0
 20
0.0
 30
0.0
210
0.0
220
0.0
230
1.0
  2
SOLID
 70
1
 71
0
 91
1
 92
3
 72
0
 73
1
 93
54
 10
511.1185555555555
 20
516.2507666666666
 10
515.9177444444443
 20
515.1698555555555
 10
523.1186444444444
 20
513.8490555555555
 10
527.9178333333333
 20
513.1293888888888
 10
535.1187333333334
 20
512.2488555555555
 10
539.9179222222222
 20
511.76907777777774
 10
547.1188222222222
 20
511.08892222222215
 10
551.9180111111111
 20
510.7290888888888
 10
559.1189111111112
 20
510.24931111111107
 10
563.9181000000001
 20
509.96991111111106
 10
571.119
 20
509.56915555555554
 10
583.119088888889
 20
509.0498666666667
 10
595.1191777777778
 20
508.6096
 10
607.1192666666668
 20
508.2483555555556
 10
619.1193555555557
 20
507.92803333333336
 10
631.1194444444446
 20
507.68814444444445
 10
643.1209444444446
 20
507.44825555555553
 10
655.1210333333336
 20
507.2478777777778
 10
667.1211222222224
 20
507.0884222222222
 10
679.1212111111114
 20
506.92896666666667
 10
691.1213000000002
 20
506.76810000000006
 10
703.1213888888892
 20
506.6481555555556
 10
715.1214777777781
 20
506.5282111111112
 10
727.1215666666669
 20
506.44777777777784
 10
739.1216555555559
 20
506.32783333333344
 10
751.1217444444447
 20
506.2474000000001
 10
751.1217444444447
 20
507.56820000000005
 10
739.1216555555559
 20
507.7276555555556
 10
727.1215666666669
 20
507.88711111111115
 10
715.1214777777781
 20
508.0465666666667
 10
703.1213888888891
 20
508.24694444444447
 10
691.1213000000002
 20
508.44873333333334
 10
679.1212111111113
 20
508.68862222222225
 10
667.1211222222224
 20
508.9680222222222
 10
655.1210333333335
 20
509.2474222222222
 10
643.1209444444445
 20
509.5677444444444
 10
631.1194444444445
 20
509.96849999999995
 10
619.1193555555557
 20
510.4087666666666
 10
607.1192666666667
 20
510.9280555555555
 10
595.1191777777778
 20
511.5291888888888
 10
583.1190888888889
 20
512.2488555555555
 10
571.119
 20
513.1293888888888
 10
563.9181
 20
513.7686222222221
 10
559.1189111111111
 20
514.2483999999998
 10
551.918011111111
 20
515.0484999999999
 10
547.1188222222221
 20
515.6891444444443
 10
539.9179222222222
 20
516.7686444444444
 10
535.1187333333332
 20
517.5687444444443
 10
527.9178333333332
 20
519.0489999999999
 10
523.1186444444443
 20
520.2484444444443
 10
515.9177444444443
 20
522.4497777777776
 10
511.1185555555554
 20
524.2489444444443
 10
511.1185555555554
 20
516.2507666666666
 10
511.1185555555555
 20
516.2507666666666
 97
0
 75
1
 76
1
 98
0
  0
HATCH
  5
10C
330
17
100
AcDbEntity
  8
CENTER
 62
7
420
0
100
AcDbHatch
 10
0.0
 20
0.0
 30
0.0
210
0.0
220
0.0
230
1.0
  2
SOLID
 70
1
 71
0
 91
1
 92
3
 72
0
 73
1
 93
54
 10
511.1185555555555
 20
532.2513555555555
 10
515.9177444444443
 20
529.6915999999999
 10
523.1186444444444
 20
526.6520666666665
 10
527.9178333333333
 20
525.0123555555555
 10
535.1187333333334
 20
522.9309666666666
 10
539.9179222222222
 20
521.7724444444443
 10
547.1188222222222
 20
520.2512666666665
 10
551.9180111111111
 20
519.3721444444443
 10
559.1189111111112
 20
518.2517222222222
 10
563.9181000000001
 20
517.5729777777777
 10
571.119
 20
516.6924444444444
 10
583.119088888889
 20
515.4520777777776
 10
595.1191777777778
 20
514.453011111111
 10
607.1192666666668
 20
513.5724777777776
 10
619.1193555555557
 20
512.8528111111109
 10
631.1194444444446
 20
512.2516777777777
 10
643.1209444444446
 20
511.73238888888875
 10
655.1210333333336
 20
511.252611111111
 10
667.1211222222224
 20
510.85185555555546
 10
679.1212111111114
 20
510.49202222222215
 10
691.1213000000002
 20
510.1321888888888
 10
703.1213888888892
 20
509.8527888888888
 10
715.1214777777781
 20
509.5719777777777
 10
727.1215666666669
 20
509.3320888888888
 10
739.1216555555559
 20
509.13171111111103
 10
751.1217444444447
 20
508.9313333333332
 10
751.1217444444447
 20
510.25213333333323
 10
739.1216555555559
 20
510.5315333333332
 10
727.1215666666669
 20
510.81093333333314
 10
715.1214777777781
 20
511.09033333333315
 10
703.1213888888891
 20
511.4515777777775
 10
691.1213000000002
 20
511.81141111111083
 10
679.1212111111113
 20
512.2516777777776
 10
667.1211222222224
 20
512.7314555555553
 10
655.1210333333335
 20
513.2521555555553
 10
643.1209444444445
 20
513.8518777777775
 10
631.1194444444445
 20
514.5320333333332
 10
619.1193555555557
 20
515.330722222222
 10
607.1192666666667
 20
516.2507666666664
 10
595.1191777777778
 20
517.3316777777776
 10
583.1190888888889
 20
518.6510666666665
 10
571.119
 20
520.2512666666665
 10
563.9181
 20
521.4111999999998
 10
559.1189111111111
 20
522.252222222222
 10
551.918011111111
 20
523.6929666666665
 10
547.1188222222221
 20
524.8133888888887
 10
539.9179222222222
 20
526.773422222222
 10
535.1187333333332
 20
528.2536777777776
 10
527.9178333333332
 20
530.9333777777775
 10
523.1186444444443
 20
533.0528666666664
 10
515.9177444444443
 20
536.9729333333332
 10
511.1185555555554
 20
540.2523555555554
 10
511.1185555555554
 20
532.2513555555555
 10
511.1185555555555
 20
532.2513555555555
 97
0
 75
1
 76
1
 98
0
  0
TEXT
  5
10D
330
17
100
AcDbEntity
  8
LABELS
 62
250
100
AcDbText
 10
506.77628444444434
 20
417.94458222222215
 30
0.0
 40
16.93333333333333
  1
1
 11
506.77628444444434
 21
417.94458222222215
 31
0.0
100
AcDbText
  0
TEXT
  5
10E
330
17
100
AcDbEntity
  8
LABELS
 62
250
100
AcDbText
 10
554.7760755555555
 20
436.43225444444437
 30
0.0
 40
16.93333333333333
  1
2
 11
554.7760755555555
 21
436.43225444444437
 31
0.0
100
AcDbText
  0
TEXT
  5
10F
330
17
100
AcDbEntity
  8
LABELS
 62
250
100
AcDbText
 10
602.7767133333333
 20
443.6297677777778
 30
0.0
 40
16.93333333333333
  1
3
 11
602.7767133333333
 21
443.6297677777778
 31
0.0
100
AcDbText
  0
TEXT
  5
110
330
17
100
AcDbEntity
  8
LABELS
 62
250
100
AcDbText
 10
650.7765044444444
 20
448.03807888888883
 30
0.0
 40
16.93333333333333
  1
4
 11
650.7765044444444
 21
448.03807888888883
 31
0.0
100
AcDbText
  0
TEXT
  5
111
330
17
100
AcDbEntity
  8
LABELS
 62
250
100
AcDbText
 10
698.7762955555555
 20
449.52778888888884
 30
0.0
 40
16.93333333333333
  1
5
 11
698.7762955555555
 21
449.52778888888884
 31
0.0
100
AcDbText
  0
LWPOLYLINE
  5
112
330
17
100
AcDbEntity
  8
CENTER
370
25
420
0
100
AcDbPolyline
 90
2
 70
0
 43
1.9999677777777776
 10
912.7193666666666
 20
784.2504
 10
928.7199555555555
 20
784.2504
  0
LWPOLYLINE
  5
113
330
17
100
AcDbEntity
  8
CENTER
370
25
420
0
100
AcDbPolyline
 90
2
 70
0
 43
1.9999677777777776
 10
910.439011111111
 20
768.2498111111111
 10
934.4391888888888
 20
768.2498111111111
  0
LWPOLYLINE
  5
114
330
17
100
AcDbEntity
  8
CENTER
370
25
420
0
100
AcDbPolyline
 90
2
 70
0
 43
1.9999677777777776
 10
908.8402222222221
 20
752.2506333333333
 10
924.8393999999998
 20
752.2506333333333
  0
LWPOLYLINE
  5
115
330
17
100
AcDbEntity
  8
CENTER
370
25
420
0
100
AcDbPolyline
 90
2
 70
0
 43
1.9999677777777776
 10
907.6393666666665
 20
736.2500444444443
 10
931.6395444444444
 20
736.2500444444443
  0
LWPOLYLINE
  5
116
330
17
100
AcDbEntity
  8
CENTER
370
25
420
0
100
AcDbPolyline
 90
2
 70
0
 43
1.9999677777777776
 10
906.6783999999999
 20
720.2494555555555
 10
922.678988888889
 20
720.2494555555555
  0
LWPOLYLINE
  5
117
330
17
100
AcDbEntity
  8
CENTER
370
25
420
0
100
AcDbPolyline
 90
2
 70
0
 43
1.9999677777777776
 10
905.9192222222222
 20
704.2502777777777
 10
929.9194
 20
704.2502777777777
  0
LWPOLYLINE
  5
118
330
17
100
AcDbEntity
  8
CENTER
370
25
420
0
100
AcDbPolyline
 90
2
 70
0
 43
1.9999677777777776
 10
905.3180888888887
 20
688.2496888888888
 10
921.3186777777777
 20
688.2496888888888
  0
LWPOLYLINE
  5
119
330
17
100
AcDbEntity
  8
CENTER
370
25
420
0
100
AcDbPolyline
 90
2
 70
0
 43
1.9999677777777776
 10
904.7987999999999
 20
672.2490999999999
 10
928.7989777777777
 20
672.2490999999999
  0
LWPOLYLINE
  5
11A
330
17
100
AcDbEntity
  8
CENTER
370
25
420
0
100
AcDbPolyline
 90
2
 70
0
 43
1.9999677777777776
 10
904.3599444444443
 20
656.2499222222222
 10
920.3605333333334
 20
656.2499222222222
  0
LWPOLYLINE
  5
11B
330
17
100
AcDbEntity
  8
CENTER
370
25
420
0
100
AcDbPolyline
 90
2
 70
0
 43
1.9999677777777776
 10
903.9591888888888
 20
640.2507444444444
 10
927.9593666666666
 20
640.2507444444444
  0
LWPOLYLINE
  5
11C
330
17
100
AcDbEntity
  8
CENTER
370
25
420
0
100
AcDbPolyline
 90
2
 70
0
 43
1.9999677777777776
 10
903.6388666666667
 20
624.2501555555555
 10
919.6394555555556
 20
624.2501555555555
  0
LWPOLYLINE
  5
11D
330
17
100
AcDbEntity
  8
CENTER
370
25
420
0
100
AcDbPolyline
 90
2
 70
0
 43
1.9999677777777776
 10
903.3594666666667
 20
608.2495666666666
 10
927.3596444444445
 20
608.2495666666666
  0
LWPOLYLINE
  5
11E
330
17
100
AcDbEntity
  8
CENTER
370
25
420
0
100
AcDbPolyline
 90
2
 70
0
 43
1.9999677777777776
 10
903.1195777777776
 20
592.2503888888888
 10
919.1201666666666
 20
592.2503888888888
  0
LWPOLYLINE
  5
11F
330
17
100
AcDbEntity
  8
CENTER
370
25
420
0
100
AcDbPolyline
 90
2
 70
0
 43
1.9999677777777776
 10
902.8796888888888
 20
576.2497999999999
 10
926.8798666666667
 20
576.2497999999999
  0
LWPOLYLINE
  5
120
330
17
100
AcDbEntity
  8
CENTER
370
25
420
0
100
AcDbPolyline
 90
2
 70
0
 43
1.9999677777777776
 10
902.679311111111
 20
560.2492111111111
 10
918.6784888888888
 20
560.2492111111111
  0
LWPOLYLINE
  5
121
330
17
100
AcDbEntity
  8
CENTER
370
25
420
0
100
AcDbPolyline
 90
2
 70
0
 43
1.9999677777777776
 10
902.5198555555555
 20
544.2500333333334
 10
926.5200333333333
 20
544.2500333333334
  0
HATCH
  5
122
330
17
100
AcDbEntity
  8
CENTER
 62
7
420
0
100
AcDbHatch
 10
0.0
 20
0.0
 30
0.0
210
0.0
220
0.0
230
1.0
  2
SOLID
 70
1
 71
0
 91
1
 92
3
 72
0
 73
1
 93
63
 10
877.5192
 20
784.2504
 10
878.7595666666666
 20
776.2508111111109
 10
879.7981444444445
 20
768.2498111111111
 10
880.6391666666666
 20
760.2502222222222
 10
881.3983444444444
 20
752.2506333333333
 10
882.0389888888889
 20
744.2496333333333
 10
882.638711111111
 20
736.2500444444443
 10
883.1198999999999
 20
728.2504555555554
 10
883.5601666666665
 20
720.2494555555555
 10
883.959511111111
 20
712.2498666666665
 10
884.3193444444444
 20
704.2502777777776
 10
884.6410777777776
 20
696.2492777777777
 10
884.9204777777776
 20
688.2496888888888
 10
885.1998777777776
 20
680.2500999999999
 10
885.4397666666664
 20
672.2490999999999
 10
885.6796555555552
 20
664.249511111111
 10
885.8800333333331
 20
656.248511111111
 10
886.0818222222221
 20
648.2489222222221
 10
886.2821999999999
 20
640.2493333333332
 10
886.4416555555555
 20
632.2483333333332
 10
886.6011111111111
 20
624.2487444444444
 10
886.7210555555556
 20
616.2491555555554
 10
886.8805111111112
 20
608.2481555555554
 10
887.0004555555557
 20
600.2485666666665
 10
887.1204000000002
 20
592.2489777777777
 10
887.2403444444448
 20
584.2479777777776
 10
887.3602888888893
 20
576.2483888888888
 10
887.4407222222226
 20
568.2488
 10
887.5620777777782
 20
560.2477999999999
 10
887.6425111111115
 20
552.248211111111
 10
887.7229444444449
 20
544.2486222222221
 10
888.1222888888893
 20
544.2486222222221
 10
888.041855555556
 20
552.248211111111
 10
887.9614222222226
 20
560.2477999999999
 10
887.8809888888893
 20
568.2488
 10
887.8005555555559
 20
576.2483888888888
 10
887.6806111111114
 20
584.2479777777776
 10
887.6001777777781
 20
592.2489777777777
 10
887.4788222222224
 20
600.2485666666665
 10
887.358877777778
 20
608.2481555555554
 10
887.2389333333335
 20
616.2491555555554
 10
887.118988888889
 20
624.2487444444444
 10
886.9990444444445
 20
632.2483333333332
 10
886.8395888888889
 20
640.2493333333332
 10
886.6801333333333
 20
648.2489222222221
 10
886.5206777777776
 20
656.248511111111
 10
886.3202999999997
 20
664.249511111111
 10
886.1199222222219
 20
672.2490999999999
 10
885.918133333333
 20
680.2500999999999
 10
885.6782444444441
 20
688.2496888888888
 10
885.3988444444442
 20
696.2492777777777
 10
885.1194444444442
 20
704.2502777777776
 10
884.799122222222
 20
712.2498666666665
 10
884.4378777777777
 20
720.2494555555555
 10
884.0780444444442
 20
728.2504555555554
 10
883.6377777777776
 20
736.2500444444443
 10
883.1184888888887
 20
744.2496333333333
 10
882.5582777777774
 20
752.2506333333333
 10
881.879533333333
 20
760.2502222222222
 10
881.1189444444442
 20
768.2498111111111
 10
880.2003111111109
 20
776.2508111111109
 10
879.1193999999998
 20
784.2504
 10
877.5192
 20
784.2504
 97
0
 75
1
 76
1
 98
0
  0
HATCH
  5
123
330
17
100
AcDbEntity
  8
CENTER
 62
7
420
0
100
AcDbHatch
 10
0.0
 20
0.0
 30
0.0
210
0.0
220
0.0
230
1.0
  2
SOLID
 70
1
 71
0
 91
1
 92
3
 72
0
 73
1
 93
63
 10
880.7195999999999
 20
784.2504
 10
881.6805666666666
 20
776.2508111111109
 10
882.4397444444444
 20
768.2498111111111
 10
883.1198999999999
 20
760.2502222222222
 10
883.6786999999998
 20
752.2506333333333
 10
884.1979888888887
 20
744.2496333333333
 10
884.6396666666666
 20
736.2500444444443
 10
884.9994999999999
 20
728.2504555555554
 10
885.3593333333332
 20
720.2494555555555
 10
885.6387333333332
 20
712.2498666666665
 10
885.9181333333331
 20
704.2502777777776
 10
886.1594333333333
 20
696.2492777777777
 10
886.399322222222
 20
688.2496888888888
 10
886.5996999999999
 20
680.2500999999999
 10
886.8000777777777
 20
672.2490999999999
 10
886.9595333333334
 20
664.249511111111
 10
887.118988888889
 20
656.248511111111
 10
887.2784444444446
 20
648.2489222222221
 10
887.3983888888891
 20
640.2493333333332
 10
887.5183333333337
 20
632.2483333333332
 10
887.6396888888892
 20
624.2487444444444
 10
887.7596333333337
 20
616.2491555555554
 10
887.8795777777782
 20
608.2481555555554
 10
887.9600111111116
 20
600.2485666666665
 10
888.079955555556
 20
592.2489777777777
 10
888.1603888888894
 20
584.2479777777776
 10
888.2408222222227
 20
576.2483888888888
 10
888.3212555555561
 20
568.2488
 10
888.4016888888895
 20
560.2477999999999
 10
888.4412000000007
 20
552.248211111111
 10
888.521633333334
 20
544.2486222222221
 10
888.9209777777785
 20
544.2486222222221
 10
888.8814666666673
 20
552.248211111111
 10
888.801033333334
 20
560.2477999999999
 10
888.7615222222228
 20
568.2488
 10
888.6810888888895
 20
576.2483888888888
 10
888.600655555556
 20
584.2479777777776
 10
888.5202222222227
 20
592.2489777777777
 10
888.4397888888894
 20
600.2485666666665
 10
888.359355555556
 20
608.2481555555554
 10
888.2789222222227
 20
616.2491555555554
 10
888.1984888888893
 20
624.2487444444444
 10
888.0785444444448
 20
632.2483333333332
 10
887.9586000000003
 20
640.2493333333332
 10
887.878166666667
 20
648.2489222222221
 10
887.7187111111114
 20
656.248511111111
 10
887.5987666666668
 20
664.249511111111
 10
887.4379000000001
 20
672.2490999999999
 10
887.2784444444445
 20
680.2500999999999
 10
887.1189888888889
 20
688.2496888888888
 10
886.918611111111
 20
696.2492777777777
 10
886.7182333333332
 20
704.2502777777776
 10
886.4783444444444
 20
712.2498666666665
 10
886.2384555555554
 20
720.2494555555555
 10
885.9576444444444
 20
728.2504555555554
 10
885.6373222222222
 20
736.2500444444443
 10
885.2379777777778
 20
744.2496333333333
 10
884.8386333333333
 20
752.2506333333333
 10
884.3574444444445
 20
760.2502222222222
 10
883.7986444444444
 20
768.2498111111111
 10
883.1199
 20
776.2508111111109
 10
882.3198
 20
784.2504
 10
880.7195999999999
 20
784.2504
 97
0
 75
1
 76
1
 98
0
  0
HATCH
  5
124
330
17
100
AcDbEntity
  8
CENTER
 62
7
420
0
100
AcDbHatch
 10
0.0
 20
0.0
 30
0.0
210
0.0
220
0.0
230
1.0
  2
SOLID
 70
1
 71
0
 91
1
 92
3
 72
0
 73
1
 93
63
 10
883.9185888888888
 20
784.2504
 10
884.5578222222221
 20
776.2508111111109
 10
885.1180333333333
 20
768.2498111111111
 10
885.5978111111111
 20
760.2502222222222
 10
885.9576444444444
 20
752.2506333333333
 10
886.3188888888889
 20
744.2496333333333
 10
886.6392111111111
 20
736.2500444444443
 10
886.8790999999999
 20
728.2504555555554
 10
887.1189888888887
 20
720.2494555555555
 10
887.3193666666665
 20
712.2498666666665
 10
887.5197444444444
 20
704.2502777777776
 10
887.6806111111111
 20
696.2492777777777
 10
887.8400666666668
 20
688.2496888888888
 10
887.9995222222224
 20
680.2500999999999
 10
888.1194666666669
 20
672.2490999999999
 10
888.2394111111114
 20
664.249511111111
 10
888.3593555555559
 20
656.248511111111
 10
888.4397888888892
 20
648.2489222222221
 10
888.5597333333337
 20
640.2493333333332
 10
888.640166666667
 20
632.2483333333332
 10
888.7206000000004
 20
624.2487444444444
 10
888.8010333333337
 20
616.2491555555554
 10
888.8814666666672
 20
608.2481555555554
 10
888.9209777777783
 20
600.2485666666665
 10
889.0014111111117
 20
592.2489777777777
 10
889.0832555555561
 20
584.2479777777776
 10
889.1227666666672
 20
576.2483888888888
 10
889.1622777777784
 20
568.2488
 10
889.2427111111117
 20
560.2477999999999
 10
889.2822222222228
 20
552.248211111111
 10
889.321733333334
 20
544.2486222222221
 10
889.7210777777784
 20
544.2486222222221
 10
889.6815666666673
 20
552.248211111111
 10
889.6420555555562
 20
560.2477999999999
 10
889.602544444445
 20
568.2488
 10
889.5630333333339
 20
576.2483888888888
 10
889.5235222222227
 20
584.2479777777776
 10
889.4840111111116
 20
592.2489777777777
 10
889.4445000000005
 20
600.2485666666665
 10
889.3640666666671
 20
608.2481555555554
 10
889.324555555556
 20
616.2491555555554
 10
889.2441222222226
 20
624.2487444444444
 10
889.2046111111115
 20
632.2483333333332
 10
889.1241777777782
 20
640.2493333333332
 10
889.0437444444448
 20
648.2489222222221
 10
888.9619000000004
 20
656.248511111111
 10
888.8814666666669
 20
664.249511111111
 10
888.8010333333336
 20
672.2490999999999
 10
888.6810888888891
 20
680.2500999999999
 10
888.5611444444446
 20
688.2496888888888
 10
888.4412000000001
 20
696.2492777777777
 10
888.3212555555557
 20
704.2502777777776
 10
888.1618
 20
712.2498666666665
 10
888.0023444444444
 20
720.2494555555555
 10
887.8428888888888
 20
728.2504555555554
 10
887.6425111111109
 20
736.2500444444443
 10
887.4012111111108
 20
744.2496333333333
 10
887.1218111111109
 20
752.2506333333333
 10
886.8014888888887
 20
760.2502222222222
 10
886.4416555555554
 20
768.2498111111111
 10
886.0408999999997
 20
776.2508111111109
 10
885.5216111111108
 20
784.2504
 10
883.9185888888888
 20
784.2504
 97
0
 75
1
 76
1
 98
0
  0
HATCH
  5
125
330
17
100
AcDbEntity
  8
CENTER
 62
7
420
0
100
AcDbHatch
 10
0.0
 20
0.0
 30
0.0
210
0.0
220
0.0
230
1.0
  2
SOLID
 70
1
 71
0
 91
1
 92
3
 72
0
 73
1
 93
63
 10
887.1189888888889
 20
784.2504
 10
887.4788222222222
 20
776.2508111111109
 10
887.8005555555554
 20
768.2498111111111
 10
888.0404444444442
 20
760.2502222222222
 10
888.2803333333331
 20
752.2506333333333
 10
888.4397888888888
 20
744.2496333333333
 10
888.6401666666666
 20
736.2500444444443
 10
888.7601111111111
 20
728.2504555555554
 10
888.8800555555556
 20
720.2494555555555
 10
889.0000000000001
 20
712.2498666666665
 10
889.1213555555556
 20
704.2502777777776
 10
889.201788888889
 20
696.2492777777777
 10
889.3217333333336
 20
688.2496888888888
 10
889.4021666666669
 20
680.2500999999999
 10
889.441677777778
 20
672.2490999999999
 10
889.5221111111114
 20
664.249511111111
 10
889.6025444444447
 20
656.248511111111
 10
889.6420555555559
 20
648.2489222222221
 10
889.681566666667
 20
640.2493333333332
 10
889.7620000000004
 20
632.2483333333332
 10
889.8015111111115
 20
624.2487444444444
 10
889.8410222222226
 20
616.2491555555554
 10
889.8805333333338
 20
608.2481555555554
 10
889.9200444444449
 20
600.2485666666665
 10
889.959555555556
 20
592.2489777777777
 10
889.959555555556
 20
584.2479777777776
 10
889.9990666666672
 20
576.2483888888888
 10
890.0385777777783
 20
568.2488
 10
890.0780888888895
 20
560.2477999999999
 10
890.0780888888895
 20
552.248211111111
 10
890.1176000000006
 20
544.2486222222221
 10
890.5183555555561
 20
544.2486222222221
 10
890.5183555555561
 20
552.248211111111
 10
890.4774333333339
 20
560.2477999999999
 10
890.4774333333339
 20
568.2488
 10
890.4379222222228
 20
576.2483888888888
 10
890.4379222222228
 20
584.2479777777776
 10
890.3984111111116
 20
592.2489777777777
 10
890.3984111111116
 20
600.2485666666665
 10
890.3589000000005
 20
608.2481555555554
 10
890.3589000000005
 20
616.2491555555554
 10
890.3193888888894
 20
624.2487444444444
 10
890.2798777777782
 20
632.2483333333332
 10
890.2798777777782
 20
640.2493333333332
 10
890.2403666666671
 20
648.2489222222221
 10
890.2008555555559
 20
656.248511111111
 10
890.1613444444448
 20
664.249511111111
 10
890.1218333333337
 20
672.2490999999999
 10
890.0823222222225
 20
680.2500999999999
 10
890.0428111111114
 20
688.2496888888888
 10
889.962377777778
 20
696.2492777777777
 10
889.9228666666669
 20
704.2502777777776
 10
889.8424333333336
 20
712.2498666666665
 10
889.8029222222224
 20
720.2494555555555
 10
889.7224888888891
 20
728.2504555555554
 10
889.6420555555557
 20
736.2500444444443
 10
889.5221111111111
 20
744.2496333333333
 10
889.4021666666667
 20
752.2506333333333
 10
889.2822222222222
 20
760.2502222222222
 10
889.1227666666666
 20
768.2498111111111
 10
888.9209777777777
 20
776.2508111111109
 10
888.7205999999998
 20
784.2504
 10
887.1189888888889
 20
784.2504
 97
0
 75
1
 76
1
 98
0
  0
HATCH
  5
126
330
17
100
AcDbEntity
  8
CENTER
 62
7
420
0
100
AcDbHatch
 10
0.0
 20
0.0
 30
0.0
210
0.0
220
0.0
230
1.0
  2
SOLID
 70
1
 71
0
 91
1
 92
3
 72
0
 73
1
 93
63
 10
890.3193888888887
 20
784.2504
 10
890.399822222222
 20
776.2508111111109
 10
890.4393333333333
 20
768.2498111111111
 10
890.5211777777777
 20
760.2502222222222
 10
890.5606888888888
 20
752.2506333333333
 10
890.6002
 20
744.2496333333333
 10
890.6397111111111
 20
736.2500444444443
 10
890.6397111111111
 20
728.2504555555554
 10
890.6792222222222
 20
720.2494555555555
 10
890.6792222222222
 20
712.2498666666665
 10
890.7187333333334
 20
704.2502777777776
 10
890.7187333333334
 20
696.2492777777777
 10
890.7582444444445
 20
688.2496888888888
 10
890.7582444444445
 20
680.2500999999999
 10
890.7977555555557
 20
672.2490999999999
 10
890.7977555555557
 20
664.249511111111
 10
890.7977555555557
 20
656.248511111111
 10
890.8372666666668
 20
648.2489222222221
 10
890.8372666666668
 20
640.2493333333332
 10
890.8372666666668
 20
632.2483333333332
 10
890.8372666666668
 20
624.2487444444444
 10
890.8767777777779
 20
616.2491555555554
 10
890.8767777777779
 20
608.2481555555554
 10
890.8767777777779
 20
600.2485666666665
 10
890.8767777777779
 20
592.2489777777777
 10
890.8767777777779
 20
584.2479777777776
 10
890.8767777777779
 20
576.2483888888888
 10
890.9162888888891
 20
568.2488
 10
890.9162888888891
 20
560.2477999999999
 10
890.9162888888891
 20
552.248211111111
 10
890.9162888888891
 20
544.2486222222221
 10
891.3156333333335
 20
544.2486222222221
 10
891.3156333333335
 20
552.248211111111
 10
891.3156333333335
 20
560.2477999999999
 10
891.3156333333335
 20
568.2488
 10
891.3551444444447
 20
576.2483888888888
 10
891.3551444444447
 20
584.2479777777776
 10
891.3551444444447
 20
592.2489777777777
 10
891.3551444444447
 20
600.2485666666665
 10
891.3551444444447
 20
608.2481555555554
 10
891.3551444444447
 20
616.2491555555554
 10
891.3946555555558
 20
624.2487444444444
 10
891.3946555555558
 20
632.2483333333332
 10
891.3946555555558
 20
640.2493333333332
 10
891.3946555555558
 20
648.2489222222221
 10
891.4341666666669
 20
656.248511111111
 10
891.4341666666669
 20
664.249511111111
 10
891.4341666666669
 20
672.2490999999999
 10
891.4736777777781
 20
680.2500999999999
 10
891.4736777777781
 20
688.2496888888888
 10
891.5131888888892
 20
696.2492777777777
 10
891.5131888888892
 20
704.2502777777776
 10
891.5527000000003
 20
712.2498666666665
 10
891.5527000000003
 20
720.2494555555555
 10
891.5922111111115
 20
728.2504555555554
 10
891.6317222222226
 20
736.2500444444443
 10
891.6317222222226
 20
744.2496333333333
 10
891.6712333333338
 20
752.2506333333333
 10
891.7107444444449
 20
760.2502222222222
 10
891.7911777777782
 20
768.2498111111111
 10
891.8306888888894
 20
776.2508111111109
 10
891.9111222222227
 20
784.2504
 10
890.3193888888887
 20
784.2504
 97
0
 75
1
 76
1
 98
0
  0
HATCH
  5
127
330
17
100
AcDbEntity
  8
CENTER
 62
7
420
0
100
AcDbHatch
 10
0.0
 20
0.0
 30
0.0
210
0.0
220
0.0
230
1.0
  2
SOLID
 70
1
 71
0
 91
1
 92
3
 72
0
 73
1
 93
63
 10
893.5183777777777
 20
784.2504
 10
893.3179999999999
 20
776.2508111111109
 10
893.1176222222219
 20
768.2498111111111
 10
892.9581666666663
 20
760.2502222222222
 10
892.8382222222218
 20
752.2506333333333
 10
892.7182777777774
 20
744.2496333333333
 10
892.637844444444
 20
736.2500444444443
 10
892.5178999999995
 20
728.2504555555554
 10
892.4374666666662
 20
720.2494555555555
 10
892.397955555555
 20
712.2498666666665
 10
892.3175222222217
 20
704.2502777777776
 10
892.2780111111106
 20
696.2492777777777
 10
892.1975777777772
 20
688.2496888888888
 10
892.1580666666661
 20
680.2500999999999
 10
892.1185555555548
 20
672.2490999999999
 10
892.0790444444438
 20
664.249511111111
 10
892.0395333333327
 20
656.248511111111
 10
892.0000222222214
 20
648.2489222222221
 10
891.9590999999992
 20
640.2493333333332
 10
891.9590999999992
 20
632.2483333333332
 10
891.9195888888881
 20
624.2487444444444
 10
891.8800777777769
 20
616.2491555555554
 10
891.8800777777769
 20
608.2481555555554
 10
891.8405666666658
 20
600.2485666666665
 10
891.8405666666658
 20
592.2489777777777
 10
891.8010555555547
 20
584.2479777777776
 10
891.8010555555547
 20
576.2483888888888
 10
891.7615444444435
 20
568.2488
 10
891.7615444444435
 20
560.2477999999999
 10
891.7220333333324
 20
552.248211111111
 10
891.7220333333324
 20
544.2486222222221
 10
892.122788888888
 20
544.2486222222221
 10
892.162299999999
 20
552.248211111111
 10
892.162299999999
 20
560.2477999999999
 10
892.2018111111103
 20
568.2488
 10
892.2413222222214
 20
576.2483888888888
 10
892.2808333333326
 20
584.2479777777776
 10
892.2808333333326
 20
592.2489777777777
 10
892.3203444444437
 20
600.2485666666665
 10
892.3598555555548
 20
608.2481555555554
 10
892.399366666666
 20
616.2491555555554
 10
892.4388777777771
 20
624.2487444444444
 10
892.4783888888882
 20
632.2483333333332
 10
892.5588222222216
 20
640.2493333333332
 10
892.5983333333327
 20
648.2489222222221
 10
892.6378444444439
 20
656.248511111111
 10
892.7182777777772
 20
664.249511111111
 10
892.7987111111106
 20
672.2490999999999
 10
892.8382222222217
 20
680.2500999999999
 10
892.918655555555
 20
688.2496888888888
 10
893.0385999999995
 20
696.2492777777777
 10
893.1190333333329
 20
704.2502777777776
 10
893.2389777777774
 20
712.2498666666665
 10
893.3589222222218
 20
720.2494555555555
 10
893.4802777777775
 20
728.2504555555554
 10
893.6397333333331
 20
736.2500444444443
 10
893.7991888888887
 20
744.2496333333333
 10
893.9586444444444
 20
752.2506333333333
 10
894.1985333333332
 20
760.2502222222222
 10
894.438422222222
 20
768.2498111111111
 10
894.7587444444442
 20
776.2508111111109
 10
895.1199888888887
 20
784.2504
 10
893.5183777777777
 20
784.2504
 97
0
 75
1
 76
1
 98
0
  0
HATCH
  5
128
330
17
100
AcDbEntity
  8
CENTER
 62
7
420
0
100
AcDbHatch
 10
0.0
 20
0.0
 30
0.0
210
0.0
220
0.0
230
1.0
  2
SOLID
 70
1
 71
0
 91
1
 92
3
 72
0
 73
1
 93
63
 10
896.7201888888889
 20
784.2504
 10
896.1994888888888
 20
776.2508111111109
 10
895.8001444444443
 20
768.2498111111111
 10
895.440311111111
 20
760.2502222222222
 10
895.1199888888888
 20
752.2506333333333
 10
894.8391777777778
 20
744.2496333333333
 10
894.6388
 20
736.2500444444443
 10
894.398911111111
 20
728.2504555555554
 10
894.2394555555554
 20
720.2494555555555
 10
894.0799999999998
 20
712.2498666666665
 10
893.9205444444442
 20
704.2502777777776
 10
893.8005999999997
 20
696.2492777777777
 10
893.6806555555552
 20
688.2496888888888
 10
893.5607111111107
 20
680.2500999999999
 10
893.439355555555
 20
672.2490999999999
 10
893.3589222222217
 20
664.249511111111
 10
893.2784888888884
 20
656.248511111111
 10
893.198055555555
 20
648.2489222222221
 10
893.1176222222217
 20
640.2493333333332
 10
893.0371888888883
 20
632.2483333333332
 10
892.9976777777772
 20
624.2487444444444
 10
892.9172444444438
 20
616.2491555555554
 10
892.8777333333327
 20
608.2481555555554
 10
892.7972999999993
 20
600.2485666666665
 10
892.7577888888882
 20
592.2489777777777
 10
892.7182777777771
 20
584.2479777777776
 10
892.6787666666659
 20
576.2483888888888
 10
892.6392555555548
 20
568.2488
 10
892.5997444444437
 20
560.2477999999999
 10
892.5602333333325
 20
552.248211111111
 10
892.5207222222214
 20
544.2486222222221
 10
892.9200666666658
 20
544.2486222222221
 10
892.959577777777
 20
552.248211111111
 10
892.9990888888881
 20
560.2477999999999
 10
893.0795222222215
 20
568.2488
 10
893.1190333333326
 20
576.2483888888888
 10
893.1585444444437
 20
584.2479777777776
 10
893.2389777777771
 20
592.2489777777777
 10
893.3194111111104
 20
600.2485666666665
 10
893.3589222222216
 20
608.2481555555554
 10
893.4393555555549
 20
616.2491555555554
 10
893.5197888888883
 20
624.2487444444444
 10
893.6016333333328
 20
632.2483333333332
 10
893.6820666666661
 20
640.2493333333332
 10
893.8020111111106
 20
648.2489222222221
 10
893.8824444444439
 20
656.248511111111
 10
894.0023888888884
 20
664.249511111111
 10
894.1223333333329
 20
672.2490999999999
 10
894.2422777777774
 20
680.2500999999999
 10
894.401733333333
 20
688.2496888888888
 10
894.5611888888886
 20
696.2492777777777
 10
894.7206444444444
 20
704.2502777777776
 10
894.9210222222222
 20
712.2498666666665
 10
895.1228111111111
 20
720.2494555555555
 10
895.3626999999999
 20
728.2504555555554
 10
895.6420999999999
 20
736.2500444444443
 10
895.9214999999999
 20
744.2496333333333
 10
896.2813333333332
 20
752.2506333333333
 10
896.6425777777777
 20
760.2502222222222
 10
897.1223555555555
 20
768.2498111111111
 10
897.6811555555554
 20
776.2508111111109
 10
898.3217999999997
 20
784.2504
 10
896.7201888888889
 20
784.2504
 97
0
 75
1
 76
1
 98
0
  0
HATCH
  5
129
330
17
100
AcDbEntity
  8
CENTER
 62
7
420
0
100
AcDbHatch
 10
0.0
 20
0.0
 30
0.0
210
0.0
220
0.0
230
1.0
  2
SOLID
 70
1
 71
0
 91
1
 92
3
 72
0
 73
1
 93
63
 10
899.9191777777778
 20
784.2504
 10
899.1190777777778
 20
776.2508111111109
 10
898.4403333333333
 20
768.2498111111111
 10
897.8801222222221
 20
760.2502222222222
 10
897.4003444444443
 20
752.2506333333333
 10
897.0009999999999
 20
744.2496333333333
 10
896.6411666666665
 20
736.2500444444443
 10
896.2799222222221
 20
728.2504555555554
 10
896.0005222222221
 20
720.2494555555555
 10
895.7606333333333
 20
712.2498666666665
 10
895.5207444444445
 20
704.2502777777776
 10
895.3203666666667
 20
696.2492777777777
 10
895.1199888888888
 20
688.2496888888888
 10
894.9605333333332
 20
680.2500999999999
 10
894.7996666666664
 20
672.2490999999999
 10
894.6402111111108
 20
664.249511111111
 10
894.5202666666663
 20
656.248511111111
 10
894.3608111111107
 20
648.2489222222221
 10
894.2803777777773
 20
640.2493333333332
 10
894.1604333333328
 20
632.2483333333332
 10
894.0404888888884
 20
624.2487444444444
 10
893.960055555555
 20
616.2491555555554
 10
893.8796222222217
 20
608.2481555555554
 10
893.7991888888882
 20
600.2485666666665
 10
893.7187555555549
 20
592.2489777777777
 10
893.6383222222215
 20
584.2479777777776
 10
893.5578888888882
 20
576.2483888888888
 10
893.4774555555548
 20
568.2488
 10
893.4365333333326
 20
560.2477999999999
 10
893.3560999999993
 20
552.248211111111
 10
893.3165888888881
 20
544.2486222222221
 10
893.7173444444437
 20
544.2486222222221
 10
893.797777777777
 20
552.248211111111
 10
893.8372888888881
 20
560.2477999999999
 10
893.9177222222215
 20
568.2488
 10
893.9981555555548
 20
576.2483888888888
 10
894.0785888888882
 20
584.2479777777776
 10
894.1590222222216
 20
592.2489777777777
 10
894.2789666666661
 20
600.2485666666665
 10
894.3593999999995
 20
608.2481555555554
 10
894.4793444444439
 20
616.2491555555554
 10
894.5992888888884
 20
624.2487444444444
 10
894.7192333333329
 20
632.2483333333332
 10
894.8391777777774
 20
640.2493333333332
 10
894.960533333333
 20
648.2489222222221
 10
895.1199888888887
 20
656.248511111111
 10
895.2794444444443
 20
664.249511111111
 10
895.4388999999999
 20
672.2490999999999
 10
895.6392777777778
 20
680.2500999999999
 10
895.8396555555556
 20
688.2496888888888
 10
896.0795444444444
 20
696.2492777777777
 10
896.3194333333332
 20
704.2502777777776
 10
896.6002444444443
 20
712.2498666666665
 10
896.8796444444442
 20
720.2494555555555
 10
897.2394777777777
 20
728.2504555555554
 10
897.6388222222221
 20
736.2500444444443
 10
898.0395777777776
 20
744.2496333333333
 10
898.5588666666666
 20
752.2506333333333
 10
899.1176666666665
 20
760.2502222222222
 10
899.7978222222221
 20
768.2498111111111
 10
900.5569999999998
 20
776.2508111111109
 10
901.5179666666666
 20
784.2504
 10
899.9191777777778
 20
784.2504
 97
0
 75
1
 76
1
 98
0
  0
HATCH
  5
12A
330
17
100
AcDbEntity
  8
CENTER
 62
7
420
0
100
AcDbHatch
 10
0.0
 20
0.0
 30
0.0
210
0.0
220
0.0
230
1.0
  2
SOLID
 70
1
 71
0
 91
1
 92
3
 72
0
 73
1
 93
63
 10
903.1195777777776
 20
784.2504
 10
902.0386666666666
 20
776.2508111111109
 10
901.1200333333334
 20
768.2498111111111
 10
900.3594444444444
 20
760.2502222222222
 10
899.6807
 20
752.2506333333333
 10
899.1204888888889
 20
744.2496333333333
 10
898.640711111111
 20
736.2500444444443
 10
898.1609333333332
 20
728.2504555555554
 10
897.7996888888888
 20
720.2494555555555
 10
897.4398555555555
 20
712.2498666666665
 10
897.1195333333333
 20
704.2502777777776
 10
896.8401333333333
 20
696.2492777777777
 10
896.5607333333334
 20
688.2496888888888
 10
896.3194333333332
 20
680.2500999999999
 10
896.1190555555554
 20
672.2490999999999
 10
895.9186777777776
 20
664.249511111111
 10
895.7182999999997
 20
656.248511111111
 10
895.558844444444
 20
648.2489222222221
 10
895.3993888888884
 20
640.2493333333332
 10
895.2399333333328
 20
632.2483333333332
 10
895.1199888888883
 20
624.2487444444444
 10
894.9986333333327
 20
616.2491555555554
 10
894.8786888888883
 20
608.2481555555554
 10
894.7587444444438
 20
600.2485666666665
 10
894.6387999999993
 20
592.2489777777777
 10
894.5583666666658
 20
584.2479777777776
 10
894.4384222222214
 20
576.2483888888888
 10
894.357988888888
 20
568.2488
 10
894.2775555555547
 20
560.2477999999999
 10
894.1971222222213
 20
552.248211111111
 10
894.116688888888
 20
544.2486222222221
 10
894.5160333333324
 20
544.2486222222221
 10
894.5964666666658
 20
552.248211111111
 10
894.6768999999991
 20
560.2477999999999
 10
894.7968444444436
 20
568.2488
 10
894.877277777777
 20
576.2483888888888
 10
894.9972222222215
 20
584.2479777777776
 10
895.1185777777771
 20
592.2489777777777
 10
895.2385222222216
 20
600.2485666666665
 10
895.3584666666661
 20
608.2481555555554
 10
895.5179222222217
 20
616.2491555555554
 10
895.6378666666662
 20
624.2487444444444
 10
895.7973222222219
 20
632.2483333333332
 10
895.9567777777775
 20
640.2493333333332
 10
896.1571555555553
 20
648.2489222222221
 10
896.3575333333332
 20
656.248511111111
 10
896.5593222222221
 20
664.249511111111
 10
896.7992111111109
 20
672.2490999999999
 10
897.0390999999997
 20
680.2500999999999
 10
897.3184999999997
 20
688.2496888888888
 10
897.5978999999998
 20
696.2492777777777
 10
897.9182222222219
 20
704.2502777777776
 10
898.2794666666663
 20
712.2498666666665
 10
898.6788111111108
 20
720.2494555555555
 10
899.1190777777774
 20
728.2504555555554
 10
899.6397777777775
 20
736.2500444444443
 10
900.1985777777775
 20
744.2496333333333
 10
900.8378111111107
 20
752.2506333333333
 10
901.5983999999996
 20
760.2502222222222
 10
902.4394222222218
 20
768.2498111111111
 10
903.4779999999996
 20
776.2508111111109
 10
904.7183666666663
 20
784.2504
 10
903.1195777777776
 20
784.2504
 97
0
 75
1
 76
1
 98
0
  0
TEXT
  5
12B
330
17
100
AcDbEntity
  8
LABELS
 62
250
100
AcDbText
 10
929.9939066666666
 20
539.3310411111111
 30
0.0
 40
16.93333333333333
  1
20
 11
929.9939066666666
 21
539.3310411111111
 31
0.0
100
AcDbText
  0
TEXT
  5
12C
330
17
100
AcDbEntity
  8
LABELS
 62
250
100
AcDbText
 10
929.9939066666666
 20
571.3305255555555
 30
0.0
 40
16.93333333333333
  1
18
 11
929.9939066666666
 21
571.3305255555555
 31
0.0
100
AcDbText
  0
TEXT
  5
12D
330
17
100
AcDbEntity
  8
LABELS
 62
250
100
AcDbText
 10
930.6194522222221
 20
603.3312799999999
 30
0.0
 40
16.93333333333333
  1
16
 11
930.6194522222221
 21
603.3312799999999
 31
0.0
100
AcDbText
  0
TEXT
  5
12E
330
17
100
AcDbEntity
  8
LABELS
 62
250
100
AcDbText
 10
932.463351111111
 20
635.3307644444444
 30
0.0
 40
16.93333333333333
  1
14
 11
932.463351111111
 21
635.3307644444444
 31
0.0
100
AcDbText
  0
LWPOLYLINE
  5
12F
330
17
100
AcDbEntity
  8
CENTER
370
25
420
0
100
AcDbPolyline
 90
2
 70
0
 43
1.9999677777777776
 10
1071.119411111111
 20
482.65221111111106
 10
1071.119411111111
 20
466.65162222222216
  0
LWPOLYLINE
  5
130
330
17
100
AcDbEntity
  8
CENTER
370
25
420
0
100
AcDbPolyline
 90
2
 70
0
 43
1.9999677777777776
 10
1055.117411111111
 20
484.9311555555555
 10
1055.117411111111
 20
460.93097777777774
  0
LWPOLYLINE
  5
131
330
17
100
AcDbEntity
  8
CENTER
370
25
420
0
100
AcDbPolyline
 90
2
 70
0
 43
1.9999677777777776
 10
1039.1182333333334
 20
486.53135555555554
 10
1039.1182333333334
 20
470.5321777777777
  0
LWPOLYLINE
  5
132
330
17
100
AcDbEntity
  8
CENTER
370
25
420
0
100
AcDbPolyline
 90
2
 70
0
 43
1.9999677777777776
 10
1023.1190555555554
 20
487.7308
 10
1023.1190555555554
 20
463.7306222222222
  0
LWPOLYLINE
  5
133
330
17
100
AcDbEntity
  8
CENTER
370
25
420
0
100
AcDbPolyline
 90
2
 70
0
 43
1.9999677777777776
 10
1007.1170555555556
 20
488.69176666666664
 10
1007.1170555555556
 20
472.69117777777774
  0
LWPOLYLINE
  5
134
330
17
100
AcDbEntity
  8
CENTER
370
25
420
0
100
AcDbPolyline
 90
2
 70
0
 43
1.9999677777777776
 10
991.1178777777776
 20
489.4509444444444
 10
991.1178777777776
 20
465.45076666666665
  0
LWPOLYLINE
  5
135
330
17
100
AcDbEntity
  8
CENTER
370
25
420
0
100
AcDbPolyline
 90
2
 70
0
 43
1.9999677777777776
 10
975.1186999999999
 20
490.05207777777775
 10
975.1186999999999
 20
474.05148888888885
  0
LWPOLYLINE
  5
136
330
17
100
AcDbEntity
  8
CENTER
370
25
420
0
100
AcDbPolyline
 90
2
 70
0
 43
1.9999677777777776
 10
959.1166999999998
 20
490.5713666666666
 10
959.1166999999998
 20
466.57118888888886
  0
LWPOLYLINE
  5
137
330
17
100
AcDbEntity
  8
CENTER
370
25
420
0
100
AcDbPolyline
 90
2
 70
0
 43
1.9999677777777776
 10
943.1189333333332
 20
491.0102222222221
 10
943.1189333333332
 20
475.0096333333333
  0
LWPOLYLINE
  5
138
330
17
100
AcDbEntity
  8
CENTER
370
25
420
0
100
AcDbPolyline
 90
2
 70
0
 43
1.9999677777777776
 10
927.1197555555555
 20
491.41238888888887
 10
927.1197555555555
 20
467.4122111111111
  0
LWPOLYLINE
  5
139
330
17
100
AcDbEntity
  8
CENTER
370
25
420
0
100
AcDbPolyline
 90
2
 70
0
 43
1.9999677777777776
 10
911.1177555555554
 20
491.7313
 10
911.1177555555554
 20
475.7307111111111
  0
LWPOLYLINE
  5
13A
330
17
100
AcDbEntity
  8
CENTER
370
25
420
0
100
AcDbPolyline
 90
2
 70
0
 43
1.9999677777777776
 10
895.1185777777777
 20
492.01069999999993
 10
895.1185777777777
 20
468.01052222222216
  0
LWPOLYLINE
  5
13B
330
17
100
AcDbEntity
  8
CENTER
370
25
420
0
100
AcDbPolyline
 90
2
 70
0
 43
1.9999677777777776
 10
879.1194
 20
492.25058888888884
 10
879.1194
 20
476.24999999999994
  0
LWPOLYLINE
  5
13C
330
17
100
AcDbEntity
  8
CENTER
370
25
420
0
100
AcDbPolyline
 90
2
 70
0
 43
1.9999677777777776
 10
863.1174
 20
492.49047777777776
 10
863.1174
 20
468.4903
  0
LWPOLYLINE
  5
13D
330
17
100
AcDbEntity
  8
CENTER
370
25
420
0
100
AcDbPolyline
 90
2
 70
0
 43
1.9999677777777776
 10
847.1182222222222
 20
492.6908555555555
 10
847.1182222222222
 20
476.6916777777777
  0
HATCH
  5
13E
330
17
100
AcDbEntity
  8
CENTER
 62
7
420
0
100
AcDbHatch
 10
0.0
 20
0.0
 30
0.0
210
0.0
220
0.0
230
1.0
  2
SOLID
 70
1
 71
0
 91
1
 92
3
 72
0
 73
1
 93
63
 10
1071.119411111111
 20
517.8495555555555
 10
1063.118411111111
 20
516.6091888888889
 10
1055.117411111111
 20
515.570611111111
 10
1047.1192333333333
 20
514.7295888888889
 10
1039.1182333333334
 20
513.970411111111
 10
1031.1172333333336
 20
513.3297666666666
 10
1023.1190555555557
 20
512.7300444444444
 10
1015.1180555555558
 20
512.2488555555555
 10
1007.1170555555558
 20
511.8085888888888
 10
999.118877777778
 20
511.4092444444443
 10
991.1178777777781
 20
511.049411111111
 10
983.1168777777782
 20
510.7276777777776
 10
975.1187000000003
 20
510.44827777777766
 10
967.1177000000005
 20
510.1688777777777
 10
959.1167000000005
 20
509.9289888888888
 10
951.1185222222227
 20
509.6890999999999
 10
943.1175222222228
 20
509.4887222222221
 10
935.1165222222228
 20
509.28693333333325
 10
927.118344444445
 20
509.0865555555555
 10
919.117344444445
 20
508.92709999999994
 10
911.1163444444452
 20
508.7676444444444
 10
903.1181666666674
 20
508.6477
 10
895.1171666666675
 20
508.4882444444444
 10
887.1161666666675
 20
508.3683
 10
879.1179888888897
 20
508.2483555555556
 10
871.1169888888898
 20
508.1284111111112
 10
863.1159888888898
 20
508.0084666666667
 10
855.117811111112
 20
507.92803333333336
 10
847.1168111111122
 20
507.8066777777778
 10
839.1158111111122
 20
507.72624444444443
 10
831.1176333333344
 20
507.6458111111111
 10
831.1176333333344
 20
507.2464666666666
 10
839.1158111111122
 20
507.32689999999997
 10
847.1168111111122
 20
507.4073333333333
 10
855.117811111112
 20
507.4877666666667
 10
863.1159888888898
 20
507.56820000000005
 10
871.1169888888898
 20
507.68814444444445
 10
879.1179888888897
 20
507.7685777777778
 10
887.1161666666675
 20
507.88993333333343
 10
895.1171666666675
 20
508.00987777777783
 10
903.1181666666674
 20
508.12982222222223
 10
911.1163444444452
 20
508.24976666666663
 10
919.117344444445
 20
508.3697111111111
 10
927.118344444445
 20
508.52916666666664
 10
935.1165222222228
 20
508.6886222222222
 10
943.1175222222228
 20
508.84807777777775
 10
951.1185222222227
 20
509.0484555555555
 10
959.1167000000005
 20
509.24883333333327
 10
967.1177000000005
 20
509.45062222222214
 10
975.1187000000003
 20
509.69051111111105
 10
983.1168777777782
 20
509.969911111111
 10
991.1178777777781
 20
510.24931111111096
 10
999.118877777778
 20
510.5696333333332
 10
1007.1170555555558
 20
510.9308777777776
 10
1015.1180555555558
 20
511.2907111111109
 10
1023.1190555555557
 20
511.7309777777776
 10
1031.1172333333336
 20
512.2502666666664
 10
1039.1182333333334
 20
512.8104777777776
 10
1047.1192333333333
 20
513.489222222222
 10
1055.117411111111
 20
514.2498111111108
 10
1063.118411111111
 20
515.1684444444442
 10
1071.119411111111
 20
516.2493555555553
 10
1071.119411111111
 20
517.8495555555555
 97
0
 75
1
 76
1
 98
0
  0
HATCH
  5
13F
330
17
100
AcDbEntity
  8
CENTER
 62
7
420
0
100
AcDbHatch
 10
0.0
 20
0.0
 30
0.0
210
0.0
220
0.0
230
1.0
  2
SOLID
 70
1
 71
0
 91
1
 92
3
 72
0
 73
1
 93
63
 10
1071.119411111111
 20
514.6505666666667
 10
1063.118411111111
 20
513.6896
 10
1055.117411111111
 20
512.9304222222222
 10
1047.1192333333333
 20
512.2502666666667
 10
1039.1182333333334
 20
511.6914666666666
 10
1031.1172333333336
 20
511.17217777777773
 10
1023.1190555555557
 20
510.73049999999995
 10
1015.1180555555558
 20
510.37066666666664
 10
1007.1170555555558
 20
510.0108333333333
 10
999.118877777778
 20
509.7314333333333
 10
991.1178777777781
 20
509.45203333333336
 10
983.1168777777782
 20
509.2107333333334
 10
975.1187000000003
 20
508.9708444444445
 10
967.1177000000005
 20
508.77046666666666
 10
959.1167000000005
 20
508.5700888888889
 10
951.1185222222227
 20
508.41063333333335
 10
943.1175222222228
 20
508.2511777777778
 10
935.1165222222228
 20
508.09172222222224
 10
927.118344444445
 20
507.97177777777785
 10
919.117344444445
 20
507.85183333333345
 10
911.1163444444452
 20
507.7304777777778
 10
903.1181666666674
 20
507.6105333333334
 10
895.1171666666675
 20
507.490588888889
 10
887.1161666666675
 20
507.41015555555566
 10
879.1179888888897
 20
507.29021111111126
 10
871.1169888888898
 20
507.2097777777779
 10
863.1159888888898
 20
507.12934444444454
 10
855.117811111112
 20
507.0489111111112
 10
847.1168111111122
 20
506.9684777777778
 10
839.1158111111122
 20
506.92896666666667
 10
831.1176333333344
 20
506.8485333333333
 10
831.1176333333344
 20
506.44918888888884
 10
839.1158111111122
 20
506.4887
 10
847.1168111111122
 20
506.56913333333335
 10
855.117811111112
 20
506.6086444444445
 10
863.1159888888898
 20
506.68907777777787
 10
871.1169888888898
 20
506.7695111111112
 10
879.1179888888897
 20
506.8499444444446
 10
887.1161666666675
 20
506.9303777777779
 10
895.1171666666675
 20
507.01081111111125
 10
903.1181666666674
 20
507.0912444444446
 10
911.1163444444452
 20
507.171677777778
 10
919.117344444445
 20
507.29162222222243
 10
927.118344444445
 20
507.41156666666683
 10
935.1165222222228
 20
507.4920000000002
 10
943.1175222222228
 20
507.65145555555574
 10
951.1185222222227
 20
507.77140000000014
 10
959.1167000000005
 20
507.9322666666668
 10
967.1177000000005
 20
508.09172222222236
 10
975.1187000000003
 20
508.2511777777779
 10
983.1168777777782
 20
508.4515555555557
 10
991.1178777777781
 20
508.65193333333343
 10
999.118877777778
 20
508.89182222222234
 10
1007.1170555555558
 20
509.13171111111126
 10
1015.1180555555558
 20
509.4125222222224
 10
1023.1190555555557
 20
509.7328444444446
 10
1031.1172333333336
 20
510.13218888888906
 10
1039.1182333333334
 20
510.5315333333335
 10
1047.1192333333333
 20
511.0127222222224
 10
1055.117411111111
 20
511.5715222222224
 10
1063.118411111111
 20
512.2502666666669
 10
1071.119411111111
 20
513.0503666666668
 10
1071.119411111111
 20
514.6505666666667
 97
0
 75
1
 76
1
 98
0
  0
HATCH
  5
140
330
17
100
AcDbEntity
  8
CENTER
 62
7
420
0
100
AcDbHatch
 10
0.0
 20
0.0
 30
0.0
210
0.0
220
0.0
230
1.0
  2
SOLID
 70
1
 71
0
 91
1
 92
3
 72
0
 73
1
 93
63
 10
1071.119411111111
 20
511.45016666666663
 10
1063.118411111111
 20
510.8109333333333
 10
1055.117411111111
 20
510.25072222222224
 10
1047.1192333333333
 20
509.77094444444447
 10
1039.1182333333334
 20
509.41111111111115
 10
1031.1172333333336
 20
509.04986666666673
 10
1023.1190555555557
 20
508.72954444444457
 10
1015.1180555555558
 20
508.48965555555566
 10
1007.1170555555558
 20
508.24976666666674
 10
999.118877777778
 20
508.049388888889
 10
991.1178777777781
 20
507.84901111111117
 10
983.1168777777782
 20
507.68814444444456
 10
975.1187000000003
 20
507.528688888889
 10
967.1177000000005
 20
507.36923333333345
 10
959.1167000000005
 20
507.24928888888905
 10
951.1185222222227
 20
507.1293444444446
 10
943.1175222222228
 20
507.0094000000002
 10
935.1165222222228
 20
506.92896666666684
 10
927.118344444445
 20
506.80902222222244
 10
919.117344444445
 20
506.7285888888891
 10
911.1163444444452
 20
506.6481555555557
 10
903.1181666666674
 20
506.56772222222236
 10
895.1171666666675
 20
506.487288888889
 10
887.1161666666675
 20
506.44777777777784
 10
879.1179888888897
 20
506.3673444444445
 10
871.1169888888898
 20
506.28550000000007
 10
863.1159888888898
 20
506.2459888888889
 10
855.117811111112
 20
506.20647777777776
 10
847.1168111111122
 20
506.12604444444446
 10
839.1158111111122
 20
506.0865333333333
 10
831.1176333333344
 20
506.04702222222215
 10
831.1176333333344
 20
505.6476777777777
 10
839.1158111111122
 20
505.68718888888884
 10
847.1168111111122
 20
505.7267
 10
855.117811111112
 20
505.7662111111111
 10
863.1159888888898
 20
505.80572222222224
 10
871.1169888888898
 20
505.8452333333334
 10
879.1179888888897
 20
505.88474444444455
 10
887.1161666666675
 20
505.92425555555565
 10
895.1171666666675
 20
506.004688888889
 10
903.1181666666674
 20
506.04420000000016
 10
911.1163444444452
 20
506.1246333333335
 10
919.117344444445
 20
506.1641444444447
 10
927.118344444445
 20
506.24457777777803
 10
935.1165222222228
 20
506.3250111111114
 10
943.1175222222228
 20
506.4068555555558
 10
951.1185222222227
 20
506.48728888888917
 10
959.1167000000005
 20
506.5677222222225
 10
967.1177000000005
 20
506.6876666666669
 10
975.1187000000003
 20
506.8076111111113
 10
983.1168777777782
 20
506.9275555555558
 10
991.1178777777781
 20
507.0475000000002
 10
999.118877777778
 20
507.20695555555574
 10
1007.1170555555558
 20
507.3664111111113
 10
1015.1180555555558
 20
507.52586666666684
 10
1023.1190555555557
 20
507.7262444444446
 10
1031.1172333333336
 20
507.9675444444446
 10
1039.1182333333334
 20
508.2469444444446
 10
1047.1192333333333
 20
508.56726666666674
 10
1055.117411111111
 20
508.9271000000001
 10
1063.118411111111
 20
509.32785555555563
 10
1071.119411111111
 20
509.8471444444445
 10
1071.119411111111
 20
511.45016666666663
 97
0
 75
1
 76
1
 98
0
  0
HATCH
  5
141
330
17
100
AcDbEntity
  8
CENTER
 62
7
420
0
100
AcDbHatch
 10
0.0
 20
0.0
 30
0.0
210
0.0
220
0.0
230
1.0
  2
SOLID
 70
1
 71
0
 91
1
 92
3
 72
0
 73
1
 93
63
 10
1071.119411111111
 20
508.25117777777774
 10
1063.118411111111
 20
507.8913444444444
 10
1055.117411111111
 20
507.56961111111104
 10
1047.1192333333333
 20
507.32972222222213
 10
1039.1182333333334
 20
507.0898333333332
 10
1031.1172333333336
 20
506.93037777777766
 10
1023.1190555555557
 20
506.7299999999999
 10
1015.1180555555558
 20
506.6100555555555
 10
1007.1170555555558
 20
506.49011111111105
 10
999.118877777778
 20
506.37016666666665
 10
991.1178777777781
 20
506.2488111111111
 10
983.1168777777782
 20
506.1683777777777
 10
975.1187000000003
 20
506.0484333333333
 10
967.1177000000005
 20
505.96799999999996
 10
959.1167000000005
 20
505.9284888888888
 10
951.1185222222227
 20
505.84805555555545
 10
943.1175222222228
 20
505.7676222222221
 10
935.1165222222228
 20
505.728111111111
 10
927.118344444445
 20
505.68859999999984
 10
919.117344444445
 20
505.6081666666665
 10
911.1163444444452
 20
505.5686555555553
 10
903.1181666666674
 20
505.52914444444417
 10
895.1171666666675
 20
505.4896333333331
 10
887.1161666666675
 20
505.4501222222219
 10
879.1179888888897
 20
505.41061111111077
 10
871.1169888888898
 20
505.41061111111077
 10
863.1159888888898
 20
505.3710999999996
 10
855.117811111112
 20
505.3315888888885
 10
847.1168111111122
 20
505.29207777777737
 10
839.1158111111122
 20
505.29207777777737
 10
831.1176333333344
 20
505.2525666666662
 10
831.1176333333344
 20
504.8518111111107
 10
839.1158111111122
 20
504.8518111111107
 10
847.1168111111122
 20
504.8927333333329
 10
855.117811111112
 20
504.8927333333329
 10
863.1159888888898
 20
504.93224444444405
 10
871.1169888888898
 20
504.93224444444405
 10
879.1179888888897
 20
504.97175555555515
 10
887.1161666666675
 20
504.97175555555515
 10
895.1171666666675
 20
505.0112666666663
 10
903.1181666666674
 20
505.0112666666663
 10
911.1163444444452
 20
505.05077777777745
 10
919.117344444445
 20
505.0902888888886
 10
927.118344444445
 20
505.0902888888886
 10
935.1165222222228
 20
505.1297999999997
 10
943.1175222222228
 20
505.16931111111086
 10
951.1185222222227
 20
505.208822222222
 10
959.1167000000005
 20
505.24833333333316
 10
967.1177000000005
 20
505.28784444444426
 10
975.1187000000003
 20
505.3273555555554
 10
983.1168777777782
 20
505.4077888888888
 10
991.1178777777781
 20
505.4472999999999
 10
999.118877777778
 20
505.5277333333333
 10
1007.1170555555558
 20
505.56724444444444
 10
1015.1180555555558
 20
505.64767777777774
 10
1023.1190555555557
 20
505.7281111111111
 10
1031.1172333333336
 20
505.84805555555556
 10
1039.1182333333334
 20
505.96799999999996
 10
1047.1192333333333
 20
506.08794444444436
 10
1055.117411111111
 20
506.2473999999999
 10
1063.118411111111
 20
506.4491888888888
 10
1071.119411111111
 20
506.64956666666654
 10
1071.119411111111
 20
508.25117777777774
 97
0
 75
1
 76
1
 98
0
  0
HATCH
  5
142
330
17
100
AcDbEntity
  8
CENTER
 62
7
420
0
100
AcDbHatch
 10
0.0
 20
0.0
 30
0.0
210
0.0
220
0.0
230
1.0
  2
SOLID
 70
1
 71
0
 91
1
 92
3
 72
0
 73
1
 93
63
 10
1071.119411111111
 20
505.05077777777774
 10
1063.118411111111
 20
504.97034444444444
 10
1055.117411111111
 20
504.9308333333333
 10
1047.1192333333333
 20
504.8489888888888
 10
1039.1182333333334
 20
504.8094777777777
 10
1031.1172333333336
 20
504.76996666666656
 10
1023.1190555555557
 20
504.7304555555554
 10
1015.1180555555558
 20
504.7304555555554
 10
1007.1170555555558
 20
504.69094444444426
 10
999.118877777778
 20
504.69094444444426
 10
991.1178777777781
 20
504.65143333333316
 10
983.1168777777782
 20
504.65143333333316
 10
975.1187000000003
 20
504.611922222222
 10
967.1177000000005
 20
504.611922222222
 10
959.1167000000005
 20
504.57241111111085
 10
951.1185222222227
 20
504.57241111111085
 10
943.1175222222228
 20
504.57241111111085
 10
935.1165222222228
 20
504.5328999999997
 10
927.118344444445
 20
504.5328999999997
 10
919.117344444445
 20
504.5328999999997
 10
911.1163444444452
 20
504.5328999999997
 10
903.1181666666674
 20
504.4933888888886
 10
895.1171666666675
 20
504.4933888888886
 10
887.1161666666675
 20
504.4933888888886
 10
879.1179888888897
 20
504.4933888888886
 10
871.1169888888898
 20
504.4933888888886
 10
863.1159888888898
 20
504.4933888888886
 10
855.117811111112
 20
504.45387777777745
 10
847.1168111111122
 20
504.45387777777745
 10
839.1158111111122
 20
504.45387777777745
 10
831.1176333333344
 20
504.45387777777745
 10
831.1176333333344
 20
504.054533333333
 10
839.1158111111122
 20
504.054533333333
 10
847.1168111111122
 20
504.054533333333
 10
855.117811111112
 20
504.054533333333
 10
863.1159888888898
 20
504.01502222222183
 10
871.1169888888898
 20
504.01502222222183
 10
879.1179888888897
 20
504.01502222222183
 10
887.1161666666675
 20
504.01502222222183
 10
895.1171666666675
 20
504.01502222222183
 10
903.1181666666674
 20
504.01502222222183
 10
911.1163444444452
 20
503.9755111111107
 10
919.117344444445
 20
503.9755111111107
 10
927.118344444445
 20
503.9755111111107
 10
935.1165222222228
 20
503.9755111111107
 10
943.1175222222228
 20
503.9359999999996
 10
951.1185222222227
 20
503.9359999999996
 10
959.1167000000005
 20
503.9359999999996
 10
967.1177000000005
 20
503.8964888888884
 10
975.1187000000003
 20
503.8964888888884
 10
983.1168777777782
 20
503.8569777777773
 10
991.1178777777781
 20
503.8569777777773
 10
999.118877777778
 20
503.8174666666661
 10
1007.1170555555558
 20
503.8174666666661
 10
1015.1180555555558
 20
503.777955555555
 10
1023.1190555555557
 20
503.73844444444387
 10
1031.1172333333336
 20
503.73844444444387
 10
1039.1182333333334
 20
503.6989333333327
 10
1047.1192333333333
 20
503.65942222222156
 10
1055.117411111111
 20
503.5789888888882
 10
1063.118411111111
 20
503.5394777777771
 10
1071.119411111111
 20
503.45904444444375
 10
1071.119411111111
 20
505.05077777777774
 97
0
 75
1
 76
1
 98
0
  0
HATCH
  5
143
330
17
100
AcDbEntity
  8
CENTER
 62
7
420
0
100
AcDbHatch
 10
0.0
 20
0.0
 30
0.0
210
0.0
220
0.0
230
1.0
  2
SOLID
 70
1
 71
0
 91
1
 92
3
 72
0
 73
1
 93
63
 10
1071.119411111111
 20
501.8517888888888
 10
1063.118411111111
 20
502.05216666666655
 10
1055.117411111111
 20
502.25254444444437
 10
1047.1192333333333
 20
502.4119999999999
 10
1039.1182333333334
 20
502.5319444444443
 10
1031.1172333333336
 20
502.6518888888887
 10
1023.1190555555557
 20
502.7323222222221
 10
1015.1180555555558
 20
502.8522666666665
 10
1007.1170555555558
 20
502.93269999999984
 10
999.118877777778
 20
502.972211111111
 10
991.1178777777781
 20
503.05264444444435
 10
983.1168777777782
 20
503.0921555555555
 10
975.1187000000003
 20
503.17258888888887
 10
967.1177000000005
 20
503.2121
 10
959.1167000000005
 20
503.2516111111111
 10
951.1185222222227
 20
503.29112222222227
 10
943.1175222222228
 20
503.3306333333334
 10
935.1165222222228
 20
503.3701444444446
 10
927.118344444445
 20
503.4110666666668
 10
919.117344444445
 20
503.4110666666668
 10
911.1163444444452
 20
503.4505777777779
 10
903.1181666666674
 20
503.49008888888903
 10
895.1171666666675
 20
503.49008888888903
 10
887.1161666666675
 20
503.5296000000002
 10
879.1179888888897
 20
503.5296000000002
 10
871.1169888888898
 20
503.56911111111134
 10
863.1159888888898
 20
503.56911111111134
 10
855.117811111112
 20
503.60862222222244
 10
847.1168111111122
 20
503.60862222222244
 10
839.1158111111122
 20
503.6481333333336
 10
831.1176333333344
 20
503.6481333333336
 10
831.1176333333344
 20
503.24737777777807
 10
839.1158111111122
 20
503.2078666666669
 10
847.1168111111122
 20
503.2078666666669
 10
855.117811111112
 20
503.16835555555576
 10
863.1159888888898
 20
503.12884444444467
 10
871.1169888888898
 20
503.0893333333335
 10
879.1179888888897
 20
503.0893333333335
 10
887.1161666666675
 20
503.04982222222236
 10
895.1171666666675
 20
503.0103111111112
 10
903.1181666666674
 20
502.9708000000001
 10
911.1163444444452
 20
502.93128888888896
 10
919.117344444445
 20
502.8917777777778
 10
927.118344444445
 20
502.81134444444444
 10
935.1165222222228
 20
502.7718333333333
 10
943.1175222222228
 20
502.7323222222222
 10
951.1185222222227
 20
502.65188888888883
 10
959.1167000000005
 20
502.5714555555555
 10
967.1177000000005
 20
502.5319444444443
 10
975.1187000000003
 20
502.45151111111096
 10
983.1168777777782
 20
502.33156666666656
 10
991.1178777777781
 20
502.2511333333332
 10
999.118877777778
 20
502.1311888888888
 10
1007.1170555555558
 20
502.01124444444434
 10
1015.1180555555558
 20
501.8898888888888
 10
1023.1190555555557
 20
501.7304333333332
 10
1031.1172333333336
 20
501.57097777777767
 10
1039.1182333333334
 20
501.4115222222221
 10
1047.1192333333333
 20
501.1716333333332
 10
1055.117411111111
 20
500.9317444444443
 10
1063.118411111111
 20
500.61142222222213
 10
1071.119411111111
 20
500.2501777777777
 10
1071.119411111111
 20
501.8517888888888
 97
0
 75
1
 76
1
 98
0
  0
HATCH
  5
144
330
17
100
AcDbEntity
  8
CENTER
 62
7
420
0
100
AcDbHatch
 10
0.0
 20
0.0
 30
0.0
210
0.0
220
0.0
230
1.0
  2
SOLID
 70
1
 71
0
 91
1
 92
3
 72
0
 73
1
 93
63
 10
1071.119411111111
 20
498.6499777777778
 10
1063.118411111111
 20
499.1706777777778
 10
1055.117411111111
 20
499.5700222222223
 10
1047.1192333333333
 20
499.9298555555556
 10
1039.1182333333334
 20
500.25017777777776
 10
1031.1172333333336
 20
500.53098888888894
 10
1023.1190555555557
 20
500.7313666666667
 10
1015.1180555555558
 20
500.9712555555556
 10
1007.1170555555558
 20
501.13071111111117
 10
999.118877777778
 20
501.2901666666667
 10
991.1178777777781
 20
501.4496222222223
 10
983.1168777777782
 20
501.5695666666667
 10
975.1187000000003
 20
501.6895111111111
 10
967.1177000000005
 20
501.80945555555553
 10
959.1167000000005
 20
501.9308111111111
 10
951.1185222222227
 20
502.01124444444446
 10
943.1175222222228
 20
502.0916777777778
 10
935.1165222222228
 20
502.1721111111112
 10
927.118344444445
 20
502.2525444444445
 10
919.117344444445
 20
502.33297777777784
 10
911.1163444444452
 20
502.372488888889
 10
903.1181666666674
 20
502.45292222222236
 10
895.1171666666675
 20
502.4924333333335
 10
887.1161666666675
 20
502.57286666666687
 10
879.1179888888897
 20
502.612377777778
 10
871.1169888888898
 20
502.6518888888891
 10
863.1159888888898
 20
502.69140000000027
 10
855.117811111112
 20
502.7309111111114
 10
847.1168111111122
 20
502.7704222222226
 10
839.1158111111122
 20
502.8099333333337
 10
831.1176333333344
 20
502.8494444444448
 10
831.1176333333344
 20
502.45010000000036
 10
839.1158111111122
 20
502.4105888888892
 10
847.1168111111122
 20
502.3710777777781
 10
855.117811111112
 20
502.29064444444475
 10
863.1159888888898
 20
502.2511333333336
 10
871.1169888888898
 20
502.21162222222245
 10
879.1179888888897
 20
502.1311888888891
 10
887.1161666666675
 20
502.0507555555557
 10
895.1171666666675
 20
502.01124444444457
 10
903.1181666666674
 20
501.93081111111127
 10
911.1163444444452
 20
501.8503777777779
 10
919.117344444445
 20
501.76853333333344
 10
927.118344444445
 20
501.6881000000001
 10
935.1165222222228
 20
501.5681555555557
 10
943.1175222222228
 20
501.4877222222223
 10
951.1185222222227
 20
501.3677777777779
 10
959.1167000000005
 20
501.2478333333335
 10
967.1177000000005
 20
501.12788888888906
 10
975.1187000000003
 20
500.9684333333335
 10
983.1168777777782
 20
500.80897777777795
 10
991.1178777777781
 20
500.6495222222224
 10
999.118877777778
 20
500.44914444444464
 10
1007.1170555555558
 20
500.24735555555577
 10
1015.1180555555558
 20
500.00746666666686
 10
1023.1190555555557
 20
499.7280666666669
 10
1031.1172333333336
 20
499.44866666666695
 10
1039.1182333333334
 20
499.08883333333364
 10
1047.1192333333333
 20
498.7275888888892
 10
1055.117411111111
 20
498.24781111111145
 10
1063.118411111111
 20
497.6890111111114
 10
1071.119411111111
 20
497.048366666667
 10
1071.119411111111
 20
498.6499777777778
 97
0
 75
1
 76
1
 98
0
  0
HATCH
  5
145
330
17
100
AcDbEntity
  8
CENTER
 62
7
420
0
100
AcDbHatch
 10
0.0
 20
0.0
 30
0.0
210
0.0
220
0.0
230
1.0
  2
SOLID
 70
1
 71
0
 91
1
 92
3
 72
0
 73
1
 93
64
 10
1071.119411111111
 20
495.44957777777773
 10
1063.118411111111
 20
496.2496777777777
 10
1055.117411111111
 20
496.9284222222222
 10
1047.1192333333333
 20
497.48863333333327
 10
1039.1182333333334
 20
497.96841111111104
 10
1031.1172333333336
 20
498.3677555555555
 10
1023.1190555555557
 20
498.7275888888888
 10
1015.1180555555558
 20
499.0888333333332
 10
1007.1170555555558
 20
499.3682333333332
 10
999.118877777778
 20
499.6081222222221
 10
991.1178777777781
 20
499.848011111111
 10
983.1168777777782
 20
500.0483888888888
 10
975.1187000000003
 20
500.24876666666654
 10
967.1177000000005
 20
500.4082222222221
 10
959.1167000000005
 20
500.56908888888876
 10
951.1185222222227
 20
500.7285444444443
 10
943.1175222222228
 20
500.8484888888887
 10
935.1165222222228
 20
501.00794444444426
 10
927.118344444445
 20
501.0883777777776
 10
919.117344444445
 20
501.208322222222
 10
911.1163444444452
 20
501.3282666666664
 10
903.1181666666674
 20
501.4086999999998
 10
895.1171666666675
 20
501.48913333333314
 10
887.1161666666675
 20
501.5695666666665
 10
879.1194
 20
501.65
 10
871.1184000000001
 20
501.73043333333334
 10
863.1174000000001
 20
501.81086666666664
 10
855.1192222222223
 20
501.8913
 10
847.1182222222224
 20
501.93222222222226
 10
839.1172222222224
 20
502.0126555555556
 10
831.1190444444446
 20
502.0521666666667
 10
831.1190444444446
 20
501.65
 10
839.1172222222224
 20
501.5695666666666
 10
847.1182222222224
 20
501.53005555555546
 10
855.1192222222223
 20
501.4496222222221
 10
863.1174000000001
 20
501.36918888888874
 10
871.1184000000001
 20
501.2887555555554
 10
879.1194
 20
501.208322222222
 10
887.1175777777778
 20
501.0883777777776
 10
895.1185777777777
 20
501.00794444444426
 10
903.1195777777776
 20
500.88799999999986
 10
911.1177555555554
 20
500.7680555555554
 10
919.1187555555554
 20
500.648111111111
 10
927.1197555555553
 20
500.5281666666666
 10
935.1179333333331
 20
500.40681111111104
 10
943.1189333333331
 20
500.2473555555555
 10
951.1199333333329
 20
500.08789999999993
 10
959.1181111111108
 20
499.9284444444444
 10
967.1191111111107
 20
499.72806666666656
 10
975.1201111111106
 20
499.5276888888888
 10
983.1182888888884
 20
499.2877999999999
 10
991.1192888888884
 20
499.047911111111
 10
999.1202888888884
 20
498.76709999999986
 10
1007.1184666666661
 20
498.4876999999999
 10
1015.1194666666661
 20
498.1278666666666
 10
1023.120466666666
 20
497.7285222222221
 10
1031.1186444444438
 20
497.32776666666655
 10
1039.1196444444438
 20
496.8084777777777
 10
1047.1206444444438
 20
496.24967777777766
 10
1055.1188222222215
 20
495.5695222222221
 10
1063.1198222222215
 20
494.81034444444424
 10
1071.1208222222212
 20
493.84937777777765
 10
1071.1208222222212
 20
495.44957777777773
 10
1071.119411111111
 20
495.44957777777773
 97
0
 75
1
 76
1
 98
0
  0
HATCH
  5
146
330
17
100
AcDbEntity
  8
CENTER
 62
7
420
0
100
AcDbHatch
 10
0.0
 20
0.0
 30
0.0
210
0.0
220
0.0
230
1.0
  2
SOLID
 70
1
 71
0
 91
1
 92
3
 72
0
 73
1
 93
63
 10
1071.119411111111
 20
492.25058888888884
 10
1063.118411111111
 20
493.33008888888884
 10
1055.117411111111
 20
494.24872222222217
 10
1047.1192333333333
 20
495.00931111111106
 10
1039.1182333333334
 20
495.6880555555555
 10
1031.1172333333336
 20
496.24826666666655
 10
1023.1190555555557
 20
496.7280444444443
 10
1015.1180555555558
 20
497.20782222222203
 10
1007.1170555555558
 20
497.56906666666646
 10
999.118877777778
 20
497.92889999999977
 10
991.1178777777781
 20
498.249222222222
 10
983.1168777777782
 20
498.52862222222194
 10
975.1187000000003
 20
498.80802222222195
 10
967.1177000000005
 20
499.0493222222219
 10
959.1167000000005
 20
499.2496999999997
 10
951.1185222222227
 20
499.45007777777744
 10
943.1175222222228
 20
499.65045555555525
 10
935.1165222222228
 20
499.8099111111108
 10
927.118344444445
 20
499.96936666666636
 10
919.117344444445
 20
500.1288222222219
 10
911.1163444444452
 20
500.2487666666663
 10
903.1181666666674
 20
500.3701222222219
 10
895.1171666666675
 20
500.4900666666663
 10
887.1161666666675
 20
500.61001111111074
 10
879.1179888888897
 20
500.72995555555514
 10
871.1169888888898
 20
500.8103888888885
 10
863.1159888888898
 20
500.9303333333329
 10
855.117811111112
 20
501.01076666666626
 10
847.1168111111122
 20
501.0911999999996
 10
839.1158111111122
 20
501.171633333333
 10
831.1176333333344
 20
501.25206666666634
 10
831.1176333333344
 20
500.85272222222187
 10
839.1158111111122
 20
500.7722888888885
 10
847.1168111111122
 20
500.69185555555515
 10
855.117811111112
 20
500.57191111111075
 10
863.1159888888898
 20
500.4914777777774
 10
871.1169888888898
 20
500.37153333333293
 10
879.1179888888897
 20
500.25017777777737
 10
887.1161666666675
 20
500.13023333333297
 10
895.1171666666675
 20
500.01028888888857
 10
903.1181666666674
 20
499.850833333333
 10
911.1163444444452
 20
499.73088888888856
 10
919.117344444445
 20
499.571433333333
 10
927.118344444445
 20
499.41197777777745
 10
935.1165222222228
 20
499.2115999999997
 10
943.1175222222228
 20
499.01122222222193
 10
951.1185222222227
 20
498.80943333333306
 10
959.1167000000005
 20
498.56954444444415
 10
967.1177000000005
 20
498.32965555555523
 10
975.1187000000003
 20
498.0502555555553
 10
983.1168777777782
 20
497.77085555555533
 10
991.1178777777781
 20
497.4505333333331
 10
999.118877777778
 20
497.08928888888875
 10
1007.1170555555558
 20
496.6899444444443
 10
1015.1180555555558
 20
496.24967777777755
 10
1023.1190555555557
 20
495.7289777777775
 10
1031.1172333333336
 20
495.1701777777775
 10
1039.1182333333334
 20
494.53094444444423
 10
1047.1192333333333
 20
493.77035555555534
 10
1055.117411111111
 20
492.9307444444442
 10
1063.118411111111
 20
491.8921666666664
 10
1071.119411111111
 20
490.65179999999975
 10
1071.119411111111
 20
492.25058888888884
 97
0
 75
1
 76
1
 98
0
  0
TEXT
  5
147
330
17
100
AcDbEntity
  8
LABELS
 62
250
100
AcDbText
 10
1050.7734466666666
 20
443.5291555555555
 30
0.0
 40
16.93333333333333
  1
6
 11
1050.7734466666666
 21
443.5291555555555
 31
0.0
100
AcDbText
  0
TEXT
  5
148
330
17
100
AcDbEntity
  8
LABELS
 62
250
100
AcDbText
 10
854.4305999999998
 20
453.47579555555546
 30
0.0
 40
16.93333333333333
  1
18
 11
854.4305999999998
 21
453.47579555555546
 31
0.0
100
AcDbText
  0
TEXT
  5
149
330
17
100
AcDbEntity
  8
LABELS
 62
250
100
AcDbText
 10
886.4313544444444
 20
452.70547
 30
0.0
 40
16.93333333333333
  1
16
 11
886.4313544444444
 21
452.70547
 31
0.0
100
AcDbText
  0
TEXT
  5
14A
330
17
100
AcDbEntity
  8
LABELS
 62
250
100
AcDbText
 10
918.4321088888888
 20
452.24530666666664
 30
0.0
 40
16.93333333333333
  1
14
 11
918.4321088888888
 21
452.24530666666664
 31
0.0
100
AcDbText
  0
TEXT
  5
14B
330
17
100
AcDbEntity
  8
LABELS
 62
250
100
AcDbText
 10
950.4301822222221
 20
450.47591444444436
 30
0.0
 40
16.93333333333333
  1
12
 11
950.4301822222221
 21
450.47591444444436
 31
0.0
100
AcDbText
  0
TEXT
  5
14C
330
17
100
AcDbEntity
  8
LABELS
 62
250
100
AcDbText
 10
982.4309366666666
 20
448.70779222222217
 30
0.0
 40
16.93333333333333
  1
10
 11
982.4309366666666
 21
448.70779222222217
 31
0.0
100
AcDbText
  0
TEXT
  5
14D
330
17
100
AcDbEntity
  8
LABELS
 62
250
100
AcDbText
 10
1018.7753733333333
 20
447.0155877777777
 30
0.0
 40
16.93333333333333
  1
8
 11
1018.7753733333333
 21
447.0155877777777
 31
0.0
100
AcDbText
  0
TEXT
  5
14E
330
17
100
AcDbEntity
  8
NOTES
 62
250
100
AcDbText
 10
838.5429705555554
 20
947.367309111111
 30
0.0
 40
9.6
  1
Region: CENTER   Aspect: 16:9   4X   Full PH=800 mm   Tile height=671 mm   If this tile fills the frame, multiply labeled LW/PH by 1.19
 72
1
 11
838.5429705555554
 21
947.367309111111
 31
0.0
100
AcDbText
 73
2
  0
ENDSEC
  0
SECTION
  2
OBJECTS
  0
DICTIONARY
  5
A
330
0
100
AcDbDictionary
281
1
  3
ACAD_COLOR
350
B
  3
ACAD_GROUP
350
C
  3
ACAD_LAYOUT
350
D
  3
ACAD_MATERIAL
350
E
  3
ACAD_MLEADERSTYLE
350
F
  3
ACAD_MLINESTYLE
350
10
  3
ACAD_PLOTSETTINGS
350
11
  3
ACAD_PLOTSTYLENAME
350
12
  3
ACAD_SCALELIST
350
14
  3
ACAD_TABLESTYLE
350
15
  3
ACAD_VISUALSTYLE
350
16
  3
EZDXF_META
350
2D
  0
DICTIONARY
  5
B
330
A
100
AcDbDictionary
281
1
  0
DICTIONARY
  5
C
330
A
100
AcDbDictionary
281
1
  0
DICTIONARY
  5
D
330
A
100
AcDbDictionary
281
1
  3
Model
350
1A
  3
Layout1
350
1E
  0
DICTIONARY
  5
E
330
A
100
AcDbDictionary
281
1
  3
ByBlock
350
1F
  3
ByLayer
350
20
  3
Global
350
21
  0
DICTIONARY
  5
F
330
A
100
AcDbDictionary
281
1
  3
Standard
350
2C
  0
DICTIONARY
  5
10
330
A
100
AcDbDictionary
281
1
  3
Standard
350
22
  0
DICTIONARY
  5
11
330
A
100
AcDbDictionary
281
1
  0
ACDBDICTIONARYWDFLT
  5
12
330
A
100
AcDbDictionary
281
1
  3
Normal
350
13
100
AcDbDictionaryWithDefault
340
13
  0
ACDBPLACEHOLDER
  5
13
330
12
  0
DICTIONARY
  5
14
330
A
100
AcDbDictionary
281
1
  0
DICTIONARY
  5
15
330
A
100
AcDbDictionary
281
1
  0
DICTIONARY
  5
16
330
A
100
AcDbDictionary
281
1
  3
2dWireframe
350
5A
  3
Basic
350
5B
  3
Brighten
350
5C
  3
ColorChange
350
5D
  3
Conceptual
350
5E
  3
Dim
350
5F
  3
EdgeColorOff
350
60
  3
Facepattern
350
61
  3
Flat
350
62
  3
FlatWithEdges
350
63
  3
Gouraud
350
64
  3
GouraudWithEdges
350
65
  3
Hidden
350
66
  3
JitterOff
350
67
  3
Linepattern
350
68
  3
Modeling
350
69
  3
OverhangOff
350
6A
  3
Realistic
350
6B
  3
Shaded
350
6C
  3
Shaded with edges
350
6D
  3
Shades of Gray
350
6E
  3
Sketchy
350
6F
  3
Thicken
350
70
  3
Wireframe
350
71
  3
X-Ray
350
72
  0
LAYOUT
  5
1A
330
D
100
AcDbPlotSettings
  1

  4
A3
  6

 40
7.5
 41
20.0
 42
7.5
 43
20.0
 44
420.0
 45
297.0
 46
0.0
 47
0.0
 48
0.0
 49
0.0
140
0.0
141
0.0
142
1.0
143
1.0
 70
1024
 72
1
 73
0
 74
5
  7

 75
16
 76
0
 77
2
 78
300
147
1.0
148
0.0
149
0.0
100
AcDbLayout
  1
Model
 70
1
 71
0
 10
0.0
 20
0.0
 11
420.0
 21
297.0
 12
0.0
 22
0.0
 32
0.0
 14
1e+20
 24
1e+20
 34
1e+20
 15
-1e+20
 25
-1e+20
 35
-1e+20
146
0.0
 13
0.0
 23
0.0
 33
0.0
 16
1.0
 26
0.0
 36
0.0
 17
0.0
 27
1.0
 37
0.0
 76
1
330
17
  0
LAYOUT
  5
1E
330
D
100
AcDbPlotSettings
  1

  4
A3
  6

 40
7.5
 41
20.0
 42
7.5
 43
20.0
 44
420.0
 45
297.0
 46
0.0
 47
0.0
 48
0.0
 49
0.0
140
0.0
141
0.0
142
1.0
143
1.0
 70
0
 72
1
 73
0
 74
5
  7

 75
16
 76
0
 77
2
 78
300
147
1.0
148
0.0
149
0.0
100
AcDbLayout
  1
Layout1
 70
1
 71
1
 10
0.0
 20
0.0
 11
420.0
 21
297.0
 12
0.0
 22
0.0
 32
0.0
 14
1e+20
 24
1e+20
 34
1e+20
 15
-1e+20
 25
-1e+20
 35
-1e+20
146
0.0
 13
0.0
 23
0.0
 33
0.0
 16
1.0
 26
0.0
 36
0.0
 17
0.0
 27
1.0
 37
0.0
 76
1
330
1B
  0
MATERIAL
  5
1F
102
{ACAD_REACTORS
330
E
102
}
330
E
100
AcDbMaterial
  1
ByBlock
  2

 70
0
 40
1.0
 71
1
 41
1.0
 91
-1023410177
 42
1.0
 72
1
  3

 73
1
 74
1
 75
1
 44
0.5
 73
0
 45
1.0
 46
1.0
 77
1
  4

 78
1
 79
1
170
1
 48
1.0
171
1
  6

172
1
173
1
174
1
140
1.0
141
1.0
175
1
  7

176
1
177
1
178
1
143
1.0
179
1
  8

270
1
271
1
272
1
145
1.0
146
1.0
273
1
  9

274
1
275
1
276
1
 42
1.0
 72
1
  3

 73
1
 74
1
 75
1
 94
63
  0
MATERIAL
  5
20
102
{ACAD_REACTORS
330
E
102
}
330
E
100
AcDbMaterial
  1
ByLayer
  2

 70
0
 40
1.0
 71
1
 41
1.0
 91
-1023410177
 42
1.0
 72
1
  3

 73
1
 74
1
 75
1
 44
0.5
 73
0
 45
1.0
 46
1.0
 77
1
  4

 78
1
 79
1
170
1
 48
1.0
171
1
  6

172
1
173
1
174
1
140
1.0
141
1.0
175
1
  7

176
1
177
1
178
1
143
1.0
179
1
  8

270
1
271
1
272
1
145
1.0
146
1.0
273
1
  9

274
1
275
1
276
1
 42
1.0
 72
1
  3

 73
1
 74
1
 75
1
 94
63
  0
MATERIAL
  5
21
102
{ACAD_REACTORS
330
E
102
}
330
E
100
AcDbMaterial
  1
Global
  2

 70
0
 40
1.0
 71
1
 41
1.0
 91
-1023410177
 42
1.0
 72
1
  3

 73
1
 74
1
 75
1
 44
0.5
 73
0
 45
1.0
 46
1.0
 77
1
  4

 78
1
 79
1
170
1
 48
1.0
171
1
  6

172
1
173
1
174
1
140
1.0
141
1.0
175
1
  7

176
1
177
1
178
1
143
1.0
179
1
  8

270
1
271
1
272
1
145
1.0
146
1.0
273
1
  9

274
1
275
1
276
1
 42
1.0
 72
1
  3

 73
1
 74
1
 75
1
 94
63
  0
MLINESTYLE
  5
22
102
{ACAD_REACTORS
330
10
102
}
330
10
100
AcDbMlineStyle
  2
Standard
 70
0
  3

 62
256
 51
90.0
 52
90.0
 71
2
 49
0.5
 62
256
  6
BYLAYER
 49
-0.5
 62
256
  6
BYLAYER
  0
MLEADERSTYLE
  5
2C
102
{ACAD_REACTORS
330
F
102
}
330
F
100
AcDbMLeaderStyle
179
2
170
2
171
1
172
0
 90
2
 40
0.0
 41
0.0
173
1
 91
-1056964608
 92
-2
290
1
 42
2.0
291
1
 43
8.0
  3
Standard
 44
4.0
300

342
29
174
1
175
1
176
0
178
1
 93
-1056964608
 45
4.0
292
0
297
0
 46
4.0
 94
-1056964608
 47
1.0
 49
1.0
140
1.0
294
1
141
0.0
177
0
142
1.0
295
0
296
0
143
3.75
271
0
272
9
273
9
  0
DICTIONARY
  5
2D
330
A
100
AcDbDictionary
280
1
281
1
  3
CREATED_BY_EZDXF
350
2E
  3
WRITTEN_BY_EZDXF
350
151
  0
DICTIONARYVAR
  5
2E
330
2D
100
DictionaryVariables
280
0
  1
1.4.4 @ 2026-08-24T02:36:13.262612+00:00
  0
VISUALSTYLE
  5
5A
102
{ACAD_REACTORS
330
16
102
}
330
16
100
AcDbVisualStyle
  2
2dWireframe
 70
4
177
3
291
0
 70
58
 90
2
176
1
 90
2
176
1
 90
0
176
1
 90
0
176
1
 40
0.6
176
1
 40
30.0
176
1
 62
7
420
16777215
176
1
 90
1
176
1
 90
4
176
1
 62
7
176
1
 62
257
176
1
 90
1
176
1
 90
1
176
1
 40
1.0
176
1
 90
8
176
1
 62
7
176
1
 40
1.0
176
1
 90
1
176
1
 90
6
176
1
 90
2
176
1
 62
7
176
1
 90
5
176
1
 90
0
176
1
 90
0
176
1
290
0
176
1
 90
1
176
1
 40
0.0
176
1
 90
0
176
1
290
1
176
1
290
1
176
1
290
0
176
1
290
0
176
1
290
0
176
1
290
0
176
1
290
0
176
1
290
0
176
1
290
0
176
1
 90
50
176
1
 40
0.0
176
1
 40
1.0
176
1
 90
0
176
1
 62
18
420
0
176
1
 90
50
176
1
 90
3
176
1
 62
5
420
255
176
1
290
0
176
1
 90
50
176
1
 90
50
176
1
 90
50
176
1
290
0
176
1
 90
50
176
1
 62
256
176
0
 40
1.0
176
0
 90
2
176
1
  1
strokes_ogs.tif
176
1
290
0
176
1
 40
1.0
176
1
 40
1.0
176
1
  0
VISUALSTYLE
  5
5B
102
{ACAD_REACTORS
330
16
102
}
330
16
100
AcDbVisualStyle
  2
Basic
 70
7
177
3
291
1
 70
58
 90
2
176
1
 90
2
176
1
 90
0
176
1
 90
1
176
1
 40
0.6
176
1
 40
30.0
176
1
 62
7
420
16777215
176
1
 90
1
176
1
 90
4
176
1
 62
7
176
1
 62
257
176
1
 90
1
176
1
 90
1
176
1
 40
1.0
176
1
 90
8
176
1
 62
7
176
1
 40
1.0
176
1
 90
1
176
1
 90
6
176
1
 90
2
176
1
 62
7
176
1
 90
5
176
1
 90
0
176
1
 90
0
176
1
290
0
176
1
 90
1
176
1
 40
0.0
176
1
 90
0
176
1
290
0
176
1
290
1
176
1
290
1
176
1
290
0
176
1
290
0
176
1
290
0
176
1
290
0
176
1
290
0
176
1
290
0
176
1
 90
50
176
1
 40
0.0
176
1
 40
1.0
176
1
 90
0
176
1
 62
18
420
0
176
1
 90
50
176
1
 90
3
176
1
 62
5
420
255
176
1
290
0
176
1
 90
50
176
1
 90
50
176
1
 90
50
176
1
290
0
176
1
 90
50
176
1
 62
256
176
0
 40
1.0
176
0
 90
2
176
1
  1
strokes_ogs.tif
176
1
290
0
176
1
 40
1.0
176
1
 40
1.0
176
1
  0
VISUALSTYLE
  5
5C
102
{ACAD_REACTORS
330
16
102
}
330
16
100
AcDbVisualStyle
  2
Brighten
 70
12
177
3
291
1
 70
58
 90
2
176
1
 90
2
176
1
 90
0
176
1
 90
2
176
1
 40
0.6
176
1
 40
30.0
176
1
 62
7
420
16777215
176
1
 90
1
176
1
 90
4
176
1
 62
7
176
1
 62
257
176
1
 90
1
176
1
 90
1
176
1
 40
1.0
176
1
 90
8
176
1
 62
7
176
1
 40
1.0
176
1
 90
1
176
1
 90
6
176
1
 90
2
176
1
 62
7
176
1
 90
5
176
1
 90
0
176
1
 90
0
176
1
290
0
176
1
 90
1
176
1
 40
0.0
176
1
 90
0
176
1
290
0
176
1
290
1
176
1
290
1
176
1
290
0
176
1
290
0
176
1
290
0
176
1
290
0
176
1
290
0
176
1
290
0
176
1
 90
50
176
1
 40
0.0
176
1
 40
1.0
176
1
 90
0
176
1
 62
18
420
0
176
1
 90
50
176
1
 90
3
176
1
 62
5
420
255
176
1
290
0
176
1
 90
50
176
1
 90
50
176
1
 90
50
176
1
290
0
176
1
 90
50
176
1
 62
256
176
0
 40
1.0
176
0
 90
2
176
1
  1
strokes_ogs.tif
176
1
290
0
176
1
 40
1.0
176
1
 40
1.0
176
1
  0
VISUALSTYLE
  5
5D
102
{ACAD_REACTORS
330
16
102
}
330
16
100
AcDbVisualStyle
  2
ColorChange
 70
16
177
3
291
1
 70
58
 90
2
176
1
 90
2
176
1
 90
0
176
1
 90
2
176
1
 40
0.6
176
1
 40
30.0
176
1
 62
7
420
16777215
176
1
 90
1
176
1
 90
4
176
1
 62
7
176
1
 62
257
176
1
 90
1
176
1
 90
1
176
1
 40
1.0
176
1
 90
8
176
1
 62
7
176
1
 40
1.0
176
1
 90
1
176
1
 90
6
176
1
 90
2
176
1
 62
7
176
1
 90
5
176
1
 90
0
176
1
 90
0
176
1
290
0
176
1
 90
1
176
1
 40
0.0
176
1
 90
0
176
1
290
0
176
1
290
1
176
1
290
1
176
1
290
0
176
1
290
0
176
1
290
0
176
1
290
0
176
1
290
0
176
1
290
0
176
1
 90
50
176
1
 40
0.0
176
1
 40
1.0
176
1
 90
0
176
1
 62
18
420
0
176
1
 90
50
176
1
 90
3
176
1
 62
5
420
255
176
1
290
0
176
1
 90
50
176
1
 90
50
176
1
 90
50
176
1
290
0
176
1
 90
50
176
1
 62
256
176
0
 40
1.0
176
0
 90
2
176
1
  1
strokes_ogs.tif
176
1
290
0
176
1
 40
1.0
176
1
 40
1.0
176
1
  0
VISUALSTYLE
  5
5E
102
{ACAD_REACTORS
330
16
102
}
330
16
100
AcDbVisualStyle
  2
Conceptual
 70
9
177
3
291
0
 70
58
 90
2
176
1
 90
2
176
1
 90
0
176
1
 90
3
176
1
 40
0.6
176
1
 40
30.0
176
1
 62
7
420
16777215
176
1
 90
1
176
1
 90
4
176
1
 62
7
176
1
 62
257
176
1
 90
1
176
1
 90
1
176
1
 40
1.0
176
1
 90
8
176
1
 62
7
176
1
 40
1.0
176
1
 90
1
176
1
 90
6
176
1
 90
2
176
1
 62
7
176
1
 90
5
176
1
 90
0
176
1
 90
0
176
1
290
0
176
1
 90
1
176
1
 40
0.0
176
1
 90
0
176
1
290
0
176
1
290
1
176
1
290
1
176
1
290
0
176
1
290
0
176
1
290
0
176
1
290
0
176
1
290
0
176
1
290
0
176
1
 90
50
176
1
 40
0.0
176
1
 40
1.0
176
1
 90
0
176
1
 62
18
420
0
176
1
 90
50
176
1
 90
3
176
1
 62
5
420
255
176
1
290
0
176
1
 90
50
176
1
 90
50
176
1
 90
50
176
1
290
0
176
1
 90
50
176
1
 62
256
176
0
 40
1.0
176
0
 90
2
176
1
  1
strokes_ogs.tif
176
1
290
0
176
1
 40
1.0
176
1
 40
1.0
176
1
  0
VISUALSTYLE
  5
5F
102
{ACAD_REACTORS
330
16
102
}
330
16
100
AcDbVisualStyle
  2
Dim
 70
11
177
3
291
1
 70
58
 90
2
176
1
 90
2
176
1
 90
0
176
1
 90
2
176
1
 40
0.6
176
1
 40
30.0
176
1
 62
7
420
16777215
176
1
 90
1
176
1
 90
4
176
1
 62
7
176
1
 62
257
176
1
 90
1
176
1
 90
1
176
1
 40
1.0
176
1
 90
8
176
1
 62
7
176
1
 40
1.0
176
1
 90
1
176
1
 90
6
176
1
 90
2
176
1
 62
7
176
1
 90
5
176
1
 90
0
176
1
 90
0
176
1
290
0
176
1
 90
1
176
1
 40
0.0
176
1
 90
0
176
1
290
0
176
1
290
1
176
1
290
1
176
1
290
0
176
1
290
0
176
1
290
0
176
1
290
0
176
1
290
0
176
1
290
0
176
1
 90
50
176
1
 40
0.0
176
1
 40
1.0
176
1
 90
0
176
1
 62
18
420
0
176
1
 90
50
176
1
 90
3
176
1
 62
5
420
255
176
1
290
0
176
1
 90
50
176
1
 90
50
176
1
 90
50
176
1
290
0
176
1
 90
50
176
1
 62
256
176
0
 40
1.0
176
0
 90
2
176
1
  1
strokes_ogs.tif
176
1
290
0
176
1
 40
1.0
176
1
 40
1.0
176
1
  0
VISUALSTYLE
  5
60
102
{ACAD_REACTORS
330
16
102
}
330
16
100
AcDbVisualStyle
  2
EdgeColorOff
 70
22
177
3
291
1
 70
58
 90
2
176
1
 90
2
176
1
 90
0
176
1
 90
2
176
1
 40
0.6
176
1
 40
30.0
176
1
 62
7
420
16777215
176
1
 90
1
176
1
 90
4
176
1
 62
7
176
1
 62
257
176
1
 90
1
176
1
 90
1
176
1
 40
1.0
176
1
 90
8
176
1
 62
7
176
1
 40
1.0
176
1
 90
1
176
1
 90
6
176
1
 90
2
176
1
 62
7
176
1
 90
5
176
1
 90
0
176
1
 90
0
176
1
290
0
176
1
 90
1
176
1
 40
0.0
176
1
 90
0
176
1
290
0
176
1
290
1
176
1
290
1
176
1
290
0
176
1
290
0
176
1
290
0
176
1
290
0
176
1
290
0
176
1
290
0
176
1
 90
50
176
1
 40
0.0
176
1
 40
1.0
176
1
 90
0
176
1
 62
18
420
0
176
1
 90
50
176
1
 90
3
176
1
 62
5
420
255
176
1
290
0
176
1
 90
50
176
1
 90
50
176
1
 90
50
176
1
290
0
176
1
 90
50
176
1
 62
256
176
0
 40
1.0
176
0
 90
2
176
1
  1
strokes_ogs.tif
176
1
290
0
176
1
 40
1.0
176
1
 40
1.0
176
1
  0
VISUALSTYLE
  5
61
102
{ACAD_REACTORS
330
16
102
}
330
16
100
AcDbVisualStyle
  2
Facepattern
 70
15
177
3
291
1
 70
58
 90
2
176
1
 90
2
176
1
 90
0
176
1
 90
2
176
1
 40
0.6
176
1
 40
30.0
176
1
 62
7
420
16777215
176
1
 90
1
176
1
 90
4
176
1
 62
7
176
1
 62
257
176
1
 90
1
176
1
 90
1
176
1
 40
1.0
176
1
 90
8
176
1
 62
7
176
1
 40
1.0
176
1
 90
1
176
1
 90
6
176
1
 90
2
176
1
 62
7
176
1
 90
5
176
1
 90
0
176
1
 90
0
176
1
290
0
176
1
 90
1
176
1
 40
0.0
176
1
 90
0
176
1
290
0
176
1
290
1
176
1
290
1
176
1
290
0
176
1
290
0
176
1
290
0
176
1
290
0
176
1
290
0
176
1
290
0
176
1
 90
50
176
1
 40
0.0
176
1
 40
1.0
176
1
 90
0
176
1
 62
18
420
0
176
1
 90
50
176
1
 90
3
176
1
 62
5
420
255
176
1
290
0
176
1
 90
50
176
1
 90
50
176
1
 90
50
176
1
290
0
176
1
 90
50
176
1
 62
256
176
0
 40
1.0
176
0
 90
2
176
1
  1
strokes_ogs.tif
176
1
290
0
176
1
 40
1.0
176
1
 40
1.0
176
1
  0
VISUALSTYLE
  5
62
102
{ACAD_REACTORS
330
16
102
}
330
16
100
AcDbVisualStyle
  2
Flat
 70
0
177
3
291
1
 70
58
 90
2
176
1
 90
2
176
1
 90
0
176
1
 90
2
176
1
 40
0.6
176
1
 40
30.0
176
1
 62
7
420
16777215
176
1
 90
1
176
1
 90
4
176
1
 62
7
176
1
 62
257
176
1
 90
1
176
1
 90
1
176
1
 40
1.0
176
1
 90
8
176
1
 62
7
176
1
 40
1.0
176
1
 90
1
176
1
 90
6
176
1
 90
2
176
1
 62
7
176
1
 90
5
176
1
 90
0
176
1
 90
0
176
1
290
0
176
1
 90
1
176
1
 40
0.0
176
1
 90
0
176
1
290
0
176
1
290
1
176
1
290
1
176
1
290
0
176
1
290
0
176
1
290
0
176
1
290
0
176
1
290
0
176
1
290
0
176
1
 90
50
176
1
 40
0.0
176
1
 40
1.0
176
1
 90
0
176
1
 62
18
420
0
176
1
 90
50
176
1
 90
3
176
1
 62
5
420
255
176
1
290
0
176
1
 90
50
176
1
 90
50
176
1
 90
50
176
1
290
0
176
1
 90
50
176
1
 62
256
176
0
 40
1.0
176
0
 90
2
176
1
  1
strokes_ogs.tif
176
1
290
0
176
1
 40
1.0
176
1
 40
1.0
176
1
  0
VISUALSTYLE
  5
63
102
{ACAD_REACTORS
330
16
102
}
330
16
100
AcDbVisualStyle
  2
FlatWithEdges
 70
1
177
3
291
1
 70
58
 90
2
176
1
 90
2
176
1
 90
0
176
1
 90
2
176
1
 40
0.6
176
1
 40
30.0
176
1
 62
7
420
16777215
176
1
 90
1
176
1
 90
4
176
1
 62
7
176
1
 62
257
176
1
 90
1
176
1
 90
1
176
1
 40
1.0
176
1
 90
8
176
1
 62
7
176
1
 40
1.0
176
1
 90
1
176
1
 90
6
176
1
 90
2
176
1
 62
7
176
1
 90
5
176
1
 90
0
176
1
 90
0
176
1
290
0
176
1
 90
1
176
1
 40
0.0
176
1
 90
0
176
1
290
0
176
1
290
1
176
1
290
1
176
1
290
0
176
1
290
0
176
1
290
0
176
1
290
0
176
1
290
0
176
1
290
0
176
1
 90
50
176
1
 40
0.0
176
1
 40
1.0
176
1
 90
0
176
1
 62
18
420
0
176
1
 90
50
176
1
 90
3
176
1
 62
5
420
255
176
1
290
0
176
1
 90
50
176
1
 90
50
176
1
 90
50
176
1
290
0
176
1
 90
50
176
1
 62
256
176
0
 40
1.0
176
0
 90
2
176
1
  1
strokes_ogs.tif
176
1
290
0
176
1
 40
1.0
176
1
 40
1.0
176
1
  0
VISUALSTYLE
  5
64
102
{ACAD_REACTORS
330
16
102
}
330
16
100
AcDbVisualStyle
  2
Gouraud
 70
2
177
3
291
1
 70
58
 90
2
176
1
 90
2
176
1
 90
0
176
1
 90
2
176
1
 40
0.6
176
1
 40
30.0
176
1
 62
7
420
16777215
176
1
 90
1
176
1
 90
4
176
1
 62
7
176
1
 62
257
176
1
 90
1
176
1
 90
1
176
1
 40
1.0
176
1
 90
8
176
1
 62
7
176
1
 40
1.0
176
1
 90
1
176
1
 90
6
176
1
 90
2
176
1
 62
7
176
1
 90
5
176
1
 90
0
176
1
 90
0
176
1
290
0
176
1
 90
1
176
1
 40
0.0
176
1
 90
0
176
1
290
0
176
1
290
1
176
1
290
1
176
1
290
0
176
1
290
0
176
1
290
0
176
1
290
0
176
1
290
0
176
1
290
0
176
1
 90
50
176
1
 40
0.0
176
1
 40
1.0
176
1
 90
0
176
1
 62
18
420
0
176
1
 90
50
176
1
 90
3
176
1
 62
5
420
255
176
1
290
0
176
1
 90
50
176
1
 90
50
176
1
 90
50
176
1
290
0
176
1
 90
50
176
1
 62
256
176
0
 40
1.0
176
0
 90
2
176
1
  1
strokes_ogs.tif
176
1
290
0
176
1
 40
1.0
176
1
 40
1.0
176
1
  0
VISUALSTYLE
  5
65
102
{ACAD_REACTORS
330
16
102
}
330
16
100
AcDbVisualStyle
  2
GouraudWithEdges
 70
3
177
3
291
1
 70
58
 90
2
176
1
 90
2
176
1
 90
0
176
1
 90
2
176
1
 40
0.6
176
1
 40
30.0
176
1
 62
7
420
16777215
176
1
 90
1
176
1
 90
4
176
1
 62
7
176
1
 62
257
176
1
 90
1
176
1
 90
1
176
1
 40
1.0
176
1
 90
8
176
1
 62
7
176
1
 40
1.0
176
1
 90
1
176
1
 90
6
176
1
 90
2
176
1
 62
7
176
1
 90
5
176
1
 90
0
176
1
 90
0
176
1
290
0
176
1
 90
1
176
1
 40
0.0
176
1
 90
0
176
1
290
0
176
1
290
1
176
1
290
1
176
1
290
0
176
1
290
0
176
1
290
0
176
1
290
0
176
1
290
0
176
1
290
0
176
1
 90
50
176
1
 40
0.0
176
1
 40
1.0
176
1
 90
0
176
1
 62
18
420
0
176
1
 90
50
176
1
 90
3
176
1
 62
5
420
255
176
1
290
0
176
1
 90
50
176
1
 90
50
176
1
 90
50
176
1
290
0
176
1
 90
50
176
1
 62
256
176
0
 40
1.0
176
0
 90
2
176
1
  1
strokes_ogs.tif
176
1
290
0
176
1
 40
1.0
176
1
 40
1.0
176
1
  0
VISUALSTYLE
  5
66
102
{ACAD_REACTORS
330
16
102
}
330
16
100
AcDbVisualStyle
  2
Hidden
 70
6
177
3
291
0
 70
58
 90
2
176
1
 90
2
176
1
 90
0
176
1
 90
1
176
1
 40
0.6
176
1
 40
30.0
176
1
 62
7
420
16777215
176
1
 90
1
176
1
 90
4
176
1
 62
7
176
1
 62
257
176
1
 90
1
176
1
 90
1
176
1
 40
1.0
176
1
 90
8
176
1
 62
7
176
1
 40
1.0
176
1
 90
1
176
1
 90
6
176
1
 90
2
176
1
 62
7
176
1
 90
5
176
1
 90
0
176
1
 90
0
176
1
290
0
176
1
 90
1
176
1
 40
0.0
176
1
 90
0
176
1
290
0
176
1
290
1
176
1
290
1
176
1
290
0
176
1
290
0
176
1
290
0
176
1
290
0
176
1
290
0
176
1
290
0
176
1
 90
50
176
1
 40
0.0
176
1
 40
1.0
176
1
 90
0
176
1
 62
18
420
0
176
1
 90
50
176
1
 90
3
176
1
 62
5
420
255
176
1
290
0
176
1
 90
50
176
1
 90
50
176
1
 90
50
176
1
290
0
176
1
 90
50
176
1
 62
256
176
0
 40
1.0
176
0
 90
2
176
1
  1
strokes_ogs.tif
176
1
290
0
176
1
 40
1.0
176
1
 40
1.0
176
1
  0
VISUALSTYLE
  5
67
102
{ACAD_REACTORS
330
16
102
}
330
16
100
AcDbVisualStyle
  2
JitterOff
 70
20
177
3
291
1
 70
58
 90
2
176
1
 90
2
176
1
 90
0
176
1
 90
2
176
1
 40
0.6
176
1
 40
30.0
176
1
 62
7
420
16777215
176
1
 90
1
176
1
 90
4
176
1
 62
7
176
1
 62
257
176
1
 90
1
176
1
 90
1
176
1
 40
1.0
176
1
 90
8
176
1
 62
7
176
1
 40
1.0
176
1
 90
1
176
1
 90
6
176
1
 90
2
176
1
 62
7
176
1
 90
5
176
1
 90
0
176
1
 90
0
176
1
290
0
176
1
 90
1
176
1
 40
0.0
176
1
 90
0
176
1
290
0
176
1
290
1
176
1
290
1
176
1
290
0
176
1
290
0
176
1
290
0
176
1
290
0
176
1
290
0
176
1
290
0
176
1
 90
50
176
1
 40
0.0
176
1
 40
1.0
176
1
 90
0
176
1
 62
18
420
0
176
1
 90
50
176
1
 90
3
176
1
 62
5
420
255
176
1
290
0
176
1
 90
50
176
1
 90
50
176
1
 90
50
176
1
290
0
176
1
 90
50
176
1
 62
256
176
0
 40
1.0
176
0
 90
2
176
1
  1
strokes_ogs.tif
176
1
290
0
176
1
 40
1.0
176
1
 40
1.0
176
1
  0
VISUALSTYLE
  5
68
102
{ACAD_REACTORS
330
16
102
}
330
16
100
AcDbVisualStyle
  2
Linepattern
 70
14
177
3
291
1
 70
58
 90
2
176
1
 90
2
176
1
 90
0
176
1
 90
2
176
1
 40
0.6
176
1
 40
30.0
176
1
 62
7
420
16777215
176
1
 90
1
176
1
 90
4
176
1
 62
7
176
1
 62
257
176
1
 90
1
176
1
 90
1
176
1
 40
1.0
176
1
 90
8
176
1
 62
7
176
1
 40
1.0
176
1
 90
1
176
1
 90
6
176
1
 90
2
176
1
 62
7
176
1
 90
5
176
1
 90
0
176
1
 90
0
176
1
290
0
176
1
 90
1
176
1
 40
0.0
176
1
 90
0
176
1
290
0
176
1
290
1
176
1
290
1
176
1
290
0
176
1
290
0
176
1
290
0
176
1
290
0
176
1
290
0
176
1
290
0
176
1
 90
50
176
1
 40
0.0
176
1
 40
1.0
176
1
 90
0
176
1
 62
18
420
0
176
1
 90
50
176
1
 90
3
176
1
 62
5
420
255
176
1
290
0
176
1
 90
50
176
1
 90
50
176
1
 90
50
176
1
290
0
176
1
 90
50
176
1
 62
256
176
0
 40
1.0
176
0
 90
2
176
1
  1
strokes_ogs.tif
176
1
290
0
176
1
 40
1.0
176
1
 40
1.0
176
1
  0
VISUALSTYLE
  5
69
102
{ACAD_REACTORS
330
16
102
}
330
16
100
AcDbVisualStyle
  2
Modeling
 70
10
177
3
291
0
 70
58
 90
2
176
1
 90
2
176
1
 90
0
176
1
 90
2
176
1
 40
0.6
176
1
 40
30.0
176
1
 62
7
420
16777215
176
1
 90
1
176
1
 90
4
176
1
 62
7
176
1
 62
257
176
1
 90
1
176
1
 90
1
176
1
 40
1.0
176
1
 90
8
176
1
 62
7
176
1
 40
1.0
176
1
 90
1
176
1
 90
6
176
1
 90
2
176
1
 62
7
176
1
 90
5
176
1
 90
0
176
1
 90
0
176
1
290
0
176
1
 90
1
176
1
 40
0.0
176
1
 90
0
176
1
290
0
176
1
290
1
176
1
290
1
176
1
290
0
176
1
290
0
176
1
290
0
176
1
290
0
176
1
290
0
176
1
290
0
176
1
 90
50
176
1
 40
0.0
176
1
 40
1.0
176
1
 90
0
176
1
 62
18
420
0
176
1
 90
50
176
1
 90
3
176
1
 62
5
420
255
176
1
290
0
176
1
 90
50
176
1
 90
50
176
1
 90
50
176
1
290
0
176
1
 90
50
176
1
 62
256
176
0
 40
1.0
176
0
 90
2
176
1
  1
strokes_ogs.tif
176
1
290
0
176
1
 40
1.0
176
1
 40
1.0
176
1
  0
VISUALSTYLE
  5
6A
102
{ACAD_REACTORS
330
16
102
}
330
16
100
AcDbVisualStyle
  2
OverhangOff
 70
21
177
3
291
1
 70
58
 90
2
176
1
 90
2
176
1
 90
0
176
1
 90
2
176
1
 40
0.6
176
1
 40
30.0
176
1
 62
7
420
16777215
176
1
 90
1
176
1
 90
4
176
1
 62
7
176
1
 62
257
176
1
 90
1
176
1
 90
1
176
1
 40
1.0
176
1
 90
8
176
1
 62
7
176
1
 40
1.0
176
1
 90
1
176
1
 90
6
176
1
 90
2
176
1
 62
7
176
1
 90
5
176
1
 90
0
176
1
 90
0
176
1
290
0
176
1
 90
1
176
1
 40
0.0
176
1
 90
0
176
1
290
0
176
1
290
1
176
1
290
1
176
1
290
0
176
1
290
0
176
1
290
0
176
1
290
0
176
1
290
0
176
1
290
0
176
1
 90
50
176
1
 40
0.0
176
1
 40
1.0
176
1
 90
0
176
1
 62
18
420
0
176
1
 90
50
176
1
 90
3
176
1
 62
5
420
255
176
1
290
0
176
1
 90
50
176
1
 90
50
176
1
 90
50
176
1
290
0
176
1
 90
50
176
1
 62
256
176
0
 40
1.0
176
0
 90
2
176
1
  1
strokes_ogs.tif
176
1
290
0
176
1
 40
1.0
176
1
 40
1.0
176
1
  0
VISUALSTYLE
  5
6B
102
{ACAD_REACTORS
330
16
102
}
330
16
100
AcDbVisualStyle
  2
Realistic
 70
8
177
3
291
0
 70
58
 90
2
176
1
 90
2
176
1
 90
0
176
1
 90
2
176
1
 40
0.6
176
1
 40
30.0
176
1
 62
7
420
16777215
176
1
 90
1
176
1
 90
4
176
1
 62
7
176
1
 62
257
176
1
 90
1
176
1
 90
1
176
1
 40
1.0
176
1
 90
8
176
1
 62
7
176
1
 40
1.0
176
1
 90
1
176
1
 90
6
176
1
 90
2
176
1
 62
7
176
1
 90
5
176
1
 90
0
176
1
 90
0
176
1
290
0
176
1
 90
1
176
1
 40
0.0
176
1
 90
0
176
1
290
0
176
1
290
1
176
1
290
1
176
1
290
0
176
1
290
0
176
1
290
0
176
1
290
0
176
1
290
0
176
1
290
0
176
1
 90
50
176
1
 40
0.0
176
1
 40
1.0
176
1
 90
0
176
1
 62
18
420
0
176
1
 90
50
176
1
 90
3
176
1
 62
5
420
255
176
1
290
0
176
1
 90
50
176
1
 90
50
176
1
 90
50
176
1
290
0
176
1
 90
50
176
1
 62
256
176
0
 40
1.0
176
0
 90
2
176
1
  1
strokes_ogs.tif
176
1
290
0
176
1
 40
1.0
176
1
 40
1.0
176
1
  0
VISUALSTYLE
  5
6C
102
{ACAD_REACTORS
330
16
102
}
330
16
100
AcDbVisualStyle
  2
Shaded
 70
27
177
3
291
0
 70
58
 90
2
176
1
 90
2
176
1
 90
0
176
1
 90
2
176
1
 40
0.6
176
1
 40
30.0
176
1
 62
7
420
16777215
176
1
 90
1
176
1
 90
4
176
1
 62
7
176
1
 62
257
176
1
 90
1
176
1
 90
1
176
1
 40
1.0
176
1
 90
8
176
1
 62
7
176
1
 40
1.0
176
1
 90
1
176
1
 90
6
176
1
 90
2
176
1
 62
7
176
1
 90
5
176
1
 90
0
176
1
 90
0
176
1
290
0
176
1
 90
1
176
1
 40
0.0
176
1
 90
0
176
1
290
0
176
1
290
1
176
1
290
1
176
1
290
0
176
1
290
0
176
1
290
0
176
1
290
0
176
1
290
0
176
1
290
0
176
1
 90
50
176
1
 40
0.0
176
1
 40
1.0
176
1
 90
0
176
1
 62
18
420
0
176
1
 90
50
176
1
 90
3
176
1
 62
5
420
255
176
1
290
0
176
1
 90
50
176
1
 90
50
176
1
 90
50
176
1
290
0
176
1
 90
50
176
1
 62
256
176
0
 40
1.0
176
0
 90
2
176
1
  1
strokes_ogs.tif
176
1
290
0
176
1
 40
1.0
176
1
 40
1.0
176
1
  0
VISUALSTYLE
  5
6D
102
{ACAD_REACTORS
330
16
102
}
330
16
100
AcDbVisualStyle
  2
Shaded with edges
 70
26
177
3
291
0
 70
58
 90
2
176
1
 90
2
176
1
 90
0
176
1
 90
2
176
1
 40
0.6
176
1
 40
30.0
176
1
 62
7
420
16777215
176
1
 90
1
176
1
 90
4
176
1
 62
7
176
1
 62
257
176
1
 90
1
176
1
 90
1
176
1
 40
1.0
176
1
 90
8
176
1
 62
7
176
1
 40
1.0
176
1
 90
1
176
1
 90
6
176
1
 90
2
176
1
 62
7
176
1
 90
5
176
1
 90
0
176
1
 90
0
176
1
290
0
176
1
 90
1
176
1
 40
0.0
176
1
 90
0
176
1
290
0
176
1
290
1
176
1
290
1
176
1
290
0
176
1
290
0
176
1
290
0
176
1
290
0
176
1
290
0
176
1
290
0
176
1
 90
50
176
1
 40
0.0
176
1
 40
1.0
176
1
 90
0
176
1
 62
18
420
0
176
1
 90
50
176
1
 90
3
176
1
 62
5
420
255
176
1
290
0
176
1
 90
50
176
1
 90
50
176
1
 90
50
176
1
290
0
176
1
 90
50
176
1
 62
256
176
0
 40
1.0
176
0
 90
2
176
1
  1
strokes_ogs.tif
176
1
290
0
176
1
 40
1.0
176
1
 40
1.0
176
1
  0
VISUALSTYLE
  5
6E
102
{ACAD_REACTORS
330
16
102
}
330
16
100
AcDbVisualStyle
  2
Shades of Gray
 70
23
177
3
291
0
 70
58
 90
2
176
1
 90
2
176
1
 90
0
176
1
 90
2
176
1
 40
0.6
176
1
 40
30.0
176
1
 62
7
420
16777215
176
1
 90
1
176
1
 90
4
176
1
 62
7
176
1
 62
257
176
1
 90
1
176
1
 90
1
176
1
 40
1.0
176
1
 90
8
176
1
 62
7
176
1
 40
1.0
176
1
 90
1
176
1
 90
6
176
1
 90
2
176
1
 62
7
176
1
 90
5
176
1
 90
0
176
1
 90
0
176
1
290
0
176
1
 90
1
176
1
 40
0.0
176
1
 90
0
176
1
290
0
176
1
290
1
176
1
290
1
176
1
290
0
176
1
290
0
176
1
290
0
176
1
290
0
176
1
290
0
176
1
290
0
176
1
 90
50
176
1
 40
0.0
176
1
 40
1.0
176
1
 90
0
176
1
 62
18
420
0
176
1
 90
50
176
1
 90
3
176
1
 62
5
420
255
176
1
290
0
176
1
 90
50
176
1
 90
50
176
1
 90
50
176
1
290
0
176
1
 90
50
176
1
 62
256
176
0
 40
1.0
176
0
 90
2
176
1
  1
strokes_ogs.tif
176
1
290
0
176
1
 40
1.0
176
1
 40
1.0
176
1
  0
VISUALSTYLE
  5
6F
102
{ACAD_REACTORS
330
16
102
}
330
16
100
AcDbVisualStyle
  2
Sketchy
 70
24
177
3
291
0
 70
58
 90
2
176
1
 90
2
176
1
 90
0
176
1
 90
1
176
1
 40
0.6
176
1
 40
30.0
176
1
 62
7
420
16777215
176
1
 90
1
176
1
 90
4
176
1
 62
7
176
1
 62
257
176
1
 90
1
176
1
 90
1
176
1
 40
1.0
176
1
 90
8
176
1
 62
7
176
1
 40
1.0
176
1
 90
1
176
1
 90
6
176
1
 90
2
176
1
 62
7
176
1
 90
5
176
1
 90
0
176
1
 90
0
176
1
290
0
176
1
 90
1
176
1
 40
0.0
176
1
 90
0
176
1
290
0
176
1
290
1
176
1
290
1
176
1
290
0
176
1
290
0
176
1
290
0
176
1
290
0
176
1
290
0
176
1
290
0
176
1
 90
50
176
1
 40
0.0
176
1
 40
1.0
176
1
 90
0
176
1
 62
18
420
0
176
1
 90
50
176
1
 90
3
176
1
 62
5
420
255
176
1
290
0
176
1
 90
50
176
1
 90
50
176
1
 90
50
176
1
290
0
176
1
 90
50
176
1
 62
256
176
0
 40
1.0
176
0
 90
2
176
1
  1
strokes_ogs.tif
176
1
290
0
176
1
 40
1.0
176
1
 40
1.0
176
1
  0
VISUALSTYLE
  5
70
102
{ACAD_REACTORS
330
16
102
}
330
16
100
AcDbVisualStyle
  2
Thicken
 70
13
177
3
291
1
 70
58
 90
2
176
1
 90
2
176
1
 90
0
176
1
 90
2
176
1
 40
0.6
176
1
 40
30.0
176
1
 62
7
420
16777215
176
1
 90
1
176
1
 90
4
176
1
 62
7
176
1
 62
257
176
1
 90
1
176
1
 90
1
176
1
 40
1.0
176
1
 90
8
176
1
 62
7
176
1
 40
1.0
176
1
 90
1
176
1
 90
6
176
1
 90
2
176
1
 62
7
176
1
 90
5
176
1
 90
0
176
1
 90
0
176
1
290
0
176
1
 90
1
176
1
 40
0.0
176
1
 90
0
176
1
290
0
176
1
290
1
176
1
290
1
176
1
290
0
176
1
290
0
176
1
290
0
176
1
290
0
176
1
290
0
176
1
290
0
176
1
 90
50
176
1
 40
0.0
176
1
 40
1.0
176
1
 90
0
176
1
 62
18
420
0
176
1
 90
50
176
1
 90
3
176
1
 62
5
420
255
176
1
290
0
176
1
 90
50
176
1
 90
50
176
1
 90
50
176
1
290
0
176
1
 90
50
176
1
 62
256
176
0
 40
1.0
176
0
 90
2
176
1
  1
strokes_ogs.tif
176
1
290
0
176
1
 40
1.0
176
1
 40
1.0
176
1
  0
VISUALSTYLE
  5
71
102
{ACAD_REACTORS
330
16
102
}
330
16
100
AcDbVisualStyle
  2
Wireframe
 70
5
177
3
291
0
 70
58
 90
2
176
1
 90
2
176
1
 90
0
176
1
 90
0
176
1
 40
0.6
176
1
 40
30.0
176
1
 62
7
420
16777215
176
1
 90
1
176
1
 90
4
176
1
 62
7
176
1
 62
257
176
1
 90
1
176
1
 90
1
176
1
 40
1.0
176
1
 90
8
176
1
 62
7
176
1
 40
1.0
176
1
 90
1
176
1
 90
6
176
1
 90
2
176
1
 62
7
176
1
 90
5
176
1
 90
0
176
1
 90
0
176
1
290
0
176
1
 90
1
176
1
 40
0.0
176
1
 90
0
176
1
290
0
176
1
290
1
176
1
290
1
176
1
290
0
176
1
290
0
176
1
290
0
176
1
290
0
176
1
290
0
176
1
290
0
176
1
 90
50
176
1
 40
0.0
176
1
 40
1.0
176
1
 90
0
176
1
 62
18
420
0
176
1
 90
50
176
1
 90
3
176
1
 62
5
420
255
176
1
290
0
176
1
 90
50
176
1
 90
50
176
1
 90
50
176
1
290
0
176
1
 90
50
176
1
 62
256
176
0
 40
1.0
176
0
 90
2
176
1
  1
strokes_ogs.tif
176
1
290
0
176
1
 40
1.0
176
1
 40
1.0
176
1
  0
VISUALSTYLE
  5
72
102
{ACAD_REACTORS
330
16
102
}
330
16
100
AcDbVisualStyle
  2
X-Ray
 70
25
177
3
291
0
 70
58
 90
2
176
1
 90
2
176
1
 90
0
176
1
 90
2
176
1
 40
0.5
176
1
 40
30.0
176
1
 62
7
420
16777215
176
1
 90
1
176
1
 90
4
176
1
 62
7
176
1
 62
257
176
1
 90
1
176
1
 90
1
176
1
 40
1.0
176
1
 90
8
176
1
 62
7
176
1
 40
1.0
176
1
 90
1
176
1
 90
6
176
1
 90
2
176
1
 62
7
176
1
 90
5
176
1
 90
0
176
1
 90
0
176
1
290
0
176
1
 90
1
176
1
 40
0.0
176
1
 90
0
176
1
290
0
176
1
290
1
176
1
290
1
176
1
290
0
176
1
290
0
176
1
290
0
176
1
290
0
176
1
290
0
176
1
290
0
176
1
 90
50
176
1
 40
0.0
176
1
 40
1.0
176
1
 90
0
176
1
 62
18
420
0
176
1
 90
50
176
1
 90
3
176
1
 62
5
420
255
176
1
290
0
176
1
 90
50
176
1
 90
50
176
1
 90
50
176
1
290
0
176
1
 90
50
176
1
 62
256
176
0
 40
1.0
176
0
 90
2
176
1
  1
strokes_ogs.tif
176
1
290
0
176
1
 40
1.0
176
1
 40
1.0
176
1
  0
DICTIONARYVAR
  5
151
330
2D
100
DictionaryVariables
280
0
  1
1.4.4 @ 2026-08-24T02:36:13.271997+00:00
  0
ENDSEC
  0
EOF
