  0
SECTION
  2
HEADER
  9
$ACADVER
  1
AC1027
  9
$ACADMAINTVER
 70
105
  9
$DWGCODEPAGE
  3
ANSI_1252
  9
$LASTSAVEDBY
  1
ezdxf
  9
$REQUIREDVERSIONS
160
0
  9
$INSBASE
 10
0.0
 20
0.0
 30
0.0
  9
$EXTMIN
 10
1e+20
 20
1e+20
 30
1e+20
  9
$EXTMAX
 10
-1e+20
 20
-1e+20
 30
-1e+20
  9
$LIMMIN
 10
0.0
 20
0.0
  9
$LIMMAX
 10
420.0
 20
297.0
  9
$ORTHOMODE
 70
0
  9
$REGENMODE
 70
1
  9
$FILLMODE
 70
1
  9
$QTEXTMODE
 70
0
  9
$MIRRTEXT
 70
1
  9
$LTSCALE
 40
1.0
  9
$ATTMODE
 70
1
  9
$TEXTSIZE
 40
2.5
  9
$TRACEWID
 40
1.0
  9
$TEXTSTYLE
  7
OpenSans
  9
$CLAYER
  8
0
  9
$CELTYPE
  6
ByLayer
  9
$CECOLOR
 62
256
  9
$CELTSCALE
 40
1.0
  9
$DISPSILH
 70
0
  9
$DIMSCALE
 40
1.0
  9
$DIMASZ
 40
0.175
  9
$DIMEXO
 40
0.125
  9
$DIMDLI
 40
3.75
  9
$DIMRND
 40
0.0
  9
$DIMDLE
 40
0.0
  9
$DIMEXE
 40
0.375
  9
$DIMTP
 40
0.0
  9
$DIMTM
 40
0.0
  9
$DIMTXT
 40
0.25
  9
$DIMCEN
 40
2.5
  9
$DIMTSZ
 40
0.0
  9
$DIMTOL
 70
0
  9
$DIMLIM
 70
0
  9
$DIMTIH
 70
0
  9
$DIMTOH
 70
0
  9
$DIMSE1
 70
0
  9
$DIMSE2
 70
0
  9
$DIMTAD
 70
1
  9
$DIMZIN
 70
12
  9
$DIMBLK
  1
ARCHTICK
  9
$DIMASO
 70
1
  9
$DIMSHO
 70
1
  9
$DIMPOST
  1

  9
$DIMAPOST
  1

  9
$DIMALT
 70
0
  9
$DIMALTD
 70
3
  9
$DIMALTF
 40
0.03937007874
  9
$DIMLFAC
 40
100.0
  9
$DIMTOFL
 70
1
  9
$DIMTVP
 40
0.0
  9
$DIMTIX
 70
0
  9
$DIMSOXD
 70
0
  9
$DIMSAH
 70
0
  9
$DIMBLK1
  1

  9
$DIMBLK2
  1

  9
$DIMSTYLE
  2
EZDXF
  9
$DIMCLRD
 70
0
  9
$DIMCLRE
 70
0
  9
$DIMCLRT
 70
0
  9
$DIMTFAC
 40
0.5
  9
$DIMGAP
 40
0.1
  9
$DIMJUST
 70
0
  9
$DIMSD1
 70
0
  9
$DIMSD2
 70
0
  9
$DIMTOLJ
 70
0
  9
$DIMTZIN
 70
8
  9
$DIMALTZ
 70
0
  9
$DIMALTTZ
 70
0
  9
$DIMUPT
 70
1
  9
$DIMDEC
 70
2
  9
$DIMTDEC
 70
2
  9
$DIMALTU
 70
2
  9
$DIMALTTD
 70
3
  9
$DIMTXSTY
  7
OpenSansCondensed-Light
  9
$DIMAUNIT
 70
0
  9
$DIMADEC
 70
2
  9
$DIMALTRND
 40
0.0
  9
$DIMAZIN
 70
3
  9
$DIMDSEP
 70
46
  9
$DIMATFIT
 70
3
  9
$DIMFRAC
 70
0
  9
$DIMLDRBLK
  1

  9
$DIMLUNIT
 70
2
  9
$DIMLWD
 70
-2
  9
$DIMLWE
 70
-2
  9
$DIMTMOVE
 70
2
  9
$DIMFXL
 40
1.0
  9
$DIMFXLON
 70
0
  9
$DIMJOGANG
 40
0.785398163397
  9
$DIMTFILL
 70
0
  9
$DIMTFILLCLR
 70
0
  9
$DIMARCSYM
 70
0
  9
$DIMLTYPE
  6

  9
$DIMLTEX1
  6

  9
$DIMLTEX2
  6

  9
$DIMTXTDIRECTION
 70
0
  9
$LUNITS
 70
2
  9
$LUPREC
 70
4
  9
$SKETCHINC
 40
1.0
  9
$FILLETRAD
 40
10.0
  9
$AUNITS
 70
0
  9
$AUPREC
 70
2
  9
$MENU
  1
.
  9
$ELEVATION
 40
0.0
  9
$PELEVATION
 40
0.0
  9
$THICKNESS
 40
0.0
  9
$LIMCHECK
 70
0
  9
$CHAMFERA
 40
0.0
  9
$CHAMFERB
 40
0.0
  9
$CHAMFERC
 40
0.0
  9
$CHAMFERD
 40
0.0
  9
$SKPOLY
 70
0
  9
$TDCREATE
 40
2461277.1084837965
  9
$TDUCREATE
 40
2458532.153996898
  9
$TDUPDATE
 40
2461277.1084837965
  9
$TDUUPDATE
 40
2458532.1544311
  9
$TDINDWG
 40
0.0
  9
$TDUSRTIMER
 40
0.0
  9
$USRTIMER
 70
1
  9
$ANGBASE
 50
0.0
  9
$ANGDIR
 70
0
  9
$PDMODE
 70
0
  9
$PDSIZE
 40
0.0
  9
$PLINEWID
 40
0.0
  9
$SPLFRAME
 70
0
  9
$SPLINETYPE
 70
6
  9
$SPLINESEGS
 70
8
  9
$HANDSEED
  5
64D
  9
$SURFTAB1
 70
6
  9
$SURFTAB2
 70
6
  9
$SURFTYPE
 70
6
  9
$SURFU
 70
6
  9
$SURFV
 70
6
  9
$UCSBASE
  2

  9
$UCSNAME
  2

  9
$UCSORG
 10
0.0
 20
0.0
 30
0.0
  9
$UCSXDIR
 10
1.0
 20
0.0
 30
0.0
  9
$UCSYDIR
 10
0.0
 20
1.0
 30
0.0
  9
$UCSORTHOREF
  2

  9
$UCSORTHOVIEW
 70
0
  9
$UCSORGTOP
 10
0.0
 20
0.0
 30
0.0
  9
$UCSORGBOTTOM
 10
0.0
 20
0.0
 30
0.0
  9
$UCSORGLEFT
 10
0.0
 20
0.0
 30
0.0
  9
$UCSORGRIGHT
 10
0.0
 20
0.0
 30
0.0
  9
$UCSORGFRONT
 10
0.0
 20
0.0
 30
0.0
  9
$UCSORGBACK
 10
0.0
 20
0.0
 30
0.0
  9
$PUCSBASE
  2

  9
$PUCSNAME
  2

  9
$PUCSORG
 10
0.0
 20
0.0
 30
0.0
  9
$PUCSXDIR
 10
1.0
 20
0.0
 30
0.0
  9
$PUCSYDIR
 10
0.0
 20
1.0
 30
0.0
  9
$PUCSORTHOREF
  2

  9
$PUCSORTHOVIEW
 70
0
  9
$PUCSORGTOP
 10
0.0
 20
0.0
 30
0.0
  9
$PUCSORGBOTTOM
 10
0.0
 20
0.0
 30
0.0
  9
$PUCSORGLEFT
 10
0.0
 20
0.0
 30
0.0
  9
$PUCSORGRIGHT
 10
0.0
 20
0.0
 30
0.0
  9
$PUCSORGFRONT
 10
0.0
 20
0.0
 30
0.0
  9
$PUCSORGBACK
 10
0.0
 20
0.0
 30
0.0
  9
$USERI1
 70
0
  9
$USERI2
 70
0
  9
$USERI3
 70
0
  9
$USERI4
 70
0
  9
$USERI5
 70
0
  9
$USERR1
 40
0.0
  9
$USERR2
 40
0.0
  9
$USERR3
 40
0.0
  9
$USERR4
 40
0.0
  9
$USERR5
 40
0.0
  9
$WORLDVIEW
 70
1
  9
$SHADEDGE
 70
3
  9
$SHADEDIF
 70
70
  9
$TILEMODE
 70
1
  9
$MAXACTVP
 70
64
  9
$PINSBASE
 10
0.0
 20
0.0
 30
0.0
  9
$PLIMCHECK
 70
0
  9
$PEXTMIN
 10
1e+20
 20
1e+20
 30
1e+20
  9
$PEXTMAX
 10
-1e+20
 20
-1e+20
 30
-1e+20
  9
$PLIMMIN
 10
0.0
 20
0.0
  9
$PLIMMAX
 10
420.0
 20
297.0
  9
$UNITMODE
 70
0
  9
$VISRETAIN
 70
1
  9
$PLINEGEN
 70
0
  9
$PSLTSCALE
 70
1
  9
$TREEDEPTH
 70
3020
  9
$CMLSTYLE
  2
Standard
  9
$CMLJUST
 70
0
  9
$CMLSCALE
 40
20.0
  9
$PROXYGRAPHICS
 70
1
  9
$MEASUREMENT
 70
1
  9
$CELWEIGHT
370
-1
  9
$ENDCAPS
280
0
  9
$JOINSTYLE
280
0
  9
$LWDISPLAY
290
0
  9
$INSUNITS
 70
4
  9
$HYPERLINKBASE
  1

  9
$STYLESHEET
  1

  9
$XEDIT
290
1
  9
$CEPSNTYPE
380
0
  9
$PSTYLEMODE
290
1
  9
$FINGERPRINTGUID
  2
{371FB83A-F8CF-426A-89F8-F91AFAB63989}
  9
$VERSIONGUID
  2
{E53270B4-507A-45B7-89F0-2F00E4A34806}
  9
$EXTNAMES
290
1
  9
$PSVPSCALE
 40
0.0
  9
$OLESTARTUP
290
0
  9
$SORTENTS
280
127
  9
$INDEXCTL
280
0
  9
$HIDETEXT
280
1
  9
$XCLIPFRAME
280
1
  9
$HALOGAP
280
0
  9
$OBSCOLOR
 70
257
  9
$OBSLTYPE
280
0
  9
$INTERSECTIONDISPLAY
280
0
  9
$INTERSECTIONCOLOR
 70
257
  9
$DIMASSOC
280
2
  9
$PROJECTNAME
  1

  9
$CAMERADISPLAY
290
0
  9
$LENSLENGTH
 40
50.0
  9
$CAMERAHEIGHT
 40
0.0
  9
$STEPSPERSEC
 40
24.0
  9
$STEPSIZE
 40
100.0
  9
$3DDWFPREC
 40
2.0
  9
$PSOLWIDTH
 40
0.005
  9
$PSOLHEIGHT
 40
0.08
  9
$LOFTANG1
 40
1.570796326795
  9
$LOFTANG2
 40
1.570796326795
  9
$LOFTMAG1
 40
0.0
  9
$LOFTMAG2
 40
0.0
  9
$LOFTPARAM
 70
7
  9
$LOFTNORMALS
280
1
  9
$LATITUDE
 40
37.795
  9
$LONGITUDE
 40
-122.394
  9
$NORTHDIRECTION
 40
0.0
  9
$TIMEZONE
 70
-8000
  9
$LIGHTGLYPHDISPLAY
280
1
  9
$TILEMODELIGHTSYNCH
280
1
  9
$CMATERIAL
347
20
  9
$SOLIDHIST
280
0
  9
$SHOWHIST
280
1
  9
$DWFFRAME
280
2
  9
$DGNFRAME
280
2
  9
$REALWORLDSCALE
290
1
  9
$INTERFERECOLOR
 62
256
  9
$CSHADOW
280
0
  9
$SHADOWPLANELOCATION
 40
0.0
  0
ENDSEC
  0
SECTION
  2
CLASSES
  0
CLASS
  1
ACDBDICTIONARYWDFLT
  2
AcDbDictionaryWithDefault
  3
ObjectDBX Classes
 90
0
 91
0
280
0
281
0
  0
CLASS
  1
SUN
  2
AcDbSun
  3
SCENEOE
 90
1153
 91
0
280
0
281
0
  0
CLASS
  1
VISUALSTYLE
  2
AcDbVisualStyle
  3
ObjectDBX Classes
 90
4095
 91
0
280
0
281
0
  0
CLASS
  1
MATERIAL
  2
AcDbMaterial
  3
ObjectDBX Classes
 90
1153
 91
0
280
0
281
0
  0
CLASS
  1
SCALE
  2
AcDbScale
  3
ObjectDBX Classes
 90
1153
 91
0
280
0
281
0
  0
CLASS
  1
TABLESTYLE
  2
AcDbTableStyle
  3
ObjectDBX Classes
 90
4095
 91
0
280
0
281
0
  0
CLASS
  1
MLEADERSTYLE
  2
AcDbMLeaderStyle
  3
ACDB_MLEADERSTYLE_CLASS
 90
4095
 91
0
280
0
281
0
  0
CLASS
  1
DICTIONARYVAR
  2
AcDbDictionaryVar
  3
ObjectDBX Classes
 90
0
 91
0
280
0
281
0
  0
CLASS
  1
CELLSTYLEMAP
  2
AcDbCellStyleMap
  3
ObjectDBX Classes
 90
1152
 91
0
280
0
281
0
  0
CLASS
  1
MENTALRAYRENDERSETTINGS
  2
AcDbMentalRayRenderSettings
  3
SCENEOE
 90
1024
 91
0
280
0
281
0
  0
CLASS
  1
ACDBDETAILVIEWSTYLE
  2
AcDbDetailViewStyle
  3
ObjectDBX Classes
 90
1025
 91
0
280
0
281
0
  0
CLASS
  1
ACDBSECTIONVIEWSTYLE
  2
AcDbSectionViewStyle
  3
ObjectDBX Classes
 90
1025
 91
0
280
0
281
0
  0
CLASS
  1
RASTERVARIABLES
  2
AcDbRasterVariables
  3
ISM
 90
0
 91
0
280
0
281
0
  0
CLASS
  1
ACDBPLACEHOLDER
  2
AcDbPlaceHolder
  3
ObjectDBX Classes
 90
0
 91
0
280
0
281
0
  0
CLASS
  1
LAYOUT
  2
AcDbLayout
  3
ObjectDBX Classes
 90
0
 91
0
280
0
281
0
  0
ENDSEC
  0
SECTION
  2
TABLES
  0
TABLE
  2
VPORT
  5
8
330
0
100
AcDbSymbolTable
 70
1
  0
VPORT
  5
23
330
8
100
AcDbSymbolTableRecord
100
AcDbViewportTableRecord
  2
*Active
 70
0
 10
0.0
 20
0.0
 11
1.0
 21
1.0
 12
0.0
 22
0.0
 13
0.0
 23
0.0
 14
0.5
 24
0.5
 15
0.5
 25
0.5
 16
0.0
 26
0.0
 36
1.0
 17
0.0
 27
0.0
 37
0.0
 40
1000.0
 41
1.34
 42
50.0
 43
0.0
 44
0.0
 50
0.0
 51
0.0
 71
0
 72
1000
 73
1
 74
3
 75
0
 76
0
 77
0
 78
0
281
0
 65
0
146
0.0
  0
ENDTAB
  0
TABLE
  2
LTYPE
  5
2
330
0
100
AcDbSymbolTable
 70
21
  0
LTYPE
  5
24
330
2
100
AcDbSymbolTableRecord
100
AcDbLinetypeTableRecord
  2
ByBlock
 70
0
  3

 72
65
 73
0
 40
0.0
  0
LTYPE
  5
25
330
2
100
AcDbSymbolTableRecord
100
AcDbLinetypeTableRecord
  2
ByLayer
 70
0
  3

 72
65
 73
0
 40
0.0
  0
LTYPE
  5
26
330
2
100
AcDbSymbolTableRecord
100
AcDbLinetypeTableRecord
  2
Continuous
 70
0
  3

 72
65
 73
0
 40
0.0
  0
LTYPE
  5
2F
330
2
100
AcDbSymbolTableRecord
100
AcDbLinetypeTableRecord
  2
CENTER
 70
0
  3
Center ____ _ ____ _ ____ _ ____ _ ____ _ ____
 72
65
 73
4
 40
5.08
 49
3.175
 74
0
 49
-0.635
 74
0
 49
0.635
 74
0
 49
-0.635
 74
0
  0
LTYPE
  5
30
330
2
100
AcDbSymbolTableRecord
100
AcDbLinetypeTableRecord
  2
CENTERX2
 70
0
  3
Center (2x) ________  __  ________  __  ________
 72
65
 73
4
 40
8.89
 49
6.35
 74
0
 49
-0.635
 74
0
 49
1.27
 74
0
 49
-0.635
 74
0
  0
LTYPE
  5
31
330
2
100
AcDbSymbolTableRecord
100
AcDbLinetypeTableRecord
  2
CENTER2
 70
0
  3
Center (.5x) ____ _ ____ _ ____ _ ____ _ ____
 72
65
 73
4
 40
2.54
 49
1.587
 74
0
 49
-0.318
 74
0
 49
0.318
 74
0
 49
-0.318
 74
0
  0
LTYPE
  5
32
330
2
100
AcDbSymbolTableRecord
100
AcDbLinetypeTableRecord
  2
DASHED
 70
0
  3
Dashed __ __ __ __ __ __ __ __ __ __ __ __ __ _
 72
65
 73
2
 40
1.524
 49
1.27
 74
0
 49
-0.254
 74
0
  0
LTYPE
  5
33
330
2
100
AcDbSymbolTableRecord
100
AcDbLinetypeTableRecord
  2
DASHEDX2
 70
0
  3
Dashed (2x) ____  ____  ____  ____  ____  ____
 72
65
 73
2
 40
3.048
 49
2.54
 74
0
 49
-0.508
 74
0
  0
LTYPE
  5
34
330
2
100
AcDbSymbolTableRecord
100
AcDbLinetypeTableRecord
  2
DASHED2
 70
0
  3
Dashed (.5x) _ _ _ _ _ _ _ _ _ _ _ _ _ _
 72
65
 73
2
 40
0.762
 49
0.635
 74
0
 49
-0.127
 74
0
  0
LTYPE
  5
35
330
2
100
AcDbSymbolTableRecord
100
AcDbLinetypeTableRecord
  2
PHANTOM
 70
0
  3
Phantom ______  __  __  ______  __  __  ______
 72
65
 73
6
 40
6.35
 49
3.175
 74
0
 49
-0.635
 74
0
 49
0.635
 74
0
 49
-0.635
 74
0
 49
0.635
 74
0
 49
-0.635
 74
0
  0
LTYPE
  5
36
330
2
100
AcDbSymbolTableRecord
100
AcDbLinetypeTableRecord
  2
PHANTOMX2
 70
0
  3
Phantom (2x)____________    ____    ____    ____________
 72
65
 73
6
 40
10.795
 49
6.35
 74
0
 49
-0.635
 74
0
 49
1.27
 74
0
 49
-0.635
 74
0
 49
1.27
 74
0
 49
-0.635
 74
0
  0
LTYPE
  5
37
330
2
100
AcDbSymbolTableRecord
100
AcDbLinetypeTableRecord
  2
PHANTOM2
 70
0
  3
Phantom (.5x) ___ _ _ ___ _ _ ___ _ _ ___ _ _ ___
 72
65
 73
6
 40
3.175
 49
1.587
 74
0
 49
-0.318
 74
0
 49
0.318
 74
0
 49
-0.318
 74
0
 49
0.318
 74
0
 49
-0.318
 74
0
  0
LTYPE
  5
38
330
2
100
AcDbSymbolTableRecord
100
AcDbLinetypeTableRecord
  2
DASHDOT
 70
0
  3
Dash dot __ . __ . __ . __ . __ . __ . __ . __
 72
65
 73
4
 40
3.556
 49
2.54
 74
0
 49
-0.508
 74
0
 49
0.0
 74
0
 49
-0.508
 74
0
  0
LTYPE
  5
39
330
2
100
AcDbSymbolTableRecord
100
AcDbLinetypeTableRecord
  2
DASHDOTX2
 70
0
  3
Dash dot (2x) ____  .  ____  .  ____  .  ____
 72
65
 73
4
 40
6.096
 49
5.08
 74
0
 49
-0.508
 74
0
 49
0.0
 74
0
 49
-0.508
 74
0
  0
LTYPE
  5
3A
330
2
100
AcDbSymbolTableRecord
100
AcDbLinetypeTableRecord
  2
DASHDOT2
 70
0
  3
Dash dot (.5x) _ . _ . _ . _ . _ . _ . _ . _
 72
65
 73
4
 40
1.778
 49
1.27
 74
0
 49
-0.254
 74
0
 49
0.0
 74
0
 49
-0.254
 74
0
  0
LTYPE
  5
3B
330
2
100
AcDbSymbolTableRecord
100
AcDbLinetypeTableRecord
  2
DOT
 70
0
  3
Dot .  .  .  .  .  .  .  .  .  .  .  .  .  .  .  .
 72
65
 73
2
 40
0.508
 49
0.0
 74
0
 49
-0.508
 74
0
  0
LTYPE
  5
3C
330
2
100
AcDbSymbolTableRecord
100
AcDbLinetypeTableRecord
  2
DOTX2
 70
0
  3
Dot (2x) .    .    .    .    .    .    .    . 
 72
65
 73
2
 40
1.016
 49
0.0
 74
0
 49
-1.016
 74
0
  0
LTYPE
  5
3D
330
2
100
AcDbSymbolTableRecord
100
AcDbLinetypeTableRecord
  2
DOT2
 70
0
  3
Dot (.5) . . . . . . . . . . . . . . . . . . . 
 72
65
 73
2
 40
0.254
 49
0.0
 74
0
 49
-0.254
 74
0
  0
LTYPE
  5
3E
330
2
100
AcDbSymbolTableRecord
100
AcDbLinetypeTableRecord
  2
DIVIDE
 70
0
  3
Divide __ . . __ . . __ . . __ . . __ . . __
 72
65
 73
6
 40
4.064
 49
2.54
 74
0
 49
-0.508
 74
0
 49
0.0
 74
0
 49
-0.508
 74
0
 49
0.0
 74
0
 49
-0.508
 74
0
  0
LTYPE
  5
3F
330
2
100
AcDbSymbolTableRecord
100
AcDbLinetypeTableRecord
  2
DIVIDEX2
 70
0
  3
Divide (2x) ____  . .  ____  . .  ____  . .  ____
 72
65
 73
6
 40
6.604
 49
5.08
 74
0
 49
-0.508
 74
0
 49
0.0
 74
0
 49
-0.508
 74
0
 49
0.0
 74
0
 49
-0.508
 74
0
  0
LTYPE
  5
40
330
2
100
AcDbSymbolTableRecord
100
AcDbLinetypeTableRecord
  2
DIVIDE2
 70
0
  3
Divide(.5x) _ . _ . _ . _ . _ . _ . _ . _
 72
65
 73
6
 40
2.032
 49
1.27
 74
0
 49
-0.254
 74
0
 49
0.0
 74
0
 49
-0.254
 74
0
 49
0.0
 74
0
 49
-0.254
 74
0
  0
ENDTAB
  0
TABLE
  2
LAYER
  5
1
330
0
100
AcDbSymbolTable
 70
8
  0
LAYER
  5
27
330
1
100
AcDbSymbolTableRecord
100
AcDbLayerTableRecord
  2
0
 70
0
 62
7
  6
Continuous
370
-3
390
13
347
21
  0
LAYER
  5
28
330
1
100
AcDbSymbolTableRecord
100
AcDbLayerTableRecord
  2
Defpoints
 70
0
 62
7
  6
Continuous
290
0
370
-3
390
13
347
21
  0
LAYER
  5
8A
330
1
100
AcDbSymbolTableRecord
100
AcDbLayerTableRecord
  2
FRAME
 70
0
 62
8
  6
Continuous
370
-3
390
13
347
21
1001
AcAecLayerStandard
1000

1000
Border, framing arrows, registration
  0
LAYER
  5
8C
330
1
100
AcDbSymbolTableRecord
100
AcDbLayerTableRecord
  2
CENTER
 70
0
 62
7
  6
Continuous
370
-3
390
13
347
21
1001
AcAecLayerStandard
1000

1000
Central wedges, zone plate, pulse bars
  0
LAYER
  5
8D
330
1
100
AcDbSymbolTableRecord
100
AcDbLayerTableRecord
  2
PERIPHERY
 70
0
 62
4
  6
Continuous
370
-3
390
13
347
21
1001
AcAecLayerStandard
1000

1000
Corner wedges, checkerboards, edge patterns
  0
LAYER
  5
8E
330
1
100
AcDbSymbolTableRecord
100
AcDbLayerTableRecord
  2
SFR
 70
0
 62
1
  6
Continuous
370
-3
390
13
347
21
1001
AcAecLayerStandard
1000

1000
Slanted-edge SFR bars, H-bars, corner squares
  0
LAYER
  5
8F
330
1
100
AcDbSymbolTableRecord
100
AcDbLayerTableRecord
  2
LABELS
 70
0
 62
3
  6
Continuous
370
-3
390
13
347
21
1001
AcAecLayerStandard
1000

1000
Frequency and aspect-ratio labels
  0
LAYER
  5
90
330
1
100
AcDbSymbolTableRecord
100
AcDbLayerTableRecord
  2
NOTES
 70
0
 62
2
  6
Continuous
370
-3
390
13
347
21
1001
AcAecLayerStandard
1000

1000
Print notes and picture-height callouts
  0
ENDTAB
  0
TABLE
  2
STYLE
  5
5
330
0
100
AcDbSymbolTable
 70
26
  0
STYLE
  5
29
330
5
100
AcDbSymbolTableRecord
100
AcDbTextStyleTableRecord
  2
Standard
 70
0
 40
0.0
 41
1.0
 50
0.0
 71
0
 42
2.5
  3
txt
  4

  0
STYLE
  5
41
330
5
100
AcDbSymbolTableRecord
100
AcDbTextStyleTableRecord
  2
OpenSans-Light
 70
0
 40
0.0
 41
1.0
 50
0.0
 71
0
 42
2.5
  3
OpenSans-Light.ttf
  4

  0
STYLE
  5
42
330
5
100
AcDbSymbolTableRecord
100
AcDbTextStyleTableRecord
  2
OpenSans-Light-Italic
 70
0
 40
0.0
 41
1.0
 50
0.0
 71
0
 42
2.5
  3
OpenSans-LightItalic.ttf
  4

  0
STYLE
  5
43
330
5
100
AcDbSymbolTableRecord
100
AcDbTextStyleTableRecord
  2
OpenSans
 70
0
 40
0.0
 41
1.0
 50
0.0
 71
0
 42
2.5
  3
OpenSans-Regular.ttf
  4

  0
STYLE
  5
44
330
5
100
AcDbSymbolTableRecord
100
AcDbTextStyleTableRecord
  2
OpenSans-Italic
 70
0
 40
0.0
 41
1.0
 50
0.0
 71
0
 42
2.5
  3
OpenSans-Italic.ttf
  4

  0
STYLE
  5
45
330
5
100
AcDbSymbolTableRecord
100
AcDbTextStyleTableRecord
  2
OpenSans-SemiBold
 70
0
 40
0.0
 41
1.0
 50
0.0
 71
0
 42
2.5
  3
OpenSans-SemiBold.ttf
  4

  0
STYLE
  5
46
330
5
100
AcDbSymbolTableRecord
100
AcDbTextStyleTableRecord
  2
OpenSans-SemiBoldItalic
 70
0
 40
0.0
 41
1.0
 50
0.0
 71
0
 42
2.5
  3
OpenSans-SemiBoldItalic.ttf
  4

  0
STYLE
  5
47
330
5
100
AcDbSymbolTableRecord
100
AcDbTextStyleTableRecord
  2
OpenSans-Bold
 70
0
 40
0.0
 41
1.0
 50
0.0
 71
0
 42
2.5
  3
OpenSans-Bold.ttf
  4

  0
STYLE
  5
48
330
5
100
AcDbSymbolTableRecord
100
AcDbTextStyleTableRecord
  2
OpenSans-BoldItalic
 70
0
 40
0.0
 41
1.0
 50
0.0
 71
0
 42
2.5
  3
OpenSans-BoldItalic.ttf
  4

  0
STYLE
  5
49
330
5
100
AcDbSymbolTableRecord
100
AcDbTextStyleTableRecord
  2
OpenSans-ExtraBold
 70
0
 40
0.0
 41
1.0
 50
0.0
 71
0
 42
2.5
  3
OpenSans-ExtraBold.ttf
  4

  0
STYLE
  5
4A
330
5
100
AcDbSymbolTableRecord
100
AcDbTextStyleTableRecord
  2
OpenSans-ExtraBoldItalic
 70
0
 40
0.0
 41
1.0
 50
0.0
 71
0
 42
2.5
  3
OpenSans-ExtraBoldItalic.ttf
  4

  0
STYLE
  5
4B
330
5
100
AcDbSymbolTableRecord
100
AcDbTextStyleTableRecord
  2
OpenSansCondensed-Bold
 70
0
 40
0.0
 41
1.0
 50
0.0
 71
0
 42
2.5
  3
OpenSansCondensed-Bold.ttf
  4

  0
STYLE
  5
4C
330
5
100
AcDbSymbolTableRecord
100
AcDbTextStyleTableRecord
  2
OpenSansCondensed-Light
 70
0
 40
0.0
 41
1.0
 50
0.0
 71
0
 42
2.5
  3
OpenSansCondensed-Light.ttf
  4

  0
STYLE
  5
4D
330
5
100
AcDbSymbolTableRecord
100
AcDbTextStyleTableRecord
  2
OpenSansCondensed-Italic
 70
0
 40
0.0
 41
1.0
 50
0.0
 71
0
 42
2.5
  3
OpenSansCondensed-LightItalic.ttf
  4

  0
STYLE
  5
4E
330
5
100
AcDbSymbolTableRecord
100
AcDbTextStyleTableRecord
  2
LiberationSans
 70
0
 40
0.0
 41
1.0
 50
0.0
 71
0
 42
2.5
  3
LiberationSans-Regular.ttf
  4

  0
STYLE
  5
4F
330
5
100
AcDbSymbolTableRecord
100
AcDbTextStyleTableRecord
  2
LiberationSans-Bold
 70
0
 40
0.0
 41
1.0
 50
0.0
 71
0
 42
2.5
  3
LiberationSans-Bold.ttf
  4

  0
STYLE
  5
50
330
5
100
AcDbSymbolTableRecord
100
AcDbTextStyleTableRecord
  2
LiberationSans-BoldItalic
 70
0
 40
0.0
 41
1.0
 50
0.0
 71
0
 42
2.5
  3
LiberationSans-BoldItalic.ttf
  4

  0
STYLE
  5
51
330
5
100
AcDbSymbolTableRecord
100
AcDbTextStyleTableRecord
  2
LiberationSans-Italic
 70
0
 40
0.0
 41
1.0
 50
0.0
 71
0
 42
2.5
  3
LiberationSans-Italic.ttf
  4

  0
STYLE
  5
52
330
5
100
AcDbSymbolTableRecord
100
AcDbTextStyleTableRecord
  2
LiberationSerif
 70
0
 40
0.0
 41
1.0
 50
0.0
 71
0
 42
2.5
  3
LiberationSerif-Regular.ttf
  4

  0
STYLE
  5
53
330
5
100
AcDbSymbolTableRecord
100
AcDbTextStyleTableRecord
  2
LiberationSerif-Bold
 70
0
 40
0.0
 41
1.0
 50
0.0
 71
0
 42
2.5
  3
LiberationSerif-Bold.ttf
  4

  0
STYLE
  5
54
330
5
100
AcDbSymbolTableRecord
100
AcDbTextStyleTableRecord
  2
LiberationSerif-BoldItalic
 70
0
 40
0.0
 41
1.0
 50
0.0
 71
0
 42
2.5
  3
LiberationSerif-BoldItalic.ttf
  4

  0
STYLE
  5
55
330
5
100
AcDbSymbolTableRecord
100
AcDbTextStyleTableRecord
  2
LiberationSerif-Italic
 70
0
 40
0.0
 41
1.0
 50
0.0
 71
0
 42
2.5
  3
LiberationSerif-Italic.ttf
  4

  0
STYLE
  5
56
330
5
100
AcDbSymbolTableRecord
100
AcDbTextStyleTableRecord
  2
LiberationMono
 70
0
 40
0.0
 41
1.0
 50
0.0
 71
0
 42
2.5
  3
LiberationMono-Regular.ttf
  4

  0
STYLE
  5
57
330
5
100
AcDbSymbolTableRecord
100
AcDbTextStyleTableRecord
  2
LiberationMono-Bold
 70
0
 40
0.0
 41
1.0
 50
0.0
 71
0
 42
2.5
  3
LiberationMono-Bold.ttf
  4

  0
STYLE
  5
58
330
5
100
AcDbSymbolTableRecord
100
AcDbTextStyleTableRecord
  2
LiberationMono-BoldItalic
 70
0
 40
0.0
 41
1.0
 50
0.0
 71
0
 42
2.5
  3
LiberationMono-BoldItalic.ttf
  4

  0
STYLE
  5
59
330
5
100
AcDbSymbolTableRecord
100
AcDbTextStyleTableRecord
  2
LiberationMono-Italic
 70
0
 40
0.0
 41
1.0
 50
0.0
 71
0
 42
2.5
  3
LiberationMono-Italic.ttf
  4

  0
ENDTAB
  0
TABLE
  2
VIEW
  5
7
330
0
100
AcDbSymbolTable
 70
0
  0
ENDTAB
  0
TABLE
  2
UCS
  5
6
330
0
100
AcDbSymbolTable
 70
0
  0
ENDTAB
  0
TABLE
  2
APPID
  5
3
330
0
100
AcDbSymbolTable
 70
4
  0
APPID
  5
2A
330
3
100
AcDbSymbolTableRecord
100
AcDbRegAppTableRecord
  2
ACAD
 70
0
  0
APPID
  5
8B
330
3
100
AcDbSymbolTableRecord
100
AcDbRegAppTableRecord
  2
AcAecLayerStandard
 70
0
  0
APPID
  5
64A
330
3
100
AcDbSymbolTableRecord
100
AcDbRegAppTableRecord
  2
HATCHBACKGROUNDCOLOR
 70
0
  0
APPID
  5
64B
330
3
100
AcDbSymbolTableRecord
100
AcDbRegAppTableRecord
  2
EZDXF
 70
0
  0
ENDTAB
  0
TABLE
  2
DIMSTYLE
  5
4
330
0
100
AcDbSymbolTable
 70
12
100
AcDbDimStyleTable
  0
DIMSTYLE
105
2B
330
4
100
AcDbSymbolTableRecord
100
AcDbDimStyleTableRecord
  2
Standard
 70
0
 40
1.0
 41
2.5
 42
0.625
 43
3.75
 44
1.25
 45
0.0
 46
0.0
 47
0.0
 48
0.0
 49
2.5
140
2.5
141
2.5
142
0.0
143
0.03937007874
144
1.0
145
0.0
146
1.0
147
0.625
148
0.0
 69
0
 70
0
 71
0
 72
0
 73
0
 74
0
 75
0
 76
0
 77
1
 78
8
 79
3
170
0
171
3
172
1
173
0
174
0
175
0
176
0
177
0
178
0
179
2
271
2
272
2
273
2
274
3
275
0
276
0
277
2
278
44
279
0
280
0
281
0
282
0
283
0
284
8
285
0
286
0
288
0
289
3
290
0
371
-2
372
-2
  0
DIMSTYLE
105
73
330
4
100
AcDbSymbolTableRecord
100
AcDbDimStyleTableRecord
  2
EZDXF
 70
0
 40
1.0
 41
0.175
 42
0.125
 43
3.75
 44
0.375
 45
0.0
 46
0.0
 47
0.0
 48
0.0
 49
2.5
140
0.25
141
2.5
142
0.0
143
0.03937007874
144
100.0
145
0.0
146
0.5
147
0.1
148
0.0
 69
0
 70
0
 71
0
 72
0
 73
0
 74
0
 75
0
 76
0
 77
1
 78
12
 79
3
170
0
171
3
172
1
173
0
174
0
175
0
176
0
177
0
178
0
179
2
271
2
272
2
273
2
274
3
275
0
276
0
277
2
278
46
279
2
280
0
281
0
282
0
283
0
284
8
285
0
286
0
288
1
289
3
290
0
340
4C
342
74
371
-2
372
-2
  0
DIMSTYLE
105
7C
330
4
100
AcDbSymbolTableRecord
100
AcDbDimStyleTableRecord
  2
EZ_M_100_H25_CM
 70
0
 40
1.0
 41
0.25
 42
0.125
 43
3.75
 44
0.375
 45
0.0
 46
0.0
 47
0.0
 48
0.0
 49
2.5
140
0.25
141
2.5
142
0.125
143
0.03937007874
144
100.0
145
0.0
146
0.5
147
0.1
148
0.0
 69
0
 70
0
 71
0
 72
0
 73
0
 74
0
 75
0
 76
0
 77
1
 78
12
 79
3
170
0
171
3
172
1
173
0
174
0
175
0
176
0
177
0
178
0
179
2
271
2
272
2
273
2
274
3
275
0
276
0
277
2
278
46
279
2
280
0
281
0
282
0
283
0
284
8
285
0
286
0
288
1
289
3
290
0
340
4C
371
-2
372
-2
  0
DIMSTYLE
105
7D
330
4
100
AcDbSymbolTableRecord
100
AcDbDimStyleTableRecord
  2
EZ_M_50_H25_CM
 70
0
 40
1.0
 41
0.125
 42
0.0625
 43
3.75
 44
0.1875
 45
0.0
 46
0.0
 47
0.0
 48
0.0
 49
2.5
140
0.125
141
2.5
142
0.0625
143
0.03937007874
144
100.0
145
0.0
146
0.5
147
0.05
148
0.0
 69
0
 70
0
 71
0
 72
0
 73
0
 74
0
 75
0
 76
0
 77
1
 78
12
 79
3
170
0
171
3
172
1
173
0
174
0
175
0
176
0
177
0
178
0
179
2
271
2
272
2
273
2
274
3
275
0
276
0
277
2
278
46
279
2
280
0
281
0
282
0
283
0
284
8
285
0
286
0
288
1
289
3
290
0
340
4C
371
-2
372
-2
  0
DIMSTYLE
105
7E
330
4
100
AcDbSymbolTableRecord
100
AcDbDimStyleTableRecord
  2
EZ_M_25_H25_CM
 70
0
 40
1.0
 41
0.0625
 42
0.03125
 43
3.75
 44
0.09375
 45
0.0
 46
0.0
 47
0.0
 48
0.0
 49
2.5
140
0.0625
141
2.5
142
0.03125
143
0.03937007874
144
100.0
145
0.0
146
0.5
147
0.025
148
0.0
 69
0
 70
0
 71
0
 72
0
 73
0
 74
0
 75
0
 76
0
 77
1
 78
12
 79
3
170
0
171
3
172
1
173
0
174
0
175
0
176
0
177
0
178
0
179
2
271
2
272
2
273
2
274
3
275
0
276
0
277
2
278
46
279
2
280
0
281
0
282
0
283
0
284
8
285
0
286
0
288
1
289
3
290
0
340
4C
371
-2
372
-2
  0
DIMSTYLE
105
7F
330
4
100
AcDbSymbolTableRecord
100
AcDbDimStyleTableRecord
  2
EZ_M_20_H25_CM
 70
0
 40
1.0
 41
0.05
 42
0.025
 43
3.75
 44
0.07500000000000001
 45
0.0
 46
0.0
 47
0.0
 48
0.0
 49
2.5
140
0.05
141
2.5
142
0.025
143
0.03937007874
144
100.0
145
0.0
146
0.5
147
0.020000000000000004
148
0.0
 69
0
 70
0
 71
0
 72
0
 73
0
 74
0
 75
0
 76
0
 77
1
 78
12
 79
3
170
0
171
3
172
1
173
0
174
0
175
0
176
0
177
0
178
0
179
2
271
2
272
2
273
2
274
3
275
0
276
0
277
2
278
46
279
2
280
0
281
0
282
0
283
0
284
8
285
0
286
0
288
1
289
3
290
0
340
4C
371
-2
372
-2
  0
DIMSTYLE
105
80
330
4
100
AcDbSymbolTableRecord
100
AcDbDimStyleTableRecord
  2
EZ_M_10_H25_CM
 70
0
 40
1.0
 41
0.025
 42
0.0125
 43
3.75
 44
0.037500000000000006
 45
0.0
 46
0.0
 47
0.0
 48
0.0
 49
2.5
140
0.025
141
2.5
142
0.0125
143
0.03937007874
144
100.0
145
0.0
146
0.5
147
0.010000000000000002
148
0.0
 69
0
 70
0
 71
0
 72
0
 73
0
 74
0
 75
0
 76
0
 77
1
 78
12
 79
3
170
0
171
3
172
1
173
0
174
0
175
0
176
0
177
0
178
0
179
2
271
2
272
2
273
2
274
3
275
0
276
0
277
2
278
46
279
2
280
0
281
0
282
0
283
0
284
8
285
0
286
0
288
1
289
3
290
0
340
4C
371
-2
372
-2
  0
DIMSTYLE
105
81
330
4
100
AcDbSymbolTableRecord
100
AcDbDimStyleTableRecord
  2
EZ_M_5_H25_CM
 70
0
 40
1.0
 41
0.0125
 42
0.00625
 43
3.75
 44
0.018750000000000003
 45
0.0
 46
0.0
 47
0.0
 48
0.0
 49
2.5
140
0.0125
141
2.5
142
0.00625
143
0.03937007874
144
100.0
145
0.0
146
0.5
147
0.005000000000000001
148
0.0
 69
0
 70
0
 71
0
 72
0
 73
0
 74
0
 75
0
 76
0
 77
1
 78
12
 79
3
170
0
171
3
172
1
173
0
174
0
175
0
176
0
177
0
178
0
179
2
271
2
272
2
273
2
274
3
275
0
276
0
277
2
278
46
279
2
280
0
281
0
282
0
283
0
284
8
285
0
286
0
288
1
289
3
290
0
340
4C
371
-2
372
-2
  0
DIMSTYLE
105
82
330
4
100
AcDbSymbolTableRecord
100
AcDbDimStyleTableRecord
  2
EZ_M_1_H25_CM
 70
0
 40
1.0
 41
0.0025
 42
0.00125
 43
3.75
 44
0.00375
 45
0.0
 46
0.0
 47
0.0
 48
0.0
 49
2.5
140
0.0025
141
2.5
142
0.00125
143
0.03937007874
144
100.0
145
0.0
146
0.5
147
0.001
148
0.0
 69
0
 70
0
 71
0
 72
0
 73
0
 74
0
 75
0
 76
0
 77
1
 78
12
 79
3
170
0
171
3
172
1
173
0
174
0
175
0
176
0
177
0
178
0
179
2
271
2
272
2
273
2
274
3
275
0
276
0
277
2
278
46
279
2
280
0
281
0
282
0
283
0
284
8
285
0
286
0
288
1
289
3
290
0
340
4C
371
-2
372
-2
  0
DIMSTYLE
105
83
330
4
100
AcDbSymbolTableRecord
100
AcDbDimStyleTableRecord
  2
EZ_RADIUS
 70
0
 40
1.0
 41
0.25
 42
0.125
 43
3.75
 44
0.375
 45
0.0
 46
0.0
 47
0.0
 48
0.0
 49
2.5
140
0.25
141
0.0
142
0.0
143
0.03937007874
144
100.0
145
0.0
146
0.5
147
0.1
148
0.0
 69
0
 70
0
 71
0
 72
0
 73
0
 74
0
 75
0
 76
0
 77
1
 78
12
 79
3
170
0
171
3
172
0
173
0
174
0
175
0
176
0
177
0
178
0
179
2
271
2
272
2
273
2
274
3
275
0
276
0
277
2
278
46
279
1
280
0
281
0
282
0
283
0
284
8
285
0
286
0
288
1
289
3
290
0
340
4C
342
84
371
-2
372
-2
  0
DIMSTYLE
105
88
330
4
100
AcDbSymbolTableRecord
100
AcDbDimStyleTableRecord
  2
EZ_RADIUS_INSIDE
 70
0
 40
1.0
 41
0.25
 42
0.125
 43
3.75
 44
0.375
 45
0.0
 46
0.0
 47
0.0
 48
0.0
 49
2.5
140
0.25
141
0.0
142
0.0
143
0.03937007874
144
100.0
145
0.0
146
0.5
147
0.1
148
0.0
 69
0
 70
0
 71
0
 72
0
 73
0
 74
0
 75
0
 76
0
 77
0
 78
12
 79
3
170
0
171
3
172
0
173
0
174
1
175
0
176
0
177
0
178
0
179
2
271
2
272
2
273
2
274
3
275
0
276
0
277
2
278
46
279
0
280
0
281
0
282
0
283
0
284
8
285
0
286
0
288
1
289
0
290
0
340
4C
342
84
371
-2
372
-2
  0
DIMSTYLE
105
89
330
4
100
AcDbSymbolTableRecord
100
AcDbDimStyleTableRecord
  2
EZ_CURVED
 70
0
 40
1.0
 41
0.25
 42
0.125
 43
3.75
 44
0.375
 45
0.0
 46
0.0
 47
0.0
 48
0.0
 49
2.5
140
0.25
141
2.5
142
0.0
143
0.03937007874
144
100.0
145
0.0
146
0.5
147
0.1
148
0.0
 69
0
 70
0
 71
0
 72
0
 73
0
 74
0
 75
0
 76
0
 77
1
 78
12
 79
2
 90
2
170
0
171
3
172
1
173
0
174
0
175
0
176
0
177
0
178
0
179
2
271
2
272
2
273
2
274
3
275
0
276
0
277
2
278
46
279
2
280
0
281
0
282
0
283
0
284
8
285
0
286
0
288
1
289
3
290
0
340
4C
371
-2
372
-2
  0
ENDTAB
  0
TABLE
  2
BLOCK_RECORD
  5
9
330
0
100
AcDbSymbolTable
 70
5
  0
BLOCK_RECORD
  5
17
330
9
100
AcDbSymbolTableRecord
100
AcDbBlockTableRecord
  2
*Model_Space
340
1A
 70
0
280
1
281
0
  0
BLOCK_RECORD
  5
1B
330
9
100
AcDbSymbolTableRecord
100
AcDbBlockTableRecord
  2
*Paper_Space
340
1E
 70
0
280
1
281
0
  0
BLOCK_RECORD
  5
74
330
9
100
AcDbSymbolTableRecord
100
AcDbBlockTableRecord
  2
_ARCHTICK
340
0
 70
0
280
1
281
0
  0
BLOCK_RECORD
  5
78
330
9
100
AcDbSymbolTableRecord
100
AcDbBlockTableRecord
  2
_CLOSEDFILLED
340
0
 70
0
280
1
281
0
  0
BLOCK_RECORD
  5
84
330
9
100
AcDbSymbolTableRecord
100
AcDbBlockTableRecord
  2
_CLOSEDBLANK
340
0
 70
0
280
1
281
0
  0
ENDTAB
  0
ENDSEC
  0
SECTION
  2
BLOCKS
  0
BLOCK
  5
18
330
17
100
AcDbEntity
  8
0
100
AcDbBlockBegin
  2
*Model_Space
 70
0
 10
0.0
 20
0.0
 30
0.0
  3
*Model_Space
  1

  0
ENDBLK
  5
19
330
17
100
AcDbEntity
  8
0
100
AcDbBlockEnd
  0
BLOCK
  5
1C
330
1B
100
AcDbEntity
  8
0
100
AcDbBlockBegin
  2
*Paper_Space
 70
0
 10
0.0
 20
0.0
 30
0.0
  3
*Paper_Space
  1

  0
ENDBLK
  5
1D
330
1B
100
AcDbEntity
  8
0
100
AcDbBlockEnd
  0
BLOCK
  5
75
330
74
100
AcDbEntity
  8
0
100
AcDbBlockBegin
  2
_ARCHTICK
 70
0
 10
0.0
 20
0.0
 30
0.0
  3
_ARCHTICK
  1

  0
LWPOLYLINE
  5
77
330
74
100
AcDbEntity
  8
0
  6
BYBLOCK
 62
0
100
AcDbPolyline
 90
2
 70
0
 43
0.15
 10
-0.5
 20
-0.5
 10
0.5
 20
0.5
  0
ENDBLK
  5
76
330
74
100
AcDbEntity
  8
0
100
AcDbBlockEnd
  0
BLOCK
  5
79
330
78
100
AcDbEntity
  8
0
100
AcDbBlockBegin
  2
_CLOSEDFILLED
 70
0
 10
0.0
 20
0.0
 30
0.0
  3
_CLOSEDFILLED
  1

  0
SOLID
  5
7B
330
78
100
AcDbEntity
  8
0
  6
BYBLOCK
 62
0
100
AcDbTrace
 10
-1.0
 20
0.16439898372402537
 30
0.0
 11
0.0
 21
0.0
 31
0.0
 12
-1.0
 22
-0.16439898372402537
 32
0.0
 13
-1.0
 23
-0.16439898372402537
 33
0.0
  0
ENDBLK
  5
7A
330
78
100
AcDbEntity
  8
0
100
AcDbBlockEnd
  0
BLOCK
  5
85
330
84
100
AcDbEntity
  8
0
100
AcDbBlockBegin
  2
_CLOSEDBLANK
 70
0
 10
0.0
 20
0.0
 30
0.0
  3
_CLOSEDBLANK
  1

  0
LWPOLYLINE
  5
87
330
84
100
AcDbEntity
  8
0
  6
BYBLOCK
 62
0
100
AcDbPolyline
 90
3
 70
1
 10
-1.0
 20
0.16439898372402537
 10
0.0
 20
0.0
 10
-1.0
 20
-0.16439898372402537
  0
ENDBLK
  5
86
330
84
100
AcDbEntity
  8
0
100
AcDbBlockEnd
  0
ENDSEC
  0
SECTION
  2
ENTITIES
  0
TEXT
  5
91
330
17
100
AcDbEntity
  8
NOTES
 62
250
100
AcDbText
 10
791.1203944444443
 20
967.3166666666666
 30
0.0
 40
14.0
  1
ISO 12233 16:9  4X   active 1422 x 800 mm   values in 100x LW/PH
 72
1
 11
791.1203944444443
 21
967.3166666666666
 31
0.0
100
AcDbText
 73
2
  0
HATCH
  5
92
330
17
100
AcDbEntity
  8
FRAME
 62
7
420
0
100
AcDbHatch
 10
0.0
 20
0.0
 30
0.0
210
0.0
220
0.0
230
1.0
  2
SOLID
 70
1
 71
0
 91
1
 92
3
 72
0
 73
1
 93
5
 10
1582.2407888888886
 20
24.2513555555556
 10
0.0
 20
24.2513555555556
 10
0.0
 20
984.2499999999999
 10
1582.2407888888886
 20
984.2499999999999
 10
1582.2407888888886
 20
24.2513555555556
 97
0
 75
1
 76
1
 98
0
  0
HATCH
  5
93
330
17
100
AcDbEntity
  8
FRAME
 62
7
420
16777215
100
AcDbHatch
 10
0.0
 20
0.0
 30
0.0
210
0.0
220
0.0
230
1.0
  2
SOLID
 70
1
 71
0
 91
1
 92
3
 72
0
 73
1
 93
5
 10
1502.2392555555552
 20
104.25006666666671
 10
80.00012222222222
 20
104.25006666666671
 10
80.00012222222222
 20
904.2498777777777
 10
1502.2392555555552
 20
904.2498777777777
 10
1502.2392555555552
 20
104.25006666666671
 97
0
 75
1
 76
1
 98
0
  0
HATCH
  5
94
330
17
100
AcDbEntity
  8
FRAME
 62
7
420
16777215
100
AcDbHatch
 10
0.0
 20
0.0
 30
0.0
210
0.0
220
0.0
230
1.0
  2
SOLID
 70
1
 71
0
 91
1
 92
3
 72
0
 73
1
 93
4
 10
1099.1200888888889
 20
64.25071111111116
 10
1123.1202666666666
 20
64.25071111111116
 10
1111.1201777777776
 20
104.2514777777778
 10
1099.1200888888889
 20
64.25071111111116
 97
0
 75
1
 76
1
 98
0
  0
HATCH
  5
95
330
17
100
AcDbEntity
  8
FRAME
 62
7
420
16777215
100
AcDbHatch
 10
0.0
 20
0.0
 30
0.0
210
0.0
220
0.0
230
1.0
  2
SOLID
 70
1
 71
0
 91
1
 92
3
 72
0
 73
1
 93
4
 10
39.99794444444444
 20
904.2498777777777
 10
39.99794444444444
 20
880.2482888888889
 10
79.9987111111111
 20
892.2497888888888
 10
39.99794444444444
 20
904.2498777777777
 97
0
 75
1
 76
1
 98
0
  0
HATCH
  5
96
330
17
100
AcDbEntity
  8
FRAME
 62
7
420
16777215
100
AcDbHatch
 10
0.0
 20
0.0
 30
0.0
210
0.0
220
0.0
230
1.0
  2
SOLID
 70
1
 71
0
 91
1
 92
3
 72
0
 73
1
 93
4
 10
39.99935555555555
 20
128.25165555555546
 10
39.99935555555555
 20
104.25006666666656
 10
80.00012222222222
 20
116.25156666666655
 10
39.99935555555555
 20
128.25165555555546
 97
0
 75
1
 76
1
 98
0
  0
HATCH
  5
97
330
17
100
AcDbEntity
  8
FRAME
 62
7
420
16777215
100
AcDbHatch
 10
0.0
 20
0.0
 30
0.0
210
0.0
220
0.0
230
1.0
  2
SOLID
 70
1
 71
0
 91
1
 92
3
 72
0
 73
1
 93
4
 10
459.11911111111107
 20
64.25071111111116
 10
483.11928888888883
 20
64.25071111111116
 10
471.1191999999999
 20
104.2514777777778
 10
459.11911111111107
 20
64.25071111111116
 97
0
 75
1
 76
1
 98
0
  0
HATCH
  5
98
330
17
100
AcDbEntity
  8
FRAME
 62
7
420
16777215
100
AcDbHatch
 10
0.0
 20
0.0
 30
0.0
210
0.0
220
0.0
230
1.0
  2
SOLID
 70
1
 71
0
 91
1
 92
3
 72
0
 73
1
 93
4
 10
1123.1202666666666
 20
944.2506444444443
 10
1099.1186777777777
 20
944.2506444444443
 10
1111.1201777777776
 20
904.2498777777777
 10
1123.1202666666666
 20
944.2506444444443
 97
0
 75
1
 76
1
 98
0
  0
HATCH
  5
99
330
17
100
AcDbEntity
  8
FRAME
 62
7
420
16777215
100
AcDbHatch
 10
0.0
 20
0.0
 30
0.0
210
0.0
220
0.0
230
1.0
  2
SOLID
 70
1
 71
0
 91
1
 92
3
 72
0
 73
1
 93
4
 10
483.11928888888883
 20
944.2506444444443
 10
459.11911111111107
 20
944.2506444444443
 10
471.1192
 20
904.2498777777777
 10
483.11928888888883
 20
944.2506444444443
 97
0
 75
1
 76
1
 98
0
  0
HATCH
  5
9A
330
17
100
AcDbEntity
  8
FRAME
 62
7
420
16777215
100
AcDbHatch
 10
0.0
 20
0.0
 30
0.0
210
0.0
220
0.0
230
1.0
  2
SOLID
 70
1
 71
0
 91
1
 92
3
 72
0
 73
1
 93
4
 10
1542.240022222222
 20
904.2512888888888
 10
1542.240022222222
 20
880.2496999999998
 10
1502.2392555555552
 20
892.2511999999999
 10
1542.240022222222
 20
904.2512888888888
 97
0
 75
1
 76
1
 98
0
  0
HATCH
  5
9B
330
17
100
AcDbEntity
  8
FRAME
 62
7
420
16777215
100
AcDbHatch
 10
0.0
 20
0.0
 30
0.0
210
0.0
220
0.0
230
1.0
  2
SOLID
 70
1
 71
0
 91
1
 92
3
 72
0
 73
1
 93
4
 10
1542.240022222222
 20
128.25165555555546
 10
1542.240022222222
 20
104.25006666666656
 10
1502.2392555555552
 20
116.25156666666655
 10
1542.240022222222
 20
128.25165555555546
 97
0
 75
1
 76
1
 98
0
  0
HATCH
  5
9C
330
17
100
AcDbEntity
  8
FRAME
 62
7
420
0
100
AcDbHatch
 10
0.0
 20
0.0
 30
0.0
210
0.0
220
0.0
230
1.0
  2
SOLID
 70
1
 71
0
 91
1
 92
3
 72
0
 73
1
 93
4
 10
119.99947777777777
 20
904.2498777777777
 10
119.99947777777777
 20
880.2482888888889
 10
79.9987111111111
 20
892.2497888888888
 10
119.99947777777777
 20
904.2498777777777
 97
0
 75
1
 76
1
 98
0
  0
HATCH
  5
9D
330
17
100
AcDbEntity
  8
FRAME
 62
7
420
0
100
AcDbHatch
 10
0.0
 20
0.0
 30
0.0
210
0.0
220
0.0
230
1.0
  2
SOLID
 70
1
 71
0
 91
1
 92
3
 72
0
 73
1
 93
4
 10
119.99806666666665
 20
128.25165555555546
 10
119.99806666666665
 20
104.25147777777764
 10
79.99729999999998
 20
116.25156666666655
 10
119.99806666666665
 20
128.25165555555546
 97
0
 75
1
 76
1
 98
0
  0
HATCH
  5
9E
330
17
100
AcDbEntity
  8
FRAME
 62
7
420
0
100
AcDbHatch
 10
0.0
 20
0.0
 30
0.0
210
0.0
220
0.0
230
1.0
  2
SOLID
 70
1
 71
0
 91
1
 92
3
 72
0
 73
1
 93
4
 10
1462.2398999999998
 20
904.2512888888888
 10
1462.2398999999998
 20
880.2496999999998
 10
1502.2392555555552
 20
892.2511999999999
 10
1462.2398999999998
 20
904.2512888888888
 97
0
 75
1
 76
1
 98
0
  0
HATCH
  5
9F
330
17
100
AcDbEntity
  8
FRAME
 62
7
420
0
100
AcDbHatch
 10
0.0
 20
0.0
 30
0.0
210
0.0
220
0.0
230
1.0
  2
SOLID
 70
1
 71
0
 91
1
 92
3
 72
0
 73
1
 93
4
 10
1462.2398999999998
 20
128.2544777777778
 10
1462.2398999999998
 20
104.2514777777778
 10
1502.2420777777775
 20
116.25438888888887
 10
1462.2398999999998
 20
128.2544777777778
 97
0
 75
1
 76
1
 98
0
  0
HATCH
  5
A0
330
17
100
AcDbEntity
  8
FRAME
 62
7
420
0
100
AcDbHatch
 10
0.0
 20
0.0
 30
0.0
210
0.0
220
0.0
230
1.0
  2
SOLID
 70
1
 71
0
 91
1
 92
3
 72
0
 73
1
 93
4
 10
1123.1202666666666
 20
144.25083333333336
 10
1099.1200888888889
 20
144.25083333333336
 10
1111.1201777777776
 20
104.25006666666671
 10
1123.1202666666666
 20
144.25083333333336
 97
0
 75
1
 76
1
 98
0
  0
HATCH
  5
A1
330
17
100
AcDbEntity
  8
FRAME
 62
7
420
0
100
AcDbHatch
 10
0.0
 20
0.0
 30
0.0
210
0.0
220
0.0
230
1.0
  2
SOLID
 70
1
 71
0
 91
1
 92
3
 72
0
 73
1
 93
4
 10
483.11928888888883
 20
144.25083333333336
 10
459.11911111111107
 20
144.25083333333336
 10
471.1192
 20
104.25006666666671
 10
483.11928888888883
 20
144.25083333333336
 97
0
 75
1
 76
1
 98
0
  0
HATCH
  5
A2
330
17
100
AcDbEntity
  8
FRAME
 62
7
420
0
100
AcDbHatch
 10
0.0
 20
0.0
 30
0.0
210
0.0
220
0.0
230
1.0
  2
SOLID
 70
1
 71
0
 91
1
 92
3
 72
0
 73
1
 93
4
 10
1099.1200888888889
 20
864.2491111111111
 10
1123.1202666666666
 20
864.2491111111111
 10
1111.1201777777776
 20
904.2498777777777
 10
1099.1200888888889
 20
864.2491111111111
 97
0
 75
1
 76
1
 98
0
  0
HATCH
  5
A3
330
17
100
AcDbEntity
  8
FRAME
 62
7
420
0
100
AcDbHatch
 10
0.0
 20
0.0
 30
0.0
210
0.0
220
0.0
230
1.0
  2
SOLID
 70
1
 71
0
 91
1
 92
3
 72
0
 73
1
 93
4
 10
459.11911111111107
 20
864.2491111111111
 10
483.11928888888883
 20
864.2491111111111
 10
471.1191999999999
 20
904.2498777777777
 10
459.11911111111107
 20
864.2491111111111
 97
0
 75
1
 76
1
 98
0
  0
HATCH
  5
A4
330
17
100
AcDbEntity
  8
FRAME
 62
7
420
16777215
100
AcDbHatch
 10
0.0
 20
0.0
 30
0.0
210
0.0
220
0.0
230
1.0
  2
SOLID
 70
1
 71
0
 91
1
 92
3
 72
0
 73
1
 93
4
 10
245.8000333333333
 20
64.25071111111116
 10
269.8002111111111
 20
64.25071111111116
 10
257.8001222222222
 20
104.2514777777778
 10
245.8000333333333
 20
64.25071111111116
 97
0
 75
1
 76
1
 98
0
  0
HATCH
  5
A5
330
17
100
AcDbEntity
  8
FRAME
 62
7
420
16777215
100
AcDbHatch
 10
0.0
 20
0.0
 30
0.0
210
0.0
220
0.0
230
1.0
  2
SOLID
 70
1
 71
0
 91
1
 92
3
 72
0
 73
1
 93
4
 10
269.8002111111111
 20
944.2492333333332
 10
245.79862222222218
 20
944.2492333333332
 10
257.80012222222217
 20
904.2484666666667
 10
269.8002111111111
 20
944.2492333333332
 97
0
 75
1
 76
1
 98
0
  0
HATCH
  5
A6
330
17
100
AcDbEntity
  8
FRAME
 62
7
420
16777215
100
AcDbHatch
 10
0.0
 20
0.0
 30
0.0
210
0.0
220
0.0
230
1.0
  2
SOLID
 70
1
 71
0
 91
1
 92
3
 72
0
 73
1
 93
4
 10
779.1210111111111
 20
64.25071111111116
 10
803.1211888888889
 20
64.25071111111116
 10
791.1211
 20
104.2514777777778
 10
779.1210111111111
 20
64.25071111111116
 97
0
 75
1
 76
1
 98
0
  0
HATCH
  5
A7
330
17
100
AcDbEntity
  8
FRAME
 62
7
420
16777215
100
AcDbHatch
 10
0.0
 20
0.0
 30
0.0
210
0.0
220
0.0
230
1.0
  2
SOLID
 70
1
 71
0
 91
1
 92
3
 72
0
 73
1
 93
4
 10
803.1211888888888
 20
944.2492333333332
 10
779.1195999999999
 20
944.2492333333332
 10
791.1210999999998
 20
904.2484666666667
 10
803.1211888888888
 20
944.2492333333332
 97
0
 75
1
 76
1
 98
0
  0
HATCH
  5
A8
330
17
100
AcDbEntity
  8
FRAME
 62
7
420
16777215
100
AcDbHatch
 10
0.0
 20
0.0
 30
0.0
210
0.0
220
0.0
230
1.0
  2
SOLID
 70
1
 71
0
 91
1
 92
3
 72
0
 73
1
 93
4
 10
1312.4405777777777
 20
64.25071111111116
 10
1336.4407555555556
 20
64.25071111111116
 10
1324.4406666666666
 20
104.2514777777778
 10
1312.4405777777777
 20
64.25071111111116
 97
0
 75
1
 76
1
 98
0
  0
HATCH
  5
A9
330
17
100
AcDbEntity
  8
FRAME
 62
7
420
16777215
100
AcDbHatch
 10
0.0
 20
0.0
 30
0.0
210
0.0
220
0.0
230
1.0
  2
SOLID
 70
1
 71
0
 91
1
 92
3
 72
0
 73
1
 93
4
 10
1336.4407555555554
 20
944.2492333333332
 10
1312.4391666666666
 20
944.2492333333332
 10
1324.4406666666664
 20
904.2484666666667
 10
1336.4407555555554
 20
944.2492333333332
 97
0
 75
1
 76
1
 98
0
  0
HATCH
  5
AA
330
17
100
AcDbEntity
  8
FRAME
 62
7
420
16777215
100
AcDbHatch
 10
0.0
 20
0.0
 30
0.0
210
0.0
220
0.0
230
1.0
  2
SOLID
 70
1
 71
0
 91
1
 92
3
 72
0
 73
1
 93
4
 10
39.99935555555555
 20
516.2493555555556
 10
39.99935555555555
 20
492.25058888888884
 10
80.00012222222222
 20
504.2492666666666
 10
39.99935555555555
 20
516.2493555555556
 97
0
 75
1
 76
1
 98
0
  0
HATCH
  5
AB
330
17
100
AcDbEntity
  8
FRAME
 62
7
420
16777215
100
AcDbHatch
 10
0.0
 20
0.0
 30
0.0
210
0.0
220
0.0
230
1.0
  2
SOLID
 70
1
 71
0
 91
1
 92
3
 72
0
 73
1
 93
4
 10
1542.2414333333331
 20
516.2507666666666
 10
1542.2414333333331
 20
492.25058888888884
 10
1502.2406666666664
 20
504.25067777777775
 10
1542.2414333333331
 20
516.2507666666666
 97
0
 75
1
 76
1
 98
0
  0
HATCH
  5
AC
330
17
100
AcDbEntity
  8
FRAME
 62
7
420
16777215
100
AcDbHatch
 10
0.0
 20
0.0
 30
0.0
210
0.0
220
0.0
230
1.0
  2
SOLID
 70
1
 71
0
 91
1
 92
3
 72
0
 73
1
 93
5
 10
987.2655444444442
 20
960.2498222222221
 10
594.9752444444445
 20
960.2498222222221
 10
594.9752444444445
 20
984.2499999999999
 10
987.2655444444442
 20
984.2499999999999
 10
987.2655444444442
 20
960.2498222222221
 97
0
 75
1
 76
1
 98
0
  0
TEXT
  5
AD
330
17
100
AcDbEntity
  8
LABELS
 62
250
100
AcDbText
 10
604.3283711111111
 20
966.5325122222222
 30
0.0
 40
16.93333333333333
  1
VALUES IN 100X LINES PER PICTURE HEIGHT
 11
604.3283711111111
 21
966.5325122222222
 31
0.0
100
AcDbText
  0
TEXT
  5
AE
330
17
100
AcDbEntity
  8
LABELS
 62
250
100
AcDbText
 10
370.70876666666663
 20
5.1159833333333165
 30
0.0
 40
16.93333333333333
  1
ISO 12233:2000-style chart  |  public vector geometry
 11
370.70876666666663
 21
5.1159833333333165
 31
0.0
100
AcDbText
  0
HATCH
  5
AF
330
17
100
AcDbEntity
  8
CENTER
 62
7
420
0
100
AcDbHatch
 10
0.0
 20
0.0
 30
0.0
210
0.0
220
0.0
230
1.0
  2
SOLID
 70
1
 71
0
 91
1
 92
3
 72
0
 73
1
 93
5
 10
751.1203333333332
 20
544.2500333333334
 10
751.1203333333332
 20
464.24991111111115
 10
831.1204555555554
 20
464.24991111111115
 10
831.1204555555554
 20
544.2500333333334
 10
751.1203333333332
 20
544.2500333333334
 97
0
 75
1
 76
1
 98
0
  0
HATCH
  5
B0
330
17
100
AcDbEntity
  8
CENTER
 62
7
420
16777215
100
AcDbHatch
 10
0.0
 20
0.0
 30
0.0
210
0.0
220
0.0
230
1.0
  2
SOLID
 70
1
 71
0
 91
1
 92
3
 72
0
 73
1
 93
52
 10
791.1210999999998
 20
473.4108444444444
 10
787.9679487955727
 20
473.5700543646918
 10
784.9058721354165
 20
474.03735297309026
 10
779.1169541666665
 20
475.8342293402777
 10
773.8783695312499
 20
478.677499717882
 10
769.3141416666664
 20
482.4431902777777
 10
765.5482940104165
 20
487.0073271918402
 10
762.7048499999997
 20
492.2459366319444
 10
760.9078330729166
 20
498.0350447699652
 10
760.4404920898436
 20
501.0972940294053
 10
760.2812666666665
 20
504.25067777777775
 10
760.4404769314234
 20
507.4037835069445
 10
760.9077779513888
 20
510.4657402777778
 10
762.7046736111108
 20
516.2542944444444
 10
765.5479963541665
 20
521.4925152777777
 10
769.3137888888887
 20
526.0565777777778
 10
768.7832111111109
 20
526.5871555555555
 10
766.9092555555555
 20
528.4611111111111
 10
762.7282435763888
 20
523.3939434027776
 10
761.013156532118
 20
520.571087282986
 10
759.5713013888887
 20
517.5782694444443
 10
758.4198925998263
 20
514.4326547309028
 10
757.5761446180555
 20
511.151407986111
 10
757.0572718967015
 20
507.7516940538194
 10
756.880488888889
 20
504.25067777777775
 10
757.057272241211
 20
500.7495857096355
 10
757.5761473741319
 20
497.3496719618056
 10
758.4199019015841
 20
494.06814271918404
 10
759.5713234374999
 20
490.9222041666667
 10
761.0131995958114
 20
487.9290624891493
 10
762.7283179904512
 20
485.1059238715278
 10
766.9094319444445
 20
480.0384805555555
 10
771.9769662109376
 20
475.8575236979166
 10
774.8001099962023
 20
474.1424931532118
 10
777.7932217013889
 20
472.70070277777774
 10
780.9390889404295
 20
471.5493587565105
 10
784.2204993272568
 20
470.7056672743056
 10
787.6202404758029
 20
470.18683451605904
 10
791.1211
 20
470.01006666666666
 10
794.6221769097222
 20
470.1868469184027
 10
798.0220506944446
 20
470.7057003472222
 10
801.3035234375001
 20
471.5493959635417
 10
804.4493972222224
 20
472.70070277777785
 10
807.4424741319446
 20
474.14238980034725
 10
810.26555625
 20
475.85722604166665
 10
815.3329444444445
 20
480.03742222222223
 10
812.9284111111112
 20
482.4419555555556
 10
808.3641281249999
 20
478.6769788194445
 10
803.1254222222221
 20
475.834075
 10
797.336382986111
 20
474.03733368055555
 10
794.274266362847
 20
473.57005195312496
 10
791.1210999999998
 20
473.4108444444444
 97
0
 75
1
 76
1
 98
0
  0
HATCH
  5
B1
330
17
100
AcDbEntity
  8
CENTER
 62
7
420
16777215
100
AcDbHatch
 10
0.0
 20
0.0
 30
0.0
210
0.0
220
0.0
230
1.0
  2
SOLID
 70
1
 71
0
 91
1
 92
3
 72
0
 73
1
 93
3
 10
769.3137888888888
 20
526.0565777777778
 10
768.7832111111111
 20
526.5871555555555
 10
769.3137888888888
 20
526.0565777777778
 97
0
 75
1
 76
1
 98
0
  0
HATCH
  5
B2
330
17
100
AcDbEntity
  8
CENTER
 62
7
420
16777215
100
AcDbHatch
 10
0.0
 20
0.0
 30
0.0
210
0.0
220
0.0
230
1.0
  2
SOLID
 70
1
 71
0
 91
1
 92
3
 72
0
 73
1
 93
3
 10
812.928411111111
 20
482.44336666666663
 10
815.3329444444444
 20
480.0388333333333
 10
812.928411111111
 20
482.44336666666663
 97
0
 75
1
 76
1
 98
0
  0
HATCH
  5
B3
330
17
100
AcDbEntity
  8
CENTER
 62
7
420
16777215
100
AcDbHatch
 10
0.0
 20
0.0
 30
0.0
210
0.0
220
0.0
230
1.0
  2
SOLID
 70
1
 71
0
 91
1
 92
3
 72
0
 73
1
 93
36
 10
791.1210999999998
 20
481.0110888888889
 10
786.4372804687499
 20
481.4832102864583
 10
782.0747312499998
 20
482.8372871527778
 10
778.1269164062497
 20
484.97988849826396
 10
774.6872999999997
 20
487.81758333333335
 10
771.8493460937497
 20
491.25694066840276
 10
769.7065187499998
 20
495.204529513889
 10
768.3522820312497
 20
499.5669188802084
 10
767.8800999999999
 20
504.25067777777775
 10
768.3523812499998
 20
508.9343760416667
 10
769.7067833333331
 20
513.2966055555555
 10
771.8496437499998
 20
517.2439684027778
 10
774.6872999999997
 20
520.6830666666666
 10
774.2808999999997
 20
521.0880555555555
 10
771.8848333333331
 20
523.482711111111
 10
768.5643345486109
 20
519.4573402777777
 10
766.0567680555553
 20
514.837186111111
 10
764.471803645833
 20
509.73178611111103
 10
763.9191111111109
 20
504.2506777777777
 10
764.4717209635415
 20
498.76880876736107
 10
766.0566357638887
 20
493.66311111111105
 10
768.5644833767359
 20
489.0429238715277
 10
771.8858916666665
 20
485.01758611111103
 10
775.9114884982637
 20
481.696436892361
 10
780.5319017361109
 20
479.18881527777773
 10
785.6377592447915
 20
477.60406032986106
 10
791.1196888888886
 20
477.05151111111104
 10
796.601613020833
 20
477.6040272569444
 10
801.7074319444442
 20
479.18881527777773
 10
806.3277404513885
 20
481.69673454861095
 10
810.3531333333331
 20
485.0186444444444
 10
807.5534888888885
 20
487.8182888888888
 10
804.1143906249997
 20
484.9800373263888
 10
800.1670277777778
 20
482.83724305555546
 10
795.8047982638888
 20
481.48317170138887
 10
791.1210999999998
 20
481.0110888888889
 97
0
 75
1
 76
1
 98
0
  0
HATCH
  5
B4
330
17
100
AcDbEntity
  8
CENTER
 62
7
420
16777215
100
AcDbHatch
 10
0.0
 20
0.0
 30
0.0
210
0.0
220
0.0
230
1.0
  2
SOLID
 70
1
 71
0
 91
1
 92
3
 72
0
 73
1
 93
3
 10
774.6872999999999
 20
520.6830666666666
 10
774.2808999999999
 20
521.0880555555555
 10
774.6872999999999
 20
520.6830666666666
 97
0
 75
1
 76
1
 98
0
  0
HATCH
  5
B5
330
17
100
AcDbEntity
  8
CENTER
 62
7
420
16777215
100
AcDbHatch
 10
0.0
 20
0.0
 30
0.0
210
0.0
220
0.0
230
1.0
  2
SOLID
 70
1
 71
0
 91
1
 92
3
 72
0
 73
1
 93
3
 10
807.5534888888889
 20
487.8182888888888
 10
810.3531333333334
 20
485.0186444444444
 10
807.5534888888889
 20
487.8182888888888
 97
0
 75
1
 76
1
 98
0
  0
HATCH
  5
B6
330
17
100
AcDbEntity
  8
CENTER
 62
7
420
16777215
100
AcDbHatch
 10
0.0
 20
0.0
 30
0.0
210
0.0
220
0.0
230
1.0
  2
SOLID
 70
1
 71
0
 91
1
 92
3
 72
0
 73
1
 93
37
 10
800.9635999999999
 20
494.4053555555555
 10
798.9035982638887
 20
492.70655416666654
 10
796.539061111111
 20
491.4236777777777
 10
793.9258156249999
 20
490.6128180555555
 10
791.1196888888887
 20
490.33006666666665
 10
788.3143173177082
 20
490.61278222656244
 10
785.7013309027777
 20
491.4236557291667
 10
783.3367220920138
 20
492.70677740885424
 10
781.2764833333332
 20
494.40623750000003
 10
779.5766070746527
 20
496.4661262369791
 10
778.2930857638888
 20
498.8305338541666
 10
777.4819118489581
 20
501.44355058593743
 10
777.1990777777777
 20
504.2492666666666
 10
777.4818732638888
 20
507.0545776041666
 10
778.2930416666666
 20
509.66740416666653
 10
779.5767559027777
 20
512.0317869791666
 10
781.2771888888888
 20
514.0917666666667
 10
778.9911888888887
 20
516.3777666666666
 10
777.7691666666665
 20
517.5997888888888
 10
775.463830034722
 20
514.8057668402777
 10
773.7229819444442
 20
511.59886249999994
 10
772.6226901041666
 20
508.0551435763889
 10
772.2390222222222
 20
504.25067777777775
 10
772.6225853732637
 20
500.4446410156249
 10
773.7226732638889
 20
496.9002440972222
 10
775.4633835503472
 20
493.69325707465276
 10
777.7688138888889
 20
490.8994499999999
 10
780.5630619357638
 20
488.5945929253471
 10
783.7702253472221
 20
486.8544559027777
 10
787.3144017795139
 20
485.75480898437496
 10
791.1196888888887
 20
485.3714222222222
 10
794.9249704861112
 20
485.7548916666666
 10
798.4691083333332
 20
486.8548527777778
 10
801.6761670138886
 20
488.5956347222222
 10
804.470211111111
 20
490.9015666666666
 10
801.6098888888887
 20
493.76047777777774
 10
800.9635999999999
 20
494.4053555555555
 97
0
 75
1
 76
1
 98
0
  0
HATCH
  5
B7
330
17
100
AcDbEntity
  8
CENTER
 62
7
420
16777215
100
AcDbHatch
 10
0.0
 20
0.0
 30
0.0
210
0.0
220
0.0
230
1.0
  2
SOLID
 70
1
 71
0
 91
1
 92
3
 72
0
 73
1
 93
3
 10
801.6098888888889
 20
493.7590666666666
 10
804.4702111111112
 20
490.9001555555555
 10
801.6098888888889
 20
493.7590666666666
 97
0
 75
1
 76
1
 98
0
  0
HATCH
  5
B8
330
17
100
AcDbEntity
  8
CENTER
 62
7
420
16777215
100
AcDbHatch
 10
0.0
 20
0.0
 30
0.0
210
0.0
220
0.0
230
1.0
  2
SOLID
 70
1
 71
0
 91
1
 92
3
 72
0
 73
1
 93
3
 10
777.7705777777778
 20
517.5997888888888
 10
778.9925999999999
 20
516.3777666666666
 10
777.7705777777778
 20
517.5997888888888
 97
0
 75
1
 76
1
 98
0
  0
HATCH
  5
B9
330
17
100
AcDbEntity
  8
CENTER
 62
7
420
16777215
100
AcDbHatch
 10
0.0
 20
0.0
 30
0.0
210
0.0
220
0.0
230
1.0
  2
SOLID
 70
1
 71
0
 91
1
 92
3
 72
0
 73
1
 93
15
 10
783.1200999999999
 20
504.2492666666666
 10
783.2826781901041
 20
502.6365651041665
 10
783.7489484375
 20
501.13459166666655
 10
785.4637791666667
 20
498.5914166666666
 10
788.0070203125
 20
496.87691666666655
 10
789.5088035807291
 20
496.41078697916646
 10
791.1210999999998
 20
496.24826666666655
 10
792.7330960069444
 20
496.41089722222216
 10
794.2348930555554
 20
496.8772694444443
 10
796.7782444444443
 20
498.59212222222214
 10
791.1210999999998
 20
504.2492666666666
 10
785.4639555555553
 20
509.9064111111111
 10
783.7491027777777
 20
507.3635888888888
 10
783.2827305555554
 20
505.8618579861111
 10
783.1200999999999
 20
504.2492666666666
 97
0
 75
1
 76
1
 98
0
  0
HATCH
  5
BA
330
17
100
AcDbEntity
  8
CENTER
 62
7
420
16777215
100
AcDbHatch
 10
0.0
 20
0.0
 30
0.0
210
0.0
220
0.0
230
1.0
  2
SOLID
 70
1
 71
0
 91
1
 92
3
 72
0
 73
1
 93
3
 10
785.4639555555556
 20
509.9064111111111
 10
791.1211
 20
504.2492666666666
 10
785.4639555555556
 20
509.9064111111111
 97
0
 75
1
 76
1
 98
0
  0
HATCH
  5
BB
330
17
100
AcDbEntity
  8
CENTER
 62
7
420
16777215
100
AcDbHatch
 10
0.0
 20
0.0
 30
0.0
210
0.0
220
0.0
230
1.0
  2
SOLID
 70
1
 71
0
 91
1
 92
3
 72
0
 73
1
 93
67
 10
816.9712444444444
 20
478.3991222222222
 10
819.331110047743
 20
480.9951284505209
 10
821.4359338541667
 20
483.8094324652778
 10
823.2673438585069
 20
486.82366226128477
 10
824.8069680555554
 20
490.0194458333334
 10
826.0364344401042
 20
493.37841117621525
 10
826.9373710069445
 20
496.8821862847222
 10
827.4914057508681
 20
500.5123991536458
 10
827.6801666666667
 20
504.25067777777775
 10
827.4914219428168
 20
507.9885078504774
 10
826.9374343967013
 20
511.6184251302083
 10
826.0365739664712
 20
515.1220452094184
 10
824.8072105902777
 20
518.4809836805555
 10
823.2677142062714
 20
521.6768561360676
 10
821.436454752604
 20
524.6912781684027
 10
819.3318021674262
 20
527.5058653700087
 10
816.9721263888889
 20
530.1022333333333
 10
814.3757973551433
 20
532.4619976508246
 10
811.5611850043402
 20
534.5667739149305
 10
808.5466592746311
 20
536.398177718099
 10
805.3505901041666
 20
537.9378246527777
 10
801.9913474310981
 20
539.1673303114148
 10
798.4873011935765
 20
540.0683102864583
 10
794.8568213297527
 20
540.6223801703558
 10
791.1182777777778
 20
540.8111555555555
 10
787.3804649305557
 20
540.6223973958333
 10
783.7506020833335
 20
540.0683819444444
 10
780.2470777777779
 20
539.1674977430555
 10
776.8882805555556
 20
537.9381333333333
 10
773.6925989583334
 20
536.3986772569444
 10
770.6784215277778
 20
534.5675180555555
 10
767.8641368055556
 20
532.4630442708333
 10
765.2681333333335
 20
530.1036444444444
 10
765.8057666666667
 20
529.566011111111
 10
768.3479935763892
 20
531.8765925564236
 10
771.1038715277779
 20
533.9375230902778
 10
774.0554088541668
 20
535.7307945095486
 10
777.184613888889
 20
537.238398611111
 10
780.4734949652777
 20
538.4423271918401
 10
783.9040604166669
 20
539.3245720486111
 10
787.458318576389
 20
539.8671249782985
 10
791.1182777777778
 20
540.0519777777778
 10
794.7789814643014
 20
539.8671397922091
 10
798.3338869574654
 20
539.3246244140624
 10
801.7650046576608
 20
538.4424295111762
 10
805.054344965278
 20
537.2385529513889
 10
808.1839182807076
 20
535.7309926025391
 10
811.1357350043405
 20
533.9377463324653
 10
813.891805536567
 20
531.8768120090061
 10
816.4341402777778
 20
529.5661875
 10
818.7447496283637
 20
527.0238706732855
 10
820.8056439887152
 20
524.2678593967014
 10
822.5988337592231
 20
521.3161515380858
 10
824.1063293402779
 20
518.1867449652777
 10
825.31014113227
 20
514.8976375461154
 10
826.1922795355904
 20
511.46682714843746
 10
826.7347549506293
 20
507.9123116400824
 10
826.9195777777778
 20
504.2520888888888
 10
826.7347249782987
 20
500.5916639105903
 10
826.1921720486112
 20
497.0370557291667
 10
825.3099271918403
 20
493.60623947482634
 10
824.105998611111
 20
490.3171902777778
 10
822.5983945095484
 20
487.1878832682291
 10
820.8051230902776
 20
484.23629357638873
 10
818.7441925564236
 20
481.48039633246515
 10
816.4336111111111
 20
478.9381666666666
 10
816.9712444444444
 20
478.3991222222222
 97
0
 75
1
 76
1
 98
0
  0
HATCH
  5
BC
330
17
100
AcDbEntity
  8
CENTER
 62
7
420
16777215
100
AcDbHatch
 10
0.0
 20
0.0
 30
0.0
210
0.0
220
0.0
230
1.0
  2
SOLID
 70
1
 71
0
 91
1
 92
3
 72
0
 73
1
 93
63
 10
815.8959777777776
 20
479.4743888888889
 10
818.1576802083334
 20
481.9624368489583
 10
820.174907638889
 20
484.65973715277784
 10
821.9300652777778
 20
487.5486619357639
 10
823.4055583333333
 20
490.6115833333334
 10
824.5837920138887
 20
493.83087348090294
 10
825.4471715277776
 20
497.188904513889
 10
825.9781020833332
 20
500.6680485677084
 10
826.1589888888888
 20
504.25067777777775
 10
825.9781031168619
 20
507.8330765109592
 10
825.4471797960068
 20
511.3120624348959
 10
824.5838199191622
 20
514.6700138861762
 10
823.4056244791666
 20
517.8893092013889
 10
821.9301944688583
 20
520.9523267171223
 10
820.1751308810763
 20
523.8414447699653
 10
818.158034708659
 20
526.539041696506
 10
815.8965069444445
 20
529.0274958333333
 10
813.4081485812715
 20
531.2891855170357
 10
810.7105606119792
 20
533.3064890842014
 10
807.8213440294054
 20
535.0617848714193
 10
804.7580998263888
 20
536.5374512152778
 10
801.5384289957682
 20
537.7158664523655
 10
798.1799325303818
 20
538.5794089192708
 10
794.7002114230686
 20
539.1104569525825
 10
791.1168666666666
 20
539.2913888888888
 10
787.5342953342014
 20
539.1105048394097
 10
784.0552918402777
 20
538.5795935763889
 10
780.6974344401041
 20
537.7162664279513
 10
777.4783013888889
 20
536.5381347222223
 10
774.4154709418403
 20
535.0628097873264
 10
771.5265213541667
 20
533.3079029513889
 10
768.8290308810764
 20
531.2910255425346
 10
766.3405777777778
 20
529.0297888888889
 10
766.9022
 20
528.4681666666667
 10
771.9685078125001
 20
532.6473265624999
 10
774.7910083984376
 20
534.361686002604
 10
777.7834541666667
 20
535.8029458333333
 10
780.9286306640626
 20
536.9538916015625
 10
784.2093234375001
 20
537.7973088541667
 10
787.6083180338542
 20
538.3159831380208
 10
791.1084
 20
538.4926999999999
 10
794.6099571560328
 20
538.3159166476779
 10
798.0102161024305
 20
537.7970415147569
 10
801.2919830566407
 20
536.9532869873046
 10
804.438064236111
 20
535.8018654513888
 10
807.4312658582899
 20
534.3599892930772
 10
810.2543941406249
 20
532.6448708984376
 10
815.3216555555555
 20
528.4637569444444
 10
819.5022982204861
 20
523.3962226779513
 10
821.2171530653212
 20
520.5730788926867
 10
822.658771875
 20
517.5799671875
 10
823.8099608669703
 20
514.4340999484591
 10
824.6535262586805
 20
511.1526895616319
 10
825.1722742675781
 20
507.7529484130859
 10
825.349011111111
 20
504.2520888888888
 10
825.1723521267361
 20
500.75200416666667
 10
824.6538184027778
 20
497.35299027777774
 10
823.8105747829861
 20
494.07224513888883
 10
822.6597861111111
 20
490.92696666666654
 10
821.2186172309026
 20
487.93435277777775
 10
819.504232986111
 20
485.11160138888886
 10
815.3244777777777
 20
480.0444777777777
 10
815.8959777777776
 20
479.4743888888889
 97
0
 75
1
 76
1
 98
0
  0
HATCH
  5
BD
330
17
100
AcDbEntity
  8
CENTER
 62
7
420
16777215
100
AcDbHatch
 10
0.0
 20
0.0
 30
0.0
210
0.0
220
0.0
230
1.0
  2
SOLID
 70
1
 71
0
 91
1
 92
3
 72
0
 73
1
 93
51
 10
814.7656777777778
 20
480.60468888888886
 10
818.8493671875001
 20
485.5532791666667
 10
821.9325347222223
 20
491.2331777777777
 10
823.0569615234374
 20
494.3053651041665
 10
823.8809043402778
 20
497.5099763888888
 10
824.3875786675346
 20
500.8302105902777
 10
824.5602
 20
504.2492666666666
 10
824.3875648871528
 20
507.6681218939886
 10
823.8808602430555
 20
510.9882730685763
 10
823.0568871093749
 20
514.1929046793618
 10
821.9324465277778
 20
517.2652012152777
 10
818.8493671875001
 20
522.9455270182291
 10
814.7660305555556
 20
527.8947263888888
 10
809.8168449652777
 20
531.9782752387151
 10
804.13621875
 20
535.0616494791666
 10
801.0636180121529
 20
536.1862323432074
 10
797.8585602430555
 20
537.0103250217013
 10
794.537846484375
 20
537.5171120035807
 10
791.1182777777778
 20
537.6897777777776
 10
787.6992217013888
 20
537.5171592013887
 10
784.3789875
 20
537.0105041666666
 10
781.1743762152778
 20
536.1866137152776
 10
778.1021888888889
 20
535.0622888888887
 10
772.4222902777777
 20
531.9795402777778
 10
767.4737000000001
 20
527.8966666666665
 10
768.067777777778
 20
527.3025888888887
 10
772.8917713541667
 20
531.2828041666667
 10
778.4286847222223
 20
534.2882944444444
 10
781.4235172526044
 20
535.3845072916666
 10
784.5474168402781
 20
536.1878263888888
 10
787.7839958550347
 20
536.6818475694444
 10
791.1168666666667
 20
536.8501666666666
 10
794.4507317328561
 20
536.6818451578775
 10
797.6881851128473
 20
536.1878070963542
 10
800.8128515787762
 20
535.3844421793619
 10
803.8083559027779
 20
534.2881401041667
 10
809.3463772135418
 20
531.2822832682291
 10
814.1712472222224
 20
527.3013541666667
 10
818.1519641059031
 20
522.4764703776041
 10
821.157526041667
 20
516.9387494791666
 10
822.2536858344187
 20
513.9435493570961
 10
823.0569312065975
 20
510.81930904947905
 10
823.5508869303388
 20
507.5824182535806
 10
823.719177777778
 20
504.2492666666666
 10
823.5509165581598
 20
500.9159300781249
 10
823.0570359375001
 20
497.67900104166654
 10
822.2538904730902
 20
494.55485065104153
 10
821.1578347222224
 20
491.5598499999999
 10
818.152410590278
 20
486.02278229166654
 10
814.1716000000002
 20
481.19876666666664
 10
814.7656777777778
 20
480.60468888888886
 97
0
 75
1
 76
1
 98
0
  0
HATCH
  5
BE
330
17
100
AcDbEntity
  8
CENTER
 62
7
420
16777215
100
AcDbHatch
 10
0.0
 20
0.0
 30
0.0
210
0.0
220
0.0
230
1.0
  2
SOLID
 70
1
 71
0
 91
1
 92
3
 72
0
 73
1
 93
43
 10
813.5775222222222
 20
481.79284444444437
 10
817.4556744791668
 20
486.49310121527765
 10
820.3838402777777
 20
491.88775694444433
 10
822.2343581597221
 20
497.8494147569444
 10
822.7156049262152
 20
501.003057921007
 10
822.8795666666666
 20
504.25067777777775
 10
822.7156207736545
 20
507.4981098768446
 10
822.2344187934027
 20
510.65169550781246
 10
820.3840607638888
 20
516.6134883680555
 10
817.4561209635416
 20
522.0083783637151
 10
813.5782277777778
 20
526.7086875
 10
808.8780095920139
 20
530.586737782118
 10
803.4830947916666
 20
533.5148512152778
 10
797.5211117621528
 20
535.3653498046875
 10
794.367353531901
 20
535.8465941596137
 10
791.119688888889
 20
536.0105555555556
 10
787.8724769314238
 20
535.8465938151041
 10
784.7190432291667
 20
535.3653470486112
 10
778.7574736111111
 20
533.5148291666666
 10
773.3629060763889
 20
530.5866633680555
 10
768.6632666666667
 20
526.7085111111111
 10
769.2841555555557
 20
526.0876222222222
 10
773.854016840278
 20
529.8575598958333
 10
779.0989625000002
 20
532.7044986111111
 10
784.8950352430558
 20
534.5039519097222
 10
787.9610076171876
 20
534.9719695095487
 10
791.1182777777778
 20
535.1314333333333
 10
794.2760901963977
 20
534.9720122287326
 10
797.3426172309029
 20
534.5040952256944
 10
803.1397538194445
 20
532.7048513888889
 10
808.3855648871528
 20
529.8578575520833
 10
812.9559277777779
 20
526.0872694444445
 10
816.7267198350694
 20
521.5172427951389
 10
819.5738184027779
 20
516.2719333333333
 10
821.3731008246527
 20
510.4754967881944
 10
821.8410226508247
 20
507.4094045247396
 10
822.0004444444445
 20
504.2520888888889
 10
821.841038498264
 20
501.0948159722222
 10
821.3731614583335
 20
498.0288243055556
 10
819.5740388888889
 20
492.2325972222222
 10
816.7271663194444
 20
486.98723263888894
 10
812.9566333333335
 20
482.4165555555556
 10
813.5775222222222
 20
481.79284444444437
 97
0
 75
1
 76
1
 98
0
  0
HATCH
  5
BF
330
17
100
AcDbEntity
  8
CENTER
 62
7
420
16777215
100
AcDbHatch
 10
0.0
 20
0.0
 30
0.0
210
0.0
220
0.0
230
1.0
  2
SOLID
 70
1
 71
0
 91
1
 92
3
 72
0
 73
1
 93
35
 10
812.3046999999999
 20
483.0656666666666
 10
815.9628732638887
 20
487.5001715277777
 10
818.7249027777775
 20
492.58925555555544
 10
820.4704031249998
 20
498.21279791666655
 10
821.0789888888887
 20
504.2506777777777
 10
820.4704031249998
 20
510.2887009548611
 10
818.7249027777775
 20
515.9124527777777
 10
815.9628732638887
 20
521.0014816840277
 10
812.3046999999999
 20
525.4353361111109
 10
807.8707684027778
 20
529.0935644965276
 10
802.7814638888889
 20
531.8557152777777
 10
797.1571718749999
 20
533.601336892361
 10
791.1182777777777
 20
534.2099777777777
 10
785.0804199652779
 20
533.6013920138888
 10
779.4570319444446
 20
531.8558916666666
 10
774.3683668402778
 20
529.0938621527777
 10
769.9346777777778
 20
525.4356888888888
 10
770.5852
 20
524.7851666666666
 10
774.8827168402779
 20
528.3309802083332
 10
779.815101388889
 20
531.0081666666665
 10
785.2658046875
 20
532.7000447916665
 10
791.1182777777778
 20
533.2899333333331
 10
796.9718477864585
 20
532.6999290364582
 10
802.4236149305558
 20
531.0077697916664
 10
807.356864887153
 20
528.3302360677081
 10
811.6548833333336
 20
524.7841083333332
 10
815.2009559461807
 20
520.4861670572916
 10
817.8783684027779
 20
515.5531927083333
 10
819.5704063802084
 20
510.1019657552082
 10
820.1603555555556
 20
504.24926666666653
 10
819.570268576389
 20
498.3967935763887
 10
817.8780597222222
 20
492.9460902777776
 10
815.2008071180555
 20
488.0137057291665
 10
811.6555888888889
 20
483.7161888888888
 10
812.3046999999999
 20
483.0656666666666
 97
0
 75
1
 76
1
 98
0
  0
HATCH
  5
C0
330
17
100
AcDbEntity
  8
CENTER
 62
7
420
16777215
100
AcDbHatch
 10
0.0
 20
0.0
 30
0.0
210
0.0
220
0.0
230
1.0
  2
SOLID
 70
1
 71
0
 91
1
 92
3
 72
0
 73
1
 93
35
 10
811.0036555555555
 20
484.3667111111111
 10
814.4373298611109
 20
488.5274604166666
 10
817.0301583333332
 20
493.30363055555546
 10
818.6688993055553
 20
498.58197986111105
 10
819.2403111111109
 20
504.2492666666666
 10
818.6690591579861
 20
509.9161758897569
 10
817.0306434027776
 20
515.1945279513889
 10
814.438074001736
 20
519.9711969401042
 10
811.0043611111109
 20
524.1330569444443
 10
806.8425148871526
 20
527.5669820529513
 10
802.0655454861109
 20
530.1598463541666
 10
796.7864630642358
 20
531.7985239366319
 10
791.1182777777777
 20
532.3698888888888
 10
785.4511894097221
 20
531.7986975694444
 10
780.1731708333332
 20
530.1604416666667
 10
775.3970668402777
 20
527.5680982638888
 10
771.2357222222221
 20
524.1346444444443
 10
771.9426888888887
 20
523.4276777777777
 10
775.9562637152775
 20
526.7392909722222
 10
780.5626374999998
 20
529.2396916666665
 10
785.6529342013888
 20
530.8198715277778
 10
791.1182777777777
 20
531.3708222222222
 10
796.5845970052083
 20
530.8198742838541
 10
801.6756378472221
 20
529.2397137152777
 10
806.2824250434027
 20
526.7393653862847
 10
810.2959833333333
 20
523.4278541666666
 10
813.6073374565972
 20
519.4142049262152
 10
816.1075121527778
 20
514.8074425347222
 10
817.6875321614584
 20
509.71659186197917
 10
818.2384222222222
 20
504.25067777777775
 10
817.6874715277778
 20
498.7845404513889
 10
816.1072916666667
 20
493.6939791666667
 10
813.6068909722222
 20
489.08786996527783
 10
810.2952777777778
 20
485.0750888888889
 10
811.0036555555555
 20
484.3667111111111
 97
0
 75
1
 76
1
 98
0
  0
HATCH
  5
C1
330
17
100
AcDbEntity
  8
CENTER
 62
7
420
16777215
100
AcDbHatch
 10
0.0
 20
0.0
 30
0.0
210
0.0
220
0.0
230
1.0
  2
SOLID
 70
1
 71
0
 91
1
 92
3
 72
0
 73
1
 93
35
 10
809.5911333333332
 20
485.7806444444444
 10
812.7806854166666
 20
489.64625104166663
 10
815.1886583333331
 20
494.08256388888884
 10
816.7102770833333
 20
498.9850725694444
 10
817.2407666666667
 20
504.2492666666667
 10
816.7101723524306
 20
509.5133753255209
 10
815.1883496527779
 20
514.4163442708334
 10
812.7802389322918
 20
518.8531504557292
 10
809.5907805555556
 20
522.7187708333335
 10
805.724914887153
 20
525.9081823567709
 10
801.2875822916668
 20
528.3163619791667
 10
796.3837231336805
 20
529.8382866536459
 10
791.1182777777777
 20
530.3689333333333
 10
785.8547010416667
 20
529.8382453125
 10
780.9522805555555
 20
528.3162958333334
 10
776.5160559027776
 20
525.9082567708333
 10
772.6510666666666
 20
522.7193
 10
773.3862555555554
 20
521.9841111111111
 10
777.0976762152776
 20
525.0464868055557
 10
781.3574458333331
 20
527.3590333333334
 10
786.0646258680555
 20
528.8206798611111
 10
791.1182777777777
 20
529.3303555555556
 10
796.1736770399305
 20
528.8207818359375
 10
800.8819760416666
 20
527.3593199652778
 10
805.1424016059026
 20
525.0468588758681
 10
808.8541805555554
 20
521.9842875
 10
811.9165397135417
 20
518.2724947699652
 10
814.2287059027777
 20
514.0123696180555
 10
815.6899059461804
 20
509.30480097656243
 10
816.1993666666666
 20
504.25067777777775
 10
815.6899114583332
 20
499.1961880208333
 10
814.2287499999999
 20
494.48843472222217
 10
811.9166885416665
 20
490.2280918402777
 10
808.8545333333332
 20
486.5158333333333
 10
809.5911333333332
 20
485.7806444444444
 97
0
 75
1
 76
1
 98
0
  0
HATCH
  5
C2
330
17
100
AcDbEntity
  8
CENTER
 62
7
420
16777215
100
AcDbHatch
 10
0.0
 20
0.0
 30
0.0
210
0.0
220
0.0
230
1.0
  2
SOLID
 70
1
 71
0
 91
1
 92
3
 72
0
 73
1
 93
36
 10
774.9695222222222
 20
520.4008444444444
 10
778.3496184027779
 20
523.1896189236111
 10
782.2289833333333
 20
525.2951069444443
 10
786.5158065972222
 20
526.6256303819445
 10
791.1182777777777
 20
527.089511111111
 10
795.7222014105902
 20
526.6254622612847
 10
800.0101960069443
 20
525.2945557291666
 10
803.8904346137151
 20
523.1886515407986
 10
807.2710902777776
 20
520.3996097222222
 10
810.0603360460068
 20
517.0192902994792
 10
812.1663449652776
 20
513.1395532986111
 10
813.4972900824652
 20
508.85225874565964
 10
813.9613444444443
 20
504.2492666666667
 10
813.4972652777776
 20
499.6459796875
 10
812.166411111111
 20
495.3587375000001
 10
810.0608569444443
 20
491.4792182291667
 10
807.2726777777776
 20
488.0991
 10
808.0911222222221
 20
487.2806555555556
 10
811.0217354166665
 20
490.83193715277787
 10
813.2342694444443
 20
494.9084166666667
 10
814.632415972222
 20
499.4135211805556
 10
815.1198666666666
 20
504.2506777777778
 10
814.6323691189235
 20
509.08744576822926
 10
813.2341592013888
 20
513.5924758680555
 10
811.0216610026042
 20
517.6692447699654
 10
808.0912986111109
 20
521.2212291666667
 10
804.5394961154512
 20
524.1519057508682
 10
800.4626776041664
 20
526.3647512152778
 10
795.9572671657984
 20
527.7632422526042
 10
791.1196888888887
 20
528.2508555555556
 10
786.2833480902776
 20
527.7632064236112
 10
781.7786624999998
 20
526.3647291666667
 10
777.7023373263887
 20
524.1521289930556
 10
774.1510777777777
 20
521.2221111111112
 10
775.0598333333332
 20
520.4022555555556
 10
774.9695222222222
 20
520.4008444444444
 97
0
 75
1
 76
1
 98
0
  0
HATCH
  5
C3
330
17
100
AcDbEntity
  8
CENTER
 62
7
420
16777215
100
AcDbHatch
 10
0.0
 20
0.0
 30
0.0
210
0.0
220
0.0
230
1.0
  2
SOLID
 70
1
 71
0
 91
1
 92
3
 72
0
 73
1
 93
35
 10
806.4203666666666
 20
488.94999999999993
 10
809.0627824652778
 20
492.15174496527766
 10
811.0581597222222
 20
495.82722638888885
 10
812.3193182291665
 20
499.88926406249993
 10
812.7590777777777
 20
504.25067777777775
 10
812.3194780815973
 20
508.6116532769097
 10
811.0586447916666
 20
512.6735338541665
 10
809.0635266059029
 20
516.3492881293402
 10
806.4210722222222
 20
519.5518847222222
 10
803.2182303385416
 20
522.1942922526041
 10
799.5419496527777
 20
524.1894793402777
 10
795.4791788628472
 20
525.4504146050347
 10
791.1168666666666
 20
525.8900666666666
 10
786.7564671875001
 20
525.4505276041666
 10
782.6951791666667
 20
524.1898541666666
 10
779.0199182291665
 20
522.1949619791666
 10
775.8176
 20
519.5527666666667
 10
776.6939
 20
518.6764666666667
 10
779.7128840277777
 20
521.1673423611112
 10
783.1779555555555
 20
523.0480888888889
 10
787.0070937499997
 20
524.2366854166667
 10
791.1182777777777
 20
524.651111111111
 10
795.2299275824653
 20
524.2366826605903
 10
799.0594157986112
 20
523.0480668402777
 10
802.5247381293401
 20
521.1672679470486
 10
805.5438902777776
 20
518.6762902777778
 10
808.0348679470484
 20
515.6571381293402
 10
809.9156668402776
 20
512.1918157986111
 10
811.1042826605901
 20
508.36232758246524
 10
811.518711111111
 20
504.25067777777775
 10
811.1042854166665
 20
500.13949374999993
 10
809.9156888888887
 20
496.31035555555553
 10
808.034942361111
 20
492.8452840277778
 10
805.5440666666665
 20
489.8263
 10
806.4203666666666
 20
488.94999999999993
 97
0
 75
1
 76
1
 98
0
  0
HATCH
  5
C4
330
17
100
AcDbEntity
  8
CENTER
 62
7
420
16777215
100
AcDbHatch
 10
0.0
 20
0.0
 30
0.0
210
0.0
220
0.0
230
1.0
  2
SOLID
 70
1
 71
0
 91
1
 92
3
 72
0
 73
1
 93
35
 10
804.6113222222222
 20
490.7590444444444
 10
806.9405815972221
 20
493.58287621527774
 10
808.699663888889
 20
496.8238236111111
 10
809.8115753472222
 20
500.40528975694434
 10
810.1993222222222
 20
504.2506777777777
 10
809.8117241753472
 20
508.096115407986
 10
808.7000607638887
 20
511.67766423611096
 10
806.941028081597
 20
514.9186281684026
 10
804.6113222222222
 20
517.742311111111
 10
801.7876392795139
 20
520.0720169704861
 10
798.5466753472222
 20
521.8310496527777
 10
794.9651265190972
 20
522.9427130642359
 10
791.119688888889
 20
523.330311111111
 10
787.2743008680554
 20
522.942762673611
 10
783.6928347222222
 20
521.8311819444443
 10
780.4518873263889
 20
520.072165798611
 10
777.6280555555555
 20
517.742311111111
 10
778.6186555555555
 20
516.751711111111
 10
781.2349217013889
 20
518.9110638888889
 10
784.2378763888888
 20
520.54125
 10
787.5564789930555
 20
521.5713611111112
 10
791.119688888889
 20
521.9304888888888
 10
794.6833645616318
 20
521.5712646484375
 10
798.0023171875
 20
520.5410074652777
 10
801.0055226779515
 20
518.9108406467013
 10
803.6219569444445
 20
516.7518875
 10
805.7805958984377
 20
514.1352713324652
 10
807.410415451389
 20
511.13211545138887
 10
808.440391514757
 20
507.8135431640625
 10
808.7995000000001
 20
504.25067777777775
 10
808.4403942708333
 20
500.68726944444444
 10
807.4104374999998
 20
497.36833611111115
 10
805.7806703124999
 20
494.3653152777777
 10
803.6221333333334
 20
491.74964444444447
 10
804.6113222222222
 20
490.7590444444444
 97
0
 75
1
 76
1
 98
0
  0
HATCH
  5
C5
330
17
100
AcDbEntity
  8
CENTER
 62
7
420
16777215
100
AcDbHatch
 10
0.0
 20
0.0
 30
0.0
210
0.0
220
0.0
230
1.0
  2
SOLID
 70
1
 71
0
 91
1
 92
3
 72
0
 73
1
 93
35
 10
802.5454555555555
 20
492.824911111111
 10
804.519048784722
 20
495.21621527777774
 10
806.0088513888887
 20
497.96100277777776
 10
806.9501727430554
 20
500.9941861111111
 10
807.2783222222222
 20
504.2506777777777
 10
806.9500184027777
 20
507.50718046874994
 10
806.0084104166665
 20
510.5404409722222
 10
804.5184534722222
 20
513.2854379340278
 10
802.5451027777777
 20
515.67715
 10
800.1533135416665
 20
517.6505558159721
 10
797.408040972222
 20
519.1406340277777
 10
794.3742402777779
 20
520.0823632812499
 10
791.1168666666666
 20
520.4107222222221
 10
787.8603749999999
 20
520.0823743055555
 10
784.8271916666667
 20
519.1407222222222
 10
782.0824041666667
 20
517.6508534722221
 10
779.6911
 20
515.6778555555554
 10
780.8510333333334
 20
514.5179222222222
 10
782.9998027777777
 20
516.2909392361111
 10
785.4660722222221
 20
517.629775
 10
788.1916333333331
 20
518.4759565972222
 10
791.1182777777777
 20
518.7710111111111
 10
794.0450324652777
 20
518.4760089626735
 10
796.7708361111111
 20
517.6299293402776
 10
799.2373480902777
 20
516.2911624782985
 10
801.3862277777777
 20
514.518098611111
 10
803.159134548611
 20
512.3691279730901
 10
804.4977277777776
 20
509.902640798611
 10
805.3436668402776
 20
507.1770273220485
 10
805.638611111111
 20
504.2506777777777
 10
805.3437550347221
 20
501.3240333333332
 10
804.4979041666666
 20
498.59847222222214
 10
803.1591345486111
 20
496.1322027777777
 10
801.3855222222221
 20
493.9834333333332
 10
802.5454555555555
 20
492.824911111111
 97
0
 75
1
 76
1
 98
0
  0
HATCH
  5
C6
330
17
100
AcDbEntity
  8
CENTER
 62
7
420
16777215
100
AcDbHatch
 10
0.0
 20
0.0
 30
0.0
210
0.0
220
0.0
230
1.0
  2
SOLID
 70
1
 71
0
 91
1
 92
3
 72
0
 73
1
 93
35
 10
800.0858888888888
 20
495.2830666666666
 10
801.6341864583333
 20
497.15969010416666
 10
802.8033361111111
 20
499.3137291666666
 10
803.5422732638889
 20
501.6939869791666
 10
803.7999333333332
 20
504.2492666666666
 10
803.5423835069442
 20
506.8047861328124
 10
802.8036888888887
 20
509.1848703125
 10
801.6347817708332
 20
511.33857037760407
 10
800.0865944444442
 20
513.2149375
 10
798.2100592013887
 20
514.7630228515625
 10
796.0561083333332
 20
515.9318776041666
 10
793.6756741319443
 20
516.6705529296875
 10
791.1196888888887
 20
516.9281
 10
788.5644092013888
 20
516.6706604166666
 10
786.1841513888888
 20
515.9322083333333
 10
784.0301123263888
 20
514.7635437499999
 10
782.1534888888887
 20
513.2154666666667
 10
783.6534999999998
 20
511.71545555555554
 10
785.2161953124998
 20
513.0048142361112
 10
787.0100041666664
 20
513.978525
 10
788.9924609374997
 20
514.5939899305556
 10
791.1210999999998
 20
514.8086111111111
 10
793.2492787977428
 20
514.5940395399305
 10
795.2314241319442
 20
513.9786572916667
 10
797.0250869140623
 20
513.0049630642361
 10
798.5878180555554
 20
511.71545555555554
 10
799.8771684678817
 20
510.15263346354175
 10
800.8506890624998
 20
508.35899548611104
 10
801.4659307508679
 20
506.3770403211806
 10
801.6804444444442
 20
504.2492666666667
 10
801.4658453124998
 20
502.1212229166667
 10
800.850534722222
 20
500.1387000000001
 10
799.8772428819443
 20
498.3445604166667
 10
798.5886999999997
 20
496.7816666666667
 10
800.0858888888888
 20
495.2830666666666
 97
0
 75
1
 76
1
 98
0
  0
HATCH
  5
C7
330
17
100
AcDbEntity
  8
CENTER
 62
7
420
16777215
100
AcDbHatch
 10
0.0
 20
0.0
 30
0.0
210
0.0
220
0.0
230
1.0
  2
SOLID
 70
1
 71
0
 91
1
 92
3
 72
0
 73
1
 93
14
 10
799.1206888888888
 20
504.2492666666666
 10
798.9581685763889
 20
505.8615024522568
 10
798.4920388888888
 20
507.3631258680555
 10
796.7775388888889
 20
509.9058819444444
 10
794.234363888889
 20
511.62022760416653
 10
792.732390451389
 20
512.0863379991318
 10
791.119688888889
 20
512.2488555555555
 10
789.5079133680556
 20
512.086445486111
 10
788.0066013888888
 20
511.62055833333324
 10
785.4639555555556
 20
509.90641111111097
 10
796.7768333333333
 20
498.59212222222214
 10
798.4916861111111
 20
501.1349444444444
 10
798.9580583333333
 20
502.6366753472221
 10
799.1206888888888
 20
504.2492666666666
 97
0
 75
1
 76
1
 98
0
  0
HATCH
  5
C8
330
17
100
AcDbEntity
  8
FRAME
 62
7
420
0
100
AcDbHatch
 10
0.0
 20
0.0
 30
0.0
210
0.0
220
0.0
230
1.0
  2
SOLID
 70
1
 71
0
 91
1
 92
3
 72
0
 73
1
 93
4
 10
431.12125555555554
 20
904.2498777777777
 10
431.12125555555554
 20
880.2482888888889
 10
391.1219
 20
892.2497888888888
 10
431.12125555555554
 20
904.2498777777777
 97
0
 75
1
 76
1
 98
0
  0
HATCH
  5
C9
330
17
100
AcDbEntity
  8
FRAME
 62
7
420
0
100
AcDbHatch
 10
0.0
 20
0.0
 30
0.0
210
0.0
220
0.0
230
1.0
  2
SOLID
 70
1
 71
0
 91
1
 92
3
 72
0
 73
1
 93
4
 10
431.12125555555554
 20
128.25024444444438
 10
431.12125555555554
 20
104.25006666666656
 10
391.1204888888889
 20
116.25015555555547
 10
431.12125555555554
 20
128.25024444444438
 97
0
 75
1
 76
1
 98
0
  0
HATCH
  5
CA
330
17
100
AcDbEntity
  8
FRAME
 62
7
420
0
100
AcDbHatch
 10
0.0
 20
0.0
 30
0.0
210
0.0
220
0.0
230
1.0
  2
SOLID
 70
1
 71
0
 91
1
 92
3
 72
0
 73
1
 93
4
 10
297.80088888888884
 20
904.2498777777777
 10
297.80088888888884
 20
880.2482888888889
 10
257.8015333333333
 20
892.2497888888888
 10
297.80088888888884
 20
904.2498777777777
 97
0
 75
1
 76
1
 98
0
  0
HATCH
  5
CB
330
17
100
AcDbEntity
  8
FRAME
 62
7
420
0
100
AcDbHatch
 10
0.0
 20
0.0
 30
0.0
210
0.0
220
0.0
230
1.0
  2
SOLID
 70
1
 71
0
 91
1
 92
3
 72
0
 73
1
 93
4
 10
297.80088888888884
 20
128.25024444444438
 10
297.80088888888884
 20
104.25006666666656
 10
257.80012222222217
 20
116.25015555555547
 10
297.80088888888884
 20
128.25024444444438
 97
0
 75
1
 76
1
 98
0
  0
HATCH
  5
CC
330
17
100
AcDbEntity
  8
FRAME
 62
7
420
0
100
AcDbHatch
 10
0.0
 20
0.0
 30
0.0
210
0.0
220
0.0
230
1.0
  2
SOLID
 70
1
 71
0
 91
1
 92
3
 72
0
 73
1
 93
4
 10
231.12165555555555
 20
904.2498777777777
 10
231.12165555555555
 20
880.2482888888889
 10
191.1223
 20
892.2497888888888
 10
231.12165555555555
 20
904.2498777777777
 97
0
 75
1
 76
1
 98
0
  0
HATCH
  5
CD
330
17
100
AcDbEntity
  8
FRAME
 62
7
420
0
100
AcDbHatch
 10
0.0
 20
0.0
 30
0.0
210
0.0
220
0.0
230
1.0
  2
SOLID
 70
1
 71
0
 91
1
 92
3
 72
0
 73
1
 93
4
 10
231.12165555555555
 20
128.25024444444438
 10
231.12165555555555
 20
104.25006666666656
 10
191.12088888888886
 20
116.25015555555547
 10
231.12165555555555
 20
128.25024444444438
 97
0
 75
1
 76
1
 98
0
  0
HATCH
  5
CE
330
17
100
AcDbEntity
  8
FRAME
 62
7
420
0
100
AcDbHatch
 10
0.0
 20
0.0
 30
0.0
210
0.0
220
0.0
230
1.0
  2
SOLID
 70
1
 71
0
 91
1
 92
3
 72
0
 73
1
 93
4
 10
1151.1195333333333
 20
904.2498777777777
 10
1151.1195333333333
 20
880.2482888888889
 10
1191.1202999999998
 20
892.2497888888888
 10
1151.1195333333333
 20
904.2498777777777
 97
0
 75
1
 76
1
 98
0
  0
HATCH
  5
CF
330
17
100
AcDbEntity
  8
FRAME
 62
7
420
0
100
AcDbHatch
 10
0.0
 20
0.0
 30
0.0
210
0.0
220
0.0
230
1.0
  2
SOLID
 70
1
 71
0
 91
1
 92
3
 72
0
 73
1
 93
4
 10
1151.1195333333333
 20
128.25024444444438
 10
1151.1195333333333
 20
104.25006666666656
 10
1191.1202999999998
 20
116.25015555555547
 10
1151.1195333333333
 20
128.25024444444438
 97
0
 75
1
 76
1
 98
0
  0
HATCH
  5
D0
330
17
100
AcDbEntity
  8
FRAME
 62
7
420
0
100
AcDbHatch
 10
0.0
 20
0.0
 30
0.0
210
0.0
220
0.0
230
1.0
  2
SOLID
 70
1
 71
0
 91
1
 92
3
 72
0
 73
1
 93
4
 10
1284.4384888888887
 20
904.2498777777777
 10
1284.4384888888887
 20
880.2482888888889
 10
1324.4392555555553
 20
892.2497888888888
 10
1284.4384888888887
 20
904.2498777777777
 97
0
 75
1
 76
1
 98
0
  0
HATCH
  5
D1
330
17
100
AcDbEntity
  8
FRAME
 62
7
420
0
100
AcDbHatch
 10
0.0
 20
0.0
 30
0.0
210
0.0
220
0.0
230
1.0
  2
SOLID
 70
1
 71
0
 91
1
 92
3
 72
0
 73
1
 93
4
 10
1284.4384888888887
 20
128.25024444444438
 10
1284.4384888888887
 20
104.25006666666656
 10
1324.4406666666664
 20
116.25015555555547
 10
1284.4384888888887
 20
128.25024444444438
 97
0
 75
1
 76
1
 98
0
  0
HATCH
  5
D2
330
17
100
AcDbEntity
  8
FRAME
 62
7
420
0
100
AcDbHatch
 10
0.0
 20
0.0
 30
0.0
210
0.0
220
0.0
230
1.0
  2
SOLID
 70
1
 71
0
 91
1
 92
3
 72
0
 73
1
 93
4
 10
1351.1191333333331
 20
904.2498777777777
 10
1351.1191333333331
 20
880.2482888888889
 10
1391.1184888888888
 20
892.2497888888888
 10
1351.1191333333331
 20
904.2498777777777
 97
0
 75
1
 76
1
 98
0
  0
HATCH
  5
D3
330
17
100
AcDbEntity
  8
FRAME
 62
7
420
0
100
AcDbHatch
 10
0.0
 20
0.0
 30
0.0
210
0.0
220
0.0
230
1.0
  2
SOLID
 70
1
 71
0
 91
1
 92
3
 72
0
 73
1
 93
4
 10
1351.1191333333331
 20
128.25024444444438
 10
1351.1191333333331
 20
104.25006666666656
 10
1391.1199
 20
116.25015555555547
 10
1351.1191333333331
 20
128.25024444444438
 97
0
 75
1
 76
1
 98
0
  0
HATCH
  5
D4
330
17
100
AcDbEntity
  8
FRAME
 62
7
420
0
100
AcDbHatch
 10
0.0
 20
0.0
 30
0.0
210
0.0
220
0.0
230
1.0
  2
SOLID
 70
1
 71
0
 91
1
 92
3
 72
0
 73
1
 93
5
 10
257.8015333333333
 20
856.2509333333333
 10
249.8019444444444
 20
856.2509333333333
 10
249.8019444444444
 20
904.2498777777777
 10
257.8015333333333
 20
904.2498777777777
 10
257.8015333333333
 20
856.2509333333333
 97
0
 75
1
 76
1
 98
0
  0
HATCH
  5
D5
330
17
100
AcDbEntity
  8
FRAME
 62
7
420
0
100
AcDbHatch
 10
0.0
 20
0.0
 30
0.0
210
0.0
220
0.0
230
1.0
  2
SOLID
 70
1
 71
0
 91
1
 92
3
 72
0
 73
1
 93
5
 10
191.12088888888886
 20
856.2509333333333
 10
183.12129999999996
 20
856.2509333333333
 10
183.12129999999996
 20
904.2498777777777
 10
191.12088888888886
 20
904.2498777777777
 10
191.12088888888886
 20
856.2509333333333
 97
0
 75
1
 76
1
 98
0
  0
HATCH
  5
D6
330
17
100
AcDbEntity
  8
FRAME
 62
7
420
0
100
AcDbHatch
 10
0.0
 20
0.0
 30
0.0
210
0.0
220
0.0
230
1.0
  2
SOLID
 70
1
 71
0
 91
1
 92
3
 72
0
 73
1
 93
5
 10
391.1204888888889
 20
856.2509333333333
 10
383.1209
 20
856.2509333333333
 10
383.1209
 20
904.2498777777777
 10
391.1204888888889
 20
904.2498777777777
 10
391.1204888888889
 20
856.2509333333333
 97
0
 75
1
 76
1
 98
0
  0
HATCH
  5
D7
330
17
100
AcDbEntity
  8
FRAME
 62
7
420
0
100
AcDbHatch
 10
0.0
 20
0.0
 30
0.0
210
0.0
220
0.0
230
1.0
  2
SOLID
 70
1
 71
0
 91
1
 92
3
 72
0
 73
1
 93
5
 10
191.11947777777775
 20
104.25006666666671
 10
183.11988888888885
 20
104.25006666666671
 10
183.11988888888885
 20
152.25042222222223
 10
191.11947777777775
 20
152.25042222222223
 10
191.11947777777775
 20
104.25006666666671
 97
0
 75
1
 76
1
 98
0
  0
HATCH
  5
D8
330
17
100
AcDbEntity
  8
FRAME
 62
7
420
0
100
AcDbHatch
 10
0.0
 20
0.0
 30
0.0
210
0.0
220
0.0
230
1.0
  2
SOLID
 70
1
 71
0
 91
1
 92
3
 72
0
 73
1
 93
5
 10
257.8001222222222
 20
104.25006666666671
 10
249.8005333333333
 20
104.25006666666671
 10
249.8005333333333
 20
152.25042222222223
 10
257.8001222222222
 20
152.25042222222223
 10
257.8001222222222
 20
104.25006666666671
 97
0
 75
1
 76
1
 98
0
  0
HATCH
  5
D9
330
17
100
AcDbEntity
  8
FRAME
 62
7
420
0
100
AcDbHatch
 10
0.0
 20
0.0
 30
0.0
210
0.0
220
0.0
230
1.0
  2
SOLID
 70
1
 71
0
 91
1
 92
3
 72
0
 73
1
 93
5
 10
391.1190777777777
 20
104.25006666666671
 10
383.1194888888889
 20
104.25006666666671
 10
383.1194888888889
 20
152.25042222222223
 10
391.1190777777777
 20
152.25042222222223
 10
391.1190777777777
 20
104.25006666666671
 97
0
 75
1
 76
1
 98
0
  0
HATCH
  5
DA
330
17
100
AcDbEntity
  8
FRAME
 62
7
420
0
100
AcDbHatch
 10
0.0
 20
0.0
 30
0.0
210
0.0
220
0.0
230
1.0
  2
SOLID
 70
1
 71
0
 91
1
 92
3
 72
0
 73
1
 93
5
 10
1199.1198888888887
 20
104.25006666666671
 10
1191.1202999999998
 20
104.25006666666671
 10
1191.1202999999998
 20
152.25042222222223
 10
1199.1198888888887
 20
152.25042222222223
 10
1199.1198888888887
 20
104.25006666666671
 97
0
 75
1
 76
1
 98
0
  0
HATCH
  5
DB
330
17
100
AcDbEntity
  8
FRAME
 62
7
420
0
100
AcDbHatch
 10
0.0
 20
0.0
 30
0.0
210
0.0
220
0.0
230
1.0
  2
SOLID
 70
1
 71
0
 91
1
 92
3
 72
0
 73
1
 93
5
 10
1332.4402555555555
 20
104.25006666666671
 10
1324.4406666666666
 20
104.25006666666671
 10
1324.4406666666666
 20
152.25042222222223
 10
1332.4402555555555
 20
152.25042222222223
 10
1332.4402555555555
 20
104.25006666666671
 97
0
 75
1
 76
1
 98
0
  0
HATCH
  5
DC
330
17
100
AcDbEntity
  8
FRAME
 62
7
420
0
100
AcDbHatch
 10
0.0
 20
0.0
 30
0.0
210
0.0
220
0.0
230
1.0
  2
SOLID
 70
1
 71
0
 91
1
 92
3
 72
0
 73
1
 93
5
 10
1399.1180777777777
 20
104.25006666666671
 10
1391.1184888888888
 20
104.25006666666671
 10
1391.1184888888888
 20
152.25042222222223
 10
1399.1180777777777
 20
152.25042222222223
 10
1399.1180777777777
 20
104.25006666666671
 97
0
 75
1
 76
1
 98
0
  0
HATCH
  5
DD
330
17
100
AcDbEntity
  8
FRAME
 62
7
420
0
100
AcDbHatch
 10
0.0
 20
0.0
 30
0.0
210
0.0
220
0.0
230
1.0
  2
SOLID
 70
1
 71
0
 91
1
 92
3
 72
0
 73
1
 93
5
 10
1199.1198888888887
 20
856.2509333333333
 10
1191.1202999999998
 20
856.2509333333333
 10
1191.1202999999998
 20
904.2498777777777
 10
1199.1198888888887
 20
904.2498777777777
 10
1199.1198888888887
 20
856.2509333333333
 97
0
 75
1
 76
1
 98
0
  0
HATCH
  5
DE
330
17
100
AcDbEntity
  8
FRAME
 62
7
420
0
100
AcDbHatch
 10
0.0
 20
0.0
 30
0.0
210
0.0
220
0.0
230
1.0
  2
SOLID
 70
1
 71
0
 91
1
 92
3
 72
0
 73
1
 93
5
 10
1332.4388444444444
 20
856.2509333333333
 10
1324.4392555555555
 20
856.2509333333333
 10
1324.4392555555555
 20
904.2498777777777
 10
1332.4388444444444
 20
904.2498777777777
 10
1332.4388444444444
 20
856.2509333333333
 97
0
 75
1
 76
1
 98
0
  0
HATCH
  5
DF
330
17
100
AcDbEntity
  8
FRAME
 62
7
420
0
100
AcDbHatch
 10
0.0
 20
0.0
 30
0.0
210
0.0
220
0.0
230
1.0
  2
SOLID
 70
1
 71
0
 91
1
 92
3
 72
0
 73
1
 93
5
 10
1399.1180777777777
 20
856.2509333333333
 10
1391.1184888888888
 20
856.2509333333333
 10
1391.1184888888888
 20
904.2498777777777
 10
1399.1180777777777
 20
904.2498777777777
 10
1399.1180777777777
 20
856.2509333333333
 97
0
 75
1
 76
1
 98
0
  0
TEXT
  5
E0
330
17
100
AcDbEntity
  8
LABELS
 62
250
100
AcDbText
 10
395.6526955555555
 20
135.75806111111112
 30
0.0
 40
16.000024444444442
  1
1:1
 11
395.6526955555555
 21
135.75806111111112
 31
0.0
100
AcDbText
  0
TEXT
  5
E1
330
17
100
AcDbEntity
  8
LABELS
 62
250
100
AcDbText
 10
262.2192988888889
 20
135.75806111111112
 30
0.0
 40
16.000024444444442
  1
4:3
 11
262.2192988888889
 21
135.75806111111112
 31
0.0
100
AcDbText
  0
TEXT
  5
E2
330
17
100
AcDbEntity
  8
LABELS
 62
250
100
AcDbText
 10
196.21542333333332
 20
135.75806111111112
 30
0.0
 40
16.000024444444442
  1
3:2
 11
196.21542333333332
 21
135.75806111111112
 31
0.0
100
AcDbText
  0
TEXT
  5
E3
330
17
100
AcDbEntity
  8
LABELS
 62
250
100
AcDbText
 10
82.51556888888888
 20
135.75806111111112
 30
0.0
 40
16.000024444444442
  1
16:9
 11
82.51556888888888
 21
135.75806111111112
 31
0.0
100
AcDbText
  0
TEXT
  5
E4
330
17
100
AcDbEntity
  8
LABELS
 62
250
100
AcDbText
 10
395.67132222222216
 20
869.2002766666666
 30
0.0
 40
16.000024444444442
  1
1:1
 11
395.67132222222216
 21
869.2002766666666
 31
0.0
100
AcDbText
  0
TEXT
  5
E5
330
17
100
AcDbEntity
  8
LABELS
 62
250
100
AcDbText
 10
262.23792555555553
 20
869.2002766666666
 30
0.0
 40
16.000024444444442
  1
4:3
 11
262.23792555555553
 21
869.2002766666666
 31
0.0
100
AcDbText
  0
TEXT
  5
E6
330
17
100
AcDbEntity
  8
LABELS
 62
250
100
AcDbText
 10
196.23405
 20
869.2002766666666
 30
0.0
 40
16.000024444444442
  1
3:2
 11
196.23405
 21
869.2002766666666
 31
0.0
100
AcDbText
  0
TEXT
  5
E7
330
17
100
AcDbEntity
  8
LABELS
 62
250
100
AcDbText
 10
82.53419555555554
 20
869.2002766666666
 30
0.0
 40
16.000024444444442
  1
16:9
 11
82.53419555555554
 21
869.2002766666666
 31
0.0
100
AcDbText
  0
TEXT
  5
E8
330
17
100
AcDbEntity
  8
LABELS
 62
250
100
AcDbText
 10
1169.6774788888888
 20
867.3827655555555
 30
0.0
 40
16.000024444444442
  1
1:1
 11
1169.6774788888888
 21
867.3827655555555
 31
0.0
100
AcDbText
  0
TEXT
  5
E9
330
17
100
AcDbEntity
  8
LABELS
 62
250
100
AcDbText
 10
1299.4610366666666
 20
867.3827655555555
 30
0.0
 40
16.000024444444442
  1
4:3
 11
1299.4610366666666
 21
867.3827655555555
 31
0.0
100
AcDbText
  0
TEXT
  5
EA
330
17
100
AcDbEntity
  8
LABELS
 62
250
100
AcDbText
 10
1368.006041111111
 20
867.3827655555555
 30
0.0
 40
16.000024444444442
  1
3:2
 11
1368.006041111111
 21
867.3827655555555
 31
0.0
100
AcDbText
  0
TEXT
  5
EB
330
17
100
AcDbEntity
  8
LABELS
 62
250
100
AcDbText
 10
1471.6579377777778
 20
867.3827655555555
 30
0.0
 40
16.000024444444442
  1
16:9
 11
1471.6579377777778
 21
867.3827655555555
 31
0.0
100
AcDbText
  0
TEXT
  5
EC
330
17
100
AcDbEntity
  8
LABELS
 62
250
100
AcDbText
 10
1170.0591844444443
 20
129.6257955555556
 30
0.0
 40
16.000024444444442
  1
1:1
 11
1170.0591844444443
 21
129.6257955555556
 31
0.0
100
AcDbText
  0
TEXT
  5
ED
330
17
100
AcDbEntity
  8
LABELS
 62
250
100
AcDbText
 10
1299.8427422222221
 20
129.6257955555556
 30
0.0
 40
16.000024444444442
  1
4:3
 11
1299.8427422222221
 21
129.6257955555556
 31
0.0
100
AcDbText
  0
TEXT
  5
EE
330
17
100
AcDbEntity
  8
LABELS
 62
250
100
AcDbText
 10
1368.3877466666665
 20
129.6257955555556
 30
0.0
 40
16.000024444444442
  1
3:2
 11
1368.3877466666665
 21
129.6257955555556
 31
0.0
100
AcDbText
  0
TEXT
  5
EF
330
17
100
AcDbEntity
  8
LABELS
 62
250
100
AcDbText
 10
1472.039643333333
 20
129.6257955555556
 30
0.0
 40
16.000024444444442
  1
16:9
 11
1472.039643333333
 21
129.6257955555556
 31
0.0
100
AcDbText
  0
HATCH
  5
F0
330
17
100
AcDbEntity
  8
SFR
 62
7
420
0
100
AcDbHatch
 10
0.0
 20
0.0
 30
0.0
210
0.0
220
0.0
230
1.0
  2
SOLID
 70
1
 71
0
 91
1
 92
3
 72
0
 73
1
 93
14
 10
119.12035555555553
 20
584.2493888888889
 10
103.11976666666665
 20
424.2505555555555
 10
143.11912222222222
 20
424.2505555555555
 10
149.93196666666665
 20
492.3691222222222
 10
308.34753333333333
 20
476.5265777777778
 10
303.1193666666666
 20
424.2491444444444
 10
343.1187222222222
 20
424.2491444444444
 10
359.1193111111111
 20
584.2479777777777
 10
319.1185444444444
 20
584.2479777777777
 10
312.30711111111106
 20
516.129411111111
 10
153.8915444444444
 20
531.9719555555554
 10
159.1197111111111
 20
584.2479777777776
 10
119.12035555555553
 20
584.2479777777776
 10
119.12035555555553
 20
584.2493888888889
 97
0
 75
1
 76
1
 98
0
  0
HATCH
  5
F1
330
17
100
AcDbEntity
  8
SFR
 62
7
420
0
100
AcDbHatch
 10
0.0
 20
0.0
 30
0.0
210
0.0
220
0.0
230
1.0
  2
SOLID
 70
1
 71
0
 91
1
 92
3
 72
0
 73
1
 93
14
 10
1239.1192444444443
 20
584.2493888888889
 10
1223.1200666666666
 20
424.2491444444444
 10
1263.119422222222
 20
424.2491444444444
 10
1269.9322666666665
 20
492.3677111111111
 10
1428.3478333333333
 20
476.5251666666667
 10
1423.1210777777778
 20
424.2477333333333
 10
1463.1204333333333
 20
424.2477333333333
 10
1479.1210222222219
 20
584.2479777777777
 10
1439.1202555555553
 20
584.2479777777777
 10
1432.308822222222
 20
516.129411111111
 10
1273.8932555555552
 20
531.9719555555554
 10
1279.120011111111
 20
584.2479777777776
 10
1239.1192444444443
 20
584.2479777777776
 10
1239.1192444444443
 20
584.2493888888889
 97
0
 75
1
 76
1
 98
0
  0
HATCH
  5
F2
330
17
100
AcDbEntity
  8
FRAME
 62
7
420
0
100
AcDbHatch
 10
0.0
 20
0.0
 30
0.0
210
0.0
220
0.0
230
1.0
  2
SOLID
 70
1
 71
0
 91
1
 92
3
 72
0
 73
1
 93
5
 10
451.11952222222214
 20
184.2501888888889
 10
431.11984444444437
 20
184.2501888888889
 10
431.11984444444437
 20
200.25077777777773
 10
451.11952222222214
 20
200.25077777777773
 10
451.11952222222214
 20
184.2501888888889
 97
0
 75
1
 76
1
 98
0
  0
HATCH
  5
F3
330
17
100
AcDbEntity
  8
FRAME
 62
7
420
0
100
AcDbHatch
 10
0.0
 20
0.0
 30
0.0
210
0.0
220
0.0
230
1.0
  2
SOLID
 70
1
 71
0
 91
1
 92
3
 72
0
 73
1
 93
5
 10
471.1206111111111
 20
176.25201111111113
 10
451.1209333333333
 20
176.25201111111113
 10
451.1209333333333
 20
208.25177777777782
 10
471.1206111111111
 20
208.25177777777782
 10
471.1206111111111
 20
176.25201111111113
 97
0
 75
1
 76
1
 98
0
  0
HATCH
  5
F4
330
17
100
AcDbEntity
  8
FRAME
 62
7
420
0
100
AcDbHatch
 10
0.0
 20
0.0
 30
0.0
210
0.0
220
0.0
230
1.0
  2
SOLID
 70
1
 71
0
 91
1
 92
3
 72
0
 73
1
 93
5
 10
1131.1198555555554
 20
800.2467555555555
 10
1151.1209444444444
 20
800.2467555555555
 10
1151.1209444444444
 20
816.2487555555555
 10
1131.1198555555554
 20
816.2487555555555
 10
1131.1198555555554
 20
800.2467555555555
 97
0
 75
1
 76
1
 98
0
  0
HATCH
  5
F5
330
17
100
AcDbEntity
  8
FRAME
 62
7
420
0
100
AcDbHatch
 10
0.0
 20
0.0
 30
0.0
210
0.0
220
0.0
230
1.0
  2
SOLID
 70
1
 71
0
 91
1
 92
3
 72
0
 73
1
 93
5
 10
1111.1201777777776
 20
792.2499888888889
 10
1131.1198555555554
 20
792.2499888888889
 10
1131.1198555555554
 20
824.2511666666666
 10
1111.1201777777776
 20
824.2511666666666
 10
1111.1201777777776
 20
792.2499888888889
 97
0
 75
1
 76
1
 98
0
  0
HATCH
  5
F6
330
17
100
AcDbEntity
  8
SFR
 62
7
420
0
100
AcDbHatch
 10
0.0
 20
0.0
 30
0.0
210
0.0
220
0.0
230
1.0
  2
SOLID
 70
1
 71
0
 91
1
 92
3
 72
0
 73
1
 93
5
 10
783.1200999999999
 20
816.2501666666665
 10
823.1208666666665
 20
816.2501666666665
 10
799.1206888888887
 20
576.2497999999999
 10
759.119922222222
 20
576.2497999999999
 10
783.1200999999999
 20
816.2501666666665
 97
0
 75
1
 76
1
 98
0
  0
HATCH
  5
F7
330
17
100
AcDbEntity
  8
SFR
 62
7
420
0
100
AcDbHatch
 10
0.0
 20
0.0
 30
0.0
210
0.0
220
0.0
230
1.0
  2
SOLID
 70
1
 71
0
 91
1
 92
3
 72
0
 73
1
 93
5
 10
671.1202111111111
 20
364.2487
 10
671.1202111111111
 20
404.25087777777776
 10
911.1191666666665
 20
380.25070000000005
 10
911.1191666666665
 20
340.2485222222222
 10
671.1202111111111
 20
364.2487
 97
0
 75
1
 76
1
 98
0
  0
HATCH
  5
F8
330
17
100
AcDbEntity
  8
SFR
 62
7
420
0
100
AcDbHatch
 10
0.0
 20
0.0
 30
0.0
210
0.0
220
0.0
230
1.0
  2
SOLID
 70
1
 71
0
 91
1
 92
3
 72
0
 73
1
 93
5
 10
159.12112222222223
 20
784.2504
 10
99.12067777777776
 20
788.2494888888888
 10
103.11976666666665
 20
848.2499333333334
 10
163.1202111111111
 20
844.2508444444444
 10
159.12112222222223
 20
784.2504
 97
0
 75
1
 76
1
 98
0
  0
HATCH
  5
F9
330
17
100
AcDbEntity
  8
SFR
 62
7
420
0
100
AcDbHatch
 10
0.0
 20
0.0
 30
0.0
210
0.0
220
0.0
230
1.0
  2
SOLID
 70
1
 71
0
 91
1
 92
3
 72
0
 73
1
 93
5
 10
159.12112222222223
 20
160.2486
 10
99.12067777777776
 20
164.24910000000006
 10
103.11976666666665
 20
224.25095555555555
 10
163.1202111111111
 20
220.2504555555555
 10
159.12112222222223
 20
160.2486
 97
0
 75
1
 76
1
 98
0
  0
HATCH
  5
FA
330
17
100
AcDbEntity
  8
SFR
 62
7
420
0
100
AcDbHatch
 10
0.0
 20
0.0
 30
0.0
210
0.0
220
0.0
230
1.0
  2
SOLID
 70
1
 71
0
 91
1
 92
3
 72
0
 73
1
 93
5
 10
1479.119611111111
 20
784.2504
 10
1419.1191666666664
 20
788.2494888888888
 10
1423.1182555555554
 20
848.2499333333334
 10
1483.1201111111109
 20
844.2508444444444
 10
1479.119611111111
 20
784.2504
 97
0
 75
1
 76
1
 98
0
  0
HATCH
  5
FB
330
17
100
AcDbEntity
  8
SFR
 62
7
420
0
100
AcDbHatch
 10
0.0
 20
0.0
 30
0.0
210
0.0
220
0.0
230
1.0
  2
SOLID
 70
1
 71
0
 91
1
 92
3
 72
0
 73
1
 93
5
 10
1479.119611111111
 20
160.2486
 10
1419.1191666666664
 20
164.24910000000006
 10
1423.1182555555554
 20
224.25095555555555
 10
1483.1201111111109
 20
220.2504555555555
 10
1479.119611111111
 20
160.2486
 97
0
 75
1
 76
1
 98
0
  0
HATCH
  5
FC
330
17
100
AcDbEntity
  8
SFR
 62
7
420
0
100
AcDbHatch
 10
0.0
 20
0.0
 30
0.0
210
0.0
220
0.0
230
1.0
  2
SOLID
 70
1
 71
0
 91
1
 92
3
 72
0
 73
1
 93
5
 10
355.1216333333333
 20
740.2491333333332
 10
295.11977777777776
 20
744.2482222222222
 10
299.12027777777774
 20
804.2486666666666
 10
359.1221333333333
 20
800.2495777777777
 10
355.1216333333333
 20
740.2491333333332
 97
0
 75
1
 76
1
 98
0
  0
HATCH
  5
FD
330
17
100
AcDbEntity
  8
SFR
 62
7
420
0
100
AcDbHatch
 10
0.0
 20
0.0
 30
0.0
210
0.0
220
0.0
230
1.0
  2
SOLID
 70
1
 71
0
 91
1
 92
3
 72
0
 73
1
 93
5
 10
355.1216333333333
 20
204.2498666666667
 10
295.11977777777776
 20
208.2489555555555
 10
299.12027777777774
 20
268.2508111111111
 10
359.1221333333333
 20
264.24889999999994
 10
355.1216333333333
 20
204.2498666666667
 97
0
 75
1
 76
1
 98
0
  0
HATCH
  5
FE
330
17
100
AcDbEntity
  8
SFR
 62
7
420
0
100
AcDbHatch
 10
0.0
 20
0.0
 30
0.0
210
0.0
220
0.0
230
1.0
  2
SOLID
 70
1
 71
0
 91
1
 92
3
 72
0
 73
1
 93
5
 10
1279.1214222222222
 20
740.2491333333332
 10
1219.1195666666667
 20
744.2482222222222
 10
1223.1200666666668
 20
804.2486666666666
 10
1283.1219222222223
 20
800.2495777777777
 10
1279.1214222222222
 20
740.2491333333332
 97
0
 75
1
 76
1
 98
0
  0
HATCH
  5
FF
330
17
100
AcDbEntity
  8
SFR
 62
7
420
0
100
AcDbHatch
 10
0.0
 20
0.0
 30
0.0
210
0.0
220
0.0
230
1.0
  2
SOLID
 70
1
 71
0
 91
1
 92
3
 72
0
 73
1
 93
5
 10
1279.1214222222222
 20
204.2498666666667
 10
1219.1195666666667
 20
208.2489555555555
 10
1223.1200666666668
 20
268.2508111111111
 10
1283.1219222222223
 20
264.24889999999994
 10
1279.1214222222222
 20
204.2498666666667
 97
0
 75
1
 76
1
 98
0
  0
LWPOLYLINE
  5
100
330
17
100
AcDbEntity
  8
SFR
370
25
420
2565413
100
AcDbPolyline
 90
3
 70
0
 43
3.999935555555555
 10
723.1196555555555
 20
810.2501222222221
 10
741.1197888888888
 20
810.2501222222221
 10
741.1197888888888
 20
829.705111111111
  0
LWPOLYLINE
  5
101
330
17
100
AcDbEntity
  8
SFR
370
25
420
2565413
100
AcDbPolyline
 90
3
 70
0
 43
3.999935555555555
 10
859.1197222222222
 20
808.7952666666666
 10
841.1195888888889
 20
808.7952666666666
 10
841.1195888888889
 20
828.2502555555556
  0
LWPOLYLINE
  5
102
330
17
100
AcDbEntity
  8
SFR
370
25
420
2565413
100
AcDbPolyline
 90
3
 70
0
 43
3.999935555555555
 10
859.1197222222222
 20
582.2498444444444
 10
841.1195888888889
 20
582.2498444444444
 10
841.1195888888889
 20
562.7948555555555
  0
LWPOLYLINE
  5
103
330
17
100
AcDbEntity
  8
SFR
370
25
420
2565413
100
AcDbPolyline
 90
3
 70
0
 43
3.999935555555555
 10
741.1197888888888
 20
564.2497111111111
 10
741.1197888888888
 20
582.2498444444444
 10
721.6647999999999
 20
582.2498444444444
  0
LWPOLYLINE
  5
104
330
17
100
AcDbEntity
  8
SFR
370
25
420
2565413
100
AcDbPolyline
 90
2
 70
0
 43
3.999935555555555
 10
809.1198222222222
 20
830.2497999999999
 10
789.1201444444445
 20
830.2497999999999
  0
LWPOLYLINE
  5
105
330
17
100
AcDbEntity
  8
SFR
370
25
420
2565413
100
AcDbPolyline
 90
2
 70
0
 43
3.999935555555555
 10
789.1201444444445
 20
840.2503444444443
 10
789.1201444444445
 20
820.2506666666666
  0
LWPOLYLINE
  5
106
330
17
100
AcDbEntity
  8
SFR
370
25
420
2565413
100
AcDbPolyline
 90
2
 70
0
 43
3.999935555555555
 10
775.120511111111
 20
562.2487555555555
 10
795.1201888888888
 20
562.2487555555555
  0
LWPOLYLINE
  5
107
330
17
100
AcDbEntity
  8
SFR
370
25
420
2565413
100
AcDbPolyline
 90
2
 70
0
 43
3.999935555555555
 10
795.1201888888888
 20
552.2496222222222
 10
795.1201888888888
 20
572.2493
  0
LWPOLYLINE
  5
108
330
17
100
AcDbEntity
  8
SFR
370
25
420
2565413
100
AcDbPolyline
 90
3
 70
0
 43
3.999935555555555
 10
678.575111111111
 20
304.2510777777777
 10
678.575111111111
 20
322.25121111111105
 10
659.1201222222222
 20
322.25121111111105
  0
LWPOLYLINE
  5
109
330
17
100
AcDbEntity
  8
SFR
370
25
420
2565413
100
AcDbPolyline
 90
3
 70
0
 43
3.999935555555555
 10
680.0299666666666
 20
440.2511444444444
 10
680.0299666666666
 20
422.251011111111
 10
660.5749777777778
 20
422.251011111111
  0
LWPOLYLINE
  5
10A
330
17
100
AcDbEntity
  8
SFR
370
25
420
2565413
100
AcDbPolyline
 90
3
 70
0
 43
3.999935555555555
 10
906.5753888888888
 20
440.2511444444444
 10
906.5753888888888
 20
422.251011111111
 10
926.0303777777777
 20
422.251011111111
  0
LWPOLYLINE
  5
10B
330
17
100
AcDbEntity
  8
SFR
370
25
420
2565413
100
AcDbPolyline
 90
3
 70
0
 43
3.999935555555555
 10
924.5755222222222
 20
322.2512111111111
 10
906.5753888888888
 20
322.2512111111111
 10
906.5753888888888
 20
302.79622222222224
  0
LWPOLYLINE
  5
10C
330
17
100
AcDbEntity
  8
SFR
370
25
420
2565413
100
AcDbPolyline
 90
2
 70
0
 43
3.999935555555555
 10
657.1191666666666
 20
388.2502888888888
 10
657.1191666666666
 20
368.250611111111
  0
LWPOLYLINE
  5
10D
330
17
100
AcDbEntity
  8
SFR
370
25
420
2565413
100
AcDbPolyline
 90
2
 70
0
 43
3.999935555555555
 10
647.1200333333333
 20
368.250611111111
 10
667.1197111111111
 20
368.250611111111
  0
LWPOLYLINE
  5
10E
330
17
100
AcDbEntity
  8
SFR
370
25
420
2565413
100
AcDbPolyline
 90
2
 70
0
 43
3.999935555555555
 10
925.120211111111
 20
354.25097777777773
 10
925.120211111111
 20
374.2506555555555
  0
LWPOLYLINE
  5
10F
330
17
100
AcDbEntity
  8
SFR
370
25
420
2565413
100
AcDbPolyline
 90
2
 70
0
 43
3.999935555555555
 10
935.1193444444443
 20
374.2506555555555
 10
915.1196666666666
 20
374.2506555555555
  0
HATCH
  5
110
330
17
100
AcDbEntity
  8
SFR
 62
7
420
0
100
AcDbHatch
 10
0.0
 20
0.0
 30
0.0
210
0.0
220
0.0
230
1.0
  2
SOLID
 70
1
 71
0
 91
1
 92
3
 72
0
 73
1
 93
5
 10
1031.1200555555556
 20
664.2509222222222
 10
1091.1205
 20
604.2504777777777
 10
1031.1200555555556
 20
544.2500333333334
 10
971.1196111111111
 20
604.2504777777777
 10
1031.1200555555556
 20
664.2509222222222
 97
0
 75
1
 76
1
 98
0
  0
HATCH
  5
111
330
17
100
AcDbEntity
  8
CENTER
 62
7
420
0
100
AcDbHatch
 10
0.0
 20
0.0
 30
0.0
210
0.0
220
0.0
230
1.0
  2
SOLID
 70
1
 71
0
 91
1
 92
3
 72
0
 73
1
 93
5
 10
1199.1198888888887
 20
668.250011111111
 10
1191.1202999999998
 20
668.250011111111
 10
1191.1202999999998
 20
700.2497777777777
 10
1199.1198888888887
 20
700.2497777777777
 10
1199.1198888888887
 20
668.250011111111
 97
0
 75
1
 76
1
 98
0
  0
HATCH
  5
112
330
17
100
AcDbEntity
  8
CENTER
 62
7
420
0
100
AcDbHatch
 10
0.0
 20
0.0
 30
0.0
210
0.0
220
0.0
230
1.0
  2
SOLID
 70
1
 71
0
 91
1
 92
3
 72
0
 73
1
 93
5
 10
1195.1208
 20
628.2506555555555
 10
1191.1202999999998
 20
628.2506555555555
 10
1191.1202999999998
 20
660.2504222222221
 10
1195.1208
 20
660.2504222222221
 10
1195.1208
 20
628.2506555555555
 97
0
 75
1
 76
1
 98
0
  0
HATCH
  5
113
330
17
100
AcDbEntity
  8
CENTER
 62
7
420
0
100
AcDbHatch
 10
0.0
 20
0.0
 30
0.0
210
0.0
220
0.0
230
1.0
  2
SOLID
 70
1
 71
0
 91
1
 92
3
 72
0
 73
1
 93
5
 10
1193.8
 20
588.2498888888888
 10
1191.1202999999998
 20
588.2498888888888
 10
1191.1202999999998
 20
620.2496555555556
 10
1193.8
 20
620.2496555555556
 10
1193.8
 20
588.2498888888888
 97
0
 75
1
 76
1
 98
0
  0
HATCH
  5
114
330
17
100
AcDbEntity
  8
CENTER
 62
7
420
0
100
AcDbHatch
 10
0.0
 20
0.0
 30
0.0
210
0.0
220
0.0
230
1.0
  2
SOLID
 70
1
 71
0
 91
1
 92
3
 72
0
 73
1
 93
5
 10
1191.9204
 20
308.2515777777778
 10
1191.1202999999998
 20
308.2515777777778
 10
1191.1202999999998
 20
340.2513444444445
 10
1191.9204
 20
340.2513444444445
 10
1191.9204
 20
308.2515777777778
 97
0
 75
1
 76
1
 98
0
  0
HATCH
  5
115
330
17
100
AcDbEntity
  8
CENTER
 62
7
420
0
100
AcDbHatch
 10
0.0
 20
0.0
 30
0.0
210
0.0
220
0.0
230
1.0
  2
SOLID
 70
1
 71
0
 91
1
 92
3
 72
0
 73
1
 93
5
 10
1192.0008333333333
 20
348.25093333333325
 10
1191.1202999999998
 20
348.25093333333325
 10
1191.1202999999998
 20
380.25069999999994
 10
1192.0008333333333
 20
380.25069999999994
 10
1192.0008333333333
 20
348.25093333333325
 97
0
 75
1
 76
1
 98
0
  0
HATCH
  5
116
330
17
100
AcDbEntity
  8
CENTER
 62
7
420
0
100
AcDbHatch
 10
0.0
 20
0.0
 30
0.0
210
0.0
220
0.0
230
1.0
  2
SOLID
 70
1
 71
0
 91
1
 92
3
 72
0
 73
1
 93
5
 10
1192.1207777777777
 20
388.25169999999997
 10
1191.1202999999998
 20
388.25169999999997
 10
1191.1202999999998
 20
420.2500555555555
 10
1192.1207777777777
 20
420.2500555555555
 10
1192.1207777777777
 20
388.25169999999997
 97
0
 75
1
 76
1
 98
0
  0
HATCH
  5
117
330
17
100
AcDbEntity
  8
CENTER
 62
7
420
0
100
AcDbHatch
 10
0.0
 20
0.0
 30
0.0
210
0.0
220
0.0
230
1.0
  2
SOLID
 70
1
 71
0
 91
1
 92
3
 72
0
 73
1
 93
5
 10
1192.2802333333332
 20
428.2510555555555
 10
1191.1202999999998
 20
428.2510555555555
 10
1191.1202999999998
 20
460.2508222222222
 10
1192.2802333333332
 20
460.2508222222222
 10
1192.2802333333332
 20
428.2510555555555
 97
0
 75
1
 76
1
 98
0
  0
HATCH
  5
118
330
17
100
AcDbEntity
  8
CENTER
 62
7
420
0
100
AcDbHatch
 10
0.0
 20
0.0
 30
0.0
210
0.0
220
0.0
230
1.0
  2
SOLID
 70
1
 71
0
 91
1
 92
3
 72
0
 73
1
 93
5
 10
1192.4396888888887
 20
468.2518222222222
 10
1191.1188888888887
 20
468.2518222222222
 10
1191.1188888888887
 20
500.2501777777777
 10
1192.4396888888887
 20
500.2501777777777
 10
1192.4396888888887
 20
468.2518222222222
 97
0
 75
1
 76
1
 98
0
  0
HATCH
  5
119
330
17
100
AcDbEntity
  8
CENTER
 62
7
420
0
100
AcDbHatch
 10
0.0
 20
0.0
 30
0.0
210
0.0
220
0.0
230
1.0
  2
SOLID
 70
1
 71
0
 91
1
 92
3
 72
0
 73
1
 93
5
 10
1192.7190888888888
 20
508.25117777777774
 10
1191.1188888888887
 20
508.25117777777774
 10
1191.1188888888887
 20
540.2509444444444
 10
1192.7190888888888
 20
540.2509444444444
 10
1192.7190888888888
 20
508.25117777777774
 97
0
 75
1
 76
1
 98
0
  0
HATCH
  5
11A
330
17
100
AcDbEntity
  8
CENTER
 62
7
420
0
100
AcDbHatch
 10
0.0
 20
0.0
 30
0.0
210
0.0
220
0.0
230
1.0
  2
SOLID
 70
1
 71
0
 91
1
 92
3
 72
0
 73
1
 93
5
 10
1193.1198444444444
 20
548.2505333333332
 10
1191.1202999999998
 20
548.2505333333332
 10
1191.1202999999998
 20
580.2502999999999
 10
1193.1198444444444
 20
580.2502999999999
 10
1193.1198444444444
 20
548.2505333333332
 97
0
 75
1
 76
1
 98
0
  0
HATCH
  5
11B
330
17
100
AcDbEntity
  8
CENTER
 62
7
420
0
100
AcDbHatch
 10
0.0
 20
0.0
 30
0.0
210
0.0
220
0.0
230
1.0
  2
SOLID
 70
1
 71
0
 91
1
 92
3
 72
0
 73
1
 93
5
 10
627.1203555555555
 20
872.250111111111
 10
627.1203555555555
 20
880.2496999999998
 10
595.1191777777777
 20
880.2496999999998
 10
595.1191777777777
 20
872.250111111111
 10
627.1203555555555
 20
872.250111111111
 97
0
 75
1
 76
1
 98
0
  0
HATCH
  5
11C
330
17
100
AcDbEntity
  8
CENTER
 62
7
420
0
100
AcDbHatch
 10
0.0
 20
0.0
 30
0.0
210
0.0
220
0.0
230
1.0
  2
SOLID
 70
1
 71
0
 91
1
 92
3
 72
0
 73
1
 93
5
 10
667.1211222222221
 20
876.2491999999999
 10
667.1211222222221
 20
880.2496999999998
 10
635.1213555555554
 20
880.2496999999998
 10
635.1213555555554
 20
876.2491999999999
 10
667.1211222222221
 20
876.2491999999999
 97
0
 75
1
 76
1
 98
0
  0
HATCH
  5
11D
330
17
100
AcDbEntity
  8
CENTER
 62
7
420
0
100
AcDbHatch
 10
0.0
 20
0.0
 30
0.0
210
0.0
220
0.0
230
1.0
  2
SOLID
 70
1
 71
0
 91
1
 92
3
 72
0
 73
1
 93
5
 10
707.1204777777776
 20
877.5685888888888
 10
707.1204777777776
 20
880.2482888888889
 10
675.120711111111
 20
880.2482888888889
 10
675.120711111111
 20
877.5685888888888
 10
707.1204777777776
 20
877.5685888888888
 97
0
 75
1
 76
1
 98
0
  0
HATCH
  5
11E
330
17
100
AcDbEntity
  8
CENTER
 62
7
420
0
100
AcDbHatch
 10
0.0
 20
0.0
 30
0.0
210
0.0
220
0.0
230
1.0
  2
SOLID
 70
1
 71
0
 91
1
 92
3
 72
0
 73
1
 93
5
 10
987.1202
 20
879.4481888888888
 10
987.1202
 20
880.2482888888889
 10
955.1204333333332
 20
880.2482888888889
 10
955.1204333333332
 20
879.4481888888888
 10
987.1202
 20
879.4481888888888
 97
0
 75
1
 76
1
 98
0
  0
HATCH
  5
11F
330
17
100
AcDbEntity
  8
CENTER
 62
7
420
0
100
AcDbHatch
 10
0.0
 20
0.0
 30
0.0
210
0.0
220
0.0
230
1.0
  2
SOLID
 70
1
 71
0
 91
1
 92
3
 72
0
 73
1
 93
5
 10
947.1208444444443
 20
879.3691666666665
 10
947.1208444444443
 20
880.2496999999998
 10
915.1210777777776
 20
880.2496999999998
 10
915.1210777777776
 20
879.3691666666665
 10
947.1208444444443
 20
879.3691666666665
 97
0
 75
1
 76
1
 98
0
  0
HATCH
  5
120
330
17
100
AcDbEntity
  8
CENTER
 62
7
420
0
100
AcDbHatch
 10
0.0
 20
0.0
 30
0.0
210
0.0
220
0.0
230
1.0
  2
SOLID
 70
1
 71
0
 91
1
 92
3
 72
0
 73
1
 93
5
 10
907.1200777777777
 20
879.2492222222222
 10
907.1200777777777
 20
880.2496999999998
 10
875.121722222222
 20
880.2496999999998
 10
875.121722222222
 20
879.2492222222222
 10
907.1200777777777
 20
879.2492222222222
 97
0
 75
1
 76
1
 98
0
  0
HATCH
  5
121
330
17
100
AcDbEntity
  8
CENTER
 62
7
420
0
100
AcDbHatch
 10
0.0
 20
0.0
 30
0.0
210
0.0
220
0.0
230
1.0
  2
SOLID
 70
1
 71
0
 91
1
 92
3
 72
0
 73
1
 93
5
 10
867.1207222222222
 20
879.0897666666666
 10
867.1207222222222
 20
880.2496999999998
 10
835.1209555555555
 20
880.2496999999998
 10
835.1209555555555
 20
879.0897666666666
 10
867.1207222222222
 20
879.0897666666666
 97
0
 75
1
 76
1
 98
0
  0
HATCH
  5
122
330
17
100
AcDbEntity
  8
CENTER
 62
7
420
0
100
AcDbHatch
 10
0.0
 20
0.0
 30
0.0
210
0.0
220
0.0
230
1.0
  2
SOLID
 70
1
 71
0
 91
1
 92
3
 72
0
 73
1
 93
5
 10
827.1199555555555
 20
878.9289
 10
827.1199555555555
 20
880.2496999999998
 10
795.1201888888888
 20
880.2496999999998
 10
795.1201888888888
 20
878.9289
 10
827.1199555555555
 20
878.9289
 97
0
 75
1
 76
1
 98
0
  0
HATCH
  5
123
330
17
100
AcDbEntity
  8
CENTER
 62
7
420
0
100
AcDbHatch
 10
0.0
 20
0.0
 30
0.0
210
0.0
220
0.0
230
1.0
  2
SOLID
 70
1
 71
0
 91
1
 92
3
 72
0
 73
1
 93
5
 10
787.1206
 20
878.6494999999999
 10
787.1206
 20
880.2496999999998
 10
755.1208333333333
 20
880.2496999999998
 10
755.1208333333333
 20
878.6494999999999
 10
787.1206
 20
878.6494999999999
 97
0
 75
1
 76
1
 98
0
  0
HATCH
  5
124
330
17
100
AcDbEntity
  8
CENTER
 62
7
420
0
100
AcDbHatch
 10
0.0
 20
0.0
 30
0.0
210
0.0
220
0.0
230
1.0
  2
SOLID
 70
1
 71
0
 91
1
 92
3
 72
0
 73
1
 93
5
 10
747.1198333333333
 20
878.2501555555556
 10
747.1198333333333
 20
880.2496999999998
 10
715.1214777777778
 20
880.2496999999998
 10
715.1214777777778
 20
878.2501555555556
 10
747.1198333333333
 20
878.2501555555556
 97
0
 75
1
 76
1
 98
0
  0
TEXT
  5
125
330
17
100
AcDbEntity
  8
LABELS
 62
250
100
AcDbText
 10
1183.0333633333332
 20
715.4333333333333
 30
0.0
 40
16.93333333333333
  1
1
 11
1183.0333633333332
 21
715.4333333333333
 31
0.0
100
AcDbText
  0
TEXT
  5
126
330
17
100
AcDbEntity
  8
LABELS
 62
250
100
AcDbText
 10
1180.441293333333
 20
282.9284833333333
 30
0.0
 40
16.93333333333333
  1
10
 11
1180.441293333333
 21
282.9284833333333
 31
0.0
100
AcDbText
  0
TEXT
  5
127
330
17
100
AcDbEntity
  8
LABELS
 62
250
100
AcDbText
 10
576.961141111111
 20
873.0339833333334
 30
0.0
 40
16.93333333333333
  1
1
 11
576.961141111111
 21
873.0339833333334
 31
0.0
100
AcDbText
  0
TEXT
  5
128
330
17
100
AcDbEntity
  8
LABELS
 62
250
100
AcDbText
 10
994.8801822222221
 20
872.24997
 30
0.0
 40
16.93333333333333
  1
10
 11
994.8801822222221
 21
872.24997
 31
0.0
100
AcDbText
  0
HATCH
  5
129
330
17
100
AcDbEntity
  8
PERIPHERY
 62
7
420
0
100
AcDbHatch
 10
0.0
 20
0.0
 30
0.0
210
0.0
220
0.0
230
1.0
  2
SOLID
 70
1
 71
0
 91
1
 92
3
 72
0
 73
1
 93
5
 10
691.122711111111
 20
152.25042222222223
 10
691.122711111111
 20
112.25106666666666
 10
811.1193666666666
 20
112.25106666666666
 10
811.1193666666666
 20
152.25042222222223
 10
691.122711111111
 20
152.25042222222223
 97
0
 75
1
 76
1
 98
0
  0
HATCH
  5
12A
330
17
100
AcDbEntity
  8
PERIPHERY
 62
7
420
0
100
AcDbHatch
 10
0.0
 20
0.0
 30
0.0
210
0.0
220
0.0
230
1.0
  2
SOLID
 70
1
 71
0
 91
1
 92
3
 72
0
 73
1
 93
5
 10
851.1187222222221
 20
152.25042222222223
 10
851.1187222222221
 20
112.25106666666666
 10
891.122311111111
 20
112.25106666666666
 10
891.122311111111
 20
152.25042222222223
 10
851.1187222222221
 20
152.25042222222223
 97
0
 75
1
 76
1
 98
0
  0
HATCH
  5
12B
330
17
100
AcDbEntity
  8
PERIPHERY
 62
7
420
0
100
AcDbHatch
 10
0.0
 20
0.0
 30
0.0
210
0.0
220
0.0
230
1.0
  2
SOLID
 70
1
 71
0
 91
1
 92
3
 72
0
 73
1
 93
5
 10
811.1207777777777
 20
152.25042222222223
 10
811.1207777777777
 20
112.25106666666666
 10
851.1201333333332
 20
112.25106666666666
 10
851.1201333333332
 20
152.25042222222223
 10
811.1207777777777
 20
152.25042222222223
 97
0
 75
1
 76
1
 98
0
  0
HATCH
  5
12C
330
17
100
AcDbEntity
  8
PERIPHERY
 62
7
420
16777215
100
AcDbHatch
 10
0.0
 20
0.0
 30
0.0
210
0.0
220
0.0
230
1.0
  2
SOLID
 70
1
 71
0
 91
1
 92
3
 72
0
 73
1
 93
5
 10
695.1203888888889
 20
116.25015555555547
 10
695.1203888888889
 20
112.25106666666666
 10
691.1198888888889
 20
112.25106666666666
 10
691.1198888888889
 20
116.25015555555547
 10
695.1203888888889
 20
116.25015555555547
 97
0
 75
1
 76
1
 98
0
  0
HATCH
  5
12D
330
17
100
AcDbEntity
  8
PERIPHERY
 62
7
420
16777215
100
AcDbHatch
 10
0.0
 20
0.0
 30
0.0
210
0.0
220
0.0
230
1.0
  2
SOLID
 70
1
 71
0
 91
1
 92
3
 72
0
 73
1
 93
5
 10
699.1208888888888
 20
120.24924444444444
 10
699.1208888888888
 20
116.25015555555564
 10
695.1203888888889
 20
116.25015555555564
 10
695.1203888888889
 20
120.24924444444444
 10
699.1208888888888
 20
120.24924444444444
 97
0
 75
1
 76
1
 98
0
  0
HATCH
  5
12E
330
17
100
AcDbEntity
  8
PERIPHERY
 62
7
420
16777215
100
AcDbHatch
 10
0.0
 20
0.0
 30
0.0
210
0.0
220
0.0
230
1.0
  2
SOLID
 70
1
 71
0
 91
1
 92
3
 72
0
 73
1
 93
5
 10
703.1213888888888
 20
124.24833333333326
 10
703.1213888888888
 20
120.24924444444444
 10
699.1208888888888
 20
120.24924444444444
 10
699.1208888888888
 20
124.24833333333326
 10
703.1213888888888
 20
124.24833333333326
 97
0
 75
1
 76
1
 98
0
  0
HATCH
  5
12F
330
17
100
AcDbEntity
  8
PERIPHERY
 62
7
420
16777215
100
AcDbHatch
 10
0.0
 20
0.0
 30
0.0
210
0.0
220
0.0
230
1.0
  2
SOLID
 70
1
 71
0
 91
1
 92
3
 72
0
 73
1
 93
5
 10
703.1213888888888
 20
116.25015555555547
 10
703.1213888888888
 20
112.25106666666666
 10
699.1208888888888
 20
112.25106666666666
 10
699.1208888888888
 20
116.25015555555547
 10
703.1213888888888
 20
116.25015555555547
 97
0
 75
1
 76
1
 98
0
  0
HATCH
  5
130
330
17
100
AcDbEntity
  8
PERIPHERY
 62
7
420
16777215
100
AcDbHatch
 10
0.0
 20
0.0
 30
0.0
210
0.0
220
0.0
230
1.0
  2
SOLID
 70
1
 71
0
 91
1
 92
3
 72
0
 73
1
 93
5
 10
695.1203888888889
 20
124.24833333333326
 10
695.1203888888889
 20
120.24924444444444
 10
691.1198888888889
 20
120.24924444444444
 10
691.1198888888889
 20
124.24833333333326
 10
695.1203888888889
 20
124.24833333333326
 97
0
 75
1
 76
1
 98
0
  0
HATCH
  5
131
330
17
100
AcDbEntity
  8
PERIPHERY
 62
7
420
16777215
100
AcDbHatch
 10
0.0
 20
0.0
 30
0.0
210
0.0
220
0.0
230
1.0
  2
SOLID
 70
1
 71
0
 91
1
 92
3
 72
0
 73
1
 93
5
 10
707.1218888888889
 20
120.24924444444444
 10
707.1218888888889
 20
116.25015555555564
 10
703.1213888888889
 20
116.25015555555564
 10
703.1213888888889
 20
120.24924444444444
 10
707.1218888888889
 20
120.24924444444444
 97
0
 75
1
 76
1
 98
0
  0
HATCH
  5
132
330
17
100
AcDbEntity
  8
PERIPHERY
 62
7
420
16777215
100
AcDbHatch
 10
0.0
 20
0.0
 30
0.0
210
0.0
220
0.0
230
1.0
  2
SOLID
 70
1
 71
0
 91
1
 92
3
 72
0
 73
1
 93
5
 10
699.1208888888888
 20
128.25024444444438
 10
699.1208888888888
 20
124.24833333333326
 10
695.1203888888889
 20
124.24833333333326
 10
695.1203888888889
 20
128.25024444444438
 10
699.1208888888888
 20
128.25024444444438
 97
0
 75
1
 76
1
 98
0
  0
HATCH
  5
133
330
17
100
AcDbEntity
  8
PERIPHERY
 62
7
420
16777215
100
AcDbHatch
 10
0.0
 20
0.0
 30
0.0
210
0.0
220
0.0
230
1.0
  2
SOLID
 70
1
 71
0
 91
1
 92
3
 72
0
 73
1
 93
5
 10
707.1218888888889
 20
128.25024444444438
 10
707.1218888888889
 20
124.24833333333326
 10
703.1213888888889
 20
124.24833333333326
 10
703.1213888888889
 20
128.25024444444438
 10
707.1218888888889
 20
128.25024444444438
 97
0
 75
1
 76
1
 98
0
  0
HATCH
  5
134
330
17
100
AcDbEntity
  8
PERIPHERY
 62
7
420
16777215
100
AcDbHatch
 10
0.0
 20
0.0
 30
0.0
210
0.0
220
0.0
230
1.0
  2
SOLID
 70
1
 71
0
 91
1
 92
3
 72
0
 73
1
 93
5
 10
695.1203888888889
 20
132.24933333333337
 10
695.1203888888889
 20
128.25024444444455
 10
691.1198888888889
 20
128.25024444444455
 10
691.1198888888889
 20
132.24933333333337
 10
695.1203888888889
 20
132.24933333333337
 97
0
 75
1
 76
1
 98
0
  0
HATCH
  5
135
330
17
100
AcDbEntity
  8
PERIPHERY
 62
7
420
16777215
100
AcDbHatch
 10
0.0
 20
0.0
 30
0.0
210
0.0
220
0.0
230
1.0
  2
SOLID
 70
1
 71
0
 91
1
 92
3
 72
0
 73
1
 93
5
 10
699.1208888888888
 20
136.24842222222216
 10
699.1208888888888
 20
132.24933333333337
 10
695.1203888888889
 20
132.24933333333337
 10
695.1203888888889
 20
136.24842222222216
 10
699.1208888888888
 20
136.24842222222216
 97
0
 75
1
 76
1
 98
0
  0
HATCH
  5
136
330
17
100
AcDbEntity
  8
PERIPHERY
 62
7
420
16777215
100
AcDbHatch
 10
0.0
 20
0.0
 30
0.0
210
0.0
220
0.0
230
1.0
  2
SOLID
 70
1
 71
0
 91
1
 92
3
 72
0
 73
1
 93
5
 10
703.1213888888888
 20
140.24751111111115
 10
703.1213888888888
 20
136.24842222222233
 10
699.1208888888888
 20
136.24842222222233
 10
699.1208888888888
 20
140.24751111111115
 10
703.1213888888888
 20
140.24751111111115
 97
0
 75
1
 76
1
 98
0
  0
HATCH
  5
137
330
17
100
AcDbEntity
  8
PERIPHERY
 62
7
420
16777215
100
AcDbHatch
 10
0.0
 20
0.0
 30
0.0
210
0.0
220
0.0
230
1.0
  2
SOLID
 70
1
 71
0
 91
1
 92
3
 72
0
 73
1
 93
5
 10
703.1213888888888
 20
132.24933333333337
 10
703.1213888888888
 20
128.25024444444455
 10
699.1208888888888
 20
128.25024444444455
 10
699.1208888888888
 20
132.24933333333337
 10
703.1213888888888
 20
132.24933333333337
 97
0
 75
1
 76
1
 98
0
  0
HATCH
  5
138
330
17
100
AcDbEntity
  8
PERIPHERY
 62
7
420
16777215
100
AcDbHatch
 10
0.0
 20
0.0
 30
0.0
210
0.0
220
0.0
230
1.0
  2
SOLID
 70
1
 71
0
 91
1
 92
3
 72
0
 73
1
 93
5
 10
695.1203888888889
 20
140.24751111111115
 10
695.1203888888889
 20
136.24842222222233
 10
691.1198888888889
 20
136.24842222222233
 10
691.1198888888889
 20
140.24751111111115
 10
695.1203888888889
 20
140.24751111111115
 97
0
 75
1
 76
1
 98
0
  0
HATCH
  5
139
330
17
100
AcDbEntity
  8
PERIPHERY
 62
7
420
16777215
100
AcDbHatch
 10
0.0
 20
0.0
 30
0.0
210
0.0
220
0.0
230
1.0
  2
SOLID
 70
1
 71
0
 91
1
 92
3
 72
0
 73
1
 93
5
 10
707.1218888888889
 20
136.24842222222216
 10
707.1218888888889
 20
132.24933333333337
 10
703.1213888888889
 20
132.24933333333337
 10
703.1213888888889
 20
136.24842222222216
 10
707.1218888888889
 20
136.24842222222216
 97
0
 75
1
 76
1
 98
0
  0
HATCH
  5
13A
330
17
100
AcDbEntity
  8
PERIPHERY
 62
7
420
16777215
100
AcDbHatch
 10
0.0
 20
0.0
 30
0.0
210
0.0
220
0.0
230
1.0
  2
SOLID
 70
1
 71
0
 91
1
 92
3
 72
0
 73
1
 93
5
 10
699.1208888888888
 20
144.24942222222228
 10
699.1208888888888
 20
140.24751111111115
 10
695.1203888888889
 20
140.24751111111115
 10
695.1203888888889
 20
144.24942222222228
 10
699.1208888888888
 20
144.24942222222228
 97
0
 75
1
 76
1
 98
0
  0
HATCH
  5
13B
330
17
100
AcDbEntity
  8
PERIPHERY
 62
7
420
16777215
100
AcDbHatch
 10
0.0
 20
0.0
 30
0.0
210
0.0
220
0.0
230
1.0
  2
SOLID
 70
1
 71
0
 91
1
 92
3
 72
0
 73
1
 93
5
 10
707.1218888888889
 20
144.24942222222228
 10
707.1218888888889
 20
140.24751111111115
 10
703.1213888888889
 20
140.24751111111115
 10
703.1213888888889
 20
144.24942222222228
 10
707.1218888888889
 20
144.24942222222228
 97
0
 75
1
 76
1
 98
0
  0
HATCH
  5
13C
330
17
100
AcDbEntity
  8
PERIPHERY
 62
7
420
16777215
100
AcDbHatch
 10
0.0
 20
0.0
 30
0.0
210
0.0
220
0.0
230
1.0
  2
SOLID
 70
1
 71
0
 91
1
 92
3
 72
0
 73
1
 93
5
 10
711.1223888888888
 20
116.25015555555547
 10
711.1223888888888
 20
112.25106666666666
 10
707.1218888888889
 20
112.25106666666666
 10
707.1218888888889
 20
116.25015555555547
 10
711.1223888888888
 20
116.25015555555547
 97
0
 75
1
 76
1
 98
0
  0
HATCH
  5
13D
330
17
100
AcDbEntity
  8
PERIPHERY
 62
7
420
16777215
100
AcDbHatch
 10
0.0
 20
0.0
 30
0.0
210
0.0
220
0.0
230
1.0
  2
SOLID
 70
1
 71
0
 91
1
 92
3
 72
0
 73
1
 93
5
 10
715.1228888888888
 20
120.24924444444444
 10
715.1228888888888
 20
116.25015555555564
 10
711.1223888888888
 20
116.25015555555564
 10
711.1223888888888
 20
120.24924444444444
 10
715.1228888888888
 20
120.24924444444444
 97
0
 75
1
 76
1
 98
0
  0
HATCH
  5
13E
330
17
100
AcDbEntity
  8
PERIPHERY
 62
7
420
16777215
100
AcDbHatch
 10
0.0
 20
0.0
 30
0.0
210
0.0
220
0.0
230
1.0
  2
SOLID
 70
1
 71
0
 91
1
 92
3
 72
0
 73
1
 93
5
 10
719.1233888888888
 20
124.24833333333326
 10
719.1233888888888
 20
120.24924444444444
 10
715.1228888888888
 20
120.24924444444444
 10
715.1228888888888
 20
124.24833333333326
 10
719.1233888888888
 20
124.24833333333326
 97
0
 75
1
 76
1
 98
0
  0
HATCH
  5
13F
330
17
100
AcDbEntity
  8
PERIPHERY
 62
7
420
16777215
100
AcDbHatch
 10
0.0
 20
0.0
 30
0.0
210
0.0
220
0.0
230
1.0
  2
SOLID
 70
1
 71
0
 91
1
 92
3
 72
0
 73
1
 93
5
 10
719.1233888888888
 20
116.25015555555547
 10
719.1233888888888
 20
112.25106666666666
 10
715.1228888888888
 20
112.25106666666666
 10
715.1228888888888
 20
116.25015555555547
 10
719.1233888888888
 20
116.25015555555547
 97
0
 75
1
 76
1
 98
0
  0
HATCH
  5
140
330
17
100
AcDbEntity
  8
PERIPHERY
 62
7
420
16777215
100
AcDbHatch
 10
0.0
 20
0.0
 30
0.0
210
0.0
220
0.0
230
1.0
  2
SOLID
 70
1
 71
0
 91
1
 92
3
 72
0
 73
1
 93
5
 10
711.1223888888888
 20
124.24833333333326
 10
711.1223888888888
 20
120.24924444444444
 10
707.1218888888889
 20
120.24924444444444
 10
707.1218888888889
 20
124.24833333333326
 10
711.1223888888888
 20
124.24833333333326
 97
0
 75
1
 76
1
 98
0
  0
HATCH
  5
141
330
17
100
AcDbEntity
  8
PERIPHERY
 62
7
420
16777215
100
AcDbHatch
 10
0.0
 20
0.0
 30
0.0
210
0.0
220
0.0
230
1.0
  2
SOLID
 70
1
 71
0
 91
1
 92
3
 72
0
 73
1
 93
5
 10
723.1238888888889
 20
120.24924444444444
 10
723.1238888888889
 20
116.25015555555564
 10
719.1233888888889
 20
116.25015555555564
 10
719.1233888888889
 20
120.24924444444444
 10
723.1238888888889
 20
120.24924444444444
 97
0
 75
1
 76
1
 98
0
  0
HATCH
  5
142
330
17
100
AcDbEntity
  8
PERIPHERY
 62
7
420
16777215
100
AcDbHatch
 10
0.0
 20
0.0
 30
0.0
210
0.0
220
0.0
230
1.0
  2
SOLID
 70
1
 71
0
 91
1
 92
3
 72
0
 73
1
 93
5
 10
715.1228888888888
 20
128.25024444444438
 10
715.1228888888888
 20
124.24833333333326
 10
711.1223888888888
 20
124.24833333333326
 10
711.1223888888888
 20
128.25024444444438
 10
715.1228888888888
 20
128.25024444444438
 97
0
 75
1
 76
1
 98
0
  0
HATCH
  5
143
330
17
100
AcDbEntity
  8
PERIPHERY
 62
7
420
16777215
100
AcDbHatch
 10
0.0
 20
0.0
 30
0.0
210
0.0
220
0.0
230
1.0
  2
SOLID
 70
1
 71
0
 91
1
 92
3
 72
0
 73
1
 93
5
 10
723.1238888888889
 20
128.25024444444438
 10
723.1238888888889
 20
124.24833333333326
 10
719.1233888888889
 20
124.24833333333326
 10
719.1233888888889
 20
128.25024444444438
 10
723.1238888888889
 20
128.25024444444438
 97
0
 75
1
 76
1
 98
0
  0
HATCH
  5
144
330
17
100
AcDbEntity
  8
PERIPHERY
 62
7
420
16777215
100
AcDbHatch
 10
0.0
 20
0.0
 30
0.0
210
0.0
220
0.0
230
1.0
  2
SOLID
 70
1
 71
0
 91
1
 92
3
 72
0
 73
1
 93
5
 10
711.1223888888888
 20
132.24933333333337
 10
711.1223888888888
 20
128.25024444444455
 10
707.1218888888889
 20
128.25024444444455
 10
707.1218888888889
 20
132.24933333333337
 10
711.1223888888888
 20
132.24933333333337
 97
0
 75
1
 76
1
 98
0
  0
HATCH
  5
145
330
17
100
AcDbEntity
  8
PERIPHERY
 62
7
420
16777215
100
AcDbHatch
 10
0.0
 20
0.0
 30
0.0
210
0.0
220
0.0
230
1.0
  2
SOLID
 70
1
 71
0
 91
1
 92
3
 72
0
 73
1
 93
5
 10
715.1228888888888
 20
136.24842222222216
 10
715.1228888888888
 20
132.24933333333337
 10
711.1223888888888
 20
132.24933333333337
 10
711.1223888888888
 20
136.24842222222216
 10
715.1228888888888
 20
136.24842222222216
 97
0
 75
1
 76
1
 98
0
  0
HATCH
  5
146
330
17
100
AcDbEntity
  8
PERIPHERY
 62
7
420
16777215
100
AcDbHatch
 10
0.0
 20
0.0
 30
0.0
210
0.0
220
0.0
230
1.0
  2
SOLID
 70
1
 71
0
 91
1
 92
3
 72
0
 73
1
 93
5
 10
719.1233888888888
 20
140.24751111111115
 10
719.1233888888888
 20
136.24842222222233
 10
715.1228888888888
 20
136.24842222222233
 10
715.1228888888888
 20
140.24751111111115
 10
719.1233888888888
 20
140.24751111111115
 97
0
 75
1
 76
1
 98
0
  0
HATCH
  5
147
330
17
100
AcDbEntity
  8
PERIPHERY
 62
7
420
16777215
100
AcDbHatch
 10
0.0
 20
0.0
 30
0.0
210
0.0
220
0.0
230
1.0
  2
SOLID
 70
1
 71
0
 91
1
 92
3
 72
0
 73
1
 93
5
 10
719.1233888888888
 20
132.24933333333337
 10
719.1233888888888
 20
128.25024444444455
 10
715.1228888888888
 20
128.25024444444455
 10
715.1228888888888
 20
132.24933333333337
 10
719.1233888888888
 20
132.24933333333337
 97
0
 75
1
 76
1
 98
0
  0
HATCH
  5
148
330
17
100
AcDbEntity
  8
PERIPHERY
 62
7
420
16777215
100
AcDbHatch
 10
0.0
 20
0.0
 30
0.0
210
0.0
220
0.0
230
1.0
  2
SOLID
 70
1
 71
0
 91
1
 92
3
 72
0
 73
1
 93
5
 10
711.1223888888888
 20
140.24751111111115
 10
711.1223888888888
 20
136.24842222222233
 10
707.1218888888889
 20
136.24842222222233
 10
707.1218888888889
 20
140.24751111111115
 10
711.1223888888888
 20
140.24751111111115
 97
0
 75
1
 76
1
 98
0
  0
HATCH
  5
149
330
17
100
AcDbEntity
  8
PERIPHERY
 62
7
420
16777215
100
AcDbHatch
 10
0.0
 20
0.0
 30
0.0
210
0.0
220
0.0
230
1.0
  2
SOLID
 70
1
 71
0
 91
1
 92
3
 72
0
 73
1
 93
5
 10
723.1238888888889
 20
136.24842222222216
 10
723.1238888888889
 20
132.24933333333337
 10
719.1233888888889
 20
132.24933333333337
 10
719.1233888888889
 20
136.24842222222216
 10
723.1238888888889
 20
136.24842222222216
 97
0
 75
1
 76
1
 98
0
  0
HATCH
  5
14A
330
17
100
AcDbEntity
  8
PERIPHERY
 62
7
420
16777215
100
AcDbHatch
 10
0.0
 20
0.0
 30
0.0
210
0.0
220
0.0
230
1.0
  2
SOLID
 70
1
 71
0
 91
1
 92
3
 72
0
 73
1
 93
5
 10
715.1228888888888
 20
144.24942222222228
 10
715.1228888888888
 20
140.24751111111115
 10
711.1223888888888
 20
140.24751111111115
 10
711.1223888888888
 20
144.24942222222228
 10
715.1228888888888
 20
144.24942222222228
 97
0
 75
1
 76
1
 98
0
  0
HATCH
  5
14B
330
17
100
AcDbEntity
  8
PERIPHERY
 62
7
420
16777215
100
AcDbHatch
 10
0.0
 20
0.0
 30
0.0
210
0.0
220
0.0
230
1.0
  2
SOLID
 70
1
 71
0
 91
1
 92
3
 72
0
 73
1
 93
5
 10
723.1238888888889
 20
144.24942222222228
 10
723.1238888888889
 20
140.24751111111115
 10
719.1233888888889
 20
140.24751111111115
 10
719.1233888888889
 20
144.24942222222228
 10
723.1238888888889
 20
144.24942222222228
 97
0
 75
1
 76
1
 98
0
  0
HATCH
  5
14C
330
17
100
AcDbEntity
  8
PERIPHERY
 62
7
420
16777215
100
AcDbHatch
 10
0.0
 20
0.0
 30
0.0
210
0.0
220
0.0
230
1.0
  2
SOLID
 70
1
 71
0
 91
1
 92
3
 72
0
 73
1
 93
5
 10
727.1243888888888
 20
124.24833333333326
 10
727.1243888888888
 20
120.24924444444444
 10
723.1238888888887
 20
120.24924444444444
 10
723.1238888888887
 20
124.24833333333326
 10
727.1243888888888
 20
124.24833333333326
 97
0
 75
1
 76
1
 98
0
  0
HATCH
  5
14D
330
17
100
AcDbEntity
  8
PERIPHERY
 62
7
420
16777215
100
AcDbHatch
 10
0.0
 20
0.0
 30
0.0
210
0.0
220
0.0
230
1.0
  2
SOLID
 70
1
 71
0
 91
1
 92
3
 72
0
 73
1
 93
5
 10
727.1243888888888
 20
116.25015555555547
 10
727.1243888888888
 20
112.25106666666666
 10
723.1238888888887
 20
112.25106666666666
 10
723.1238888888887
 20
116.25015555555547
 10
727.1243888888888
 20
116.25015555555547
 97
0
 75
1
 76
1
 98
0
  0
HATCH
  5
14E
330
17
100
AcDbEntity
  8
PERIPHERY
 62
7
420
16777215
100
AcDbHatch
 10
0.0
 20
0.0
 30
0.0
210
0.0
220
0.0
230
1.0
  2
SOLID
 70
1
 71
0
 91
1
 92
3
 72
0
 73
1
 93
5
 10
731.1248888888888
 20
120.24924444444444
 10
731.1248888888888
 20
116.25015555555564
 10
727.1243888888888
 20
116.25015555555564
 10
727.1243888888888
 20
120.24924444444444
 10
731.1248888888888
 20
120.24924444444444
 97
0
 75
1
 76
1
 98
0
  0
HATCH
  5
14F
330
17
100
AcDbEntity
  8
PERIPHERY
 62
7
420
16777215
100
AcDbHatch
 10
0.0
 20
0.0
 30
0.0
210
0.0
220
0.0
230
1.0
  2
SOLID
 70
1
 71
0
 91
1
 92
3
 72
0
 73
1
 93
5
 10
731.1248888888888
 20
128.25024444444438
 10
731.1248888888888
 20
124.24833333333326
 10
727.1243888888888
 20
124.24833333333326
 10
727.1243888888888
 20
128.25024444444438
 10
731.1248888888888
 20
128.25024444444438
 97
0
 75
1
 76
1
 98
0
  0
HATCH
  5
150
330
17
100
AcDbEntity
  8
PERIPHERY
 62
7
420
16777215
100
AcDbHatch
 10
0.0
 20
0.0
 30
0.0
210
0.0
220
0.0
230
1.0
  2
SOLID
 70
1
 71
0
 91
1
 92
3
 72
0
 73
1
 93
5
 10
727.1243888888888
 20
140.24751111111115
 10
727.1243888888888
 20
136.24842222222233
 10
723.1238888888887
 20
136.24842222222233
 10
723.1238888888887
 20
140.24751111111115
 10
727.1243888888888
 20
140.24751111111115
 97
0
 75
1
 76
1
 98
0
  0
HATCH
  5
151
330
17
100
AcDbEntity
  8
PERIPHERY
 62
7
420
16777215
100
AcDbHatch
 10
0.0
 20
0.0
 30
0.0
210
0.0
220
0.0
230
1.0
  2
SOLID
 70
1
 71
0
 91
1
 92
3
 72
0
 73
1
 93
5
 10
727.1243888888888
 20
132.24933333333337
 10
727.1243888888888
 20
128.25024444444455
 10
723.1238888888887
 20
128.25024444444455
 10
723.1238888888887
 20
132.24933333333337
 10
727.1243888888888
 20
132.24933333333337
 97
0
 75
1
 76
1
 98
0
  0
HATCH
  5
152
330
17
100
AcDbEntity
  8
PERIPHERY
 62
7
420
16777215
100
AcDbHatch
 10
0.0
 20
0.0
 30
0.0
210
0.0
220
0.0
230
1.0
  2
SOLID
 70
1
 71
0
 91
1
 92
3
 72
0
 73
1
 93
5
 10
731.1248888888888
 20
136.24842222222216
 10
731.1248888888888
 20
132.24933333333337
 10
727.1243888888888
 20
132.24933333333337
 10
727.1243888888888
 20
136.24842222222216
 10
731.1248888888888
 20
136.24842222222216
 97
0
 75
1
 76
1
 98
0
  0
HATCH
  5
153
330
17
100
AcDbEntity
  8
PERIPHERY
 62
7
420
16777215
100
AcDbHatch
 10
0.0
 20
0.0
 30
0.0
210
0.0
220
0.0
230
1.0
  2
SOLID
 70
1
 71
0
 91
1
 92
3
 72
0
 73
1
 93
5
 10
731.1248888888888
 20
144.24942222222228
 10
731.1248888888888
 20
140.24751111111115
 10
727.1243888888888
 20
140.24751111111115
 10
727.1243888888888
 20
144.24942222222228
 10
731.1248888888888
 20
144.24942222222228
 97
0
 75
1
 76
1
 98
0
  0
HATCH
  5
154
330
17
100
AcDbEntity
  8
PERIPHERY
 62
7
420
16777215
100
AcDbHatch
 10
0.0
 20
0.0
 30
0.0
210
0.0
220
0.0
230
1.0
  2
SOLID
 70
1
 71
0
 91
1
 92
3
 72
0
 73
1
 93
5
 10
703.1213888888888
 20
148.2485111111111
 10
703.1213888888888
 20
144.24942222222228
 10
699.1208888888888
 20
144.24942222222228
 10
699.1208888888888
 20
148.2485111111111
 10
703.1213888888888
 20
148.2485111111111
 97
0
 75
1
 76
1
 98
0
  0
HATCH
  5
155
330
17
100
AcDbEntity
  8
PERIPHERY
 62
7
420
16777215
100
AcDbHatch
 10
0.0
 20
0.0
 30
0.0
210
0.0
220
0.0
230
1.0
  2
SOLID
 70
1
 71
0
 91
1
 92
3
 72
0
 73
1
 93
5
 10
695.1203888888889
 20
148.2485111111111
 10
695.1203888888889
 20
144.24942222222228
 10
691.1198888888889
 20
144.24942222222228
 10
691.1198888888889
 20
148.2485111111111
 10
695.1203888888889
 20
148.2485111111111
 97
0
 75
1
 76
1
 98
0
  0
HATCH
  5
156
330
17
100
AcDbEntity
  8
PERIPHERY
 62
7
420
16777215
100
AcDbHatch
 10
0.0
 20
0.0
 30
0.0
210
0.0
220
0.0
230
1.0
  2
SOLID
 70
1
 71
0
 91
1
 92
3
 72
0
 73
1
 93
5
 10
699.1208888888888
 20
152.24760000000006
 10
699.1208888888888
 20
148.24851111111124
 10
695.1203888888889
 20
148.24851111111124
 10
695.1203888888889
 20
152.24760000000006
 10
699.1208888888888
 20
152.24760000000006
 97
0
 75
1
 76
1
 98
0
  0
HATCH
  5
157
330
17
100
AcDbEntity
  8
PERIPHERY
 62
7
420
16777215
100
AcDbHatch
 10
0.0
 20
0.0
 30
0.0
210
0.0
220
0.0
230
1.0
  2
SOLID
 70
1
 71
0
 91
1
 92
3
 72
0
 73
1
 93
5
 10
707.1218888888889
 20
152.24760000000006
 10
707.1218888888889
 20
148.24851111111124
 10
703.1213888888889
 20
148.24851111111124
 10
703.1213888888889
 20
152.24760000000006
 10
707.1218888888889
 20
152.24760000000006
 97
0
 75
1
 76
1
 98
0
  0
HATCH
  5
158
330
17
100
AcDbEntity
  8
PERIPHERY
 62
7
420
16777215
100
AcDbHatch
 10
0.0
 20
0.0
 30
0.0
210
0.0
220
0.0
230
1.0
  2
SOLID
 70
1
 71
0
 91
1
 92
3
 72
0
 73
1
 93
5
 10
719.1233888888888
 20
148.2485111111111
 10
719.1233888888888
 20
144.24942222222228
 10
715.1228888888888
 20
144.24942222222228
 10
715.1228888888888
 20
148.2485111111111
 10
719.1233888888888
 20
148.2485111111111
 97
0
 75
1
 76
1
 98
0
  0
HATCH
  5
159
330
17
100
AcDbEntity
  8
PERIPHERY
 62
7
420
16777215
100
AcDbHatch
 10
0.0
 20
0.0
 30
0.0
210
0.0
220
0.0
230
1.0
  2
SOLID
 70
1
 71
0
 91
1
 92
3
 72
0
 73
1
 93
5
 10
711.1223888888888
 20
148.2485111111111
 10
711.1223888888888
 20
144.24942222222228
 10
707.1218888888889
 20
144.24942222222228
 10
707.1218888888889
 20
148.2485111111111
 10
711.1223888888888
 20
148.2485111111111
 97
0
 75
1
 76
1
 98
0
  0
HATCH
  5
15A
330
17
100
AcDbEntity
  8
PERIPHERY
 62
7
420
16777215
100
AcDbHatch
 10
0.0
 20
0.0
 30
0.0
210
0.0
220
0.0
230
1.0
  2
SOLID
 70
1
 71
0
 91
1
 92
3
 72
0
 73
1
 93
5
 10
715.1228888888888
 20
152.24760000000006
 10
715.1228888888888
 20
148.24851111111124
 10
711.1223888888888
 20
148.24851111111124
 10
711.1223888888888
 20
152.24760000000006
 10
715.1228888888888
 20
152.24760000000006
 97
0
 75
1
 76
1
 98
0
  0
HATCH
  5
15B
330
17
100
AcDbEntity
  8
PERIPHERY
 62
7
420
16777215
100
AcDbHatch
 10
0.0
 20
0.0
 30
0.0
210
0.0
220
0.0
230
1.0
  2
SOLID
 70
1
 71
0
 91
1
 92
3
 72
0
 73
1
 93
5
 10
723.1238888888889
 20
152.24760000000006
 10
723.1238888888889
 20
148.24851111111124
 10
719.1233888888889
 20
148.24851111111124
 10
719.1233888888889
 20
152.24760000000006
 10
723.1238888888889
 20
152.24760000000006
 97
0
 75
1
 76
1
 98
0
  0
HATCH
  5
15C
330
17
100
AcDbEntity
  8
PERIPHERY
 62
7
420
16777215
100
AcDbHatch
 10
0.0
 20
0.0
 30
0.0
210
0.0
220
0.0
230
1.0
  2
SOLID
 70
1
 71
0
 91
1
 92
3
 72
0
 73
1
 93
5
 10
727.1243888888888
 20
148.2485111111111
 10
727.1243888888888
 20
144.24942222222228
 10
723.1238888888887
 20
144.24942222222228
 10
723.1238888888887
 20
148.2485111111111
 10
727.1243888888888
 20
148.2485111111111
 97
0
 75
1
 76
1
 98
0
  0
HATCH
  5
15D
330
17
100
AcDbEntity
  8
PERIPHERY
 62
7
420
16777215
100
AcDbHatch
 10
0.0
 20
0.0
 30
0.0
210
0.0
220
0.0
230
1.0
  2
SOLID
 70
1
 71
0
 91
1
 92
3
 72
0
 73
1
 93
5
 10
731.1248888888888
 20
152.24760000000006
 10
731.1248888888888
 20
148.24851111111124
 10
727.1243888888888
 20
148.24851111111124
 10
727.1243888888888
 20
152.24760000000006
 10
731.1248888888888
 20
152.24760000000006
 97
0
 75
1
 76
1
 98
0
  0
HATCH
  5
15E
330
17
100
AcDbEntity
  8
PERIPHERY
 62
7
420
16777215
100
AcDbHatch
 10
0.0
 20
0.0
 30
0.0
210
0.0
220
0.0
230
1.0
  2
SOLID
 70
1
 71
0
 91
1
 92
3
 72
0
 73
1
 93
5
 10
739.1258888888888
 20
144.24942222222228
 10
731.1248888888888
 20
144.24942222222228
 10
731.1248888888888
 20
152.24760000000006
 10
739.1258888888888
 20
152.24760000000006
 10
739.1258888888888
 20
144.24942222222228
 97
0
 75
1
 76
1
 98
0
  0
HATCH
  5
15F
330
17
100
AcDbEntity
  8
PERIPHERY
 62
7
420
16777215
100
AcDbHatch
 10
0.0
 20
0.0
 30
0.0
210
0.0
220
0.0
230
1.0
  2
SOLID
 70
1
 71
0
 91
1
 92
3
 72
0
 73
1
 93
5
 10
739.1258888888888
 20
128.25024444444438
 10
731.1248888888888
 20
128.25024444444438
 10
731.1248888888888
 20
136.24842222222216
 10
739.1258888888888
 20
136.24842222222216
 10
739.1258888888888
 20
128.25024444444438
 97
0
 75
1
 76
1
 98
0
  0
HATCH
  5
160
330
17
100
AcDbEntity
  8
PERIPHERY
 62
7
420
16777215
100
AcDbHatch
 10
0.0
 20
0.0
 30
0.0
210
0.0
220
0.0
230
1.0
  2
SOLID
 70
1
 71
0
 91
1
 92
3
 72
0
 73
1
 93
5
 10
739.1258888888888
 20
112.25106666666666
 10
731.1248888888888
 20
112.25106666666666
 10
731.1248888888888
 20
120.24924444444444
 10
739.1258888888888
 20
120.24924444444444
 10
739.1258888888888
 20
112.25106666666666
 97
0
 75
1
 76
1
 98
0
  0
HATCH
  5
161
330
17
100
AcDbEntity
  8
PERIPHERY
 62
7
420
16777215
100
AcDbHatch
 10
0.0
 20
0.0
 30
0.0
210
0.0
220
0.0
230
1.0
  2
SOLID
 70
1
 71
0
 91
1
 92
3
 72
0
 73
1
 93
5
 10
747.1254777777776
 20
136.24842222222216
 10
739.1244777777777
 20
136.24842222222216
 10
739.1244777777777
 20
144.24659999999997
 10
747.1254777777776
 20
144.24659999999997
 10
747.1254777777776
 20
136.24842222222216
 97
0
 75
1
 76
1
 98
0
  0
HATCH
  5
162
330
17
100
AcDbEntity
  8
PERIPHERY
 62
7
420
16777215
100
AcDbHatch
 10
0.0
 20
0.0
 30
0.0
210
0.0
220
0.0
230
1.0
  2
SOLID
 70
1
 71
0
 91
1
 92
3
 72
0
 73
1
 93
5
 10
747.1254777777776
 20
120.24924444444444
 10
739.1244777777777
 20
120.24924444444444
 10
739.1244777777777
 20
128.24742222222224
 10
747.1254777777776
 20
128.24742222222224
 10
747.1254777777776
 20
120.24924444444444
 97
0
 75
1
 76
1
 98
0
  0
HATCH
  5
163
330
17
100
AcDbEntity
  8
PERIPHERY
 62
7
420
16777215
100
AcDbHatch
 10
0.0
 20
0.0
 30
0.0
210
0.0
220
0.0
230
1.0
  2
SOLID
 70
1
 71
0
 91
1
 92
3
 72
0
 73
1
 93
5
 10
755.1264777777777
 20
144.24659999999997
 10
747.1254777777777
 20
144.24659999999997
 10
747.1254777777777
 20
152.24477777777776
 10
755.1264777777777
 20
152.24477777777776
 10
755.1264777777777
 20
144.24659999999997
 97
0
 75
1
 76
1
 98
0
  0
HATCH
  5
164
330
17
100
AcDbEntity
  8
PERIPHERY
 62
7
420
16777215
100
AcDbHatch
 10
0.0
 20
0.0
 30
0.0
210
0.0
220
0.0
230
1.0
  2
SOLID
 70
1
 71
0
 91
1
 92
3
 72
0
 73
1
 93
5
 10
755.1264777777777
 20
128.24742222222224
 10
747.1254777777777
 20
128.24742222222224
 10
747.1254777777777
 20
136.24560000000002
 10
755.1264777777777
 20
136.24560000000002
 10
755.1264777777777
 20
128.24742222222224
 97
0
 75
1
 76
1
 98
0
  0
HATCH
  5
165
330
17
100
AcDbEntity
  8
PERIPHERY
 62
7
420
16777215
100
AcDbHatch
 10
0.0
 20
0.0
 30
0.0
210
0.0
220
0.0
230
1.0
  2
SOLID
 70
1
 71
0
 91
1
 92
3
 72
0
 73
1
 93
5
 10
755.1264777777777
 20
112.24824444444451
 10
747.1254777777777
 20
112.24824444444451
 10
747.1254777777777
 20
120.2464222222223
 10
755.1264777777777
 20
120.2464222222223
 10
755.1264777777777
 20
112.24824444444451
 97
0
 75
1
 76
1
 98
0
  0
HATCH
  5
166
330
17
100
AcDbEntity
  8
PERIPHERY
 62
7
420
16777215
100
AcDbHatch
 10
0.0
 20
0.0
 30
0.0
210
0.0
220
0.0
230
1.0
  2
SOLID
 70
1
 71
0
 91
1
 92
3
 72
0
 73
1
 93
5
 10
763.1274777777777
 20
136.24560000000002
 10
755.1264777777777
 20
136.24560000000002
 10
755.1264777777777
 20
144.2437777777778
 10
763.1274777777777
 20
144.2437777777778
 10
763.1274777777777
 20
136.24560000000002
 97
0
 75
1
 76
1
 98
0
  0
HATCH
  5
167
330
17
100
AcDbEntity
  8
PERIPHERY
 62
7
420
16777215
100
AcDbHatch
 10
0.0
 20
0.0
 30
0.0
210
0.0
220
0.0
230
1.0
  2
SOLID
 70
1
 71
0
 91
1
 92
3
 72
0
 73
1
 93
5
 10
763.1274777777777
 20
120.2464222222223
 10
755.1264777777777
 20
120.2464222222223
 10
755.1264777777777
 20
128.24460000000008
 10
763.1274777777777
 20
128.24460000000008
 10
763.1274777777777
 20
120.2464222222223
 97
0
 75
1
 76
1
 98
0
  0
HATCH
  5
168
330
17
100
AcDbEntity
  8
PERIPHERY
 62
7
420
16777215
100
AcDbHatch
 10
0.0
 20
0.0
 30
0.0
210
0.0
220
0.0
230
1.0
  2
SOLID
 70
1
 71
0
 91
1
 92
3
 72
0
 73
1
 93
5
 10
771.1284777777778
 20
144.2437777777778
 10
763.1274777777778
 20
144.2437777777778
 10
763.1274777777778
 20
152.2419555555556
 10
771.1284777777778
 20
152.2419555555556
 10
771.1284777777778
 20
144.2437777777778
 97
0
 75
1
 76
1
 98
0
  0
HATCH
  5
169
330
17
100
AcDbEntity
  8
PERIPHERY
 62
7
420
16777215
100
AcDbHatch
 10
0.0
 20
0.0
 30
0.0
210
0.0
220
0.0
230
1.0
  2
SOLID
 70
1
 71
0
 91
1
 92
3
 72
0
 73
1
 93
5
 10
771.1284777777778
 20
128.2445999999999
 10
763.1274777777778
 20
128.2445999999999
 10
763.1274777777778
 20
136.2427777777777
 10
771.1284777777778
 20
136.2427777777777
 10
771.1284777777778
 20
128.2445999999999
 97
0
 75
1
 76
1
 98
0
  0
HATCH
  5
16A
330
17
100
AcDbEntity
  8
PERIPHERY
 62
7
420
16777215
100
AcDbHatch
 10
0.0
 20
0.0
 30
0.0
210
0.0
220
0.0
230
1.0
  2
SOLID
 70
1
 71
0
 91
1
 92
3
 72
0
 73
1
 93
5
 10
771.1284777777778
 20
112.24542222222219
 10
763.1274777777778
 20
112.24542222222219
 10
763.1274777777778
 20
120.24359999999997
 10
771.1284777777778
 20
120.24359999999997
 10
771.1284777777778
 20
112.24542222222219
 97
0
 75
1
 76
1
 98
0
  0
HATCH
  5
16B
330
17
100
AcDbEntity
  8
PERIPHERY
 62
7
420
16777215
100
AcDbHatch
 10
0.0
 20
0.0
 30
0.0
210
0.0
220
0.0
230
1.0
  2
SOLID
 70
1
 71
0
 91
1
 92
3
 72
0
 73
1
 93
5
 10
787.1304777777776
 20
112.25106666666666
 10
779.1294777777778
 20
112.25106666666666
 10
779.1294777777778
 20
152.25042222222223
 10
787.1304777777776
 20
152.25042222222223
 10
787.1304777777776
 20
112.25106666666666
 97
0
 75
1
 76
1
 98
0
  0
HATCH
  5
16C
330
17
100
AcDbEntity
  8
PERIPHERY
 62
7
420
16777215
100
AcDbHatch
 10
0.0
 20
0.0
 30
0.0
210
0.0
220
0.0
230
1.0
  2
SOLID
 70
1
 71
0
 91
1
 92
3
 72
0
 73
1
 93
5
 10
803.1310666666666
 20
112.25106666666666
 10
795.1300666666667
 20
112.25106666666666
 10
795.1300666666667
 20
152.25042222222223
 10
803.1310666666666
 20
152.25042222222223
 10
803.1310666666666
 20
112.25106666666666
 97
0
 75
1
 76
1
 98
0
  0
HATCH
  5
16D
330
17
100
AcDbEntity
  8
PERIPHERY
 62
7
420
16777215
100
AcDbHatch
 10
0.0
 20
0.0
 30
0.0
210
0.0
220
0.0
230
1.0
  2
SOLID
 70
1
 71
0
 91
1
 92
3
 72
0
 73
1
 93
5
 10
891.122311111111
 20
128.24177777777777
 10
891.122311111111
 20
120.24077777777782
 10
851.1229555555554
 20
120.24077777777782
 10
851.1229555555554
 20
128.24177777777777
 10
891.122311111111
 20
128.24177777777777
 97
0
 75
1
 76
1
 98
0
  0
HATCH
  5
16E
330
17
100
AcDbEntity
  8
PERIPHERY
 62
7
420
16777215
100
AcDbHatch
 10
0.0
 20
0.0
 30
0.0
210
0.0
220
0.0
230
1.0
  2
SOLID
 70
1
 71
0
 91
1
 92
3
 72
0
 73
1
 93
5
 10
891.122311111111
 20
144.2437777777778
 10
891.122311111111
 20
136.24277777777786
 10
851.1229555555554
 20
136.24277777777786
 10
851.1229555555554
 20
144.2437777777778
 10
891.122311111111
 20
144.2437777777778
 97
0
 75
1
 76
1
 98
0
  0
HATCH
  5
16F
330
17
100
AcDbEntity
  8
PERIPHERY
 62
7
420
16777215
100
AcDbHatch
 10
0.0
 20
0.0
 30
0.0
210
0.0
220
0.0
230
1.0
  2
SOLID
 70
1
 71
0
 91
1
 92
3
 72
0
 73
1
 93
9
 10
851.1187222222221
 20
112.25106666666666
 10
851.1187222222221
 20
117.90821111111113
 10
816.7779222222221
 20
152.25042222222223
 10
811.3267999999998
 20
152.25042222222223
 10
811.1207777777777
 20
152.04440000000005
 10
811.1207777777777
 20
146.59327777777776
 10
845.4629888888887
 20
112.25247777777774
 10
851.1187222222221
 20
112.25247777777774
 10
851.1187222222221
 20
112.25106666666666
 97
0
 75
1
 76
1
 98
0
  0
HATCH
  5
170
330
17
100
AcDbEntity
  8
PERIPHERY
 62
7
420
16777215
100
AcDbHatch
 10
0.0
 20
0.0
 30
0.0
210
0.0
220
0.0
230
1.0
  2
SOLID
 70
1
 71
0
 91
1
 92
3
 72
0
 73
1
 93
5
 10
839.4050888888888
 20
152.25042222222223
 10
828.0908
 20
152.25042222222223
 10
851.117311111111
 20
129.22250000000005
 10
851.117311111111
 20
140.53961111111113
 10
839.4050888888888
 20
152.25042222222223
 97
0
 75
1
 76
1
 98
0
  0
HATCH
  5
171
330
17
100
AcDbEntity
  8
PERIPHERY
 62
7
420
16777215
100
AcDbHatch
 10
0.0
 20
0.0
 30
0.0
210
0.0
220
0.0
230
1.0
  2
SOLID
 70
1
 71
0
 91
1
 92
3
 72
0
 73
1
 93
6
 10
811.1207777777777
 20
123.96187777777774
 10
822.8301777777776
 20
112.25106666666666
 10
834.1472888888887
 20
112.25106666666666
 10
811.1221888888887
 20
135.2747555555556
 10
811.1221888888887
 20
123.96187777777774
 10
811.1207777777777
 20
123.96187777777774
 97
0
 75
1
 76
1
 98
0
  0
LWPOLYLINE
  5
172
330
17
100
AcDbEntity
  8
PERIPHERY
370
25
420
2565413
100
AcDbPolyline
 90
2
 70
0
 43
3.993444444444444
 10
403.1205777777777
 20
824.2497555555556
 10
383.12089999999995
 20
184.2516
  0
LWPOLYLINE
  5
173
330
17
100
AcDbEntity
  8
PERIPHERY
370
25
420
2565413
100
AcDbPolyline
 90
2
 70
0
 43
3.993444444444444
 10
387.1199888888888
 20
832.2507555555554
 10
1187.1198
 20
856.2509333333333
  0
LWPOLYLINE
  5
174
330
17
100
AcDbEntity
  8
CENTER
370
25
420
2565413
100
AcDbPolyline
 90
65
 70
0
 43
3.999935555555555
 10
585.1200444444444
 20
624.2501555555555
 10
584.8412490587023
 20
618.7291220106338
 10
584.0229579210069
 20
613.3675288628472
 10
582.6923135606553
 20
608.192524842665
 10
580.8764585069443
 20
603.2312586805556
 10
578.602535289171
 20
598.5108791069879
 10
575.897686436632
 20
594.0585348524306
 10
572.789054478624
 20
589.9013746473526
 10
569.3037819444444
 20
586.0665472222222
 10
565.4690113633898
 20
582.5812013075086
 10
561.3118852647569
 20
579.4724856336805
 10
556.8595461778428
 20
576.7675489312065
 10
552.1391366319443
 20
574.4935399305556
 10
547.1777991563583
 20
572.6776073621962
 10
542.0026762803818
 20
571.3468999565972
 10
536.6409105333116
 20
570.5285664442274
 10
531.1196444444444
 20
570.2497555555556
 10
525.5983783555772
 20
570.5285509412978
 10
520.236612608507
 20
571.3468420789931
 10
515.0614897325305
 20
572.6774864393446
 10
510.10015225694445
 20
574.4933414930556
 10
505.379742711046
 20
576.7672647108291
 10
500.92740362413184
 20
579.472113563368
 10
496.77027752549907
 20
582.580745521376
 10
492.93550694444446
 20
586.0660180555556
 10
489.45023441026484
 20
589.9007886366102
 10
486.34160245225684
 20
594.057914735243
 10
483.63675359971785
 20
598.5102538221571
 10
481.3628303819444
 20
603.2306633680556
 10
479.54697532823343
 20
608.1920008436415
 10
478.2163309678819
 20
613.367123719618
 10
477.3980398301866
 20
618.7288894666883
 10
477.1192444444444
 20
624.2501555555556
 10
477.3980398301866
 20
629.7714216444227
 10
478.2163309678819
 20
635.133187391493
 10
479.54697532823343
 20
640.3083102674696
 10
481.3628303819444
 20
645.2696477430555
 10
483.63675359971785
 20
649.990057288954
 10
486.34160245225684
 20
654.442396375868
 10
489.45023441026484
 20
658.5995224745008
 10
492.93550694444446
 20
662.4342930555556
 10
496.77027752549907
 20
665.9195655897352
 10
500.92740362413184
 20
669.0281975477429
 10
505.379742711046
 20
671.7330464002821
 10
510.10015225694445
 20
674.0069696180556
 10
515.0614897325305
 20
675.8228246717665
 10
520.236612608507
 20
677.1534690321181
 10
525.5983783555772
 20
677.9717601698134
 10
531.1196444444444
 20
678.2505555555556
 10
536.6409105333116
 20
677.9717601698134
 10
542.0026762803818
 20
677.1534690321181
 10
547.1777991563583
 20
675.8228246717665
 10
552.1391366319443
 20
674.0069696180556
 10
556.8595461778428
 20
671.7330464002821
 10
561.3118852647569
 20
669.0281975477429
 10
565.4690113633898
 20
665.9195655897352
 10
569.3037819444444
 20
662.4342930555556
 10
572.789054478624
 20
658.5995224745008
 10
575.897686436632
 20
654.442396375868
 10
578.602535289171
 20
649.990057288954
 10
580.8764585069443
 20
645.2696477430555
 10
582.6923135606553
 20
640.3083102674696
 10
584.0229579210069
 20
635.133187391493
 10
584.8412490587023
 20
629.7714216444227
 10
585.1200444444444
 20
624.2501555555555
  0
LWPOLYLINE
  5
175
330
17
100
AcDbEntity
  8
CENTER
370
25
420
2565413
100
AcDbPolyline
 90
2
 70
0
 43
3.999935555555555
 10
477.1192444444444
 20
624.2501555555555
 10
585.1200444444444
 20
624.2501555555555
  0
LWPOLYLINE
  5
176
330
17
100
AcDbEntity
  8
CENTER
370
25
420
2565413
100
AcDbPolyline
 90
2
 70
0
 43
3.999935555555555
 10
531.1196444444444
 20
678.2505555555555
 10
531.1196444444444
 20
570.2497555555556
  0
LWPOLYLINE
  5
177
330
17
100
AcDbEntity
  8
CENTER
370
25
420
2565413
100
AcDbPolyline
 90
2
 70
0
 43
3.999935555555555
 10
492.93497777777776
 20
586.0654888888888
 10
569.3028999999999
 20
662.4334111111111
  0
LWPOLYLINE
  5
178
330
17
100
AcDbEntity
  8
CENTER
370
25
420
2565413
100
AcDbPolyline
 90
2
 70
0
 43
3.999935555555555
 10
492.9363888888888
 20
662.4334111111111
 10
569.304311111111
 20
586.0654888888888
  0
TEXT
  5
179
330
17
100
AcDbEntity
  8
LABELS
 62
250
100
AcDbText
 10
607.8126866666667
 20
779.3308433333333
 30
0.0
 40
16.93333333333333
  1
1
 11
607.8126866666667
 21
779.3308433333333
 31
0.0
100
AcDbText
  0
TEXT
  5
17A
330
17
100
AcDbEntity
  8
LABELS
 62
250
100
AcDbText
 10
624.3753211111111
 20
731.3310522222222
 30
0.0
 40
16.93333333333333
  1
2
 11
624.3753211111111
 21
731.3310522222222
 31
0.0
100
AcDbText
  0
TEXT
  5
17B
330
17
100
AcDbEntity
  8
LABELS
 62
250
100
AcDbText
 10
631.3943288888888
 20
683.3312611111111
 30
0.0
 40
16.93333333333333
  1
3
 11
631.3943288888888
 21
683.3312611111111
 31
0.0
100
AcDbText
  0
TEXT
  5
17C
330
17
100
AcDbEntity
  8
LABELS
 62
250
100
AcDbText
 10
634.8449188888889
 20
635.3307644444444
 30
0.0
 40
16.93333333333333
  1
4
 11
634.8449188888889
 21
635.3307644444444
 31
0.0
100
AcDbText
  0
TEXT
  5
17D
330
17
100
AcDbEntity
  8
LABELS
 62
250
100
AcDbText
 10
637.31648
 20
587.3308322222222
 30
0.0
 40
16.93333333333333
  1
5
 11
637.31648
 21
587.3308322222222
 31
0.0
100
AcDbText
  0
TEXT
  5
17E
330
17
100
AcDbEntity
  8
LABELS
 62
250
100
AcDbText
 10
638.06197
 20
539.3310411111111
 30
0.0
 40
16.93333333333333
  1
6
 11
638.06197
 21
539.3310411111111
 31
0.0
100
AcDbText
  0
LWPOLYLINE
  5
17F
330
17
100
AcDbEntity
  8
CENTER
370
25
420
0
100
AcDbPolyline
 90
2
 70
0
 43
1.9999677777777776
 10
619.1207666666667
 20
784.2504
 10
643.1209444444444
 20
784.2504
  0
LWPOLYLINE
  5
180
330
17
100
AcDbEntity
  8
CENTER
370
25
420
0
100
AcDbPolyline
 90
2
 70
0
 43
1.9999677777777776
 10
642.3208444444443
 20
772.250311111111
 10
650.3204333333332
 20
772.250311111111
  0
LWPOLYLINE
  5
181
330
17
100
AcDbEntity
  8
CENTER
370
25
420
0
100
AcDbPolyline
 90
2
 70
0
 43
1.9999677777777776
 10
639.1204444444444
 20
760.2502222222222
 10
655.1196222222222
 20
760.2502222222222
  0
LWPOLYLINE
  5
182
330
17
100
AcDbEntity
  8
CENTER
370
25
420
0
100
AcDbPolyline
 90
2
 70
0
 43
1.9999677777777776
 10
650.5603222222221
 20
748.2501333333332
 10
658.5613222222222
 20
748.2501333333332
  0
LWPOLYLINE
  5
183
330
17
100
AcDbEntity
  8
CENTER
370
25
420
0
100
AcDbPolyline
 90
2
 70
0
 43
1.9999677777777776
 10
637.1194888888889
 20
736.2500444444443
 10
661.1196666666666
 20
736.2500444444443
  0
LWPOLYLINE
  5
184
330
17
100
AcDbEntity
  8
CENTER
370
25
420
0
100
AcDbPolyline
 90
2
 70
0
 43
1.9999677777777776
 10
655.1196222222221
 20
724.2499555555555
 10
663.1206222222222
 20
724.2499555555555
  0
LWPOLYLINE
  5
185
330
17
100
AcDbEntity
  8
CENTER
370
25
420
0
100
AcDbPolyline
 90
2
 70
0
 43
1.9999677777777776
 10
648.7202333333333
 20
712.2498666666667
 10
664.7208222222222
 20
712.2498666666667
  0
LWPOLYLINE
  5
186
330
17
100
AcDbEntity
  8
CENTER
370
25
420
0
100
AcDbPolyline
 90
2
 70
0
 43
1.9999677777777776
 10
658.0406222222222
 20
700.2497777777777
 10
666.0416222222221
 20
700.2497777777777
  0
LWPOLYLINE
  5
187
330
17
100
AcDbEntity
  8
CENTER
370
25
420
0
100
AcDbPolyline
 90
2
 70
0
 43
1.9999677777777776
 10
643.1195333333333
 20
688.2496888888888
 10
667.1197111111111
 20
688.2496888888888
  0
LWPOLYLINE
  5
188
330
17
100
AcDbEntity
  8
CENTER
370
25
420
0
100
AcDbPolyline
 90
2
 70
0
 43
1.9999677777777776
 10
660.0415777777777
 20
676.2495999999999
 10
668.0411666666665
 20
676.2495999999999
  0
LWPOLYLINE
  5
189
330
17
100
AcDbEntity
  8
CENTER
370
25
420
0
100
AcDbPolyline
 90
2
 70
0
 43
1.9999677777777776
 10
652.8406777777777
 20
664.2509222222222
 10
668.8412666666666
 20
664.2509222222222
  0
LWPOLYLINE
  5
18A
330
17
100
AcDbEntity
  8
CENTER
370
25
420
0
100
AcDbPolyline
 90
2
 70
0
 43
1.9999677777777776
 10
661.5204222222221
 20
652.2494222222222
 10
669.520011111111
 20
652.2494222222222
  0
LWPOLYLINE
  5
18B
330
17
100
AcDbEntity
  8
CENTER
370
25
420
0
100
AcDbPolyline
 90
2
 70
0
 43
1.9999677777777776
 10
646.1195555555555
 20
640.2493333333333
 10
670.1197333333332
 20
640.2493333333333
  0
LWPOLYLINE
  5
18C
330
17
100
AcDbEntity
  8
CENTER
370
25
420
0
100
AcDbPolyline
 90
2
 70
0
 43
1.9999677777777776
 10
662.6394333333333
 20
628.2492444444443
 10
670.6404333333332
 20
628.2492444444443
  0
LWPOLYLINE
  5
18D
330
17
100
AcDbEntity
  8
CENTER
370
25
420
0
100
AcDbPolyline
 90
2
 70
0
 43
1.9999677777777776
 10
655.1196222222221
 20
616.2491555555555
 10
671.1202111111111
 20
616.2491555555555
  0
LWPOLYLINE
  5
18E
330
17
100
AcDbEntity
  8
CENTER
370
25
420
0
100
AcDbPolyline
 90
2
 70
0
 43
1.9999677777777776
 10
663.5608888888888
 20
604.2490666666666
 10
671.5604777777777
 20
604.2490666666666
  0
LWPOLYLINE
  5
18F
330
17
100
AcDbEntity
  8
CENTER
370
25
420
0
100
AcDbPolyline
 90
2
 70
0
 43
1.9999677777777776
 10
647.9215444444444
 20
592.2489777777778
 10
671.9217222222221
 20
592.2489777777778
  0
LWPOLYLINE
  5
190
330
17
100
AcDbEntity
  8
CENTER
370
25
420
0
100
AcDbPolyline
 90
2
 70
0
 43
1.9999677777777776
 10
664.2805555555555
 20
580.2488888888888
 10
672.2801444444443
 20
580.2488888888888
  0
LWPOLYLINE
  5
191
330
17
100
AcDbEntity
  8
CENTER
370
25
420
0
100
AcDbPolyline
 90
2
 70
0
 43
1.9999677777777776
 10
656.5603666666666
 20
568.2488
 10
672.5609555555554
 20
568.2488
  0
LWPOLYLINE
  5
192
330
17
100
AcDbEntity
  8
CENTER
370
25
420
0
100
AcDbPolyline
 90
2
 70
0
 43
1.9999677777777776
 10
664.8407666666666
 20
556.2487111111111
 10
672.8403555555554
 20
556.2487111111111
  0
LWPOLYLINE
  5
193
330
17
100
AcDbEntity
  8
CENTER
370
25
420
0
100
AcDbPolyline
 90
2
 70
0
 43
1.9999677777777776
 10
649.1195777777776
 20
544.2486222222221
 10
673.1197555555555
 20
544.2486222222221
  0
HATCH
  5
194
330
17
100
AcDbEntity
  8
CENTER
 62
7
420
0
100
AcDbHatch
 10
0.0
 20
0.0
 30
0.0
210
0.0
220
0.0
230
1.0
  2
SOLID
 70
1
 71
0
 91
1
 92
3
 72
0
 73
1
 93
54
 10
651.1205333333332
 20
784.2504
 10
654.3999555555555
 20
779.451211111111
 10
658.3200222222222
 20
772.250311111111
 10
660.4395111111111
 20
767.4511222222221
 10
663.1192111111111
 20
760.2502222222222
 10
664.6389777777778
 20
755.4510333333332
 10
666.5580888888888
 20
748.2501333333332
 10
667.6785111111111
 20
743.4509444444442
 10
669.1192555555556
 20
736.2500444444443
 10
669.9588666666667
 20
731.4508555555553
 10
671.1188000000001
 20
724.2499555555554
 10
672.719
 20
712.2498666666664
 10
674.0398
 20
700.2497777777776
 10
675.1207111111112
 20
688.2496888888887
 10
676.0393444444445
 20
676.2495999999999
 10
676.8394444444446
 20
664.249511111111
 10
677.518188888889
 20
652.2480111111109
 10
678.1193222222223
 20
640.2479222222221
 10
678.6386111111111
 20
628.2478333333332
 10
679.118388888889
 20
616.2477444444444
 10
679.5600666666667
 20
604.2476555555554
 10
679.9199
 20
592.2475666666664
 10
680.2797333333333
 20
580.2474777777776
 10
680.5591333333333
 20
568.2473888888886
 10
680.8399444444444
 20
556.2472999999998
 10
681.1193444444443
 20
544.2472111111108
 10
682.4401444444443
 20
544.2472111111108
 10
682.2397666666666
 20
556.2472999999998
 10
682.0379777777778
 20
568.2473888888886
 10
681.7980888888889
 20
580.2474777777776
 10
681.5186888888888
 20
592.2475666666664
 10
681.2392888888888
 20
604.2476555555554
 10
680.8794555555555
 20
616.2477444444444
 10
680.5182111111111
 20
628.2478333333331
 10
680.1188666666667
 20
640.2479222222221
 10
679.639088888889
 20
652.2480111111109
 10
679.118388888889
 20
664.249511111111
 10
678.5186666666666
 20
676.2495999999999
 10
677.799
 20
688.2496888888886
 10
676.9184666666666
 20
700.2497777777776
 10
675.9179888888889
 20
712.2498666666664
 10
674.6776222222221
 20
724.2499555555553
 10
673.7985
 20
731.4508555555553
 10
673.1183444444443
 20
736.2500444444443
 10
671.9993333333332
 20
743.4509444444442
 10
671.1187999999999
 20
748.2501333333331
 10
669.6385444444444
 20
755.4510333333332
 10
668.4376888888888
 20
760.2502222222222
 10
666.357711111111
 20
767.4511222222221
 10
664.718
 20
772.2503111111109
 10
661.6784666666666
 20
779.451211111111
 10
659.118711111111
 20
784.2504
 10
651.1205333333332
 20
784.2504
 10
651.1205333333332
 20
784.2504
 97
0
 75
1
 76
1
 98
0
  0
HATCH
  5
195
330
17
100
AcDbEntity
  8
CENTER
 62
7
420
0
100
AcDbHatch
 10
0.0
 20
0.0
 30
0.0
210
0.0
220
0.0
230
1.0
  2
SOLID
 70
1
 71
0
 91
1
 92
3
 72
0
 73
1
 93
54
 10
667.1197111111111
 20
784.2504
 10
668.9202888888889
 20
779.451211111111
 10
671.1202111111111
 20
772.250311111111
 10
672.3210666666666
 20
767.4511222222221
 10
673.8013222222222
 20
760.2502222222222
 10
674.6409333333334
 20
755.4510333333332
 10
675.6809222222223
 20
748.2501333333332
 10
676.3215666666667
 20
743.4509444444442
 10
677.1202555555556
 20
736.2500444444443
 10
677.6000333333333
 20
731.4508555555553
 10
678.2406777777777
 20
724.2499555555554
 10
679.1197999999999
 20
712.2498666666664
 10
679.8408777777778
 20
700.2497777777776
 10
680.4406
 20
688.2496888888887
 10
680.9613
 20
676.2495999999999
 10
681.4015666666668
 20
664.249511111111
 10
681.8009111111112
 20
652.2480111111109
 10
682.1212333333334
 20
640.2479222222221
 10
682.4020444444445
 20
628.2478333333332
 10
682.6814444444445
 20
616.2477444444444
 10
682.9213333333335
 20
604.2476555555554
 10
683.1217111111112
 20
592.2475666666664
 10
683.322088888889
 20
580.2474777777776
 10
683.4815444444445
 20
568.2473888888886
 10
683.6410000000001
 20
556.2472999999998
 10
683.8018666666667
 20
544.2472111111108
 10
685.1212555555555
 20
544.2472111111108
 10
685.0408222222222
 20
556.2472999999998
 10
684.9208777777778
 20
568.2473888888886
 10
684.8404444444444
 20
580.2474777777776
 10
684.7205
 20
592.2475666666664
 10
684.6005555555556
 20
604.2476555555554
 10
684.4411000000001
 20
616.2477444444444
 10
684.2816444444445
 20
628.2478333333331
 10
684.122188888889
 20
640.2479222222221
 10
683.9218111111112
 20
652.2480111111109
 10
683.6819222222223
 20
664.249511111111
 10
683.4406222222223
 20
676.2495999999999
 10
683.1203
 20
688.2496888888886
 10
682.7604666666667
 20
700.2497777777776
 10
682.3202000000001
 20
712.2498666666664
 10
681.7995000000001
 20
724.2499555555553
 10
681.4001555555556
 20
731.4508555555553
 10
681.1207555555557
 20
736.2500444444443
 10
680.6409777777778
 20
743.4509444444442
 10
680.2797333333334
 20
748.2501333333331
 10
679.6405000000002
 20
755.4510333333332
 10
679.1198000000002
 20
760.2502222222222
 10
678.2406777777779
 20
767.4511222222221
 10
677.5196000000001
 20
772.2503111111109
 10
676.2002111111112
 20
779.451211111111
 10
675.1193000000001
 20
784.2504
 10
667.1197111111111
 20
784.2504
 10
667.1197111111111
 20
784.2504
 97
0
 75
1
 76
1
 98
0
  0
HATCH
  5
196
330
17
100
AcDbEntity
  8
CENTER
 62
7
420
0
100
AcDbHatch
 10
0.0
 20
0.0
 30
0.0
210
0.0
220
0.0
230
1.0
  2
SOLID
 70
1
 71
0
 91
1
 92
3
 72
0
 73
1
 93
54
 10
683.1202999999999
 20
784.2504
 10
683.4801333333332
 20
779.451211111111
 10
683.921811111111
 20
772.250311111111
 10
684.1616999999999
 20
767.4511222222221
 10
684.4410999999999
 20
760.2502222222222
 10
684.6414777777777
 20
755.4510333333332
 10
684.8418555555554
 20
748.2501333333332
 10
684.9617999999998
 20
743.4509444444442
 10
685.1212555555554
 20
736.2500444444443
 10
685.2030999999998
 20
731.4508555555553
 10
685.3625555555554
 20
724.2499555555554
 10
685.5220111111109
 20
712.2498666666664
 10
685.6814666666666
 20
700.2497777777776
 10
685.801411111111
 20
688.2496888888887
 10
685.8818444444443
 20
676.2495999999999
 10
685.9622777777777
 20
664.249511111111
 10
686.042711111111
 20
652.2480111111109
 10
686.1231444444444
 20
640.2479222222221
 10
686.1626555555555
 20
628.2478333333332
 10
686.2430888888889
 20
616.2477444444444
 10
686.2826
 20
604.2476555555554
 10
686.3221111111111
 20
592.2475666666664
 10
686.3616222222223
 20
580.2474777777776
 10
686.4011333333334
 20
568.2473888888886
 10
686.4406444444445
 20
556.2472999999998
 10
686.4406444444445
 20
544.2472111111108
 10
687.8009555555557
 20
544.2472111111108
 10
687.8009555555557
 20
556.2472999999998
 10
687.8404666666668
 20
568.2473888888886
 10
687.879977777778
 20
580.2474777777776
 10
687.9194888888891
 20
592.2475666666664
 10
687.9590000000002
 20
604.2476555555554
 10
687.9985111111114
 20
616.2477444444444
 10
688.0789444444447
 20
628.2478333333331
 10
688.1184555555559
 20
640.2479222222221
 10
688.2003000000003
 20
652.2480111111109
 10
688.2807333333336
 20
664.249511111111
 10
688.361166666667
 20
676.2495999999999
 10
688.4416000000003
 20
688.2496888888886
 10
688.5615444444447
 20
700.2497777777776
 10
688.7210000000003
 20
712.2498666666664
 10
688.8804555555558
 20
724.2499555555553
 10
689.0399111111115
 20
731.4508555555553
 10
689.1203444444448
 20
736.2500444444443
 10
689.2798000000004
 20
743.4509444444442
 10
689.3997444444448
 20
748.2501333333331
 10
689.6396333333337
 20
755.4510333333332
 10
689.8005000000003
 20
760.2502222222222
 10
690.0799000000003
 20
767.4511222222221
 10
690.3197888888892
 20
772.2503111111109
 10
690.7600555555558
 20
779.451211111111
 10
691.1198888888892
 20
784.2504
 10
683.1202999999999
 20
784.2504
 10
683.1202999999999
 20
784.2504
 97
0
 75
1
 76
1
 98
0
  0
HATCH
  5
197
330
17
100
AcDbEntity
  8
CENTER
 62
7
420
0
100
AcDbHatch
 10
0.0
 20
0.0
 30
0.0
210
0.0
220
0.0
230
1.0
  2
SOLID
 70
1
 71
0
 91
1
 92
3
 72
0
 73
1
 93
54
 10
699.1208888888888
 20
784.2504
 10
698.0399777777777
 20
779.451211111111
 10
696.7191777777778
 20
772.250311111111
 10
695.999511111111
 20
767.4511222222221
 10
695.1189777777777
 20
760.2502222222222
 10
694.6392
 20
755.4510333333332
 10
693.9590444444443
 20
748.2501333333332
 10
693.599211111111
 20
743.4509444444442
 10
693.1194333333333
 20
736.2500444444443
 10
692.8400333333333
 20
731.4508555555553
 10
692.4392777777778
 20
724.2499555555554
 10
691.9199888888888
 20
712.2498666666664
 10
691.4797222222222
 20
700.2497777777776
 10
691.1184777777778
 20
688.2496888888887
 10
690.7981555555556
 20
676.2495999999999
 10
690.5582666666667
 20
664.249511111111
 10
690.3183777777778
 20
652.2480111111109
 10
690.118
 20
640.2479222222221
 10
689.9585444444444
 20
628.2478333333332
 10
689.799088888889
 20
616.2477444444444
 10
689.6382222222222
 20
604.2476555555554
 10
689.5182777777778
 20
592.2475666666664
 10
689.3983333333334
 20
580.2474777777776
 10
689.3179000000001
 20
568.2473888888886
 10
689.1979555555557
 20
556.2472999999998
 10
689.1175222222223
 20
544.2472111111108
 10
690.4383222222223
 20
544.2472111111108
 10
690.5977777777779
 20
556.2472999999998
 10
690.7572333333334
 20
568.2473888888886
 10
690.916688888889
 20
580.2474777777776
 10
691.1170666666667
 20
592.2475666666664
 10
691.3188555555556
 20
604.2476555555554
 10
691.5587444444445
 20
616.2477444444444
 10
691.8381444444444
 20
628.2478333333331
 10
692.1175444444444
 20
640.2479222222221
 10
692.4378666666667
 20
652.2480111111109
 10
692.8386222222222
 20
664.249511111111
 10
693.2788888888888
 20
676.2495999999999
 10
693.7981777777777
 20
688.2496888888886
 10
694.399311111111
 20
700.2497777777776
 10
695.1189777777777
 20
712.2498666666664
 10
695.999511111111
 20
724.2499555555553
 10
696.6387444444443
 20
731.4508555555553
 10
697.118522222222
 20
736.2500444444443
 10
697.9186222222221
 20
743.4509444444442
 10
698.5592666666665
 20
748.2501333333331
 10
699.6387666666666
 20
755.4510333333332
 10
700.4388666666665
 20
760.2502222222222
 10
701.9191222222221
 20
767.4511222222221
 10
703.1185666666665
 20
772.2503111111109
 10
705.3198999999998
 20
779.451211111111
 10
707.1190666666665
 20
784.2504
 10
699.1208888888888
 20
784.2504
 10
699.1208888888888
 20
784.2504
 97
0
 75
1
 76
1
 98
0
  0
HATCH
  5
198
330
17
100
AcDbEntity
  8
CENTER
 62
7
420
0
100
AcDbHatch
 10
0.0
 20
0.0
 30
0.0
210
0.0
220
0.0
230
1.0
  2
SOLID
 70
1
 71
0
 91
1
 92
3
 72
0
 73
1
 93
54
 10
715.1214777777777
 20
784.2504
 10
712.5617222222221
 20
779.451211111111
 10
709.5221888888888
 20
772.250311111111
 10
707.8824777777777
 20
767.4511222222221
 10
705.8010888888888
 20
760.2502222222222
 10
704.6425666666665
 20
755.4510333333332
 10
703.1213888888888
 20
748.2501333333332
 10
702.2422666666666
 20
743.4509444444442
 10
701.1218444444444
 20
736.2500444444443
 10
700.4431
 20
731.4508555555553
 10
699.5625666666666
 20
724.2499555555554
 10
698.3221999999998
 20
712.2498666666664
 10
697.3231333333332
 20
700.2497777777776
 10
696.4425999999999
 20
688.2496888888887
 10
695.7229333333331
 20
676.2495999999999
 10
695.1217999999999
 20
664.249511111111
 10
694.602511111111
 20
652.2480111111109
 10
694.1227333333333
 20
640.2479222222221
 10
693.7219777777776
 20
628.2478333333332
 10
693.3621444444443
 20
616.2477444444444
 10
693.002311111111
 20
604.2476555555554
 10
692.7229111111111
 20
592.2475666666664
 10
692.4421
 20
580.2474777777776
 10
692.2022111111111
 20
568.2473888888886
 10
692.0018333333333
 20
556.2472999999998
 10
691.8014555555554
 20
544.2472111111108
 10
693.1222555555554
 20
544.2472111111108
 10
693.4016555555554
 20
556.2472999999998
 10
693.6810555555554
 20
568.2473888888886
 10
693.9604555555553
 20
580.2474777777776
 10
694.3216999999997
 20
592.2475666666664
 10
694.681533333333
 20
604.2476555555554
 10
695.1217999999998
 20
616.2477444444444
 10
695.6015777777775
 20
628.2478333333331
 10
696.1222777777775
 20
640.2479222222221
 10
696.7219999999998
 20
652.2480111111109
 10
697.4021555555554
 20
664.249511111111
 10
698.2008444444442
 20
676.2495999999999
 10
699.1208888888887
 20
688.2496888888886
 10
700.2017999999998
 20
700.2497777777776
 10
701.5211888888887
 20
712.2498666666664
 10
703.1213888888888
 20
724.2499555555553
 10
704.281322222222
 20
731.4508555555553
 10
705.1223444444443
 20
736.2500444444443
 10
706.5630888888887
 20
743.4509444444442
 10
707.683511111111
 20
748.2501333333331
 10
709.6435444444443
 20
755.4510333333332
 10
711.1237999999998
 20
760.2502222222222
 10
713.8034999999998
 20
767.4511222222221
 10
715.9229888888888
 20
772.2503111111109
 10
719.8430555555555
 20
779.451211111111
 10
723.1224777777777
 20
784.2504
 10
715.1214777777777
 20
784.2504
 10
715.1214777777777
 20
784.2504
 97
0
 75
1
 76
1
 98
0
  0
LWPOLYLINE
  5
199
330
17
100
AcDbEntity
  8
CENTER
370
25
420
0
100
AcDbPolyline
 90
2
 70
0
 43
1.9999677777777776
 10
511.1185555555555
 20
436.2506444444444
 10
511.1185555555555
 20
460.25082222222215
  0
LWPOLYLINE
  5
19A
330
17
100
AcDbEntity
  8
CENTER
370
25
420
0
100
AcDbPolyline
 90
2
 70
0
 43
1.9999677777777776
 10
523.1186444444444
 20
459.4507222222222
 10
523.1186444444444
 20
467.4489
  0
LWPOLYLINE
  5
19B
330
17
100
AcDbEntity
  8
CENTER
370
25
420
0
100
AcDbPolyline
 90
2
 70
0
 43
1.9999677777777776
 10
535.1187333333334
 20
456.2517333333333
 10
535.1187333333334
 20
472.25091111111107
  0
LWPOLYLINE
  5
19C
330
17
100
AcDbEntity
  8
CENTER
370
25
420
0
100
AcDbPolyline
 90
2
 70
0
 43
1.9999677777777776
 10
547.1188222222221
 20
467.68878888888884
 10
547.1188222222221
 20
475.68978888888887
  0
LWPOLYLINE
  5
19D
330
17
100
AcDbEntity
  8
CENTER
370
25
420
0
100
AcDbPolyline
 90
2
 70
0
 43
1.9999677777777776
 10
559.1189111111111
 20
454.2507777777778
 10
559.1189111111111
 20
478.25095555555555
  0
LWPOLYLINE
  5
19E
330
17
100
AcDbEntity
  8
CENTER
370
25
420
0
100
AcDbPolyline
 90
2
 70
0
 43
1.9999677777777776
 10
571.119
 20
472.25091111111107
 10
571.119
 20
480.2519111111111
  0
LWPOLYLINE
  5
19F
330
17
100
AcDbEntity
  8
CENTER
370
25
420
0
100
AcDbPolyline
 90
2
 70
0
 43
1.9999677777777776
 10
583.1190888888888
 20
465.85011111111106
 10
583.1190888888888
 20
481.84928888888885
  0
LWPOLYLINE
  5
1A0
330
17
100
AcDbEntity
  8
CENTER
370
25
420
0
100
AcDbPolyline
 90
2
 70
0
 43
1.9999677777777776
 10
595.1191777777777
 20
475.16908888888884
 10
595.1191777777777
 20
483.1700888888888
  0
LWPOLYLINE
  5
1A1
330
17
100
AcDbEntity
  8
CENTER
370
25
420
0
100
AcDbPolyline
 90
2
 70
0
 43
1.9999677777777776
 10
607.1192666666666
 20
460.25082222222215
 10
607.1192666666666
 20
484.2509999999999
  0
LWPOLYLINE
  5
1A2
330
17
100
AcDbEntity
  8
CENTER
370
25
420
0
100
AcDbPolyline
 90
2
 70
0
 43
1.9999677777777776
 10
619.1193555555554
 20
477.1700444444444
 10
619.1193555555554
 20
485.1710444444444
  0
LWPOLYLINE
  5
1A3
330
17
100
AcDbEntity
  8
CENTER
370
25
420
0
100
AcDbPolyline
 90
2
 70
0
 43
1.9999677777777776
 10
631.1194444444444
 20
469.9705555555555
 10
631.1194444444444
 20
485.9725555555555
  0
LWPOLYLINE
  5
1A4
330
17
100
AcDbEntity
  8
CENTER
370
25
420
0
100
AcDbPolyline
 90
2
 70
0
 43
1.9999677777777776
 10
643.1195333333333
 20
478.6531222222221
 10
643.1195333333333
 20
486.65129999999994
  0
LWPOLYLINE
  5
1A5
330
17
100
AcDbEntity
  8
CENTER
370
25
420
0
100
AcDbPolyline
 90
2
 70
0
 43
1.9999677777777776
 10
655.1196222222221
 20
463.2522555555555
 10
655.1196222222221
 20
487.2524333333333
  0
LWPOLYLINE
  5
1A6
330
17
100
AcDbEntity
  8
CENTER
370
25
420
0
100
AcDbPolyline
 90
2
 70
0
 43
1.9999677777777776
 10
667.1197111111111
 20
479.7721333333333
 10
667.1197111111111
 20
487.7731333333333
  0
LWPOLYLINE
  5
1A7
330
17
100
AcDbEntity
  8
CENTER
370
25
420
0
100
AcDbPolyline
 90
2
 70
0
 43
1.9999677777777776
 10
679.1197999999999
 20
472.25091111111107
 10
679.1197999999999
 20
488.252911111111
  0
LWPOLYLINE
  5
1A8
330
17
100
AcDbEntity
  8
CENTER
370
25
420
0
100
AcDbPolyline
 90
2
 70
0
 43
1.9999677777777776
 10
691.1198888888888
 20
480.6921777777778
 10
691.1198888888888
 20
488.6903555555555
  0
LWPOLYLINE
  5
1A9
330
17
100
AcDbEntity
  8
CENTER
370
25
420
0
100
AcDbPolyline
 90
2
 70
0
 43
1.9999677777777776
 10
703.1199777777778
 20
465.0514222222222
 10
703.1199777777778
 20
489.05159999999995
  0
LWPOLYLINE
  5
1AA
330
17
100
AcDbEntity
  8
CENTER
370
25
420
0
100
AcDbPolyline
 90
2
 70
0
 43
1.9999677777777776
 10
715.1200666666666
 20
481.4118444444444
 10
715.1200666666666
 20
489.41284444444443
  0
LWPOLYLINE
  5
1AB
330
17
100
AcDbEntity
  8
CENTER
370
25
420
0
100
AcDbPolyline
 90
2
 70
0
 43
1.9999677777777776
 10
727.1201555555556
 20
473.69165555555554
 10
727.1201555555556
 20
489.69083333333333
  0
LWPOLYLINE
  5
1AC
330
17
100
AcDbEntity
  8
CENTER
370
25
420
0
100
AcDbPolyline
 90
2
 70
0
 43
1.9999677777777776
 10
739.1202444444443
 20
481.97064444444436
 10
739.1202444444443
 20
489.9716444444444
  0
HATCH
  5
1AD
330
17
100
AcDbEntity
  8
CENTER
 62
7
420
0
100
AcDbHatch
 10
0.0
 20
0.0
 30
0.0
210
0.0
220
0.0
230
1.0
  2
SOLID
 70
1
 71
0
 91
1
 92
3
 72
0
 73
1
 93
53
 10
511.1185555555555
 20
468.2518222222222
 10
515.9177444444443
 20
471.5312444444444
 10
523.1186444444444
 20
475.44989999999996
 10
527.9178333333333
 20
477.56938888888885
 10
535.1187333333334
 20
480.25049999999993
 10
539.9179222222222
 20
481.7688555555555
 10
547.1188222222222
 20
483.68937777777774
 10
551.9180111111111
 20
484.8083888888888
 10
559.1189111111112
 20
486.2491333333333
 10
563.9181000000001
 20
487.0873333333333
 10
571.119
 20
488.24726666666663
 10
583.119088888889
 20
489.8488777777777
 10
595.1191777777778
 20
491.1696777777777
 10
607.1192666666668
 20
492.25058888888884
 10
619.1193555555557
 20
493.167811111111
 10
631.1194444444446
 20
493.9693222222221
 10
643.1209444444446
 20
494.6494777777777
 10
655.1210333333336
 20
495.250611111111
 10
667.1211222222224
 20
495.76848888888884
 10
679.1212111111114
 20
496.24826666666655
 10
691.1213000000002
 20
496.68994444444434
 10
703.1213888888892
 20
497.05118888888876
 10
715.1214777777781
 20
497.409611111111
 10
727.1215666666669
 20
497.69042222222214
 10
739.1216555555559
 20
497.97123333333326
 10
751.1217444444447
 20
498.24922222222216
 10
751.1217444444447
 20
499.5714333333333
 10
739.1216555555559
 20
499.3710555555555
 10
727.1215666666669
 20
499.16926666666666
 10
715.1214777777781
 20
498.92937777777774
 10
703.1213888888891
 20
498.6485666666666
 10
691.1213000000002
 20
498.3705777777777
 10
679.1212111111113
 20
498.0093333333333
 10
667.1211222222224
 20
497.6480888888889
 10
655.1210333333335
 20
497.2487444444444
 10
643.1209444444445
 20
496.7689666666667
 10
631.1194444444445
 20
496.24826666666667
 10
619.1193555555557
 20
495.64713333333333
 10
607.1192666666667
 20
494.9274666666667
 10
595.1191777777778
 20
494.04834444444447
 10
583.1190888888889
 20
493.0492777777778
 10
571.119
 20
491.80891111111106
 10
563.9181
 20
490.9297888888889
 10
559.1189111111111
 20
490.2496333333333
 10
551.918011111111
 20
489.13062222222214
 10
547.1188222222221
 20
488.2486777777777
 10
539.9179222222222
 20
486.76842222222217
 10
535.1187333333332
 20
485.5689777777777
 10
527.9178333333332
 20
483.4875888888888
 10
523.1186444444443
 20
481.84787777777774
 10
515.9177444444443
 20
478.8083444444444
 10
511.1185555555555
 20
476.24999999999994
 10
511.1185555555555
 20
468.2518222222222
 97
0
 75
1
 76
1
 98
0
  0
HATCH
  5
1AE
330
17
100
AcDbEntity
  8
CENTER
 62
7
420
0
100
AcDbHatch
 10
0.0
 20
0.0
 30
0.0
210
0.0
220
0.0
230
1.0
  2
SOLID
 70
1
 71
0
 91
1
 92
3
 72
0
 73
1
 93
54
 10
511.1185555555555
 20
484.2495888888888
 10
515.9177444444443
 20
486.04875555555543
 10
523.1186444444444
 20
488.2486777777777
 10
527.9178333333333
 20
489.45094444444436
 10
535.1187333333334
 20
490.9311999999999
 10
539.9179222222222
 20
491.76939999999985
 10
547.1188222222222
 20
492.81079999999986
 10
551.9180111111111
 20
493.4500333333332
 10
559.1189111111112
 20
494.248722222222
 10
563.9181000000001
 20
494.72849999999977
 10
571.119
 20
495.3705555555553
 10
583.119088888889
 20
496.2496777777775
 10
595.1191777777778
 20
496.9693444444442
 10
607.1192666666668
 20
497.57047777777746
 10
619.1193555555557
 20
498.0911777777775
 10
631.1194444444446
 20
498.5328555555553
 10
643.1209444444446
 20
498.93219999999974
 10
655.1210333333336
 20
499.2525222222219
 10
667.1211222222224
 20
499.5333333333331
 10
679.1212111111114
 20
499.81273333333303
 10
691.1213000000002
 20
500.05262222222194
 10
703.1213888888892
 20
500.2529999999997
 10
715.1214777777781
 20
500.45337777777746
 10
727.1215666666669
 20
500.612833333333
 10
739.1216555555559
 20
500.77228888888857
 10
751.1217444444447
 20
500.93315555555523
 10
751.1217444444447
 20
502.2525444444441
 10
739.1216555555559
 20
502.1721111111107
 10
727.1215666666669
 20
502.0521666666663
 10
715.1214777777781
 20
501.97173333333296
 10
703.1213888888891
 20
501.85178888888856
 10
691.1213000000002
 20
501.73184444444416
 10
679.1212111111113
 20
501.5723888888886
 10
667.1211222222224
 20
501.41293333333306
 10
655.1210333333335
 20
501.2534777777775
 10
643.1209444444445
 20
501.0530999999997
 10
631.1194444444445
 20
500.8132111111108
 10
619.1193555555557
 20
500.57049999999964
 10
607.1192666666667
 20
500.2501777777775
 10
595.1191777777778
 20
499.8917555555552
 10
583.1190888888889
 20
499.45007777777744
 10
571.119
 20
498.92796666666635
 10
563.9181
 20
498.5286222222219
 10
559.1189111111111
 20
498.250633333333
 10
551.918011111111
 20
497.7708555555552
 10
547.1188222222221
 20
497.40961111111085
 10
539.9179222222222
 20
496.7703777777775
 10
535.1187333333332
 20
496.2496777777775
 10
527.9178333333332
 20
495.3705555555553
 10
523.1186444444443
 20
494.6480666666664
 10
515.9177444444443
 20
493.33008888888855
 10
511.1185555555554
 20
492.2505888888886
 10
511.1185555555554
 20
484.2495888888888
 10
511.1185555555555
 20
484.2495888888888
 97
0
 75
1
 76
1
 98
0
  0
HATCH
  5
1AF
330
17
100
AcDbEntity
  8
CENTER
 62
7
420
0
100
AcDbHatch
 10
0.0
 20
0.0
 30
0.0
210
0.0
220
0.0
230
1.0
  2
SOLID
 70
1
 71
0
 91
1
 92
3
 72
0
 73
1
 93
54
 10
511.1185555555555
 20
500.2501777777777
 10
515.9177444444443
 20
500.61142222222213
 10
523.1186444444444
 20
501.05309999999986
 10
527.9178333333333
 20
501.2929888888888
 10
535.1187333333334
 20
501.57097777777767
 10
539.9179222222222
 20
501.77276666666654
 10
547.1188222222222
 20
501.97173333333325
 10
551.9180111111111
 20
502.0930888888888
 10
559.1189111111112
 20
502.25254444444437
 10
563.9181000000001
 20
502.3329777777777
 10
571.119
 20
502.4924333333333
 10
583.119088888889
 20
502.65188888888883
 10
595.1191777777778
 20
502.8113444444444
 10
607.1192666666668
 20
502.9312888888888
 10
619.1193555555557
 20
503.01172222222215
 10
631.1194444444446
 20
503.0921555555555
 10
643.1209444444446
 20
503.17258888888887
 10
655.1210333333336
 20
503.2530222222222
 10
667.1211222222224
 20
503.2925333333333
 10
679.1212111111114
 20
503.3729666666667
 10
691.1213000000002
 20
503.41247777777784
 10
703.1213888888892
 20
503.451988888889
 10
715.1214777777781
 20
503.49150000000014
 10
727.1215666666669
 20
503.53101111111124
 10
739.1216555555559
 20
503.5705222222224
 10
751.1217444444447
 20
503.5705222222224
 10
751.1217444444447
 20
504.9308333333335
 10
739.1216555555559
 20
504.9308333333335
 10
727.1215666666669
 20
504.97034444444466
 10
715.1214777777781
 20
505.0098555555558
 10
703.1213888888891
 20
505.0493666666669
 10
691.1213000000002
 20
505.08887777777807
 10
679.1212111111113
 20
505.1283888888892
 10
667.1211222222224
 20
505.2088222222226
 10
655.1210333333335
 20
505.24833333333373
 10
643.1209444444445
 20
505.33017777777815
 10
631.1194444444445
 20
505.4106111111115
 10
619.1193555555557
 20
505.49104444444487
 10
607.1192666666667
 20
505.5714777777782
 10
595.1191777777778
 20
505.6914222222226
 10
583.1190888888889
 20
505.8508777777782
 10
571.119
 20
506.01033333333373
 10
563.9181
 20
506.1697888888893
 10
559.1189111111111
 20
506.25022222222265
 10
551.918011111111
 20
506.4096777777782
 10
547.1188222222221
 20
506.5296222222226
 10
539.9179222222222
 20
506.7695111111115
 10
535.1187333333332
 20
506.9303777777782
 10
527.9178333333332
 20
507.20977777777813
 10
523.1186444444443
 20
507.44966666666704
 10
515.9177444444443
 20
507.8899333333337
 10
511.1185555555554
 20
508.249766666667
 10
511.1185555555554
 20
500.2501777777777
 10
511.1185555555555
 20
500.2501777777777
 97
0
 75
1
 76
1
 98
0
  0
HATCH
  5
1B0
330
17
100
AcDbEntity
  8
CENTER
 62
7
420
0
100
AcDbHatch
 10
0.0
 20
0.0
 30
0.0
210
0.0
220
0.0
230
1.0
  2
SOLID
 70
1
 71
0
 91
1
 92
3
 72
0
 73
1
 93
54
 10
511.1185555555555
 20
516.2507666666666
 10
515.9177444444443
 20
515.1698555555555
 10
523.1186444444444
 20
513.8490555555555
 10
527.9178333333333
 20
513.1293888888888
 10
535.1187333333334
 20
512.2488555555555
 10
539.9179222222222
 20
511.76907777777774
 10
547.1188222222222
 20
511.08892222222215
 10
551.9180111111111
 20
510.7290888888888
 10
559.1189111111112
 20
510.24931111111107
 10
563.9181000000001
 20
509.96991111111106
 10
571.119
 20
509.56915555555554
 10
583.119088888889
 20
509.0498666666667
 10
595.1191777777778
 20
508.6096
 10
607.1192666666668
 20
508.2483555555556
 10
619.1193555555557
 20
507.92803333333336
 10
631.1194444444446
 20
507.68814444444445
 10
643.1209444444446
 20
507.44825555555553
 10
655.1210333333336
 20
507.2478777777778
 10
667.1211222222224
 20
507.0884222222222
 10
679.1212111111114
 20
506.92896666666667
 10
691.1213000000002
 20
506.76810000000006
 10
703.1213888888892
 20
506.6481555555556
 10
715.1214777777781
 20
506.5282111111112
 10
727.1215666666669
 20
506.44777777777784
 10
739.1216555555559
 20
506.32783333333344
 10
751.1217444444447
 20
506.2474000000001
 10
751.1217444444447
 20
507.56820000000005
 10
739.1216555555559
 20
507.7276555555556
 10
727.1215666666669
 20
507.88711111111115
 10
715.1214777777781
 20
508.0465666666667
 10
703.1213888888891
 20
508.24694444444447
 10
691.1213000000002
 20
508.44873333333334
 10
679.1212111111113
 20
508.68862222222225
 10
667.1211222222224
 20
508.9680222222222
 10
655.1210333333335
 20
509.2474222222222
 10
643.1209444444445
 20
509.5677444444444
 10
631.1194444444445
 20
509.96849999999995
 10
619.1193555555557
 20
510.4087666666666
 10
607.1192666666667
 20
510.9280555555555
 10
595.1191777777778
 20
511.5291888888888
 10
583.1190888888889
 20
512.2488555555555
 10
571.119
 20
513.1293888888888
 10
563.9181
 20
513.7686222222221
 10
559.1189111111111
 20
514.2483999999998
 10
551.918011111111
 20
515.0484999999999
 10
547.1188222222221
 20
515.6891444444443
 10
539.9179222222222
 20
516.7686444444444
 10
535.1187333333332
 20
517.5687444444443
 10
527.9178333333332
 20
519.0489999999999
 10
523.1186444444443
 20
520.2484444444443
 10
515.9177444444443
 20
522.4497777777776
 10
511.1185555555554
 20
524.2489444444443
 10
511.1185555555554
 20
516.2507666666666
 10
511.1185555555555
 20
516.2507666666666
 97
0
 75
1
 76
1
 98
0
  0
HATCH
  5
1B1
330
17
100
AcDbEntity
  8
CENTER
 62
7
420
0
100
AcDbHatch
 10
0.0
 20
0.0
 30
0.0
210
0.0
220
0.0
230
1.0
  2
SOLID
 70
1
 71
0
 91
1
 92
3
 72
0
 73
1
 93
54
 10
511.1185555555555
 20
532.2513555555555
 10
515.9177444444443
 20
529.6915999999999
 10
523.1186444444444
 20
526.6520666666665
 10
527.9178333333333
 20
525.0123555555555
 10
535.1187333333334
 20
522.9309666666666
 10
539.9179222222222
 20
521.7724444444443
 10
547.1188222222222
 20
520.2512666666665
 10
551.9180111111111
 20
519.3721444444443
 10
559.1189111111112
 20
518.2517222222222
 10
563.9181000000001
 20
517.5729777777777
 10
571.119
 20
516.6924444444444
 10
583.119088888889
 20
515.4520777777776
 10
595.1191777777778
 20
514.453011111111
 10
607.1192666666668
 20
513.5724777777776
 10
619.1193555555557
 20
512.8528111111109
 10
631.1194444444446
 20
512.2516777777777
 10
643.1209444444446
 20
511.73238888888875
 10
655.1210333333336
 20
511.252611111111
 10
667.1211222222224
 20
510.85185555555546
 10
679.1212111111114
 20
510.49202222222215
 10
691.1213000000002
 20
510.1321888888888
 10
703.1213888888892
 20
509.8527888888888
 10
715.1214777777781
 20
509.5719777777777
 10
727.1215666666669
 20
509.3320888888888
 10
739.1216555555559
 20
509.13171111111103
 10
751.1217444444447
 20
508.9313333333332
 10
751.1217444444447
 20
510.25213333333323
 10
739.1216555555559
 20
510.5315333333332
 10
727.1215666666669
 20
510.81093333333314
 10
715.1214777777781
 20
511.09033333333315
 10
703.1213888888891
 20
511.4515777777775
 10
691.1213000000002
 20
511.81141111111083
 10
679.1212111111113
 20
512.2516777777776
 10
667.1211222222224
 20
512.7314555555553
 10
655.1210333333335
 20
513.2521555555553
 10
643.1209444444445
 20
513.8518777777775
 10
631.1194444444445
 20
514.5320333333332
 10
619.1193555555557
 20
515.330722222222
 10
607.1192666666667
 20
516.2507666666664
 10
595.1191777777778
 20
517.3316777777776
 10
583.1190888888889
 20
518.6510666666665
 10
571.119
 20
520.2512666666665
 10
563.9181
 20
521.4111999999998
 10
559.1189111111111
 20
522.252222222222
 10
551.918011111111
 20
523.6929666666665
 10
547.1188222222221
 20
524.8133888888887
 10
539.9179222222222
 20
526.773422222222
 10
535.1187333333332
 20
528.2536777777776
 10
527.9178333333332
 20
530.9333777777775
 10
523.1186444444443
 20
533.0528666666664
 10
515.9177444444443
 20
536.9729333333332
 10
511.1185555555554
 20
540.2523555555554
 10
511.1185555555554
 20
532.2513555555555
 10
511.1185555555555
 20
532.2513555555555
 97
0
 75
1
 76
1
 98
0
  0
TEXT
  5
1B2
330
17
100
AcDbEntity
  8
LABELS
 62
250
100
AcDbText
 10
506.77628444444434
 20
417.94458222222215
 30
0.0
 40
16.93333333333333
  1
1
 11
506.77628444444434
 21
417.94458222222215
 31
0.0
100
AcDbText
  0
TEXT
  5
1B3
330
17
100
AcDbEntity
  8
LABELS
 62
250
100
AcDbText
 10
554.7760755555555
 20
436.43225444444437
 30
0.0
 40
16.93333333333333
  1
2
 11
554.7760755555555
 21
436.43225444444437
 31
0.0
100
AcDbText
  0
TEXT
  5
1B4
330
17
100
AcDbEntity
  8
LABELS
 62
250
100
AcDbText
 10
602.7767133333333
 20
443.6297677777778
 30
0.0
 40
16.93333333333333
  1
3
 11
602.7767133333333
 21
443.6297677777778
 31
0.0
100
AcDbText
  0
TEXT
  5
1B5
330
17
100
AcDbEntity
  8
LABELS
 62
250
100
AcDbText
 10
650.7765044444444
 20
448.03807888888883
 30
0.0
 40
16.93333333333333
  1
4
 11
650.7765044444444
 21
448.03807888888883
 31
0.0
100
AcDbText
  0
TEXT
  5
1B6
330
17
100
AcDbEntity
  8
LABELS
 62
250
100
AcDbText
 10
698.7762955555555
 20
449.52778888888884
 30
0.0
 40
16.93333333333333
  1
5
 11
698.7762955555555
 21
449.52778888888884
 31
0.0
100
AcDbText
  0
HATCH
  5
1B7
330
17
100
AcDbEntity
  8
PERIPHERY
 62
7
420
0
100
AcDbHatch
 10
0.0
 20
0.0
 30
0.0
210
0.0
220
0.0
230
1.0
  2
SOLID
 70
1
 71
0
 91
1
 92
3
 72
0
 73
1
 93
53
 10
195.11997777777776
 20
832.2507555555554
 10
198.3994
 20
829.8504555555554
 10
202.31946666666664
 20
826.2507111111111
 10
204.43895555555557
 20
823.850411111111
 10
207.11865555555556
 20
820.2506666666666
 10
208.63842222222223
 20
817.8503666666667
 10
210.55753333333334
 20
814.2506222222222
 10
211.6779555555556
 20
811.8503222222222
 10
213.11870000000002
 20
808.2505777777778
 10
213.95831111111113
 20
805.8502777777778
 10
215.11824444444446
 20
802.2505333333332
 10
216.71844444444443
 20
796.2504888888889
 10
218.03924444444445
 20
790.2504444444444
 10
219.12015555555556
 20
784.2504
 10
220.0387888888889
 20
778.2503555555554
 10
220.8388888888889
 20
772.250311111111
 10
221.51763333333335
 20
766.2502666666666
 10
222.11876666666666
 20
760.2502222222222
 10
222.63805555555555
 20
754.2501777777776
 10
223.11783333333332
 20
748.2501333333332
 10
223.55951111111108
 20
742.2500888888887
 10
223.91934444444442
 20
736.2500444444443
 10
224.27917777777773
 20
730.2499999999998
 10
224.55857777777774
 20
724.2499555555554
 10
224.8393888888889
 20
718.2499111111108
 10
225.1187888888889
 20
712.2498666666664
 10
226.4395888888889
 20
712.2498666666664
 10
226.23921111111113
 20
718.2499111111108
 10
226.03742222222223
 20
724.2499555555554
 10
225.79753333333338
 20
730.2499999999998
 10
225.51813333333337
 20
736.2500444444443
 10
225.23873333333336
 20
742.2500888888887
 10
224.87890000000002
 20
748.2501333333332
 10
224.51765555555556
 20
754.2501777777776
 10
224.11831111111115
 20
760.2502222222222
 10
223.63853333333336
 20
766.2502666666666
 10
223.11783333333338
 20
772.250311111111
 10
222.51811111111112
 20
778.2503555555554
 10
221.79844444444447
 20
784.2504
 10
220.91791111111115
 20
790.2504444444444
 10
219.91743333333338
 20
796.2504888888889
 10
218.67706666666672
 20
802.2505333333332
 10
217.7979444444445
 20
805.8502777777778
 10
217.11778888888895
 20
808.2505777777778
 10
215.99877777777783
 20
811.8503222222222
 10
215.1182444444445
 20
814.2506222222222
 10
213.63798888888894
 20
817.8503666666667
 10
212.43713333333338
 20
820.2506666666666
 10
210.3571555555556
 20
823.850411111111
 10
208.7174444444445
 20
826.2507111111111
 10
205.67791111111117
 20
829.8504555555554
 10
203.11815555555563
 20
832.2507555555554
 10
195.11997777777776
 20
832.2507555555554
 97
0
 75
1
 76
1
 98
0
  0
HATCH
  5
1B8
330
17
100
AcDbEntity
  8
PERIPHERY
 62
7
420
0
100
AcDbHatch
 10
0.0
 20
0.0
 30
0.0
210
0.0
220
0.0
230
1.0
  2
SOLID
 70
1
 71
0
 91
1
 92
3
 72
0
 73
1
 93
54
 10
211.11915555555552
 20
832.2507555555554
 10
212.9197333333333
 20
829.8504555555554
 10
215.11965555555554
 20
826.2507111111111
 10
216.3205111111111
 20
823.850411111111
 10
217.80076666666665
 20
820.2506666666666
 10
218.64037777777776
 20
817.8503666666667
 10
219.68036666666666
 20
814.2506222222222
 10
220.32101111111112
 20
811.8503222222222
 10
221.1197
 20
808.2505777777778
 10
221.5994777777778
 20
805.8502777777778
 10
222.24012222222223
 20
802.2505333333332
 10
223.11924444444443
 20
796.2504888888889
 10
223.84032222222223
 20
790.2504444444444
 10
224.44004444444445
 20
784.2504
 10
224.96074444444446
 20
778.2503555555554
 10
225.40101111111113
 20
772.250311111111
 10
225.80035555555557
 20
766.2502666666666
 10
226.1206777777778
 20
760.2502222222222
 10
226.4014888888889
 20
754.2501777777776
 10
226.68088888888892
 20
748.2501333333332
 10
226.9207777777778
 20
742.2500888888887
 10
227.12115555555556
 20
736.2500444444443
 10
227.32153333333335
 20
730.2499999999998
 10
227.4809888888889
 20
724.2499555555554
 10
227.64044444444446
 20
718.2499111111108
 10
227.80131111111112
 20
712.2498666666664
 10
229.12070000000003
 20
712.2498666666664
 10
229.0402666666667
 20
718.2499111111108
 10
228.92032222222224
 20
724.2499555555554
 10
228.83847777777777
 20
730.2499999999999
 10
228.7185333333333
 20
736.2500444444443
 10
228.59999999999997
 20
742.2500888888889
 10
228.4405444444444
 20
748.2501333333332
 10
228.28108888888886
 20
754.2501777777777
 10
228.1216333333333
 20
760.2502222222222
 10
227.92125555555555
 20
766.2502666666667
 10
227.68136666666666
 20
772.250311111111
 10
227.4400666666667
 20
778.2503555555556
 10
227.11974444444445
 20
784.2504
 10
226.75991111111114
 20
790.2504444444445
 10
226.31964444444444
 20
796.2504888888889
 10
225.79894444444446
 20
802.2505333333335
 10
225.39960000000002
 20
805.8502777777778
 10
225.1202
 20
808.2505777777778
 10
224.6404222222222
 20
811.8503222222223
 10
224.2791777777778
 20
814.2506222222222
 10
223.63994444444444
 20
817.8503666666667
 10
223.11924444444443
 20
820.2506666666667
 10
222.24012222222223
 20
823.8504111111113
 10
221.51904444444446
 20
826.2507111111111
 10
220.19965555555558
 20
829.8504555555556
 10
219.11874444444447
 20
832.2507555555557
 10
211.11915555555552
 20
832.2507555555557
 10
211.11915555555552
 20
832.2507555555554
 97
0
 75
1
 76
1
 98
0
  0
HATCH
  5
1B9
330
17
100
AcDbEntity
  8
PERIPHERY
 62
7
420
0
100
AcDbHatch
 10
0.0
 20
0.0
 30
0.0
210
0.0
220
0.0
230
1.0
  2
SOLID
 70
1
 71
0
 91
1
 92
3
 72
0
 73
1
 93
53
 10
227.11974444444442
 20
832.2507555555554
 10
227.47957777777773
 20
829.8504555555554
 10
227.9212555555555
 20
826.2507111111111
 10
228.16114444444437
 20
823.850411111111
 10
228.44054444444438
 20
820.2506666666666
 10
228.64092222222214
 20
817.8503666666667
 10
228.84129999999993
 20
814.2506222222222
 10
228.9612444444444
 20
811.8503222222222
 10
229.12069999999994
 20
808.2505777777778
 10
229.20254444444438
 20
805.8502777777778
 10
229.36199999999994
 20
802.2505333333332
 10
229.5214555555555
 20
796.2504888888889
 10
229.68091111111104
 20
790.2504444444444
 10
229.8008555555555
 20
784.2504
 10
229.8812888888888
 20
778.2503555555554
 10
229.96172222222214
 20
772.250311111111
 10
230.04215555555544
 20
766.2502666666666
 10
230.12258888888877
 20
760.2502222222222
 10
230.16209999999987
 20
754.2501777777776
 10
230.24253333333317
 20
748.2501333333332
 10
230.28204444444427
 20
742.2500888888887
 10
230.32155555555536
 20
736.2500444444443
 10
230.36106666666646
 20
730.2499999999998
 10
230.40057777777758
 20
724.2499555555554
 10
230.44008888888868
 20
718.2499111111108
 10
230.44008888888868
 20
712.2498666666664
 10
231.80039999999977
 20
712.2498666666664
 10
231.80039999999977
 20
718.2499111111108
 10
231.83991111111087
 20
724.2499555555554
 10
231.879422222222
 20
730.2499999999998
 10
231.9189333333331
 20
736.2500444444443
 10
231.95844444444418
 20
742.2500888888887
 10
231.99795555555528
 20
748.2501333333332
 10
232.07838888888858
 20
754.2501777777776
 10
232.11789999999968
 20
760.2502222222222
 10
232.19974444444412
 20
766.2502666666666
 10
232.28017777777745
 20
772.250311111111
 10
232.36061111111076
 20
778.2503555555554
 10
232.4410444444441
 20
784.2504
 10
232.56098888888852
 20
790.2504444444444
 10
232.7204444444441
 20
796.2504888888889
 10
232.87989999999965
 20
802.2505333333332
 10
233.0393555555552
 20
805.8502777777778
 10
233.1197888888885
 20
808.2505777777778
 10
233.27924444444406
 20
811.8503222222222
 10
233.39918888888852
 20
814.2506222222222
 10
233.6390777777774
 20
817.8503666666667
 10
233.79994444444407
 20
820.2506666666666
 10
234.07934444444408
 20
823.850411111111
 10
234.31923333333296
 20
826.2507111111111
 10
234.75949999999963
 20
829.8504555555554
 10
235.11933333333295
 20
832.2507555555554
 10
227.11974444444442
 20
832.2507555555554
 97
0
 75
1
 76
1
 98
0
  0
HATCH
  5
1BA
330
17
100
AcDbEntity
  8
PERIPHERY
 62
7
420
0
100
AcDbHatch
 10
0.0
 20
0.0
 30
0.0
210
0.0
220
0.0
230
1.0
  2
SOLID
 70
1
 71
0
 91
1
 92
3
 72
0
 73
1
 93
54
 10
243.1203333333333
 20
832.2507555555554
 10
242.0394222222222
 20
829.8504555555554
 10
240.7186222222222
 20
826.2507111111111
 10
239.99895555555554
 20
823.850411111111
 10
239.11842222222222
 20
820.2506666666666
 10
238.63864444444442
 20
817.8503666666667
 10
237.95848888888887
 20
814.2506222222222
 10
237.59865555555555
 20
811.8503222222222
 10
237.11887777777775
 20
808.2505777777778
 10
236.83947777777774
 20
805.8502777777778
 10
236.4387222222222
 20
802.2505333333332
 10
235.91943333333333
 20
796.2504888888889
 10
235.47916666666666
 20
790.2504444444444
 10
235.1179222222222
 20
784.2504
 10
234.79759999999996
 20
778.2503555555554
 10
234.5577111111111
 20
772.250311111111
 10
234.31782222222222
 20
766.2502666666666
 10
234.11744444444446
 20
760.2502222222222
 10
233.9579888888889
 20
754.2501777777776
 10
233.79853333333335
 20
748.2501333333332
 10
233.6376666666667
 20
742.2500888888887
 10
233.51772222222223
 20
736.2500444444443
 10
233.3991888888889
 20
730.2499999999999
 10
233.31875555555555
 20
724.2499555555555
 10
233.1988111111111
 20
718.249911111111
 10
233.1183777777778
 20
712.2498666666665
 10
234.43917777777781
 20
712.2498666666665
 10
234.59863333333337
 20
718.249911111111
 10
234.75808888888892
 20
724.2499555555555
 10
234.91754444444447
 20
730.2499999999999
 10
235.11792222222223
 20
736.2500444444443
 10
235.31971111111113
 20
742.2500888888889
 10
235.5596
 20
748.2501333333333
 10
235.839
 20
754.2501777777777
 10
236.11840000000004
 20
760.2502222222222
 10
236.43872222222225
 20
766.2502666666667
 10
236.8394777777778
 20
772.2503111111112
 10
237.27974444444447
 20
778.2503555555556
 10
237.79903333333337
 20
784.2504
 10
238.40016666666668
 20
790.2504444444445
 10
239.11983333333333
 20
796.2504888888891
 10
240.00036666666665
 20
802.2505333333335
 10
240.6396
 20
805.8502777777779
 10
241.11937777777777
 20
808.2505777777778
 10
241.9194777777778
 20
811.8503222222223
 10
242.56012222222225
 20
814.2506222222223
 10
243.63962222222221
 20
817.8503666666667
 10
244.43972222222223
 20
820.2506666666667
 10
245.9199777777778
 20
823.8504111111113
 10
247.11942222222223
 20
826.2507111111113
 10
249.32075555555556
 20
829.8504555555556
 10
251.11992222222224
 20
832.2507555555557
 10
243.1203333333333
 20
832.2507555555557
 10
243.1203333333333
 20
832.2507555555554
 97
0
 75
1
 76
1
 98
0
  0
HATCH
  5
1BB
330
17
100
AcDbEntity
  8
PERIPHERY
 62
7
420
0
100
AcDbHatch
 10
0.0
 20
0.0
 30
0.0
210
0.0
220
0.0
230
1.0
  2
SOLID
 70
1
 71
0
 91
1
 92
3
 72
0
 73
1
 93
54
 10
259.1195111111111
 20
832.2507555555554
 10
256.5597555555555
 20
829.8504555555554
 10
253.5202222222222
 20
826.2507111111111
 10
251.88051111111108
 20
823.850411111111
 10
249.7991222222222
 20
820.2506666666666
 10
248.64059999999998
 20
817.8503666666667
 10
247.1194222222222
 20
814.2506222222222
 10
246.2403
 20
811.8503222222222
 10
245.11987777777776
 20
808.2505777777778
 10
244.4411333333333
 20
805.8502777777778
 10
243.5606
 20
802.2505333333332
 10
242.32023333333333
 20
796.2504888888889
 10
241.32116666666667
 20
790.2504444444444
 10
240.44063333333335
 20
784.2504
 10
239.7209666666667
 20
778.2503555555554
 10
239.11983333333336
 20
772.250311111111
 10
238.6005444444445
 20
766.2502666666666
 10
238.1207666666667
 20
760.2502222222222
 10
237.72001111111115
 20
754.2501777777776
 10
237.36017777777784
 20
748.2501333333332
 10
237.0003444444445
 20
742.2500888888887
 10
236.72094444444448
 20
736.2500444444443
 10
236.4387222222222
 20
730.2499999999999
 10
236.19883333333334
 20
724.2499555555555
 10
235.99845555555558
 20
718.249911111111
 10
235.7980777777778
 20
712.2498666666665
 10
237.1188777777778
 20
712.2498666666665
 10
237.39827777777782
 20
718.249911111111
 10
237.67767777777783
 20
724.2499555555555
 10
237.95707777777784
 20
730.2499999999999
 10
238.3183222222223
 20
736.2500444444443
 10
238.6781555555556
 20
742.2500888888889
 10
239.11842222222228
 20
748.2501333333333
 10
239.59820000000008
 20
754.2501777777777
 10
240.11890000000008
 20
760.2502222222222
 10
240.7186222222223
 20
766.2502666666667
 10
241.39877777777787
 20
772.2503111111112
 10
242.19746666666677
 20
778.2503555555556
 10
243.11751111111118
 20
784.2504
 10
244.1984222222223
 20
790.2504444444445
 10
245.51781111111117
 20
796.2504888888891
 10
247.11801111111114
 20
802.2505333333335
 10
248.2779444444445
 20
805.8502777777779
 10
249.11896666666672
 20
808.2505777777778
 10
250.55971111111114
 20
811.8503222222223
 10
251.68013333333337
 20
814.2506222222223
 10
253.64016666666674
 20
817.8503666666667
 10
255.1204222222223
 20
820.2506666666667
 10
257.8001222222223
 20
823.8504111111113
 10
259.9196111111112
 20
826.2507111111113
 10
263.83967777777787
 20
829.8504555555556
 10
267.1191000000001
 20
832.2507555555557
 10
259.1195111111111
 20
832.2507555555557
 10
259.1195111111111
 20
832.2507555555554
 97
0
 75
1
 76
1
 98
0
  0
LWPOLYLINE
  5
1BC
330
17
100
AcDbEntity
  8
PERIPHERY
370
25
420
0
100
AcDbPolyline
 90
2
 70
0
 43
1.9999677777777776
 10
257.12137777777775
 20
808.2505777777776
 10
269.1214666666666
 20
808.2505777777776
  0
LWPOLYLINE
  5
1BD
330
17
100
AcDbEntity
  8
PERIPHERY
370
25
420
0
100
AcDbPolyline
 90
2
 70
0
 43
1.9999677777777776
 10
251.12133333333333
 20
784.2504
 10
263.1214222222222
 20
784.2504
  0
LWPOLYLINE
  5
1BE
330
17
100
AcDbEntity
  8
PERIPHERY
370
25
420
0
100
AcDbPolyline
 90
2
 70
0
 43
1.9999677777777776
 10
248.12131111111108
 20
760.2502222222222
 10
260.1214
 20
760.2502222222222
  0
LWPOLYLINE
  5
1BF
330
17
100
AcDbEntity
  8
PERIPHERY
370
25
420
0
100
AcDbPolyline
 90
2
 70
0
 43
1.9999677777777776
 10
246.3207333333333
 20
736.2500444444443
 10
258.32082222222215
 20
736.2500444444443
  0
TEXT
  5
1C0
330
17
100
AcDbEntity
  8
LABELS
 62
250
100
AcDbText
 10
276.0196833333333
 20
803.33088
 30
0.0
 40
16.93333333333333
  1
2
 11
276.0196833333333
 21
803.33088
 31
0.0
100
AcDbText
  0
TEXT
  5
1C1
330
17
100
AcDbEntity
  8
LABELS
 62
250
100
AcDbText
 10
272.2796744444444
 20
779.3308433333333
 30
0.0
 40
16.93333333333333
  1
3
 11
272.2796744444444
 21
779.3308433333333
 31
0.0
100
AcDbText
  0
TEXT
  5
1C2
330
17
100
AcDbEntity
  8
LABELS
 62
250
100
AcDbText
 10
265.71603222222217
 20
755.3309477777777
 30
0.0
 40
16.93333333333333
  1
4
 11
265.71603222222217
 21
755.3309477777777
 31
0.0
100
AcDbText
  0
TEXT
  5
1C3
330
17
100
AcDbEntity
  8
LABELS
 62
250
100
AcDbText
 10
264.7976811111111
 20
731.3310522222222
 30
0.0
 40
16.93333333333333
  1
5
 11
264.7976811111111
 21
731.3310522222222
 31
0.0
100
AcDbText
  0
HATCH
  5
1C4
330
17
100
AcDbEntity
  8
PERIPHERY
 62
7
420
0
100
AcDbHatch
 10
0.0
 20
0.0
 30
0.0
210
0.0
220
0.0
230
1.0
  2
SOLID
 70
1
 71
0
 91
1
 92
3
 72
0
 73
1
 93
54
 10
103.11976666666665
 20
668.2542444444445
 10
105.52006666666665
 20
671.5336666666666
 10
109.11981111111109
 20
675.4537333333333
 10
111.52011111111108
 20
677.5732222222222
 10
115.11985555555553
 20
680.2529222222222
 10
117.52015555555552
 20
681.7726888888889
 10
121.11989999999997
 20
683.6918
 10
123.52019999999996
 20
684.8122222222222
 10
127.1199444444444
 20
686.2529666666667
 10
129.5202444444444
 20
687.0925777777778
 10
133.11998888888886
 20
688.2525111111112
 10
139.12003333333328
 20
689.852711111111
 10
145.1200777777777
 20
691.173511111111
 10
151.12012222222216
 20
692.2544222222222
 10
157.1201666666666
 20
693.1730555555555
 10
163.12021111111102
 20
693.9731555555555
 10
169.12025555555547
 20
694.6519
 10
175.1202999999999
 20
695.2530333333333
 10
181.12034444444436
 20
695.7723222222222
 10
187.1203888888888
 20
696.2521
 10
193.12043333333327
 20
696.6937777777778
 10
199.12047777777772
 20
697.0536111111111
 10
205.12052222222218
 20
697.4134444444444
 10
211.12056666666663
 20
697.6928444444444
 10
217.12061111111112
 20
697.9736555555555
 10
223.12065555555557
 20
698.2544666666666
 10
223.12065555555557
 20
699.5752666666667
 10
217.12061111111112
 20
699.3748888888888
 10
211.12056666666663
 20
699.1731
 10
205.12052222222218
 20
698.9332111111111
 10
199.12047777777772
 20
698.653811111111
 10
193.12043333333327
 20
698.3744111111112
 10
187.1203888888888
 20
698.0145777777778
 10
181.12034444444436
 20
697.6533333333333
 10
175.12029999999993
 20
697.2539888888889
 10
169.12025555555547
 20
696.7742111111111
 10
163.12021111111105
 20
696.253511111111
 10
157.12016666666662
 20
695.6537888888889
 10
151.12012222222216
 20
694.9341222222223
 10
145.12007777777774
 20
694.0535888888888
 10
139.1200333333333
 20
693.0531111111111
 10
133.11998888888886
 20
691.8127444444445
 10
129.52024444444442
 20
690.9336222222222
 10
127.11994444444443
 20
690.2534666666667
 10
123.52019999999997
 20
689.1344555555555
 10
121.11989999999999
 20
688.2539222222222
 10
117.52015555555553
 20
686.7736666666667
 10
115.11985555555555
 20
685.5728111111112
 10
111.5201111111111
 20
683.4928333333334
 10
109.11981111111112
 20
681.8531222222223
 10
105.52006666666666
 20
678.813588888889
 10
103.11976666666668
 20
676.2538333333333
 10
103.11976666666668
 20
668.2542444444445
 10
103.11976666666665
 20
668.2542444444445
 97
0
 75
1
 76
1
 98
0
  0
HATCH
  5
1C5
330
17
100
AcDbEntity
  8
PERIPHERY
 62
7
420
0
100
AcDbHatch
 10
0.0
 20
0.0
 30
0.0
210
0.0
220
0.0
230
1.0
  2
SOLID
 70
1
 71
0
 91
1
 92
3
 72
0
 73
1
 93
54
 10
103.11976666666665
 20
684.2534222222222
 10
105.52006666666665
 20
686.054
 10
109.11981111111109
 20
688.2539222222222
 10
111.52011111111108
 20
689.4547777777777
 10
115.11985555555553
 20
690.9350333333333
 10
117.52015555555552
 20
691.7746444444444
 10
121.11989999999997
 20
692.8146333333333
 10
123.52019999999996
 20
693.4552777777777
 10
127.1199444444444
 20
694.2539666666665
 10
129.5202444444444
 20
694.7337444444444
 10
133.11998888888886
 20
695.3743888888889
 10
139.12003333333328
 20
696.253511111111
 10
145.1200777777777
 20
696.9745888888888
 10
151.12012222222216
 20
697.5743111111111
 10
157.1201666666666
 20
698.095011111111
 10
163.12021111111102
 20
698.5352777777778
 10
169.12025555555547
 20
698.9346222222222
 10
175.1202999999999
 20
699.2549444444444
 10
181.12034444444436
 20
699.5357555555555
 10
187.1203888888888
 20
699.8151555555555
 10
193.12043333333327
 20
700.0550444444444
 10
199.12047777777772
 20
700.2554222222223
 10
205.12052222222218
 20
700.4558
 10
211.12056666666663
 20
700.6152555555556
 10
217.12061111111112
 20
700.7747111111111
 10
223.12065555555557
 20
700.9369888888889
 10
223.12065555555557
 20
702.2563777777777
 10
217.12061111111112
 20
702.1759444444444
 10
211.12056666666663
 20
702.056
 10
205.12052222222218
 20
701.9755666666667
 10
199.12047777777772
 20
701.8556222222222
 10
193.12043333333327
 20
701.7356777777777
 10
187.1203888888888
 20
701.5762222222222
 10
181.12034444444436
 20
701.4167666666666
 10
175.12029999999993
 20
701.2573111111111
 10
169.12025555555547
 20
701.0569333333333
 10
163.12021111111105
 20
700.8170444444445
 10
157.12016666666662
 20
700.5757444444445
 10
151.12012222222216
 20
700.2554222222223
 10
145.12007777777774
 20
699.8955888888888
 10
139.1200333333333
 20
699.4553222222222
 10
133.11998888888886
 20
698.9346222222222
 10
129.52024444444442
 20
698.5352777777779
 10
127.11994444444443
 20
698.2558777777778
 10
123.52019999999997
 20
697.7761
 10
121.11989999999999
 20
697.4148555555556
 10
117.52015555555553
 20
696.7756222222222
 10
115.11985555555555
 20
696.2549222222223
 10
111.5201111111111
 20
695.3758
 10
109.11981111111112
 20
694.6547222222223
 10
105.52006666666666
 20
693.3353333333333
 10
103.11976666666668
 20
692.2544222222223
 10
103.11976666666668
 20
684.2534222222222
 10
103.11976666666665
 20
684.2534222222222
 97
0
 75
1
 76
1
 98
0
  0
HATCH
  5
1C6
330
17
100
AcDbEntity
  8
PERIPHERY
 62
7
420
0
100
AcDbHatch
 10
0.0
 20
0.0
 30
0.0
210
0.0
220
0.0
230
1.0
  2
SOLID
 70
1
 71
0
 91
1
 92
3
 72
0
 73
1
 93
54
 10
103.11976666666665
 20
700.254011111111
 10
105.52006666666665
 20
700.6138444444443
 10
109.11981111111109
 20
701.0555222222222
 10
111.52011111111108
 20
701.2954111111111
 10
115.11985555555553
 20
701.574811111111
 10
117.52015555555552
 20
701.7751888888888
 10
121.11989999999997
 20
701.9755666666665
 10
123.52019999999996
 20
702.095511111111
 10
127.1199444444444
 20
702.2549666666665
 10
129.5202444444444
 20
702.3368111111109
 10
133.11998888888886
 20
702.4962666666665
 10
139.12003333333328
 20
702.655722222222
 10
145.1200777777777
 20
702.8151777777776
 10
151.12012222222216
 20
702.9351222222222
 10
157.1201666666666
 20
703.0155555555554
 10
163.12021111111102
 20
703.0959888888888
 10
169.12025555555547
 20
703.1764222222221
 10
175.1202999999999
 20
703.2568555555554
 10
181.12034444444436
 20
703.2963666666665
 10
187.1203888888888
 20
703.3767999999998
 10
193.12043333333327
 20
703.416311111111
 10
199.12047777777772
 20
703.455822222222
 10
205.12052222222218
 20
703.4953333333331
 10
211.12056666666663
 20
703.5348444444442
 10
217.12061111111112
 20
703.5743555555554
 10
223.12065555555557
 20
703.5743555555554
 10
223.12065555555557
 20
704.9346666666663
 10
217.12061111111112
 20
704.9346666666663
 10
211.12056666666663
 20
704.9741777777775
 10
205.12052222222218
 20
705.0136888888886
 10
199.12047777777772
 20
705.0531999999997
 10
193.12043333333327
 20
705.0927111111108
 10
187.1203888888888
 20
705.1322222222219
 10
181.12034444444436
 20
705.2126555555552
 10
175.12029999999993
 20
705.2521666666663
 10
169.12025555555547
 20
705.3340111111107
 10
163.12021111111105
 20
705.414444444444
 10
157.12016666666662
 20
705.4948777777773
 10
151.12012222222216
 20
705.5753111111108
 10
145.12007777777774
 20
705.6952555555551
 10
139.1200333333333
 20
705.8547111111108
 10
133.11998888888886
 20
706.0141666666663
 10
129.52024444444442
 20
706.1736222222219
 10
127.11994444444443
 20
706.2540555555552
 10
123.52019999999997
 20
706.4135111111107
 10
121.11989999999999
 20
706.5334555555552
 10
117.52015555555553
 20
706.773344444444
 10
115.11985555555555
 20
706.9342111111107
 10
111.5201111111111
 20
707.2136111111107
 10
109.11981111111112
 20
707.4534999999996
 10
105.52006666666666
 20
707.8937666666662
 10
103.11976666666668
 20
708.2535999999996
 10
103.11976666666668
 20
700.254011111111
 10
103.11976666666665
 20
700.254011111111
 97
0
 75
1
 76
1
 98
0
  0
HATCH
  5
1C7
330
17
100
AcDbEntity
  8
PERIPHERY
 62
7
420
0
100
AcDbHatch
 10
0.0
 20
0.0
 30
0.0
210
0.0
220
0.0
230
1.0
  2
SOLID
 70
1
 71
0
 91
1
 92
3
 72
0
 73
1
 93
54
 10
103.11976666666665
 20
716.2546
 10
105.52006666666665
 20
715.1736888888888
 10
109.11981111111109
 20
713.8528888888889
 10
111.52011111111108
 20
713.1332222222221
 10
115.11985555555553
 20
712.2512777777778
 10
117.52015555555552
 20
711.7715
 10
121.11989999999997
 20
711.0913444444444
 10
123.52019999999996
 20
710.7315111111111
 10
127.1199444444444
 20
710.2517333333333
 10
129.5202444444444
 20
709.9723333333333
 10
133.11998888888886
 20
709.5715777777777
 10
139.12003333333328
 20
709.0522888888888
 10
145.1200777777777
 20
708.6120222222222
 10
151.12012222222216
 20
708.2507777777777
 10
157.1201666666666
 20
707.9304555555555
 10
163.12021111111102
 20
707.6905666666667
 10
169.12025555555547
 20
707.4506777777777
 10
175.1202999999999
 20
707.2502999999999
 10
181.12034444444436
 20
707.0908444444444
 10
187.1203888888888
 20
706.9313888888888
 10
193.12043333333327
 20
706.7705222222221
 10
199.12047777777772
 20
706.6505777777777
 10
205.12052222222218
 20
706.5306333333333
 10
211.12056666666663
 20
706.4502
 10
217.12061111111112
 20
706.3302555555555
 10
223.12065555555557
 20
706.2512333333333
 10
223.12065555555557
 20
707.5720333333333
 10
217.12061111111112
 20
707.7314888888889
 10
211.12056666666663
 20
707.8909444444444
 10
205.12052222222218
 20
708.0504
 10
199.12047777777772
 20
708.2507777777777
 10
193.12043333333327
 20
708.4525666666666
 10
187.1203888888888
 20
708.6924555555554
 10
181.12034444444436
 20
708.9718555555555
 10
175.12029999999993
 20
709.2512555555555
 10
169.12025555555547
 20
709.5715777777777
 10
163.12021111111105
 20
709.9723333333333
 10
157.12016666666662
 20
710.4126
 10
151.12012222222216
 20
710.9318888888888
 10
145.12007777777774
 20
711.5330222222221
 10
139.1200333333333
 20
712.2526888888888
 10
133.11998888888886
 20
713.1346333333332
 10
129.52024444444442
 20
713.7738666666665
 10
127.11994444444443
 20
714.2536444444444
 10
123.52019999999997
 20
715.0537444444444
 10
121.11989999999999
 20
715.6943888888889
 10
117.52015555555553
 20
716.7738888888888
 10
115.11985555555555
 20
717.5739888888888
 10
111.5201111111111
 20
719.0542444444444
 10
109.11981111111112
 20
720.2536888888889
 10
105.52006666666666
 20
722.4550222222222
 10
103.11976666666668
 20
724.2541888888887
 10
103.11976666666668
 20
716.2546
 10
103.11976666666665
 20
716.2546
 97
0
 75
1
 76
1
 98
0
  0
HATCH
  5
1C8
330
17
100
AcDbEntity
  8
PERIPHERY
 62
7
420
0
100
AcDbHatch
 10
0.0
 20
0.0
 30
0.0
210
0.0
220
0.0
230
1.0
  2
SOLID
 70
1
 71
0
 91
1
 92
3
 72
0
 73
1
 93
54
 10
103.11976666666665
 20
732.2551888888889
 10
105.52006666666665
 20
729.6954333333332
 10
109.11981111111109
 20
726.6558999999999
 10
111.52011111111108
 20
725.0161888888888
 10
115.11985555555553
 20
722.9348
 10
117.52015555555552
 20
721.7762777777778
 10
121.11989999999997
 20
720.2551
 10
123.52019999999996
 20
719.3759777777777
 10
127.1199444444444
 20
718.2555555555555
 10
129.5202444444444
 20
717.576811111111
 10
133.11998888888886
 20
716.6962777777777
 10
139.12003333333328
 20
715.455911111111
 10
145.1200777777777
 20
714.4568444444444
 10
151.12012222222216
 20
713.5763111111111
 10
157.1201666666666
 20
712.8566444444444
 10
163.12021111111102
 20
712.2555111111111
 10
169.12025555555547
 20
711.7362222222222
 10
175.1202999999999
 20
711.2564444444445
 10
181.12034444444436
 20
710.855688888889
 10
187.1203888888888
 20
710.4958555555556
 10
193.12043333333327
 20
710.1360222222223
 10
199.12047777777772
 20
709.8566222222222
 10
205.12052222222218
 20
709.5758111111111
 10
211.12056666666663
 20
709.3359222222223
 10
217.12061111111112
 20
709.1355444444445
 10
223.12065555555557
 20
708.9365777777779
 10
223.12065555555557
 20
710.2573777777778
 10
217.12061111111112
 20
710.5367777777778
 10
211.12056666666663
 20
710.8161777777779
 10
205.12052222222218
 20
711.0955777777779
 10
199.12047777777772
 20
711.4568222222223
 10
193.12043333333327
 20
711.8166555555557
 10
187.1203888888888
 20
712.2569222222223
 10
181.12034444444436
 20
712.7367
 10
175.12029999999993
 20
713.2588111111112
 10
169.12025555555547
 20
713.8585333333334
 10
163.12021111111105
 20
714.5386888888889
 10
157.12016666666662
 20
715.3373777777779
 10
151.12012222222216
 20
716.2574222222223
 10
145.12007777777774
 20
717.3383333333335
 10
139.1200333333333
 20
718.6577222222222
 10
133.11998888888886
 20
720.2579222222223
 10
129.52024444444442
 20
721.4178555555557
 10
127.11994444444443
 20
722.2588777777779
 10
123.52019999999997
 20
723.6996222222223
 10
121.11989999999999
 20
724.8200444444444
 10
117.52015555555553
 20
726.7800777777779
 10
115.11985555555555
 20
728.2603333333335
 10
111.5201111111111
 20
730.9400333333334
 10
109.11981111111112
 20
733.0595222222223
 10
105.52006666666666
 20
736.979588888889
 10
103.11976666666668
 20
740.2590111111111
 10
103.11976666666668
 20
732.2551888888889
 10
103.11976666666665
 20
732.2551888888889
 97
0
 75
1
 76
1
 98
0
  0
LWPOLYLINE
  5
1C9
330
17
100
AcDbEntity
  8
PERIPHERY
370
25
420
0
100
AcDbPolyline
 90
2
 70
0
 43
1.9999677777777776
 10
127.11994444444443
 20
730.2556444444444
 10
127.11994444444443
 20
742.2557333333333
  0
LWPOLYLINE
  5
1CA
330
17
100
AcDbEntity
  8
PERIPHERY
370
25
420
0
100
AcDbPolyline
 90
2
 70
0
 43
1.9999677777777776
 10
151.12012222222222
 20
724.2555999999998
 10
151.12012222222222
 20
736.2556888888888
  0
LWPOLYLINE
  5
1CB
330
17
100
AcDbEntity
  8
PERIPHERY
370
25
420
0
100
AcDbPolyline
 90
2
 70
0
 43
1.9999677777777776
 10
175.1203
 20
721.2555777777777
 10
175.1203
 20
733.2556666666666
  0
LWPOLYLINE
  5
1CC
330
17
100
AcDbEntity
  8
PERIPHERY
370
25
420
0
100
AcDbPolyline
 90
2
 70
0
 43
1.9999677777777776
 10
199.11906666666664
 20
719.4549999999999
 10
199.11906666666664
 20
731.4550888888889
  0
TEXT
  5
1CD
330
17
100
AcDbEntity
  8
LABELS
 62
250
100
AcDbText
 10
122.77626222222221
 20
746.0485177777776
 30
0.0
 40
16.93333333333333
  1
2
 11
122.77626222222221
 21
746.0485177777776
 31
0.0
100
AcDbText
  0
TEXT
  5
1CE
330
17
100
AcDbEntity
  8
LABELS
 62
250
100
AcDbText
 10
146.77615777777777
 20
739.8431566666667
 30
0.0
 40
16.93333333333333
  1
3
 11
146.77615777777777
 21
739.8431566666667
 31
0.0
100
AcDbText
  0
TEXT
  5
1CF
330
17
100
AcDbEntity
  8
LABELS
 62
250
100
AcDbText
 10
170.44754666666665
 20
736.6896055555554
 30
0.0
 40
16.93333333333333
  1
4
 11
170.44754666666665
 21
736.6896055555554
 31
0.0
100
AcDbText
  0
TEXT
  5
1D0
330
17
100
AcDbEntity
  8
LABELS
 62
250
100
AcDbText
 10
194.77609
 20
733.8184177777778
 30
0.0
 40
16.93333333333333
  1
5
 11
194.77609
 21
733.8184177777778
 31
0.0
100
AcDbText
  0
HATCH
  5
1D1
330
17
100
AcDbEntity
  8
PERIPHERY
 62
7
420
0
100
AcDbHatch
 10
0.0
 20
0.0
 30
0.0
210
0.0
220
0.0
230
1.0
  2
SOLID
 70
1
 71
0
 91
1
 92
3
 72
0
 73
1
 93
53
 10
1106.031711111111
 20
745.3390111111111
 10
1102.0142777777778
 20
745.9599
 10
1096.6958
 20
746.1885000000001
 10
1093.4996333333333
 20
745.9895333333333
 10
1089.0602777777779
 20
745.3390111111111
 10
1086.2874444444444
 20
744.716711111111
 10
1082.3843111111112
 20
743.5285555555555
 10
1079.8937
 20
742.6240333333333
 10
1076.3320555555556
 20
741.0957999999999
 10
1074.040411111111
 20
739.992311111111
 10
1070.6735
 20
738.2679333333333
 10
1065.299988888889
 20
735.1550222222221
 10
1060.1240333333335
 20
731.8459666666665
 10
1055.117411111111
 20
728.3675777777777
 10
1050.223677777778
 20
724.7762999999999
 10
1045.4160222222222
 20
721.0989444444443
 10
1040.6916222222223
 20
717.3369222222223
 10
1036.0236666666667
 20
713.5184555555555
 10
1031.4135666666668
 20
709.6421333333333
 10
1026.8331
 20
705.7389999999999
 10
1022.2780333333335
 20
701.8076444444445
 10
1017.7794111111112
 20
697.8198444444445
 10
1013.2822000000002
 20
693.8306333333334
 10
1008.8414333333334
 20
689.7863888888888
 10
1004.4006666666667
 20
685.7421444444444
 10
999.9613111111112
 20
681.6964888888888
 10
999.0285666666668
 20
682.6306444444444
 10
1003.4114777777779
 20
686.7327444444445
 10
1007.7958000000001
 20
690.8334333333332
 10
1012.2069333333334
 20
694.9059
 10
1016.6477000000001
 20
698.9501444444445
 10
1021.0870555555556
 20
702.9958
 10
1025.5856777777778
 20
706.9836
 10
1030.0843
 20
710.9714
 10
1034.6097333333335
 20
714.9309777777777
 10
1039.1916111111111
 20
718.8355222222223
 10
1043.8031222222223
 20
722.7104333333333
 10
1048.4682555555557
 20
726.5303111111111
 10
1053.2194666666667
 20
730.264111111111
 10
1058.0849777777778
 20
733.8822
 10
1063.0365666666667
 20
737.4170333333332
 10
1068.156077777778
 20
740.7825333333332
 10
1071.3226111111112
 20
742.7058777777777
 10
1073.5013666666669
 20
743.9222555555555
 10
1076.8372333333334
 20
745.6762666666666
 10
1079.1571000000001
 20
746.7515333333332
 10
1082.748377777778
 20
748.2501333333332
 10
1085.2968444444446
 20
749.098211111111
 10
1089.3114555555558
 20
750.1748888888889
 10
1092.1675444444447
 20
750.7125222222221
 10
1096.8623111111112
 20
751.1090444444444
 10
1100.3703333333335
 20
750.9947444444444
 10
1106.031711111111
 20
745.3390111111111
 97
0
 75
1
 76
1
 98
0
  0
HATCH
  5
1D2
330
17
100
AcDbEntity
  8
PERIPHERY
 62
7
420
0
100
AcDbHatch
 10
0.0
 20
0.0
 30
0.0
210
0.0
220
0.0
230
1.0
  2
SOLID
 70
1
 71
0
 91
1
 92
3
 72
0
 73
1
 93
53
 10
1094.7188333333331
 20
756.6518888888888
 10
1091.747033333333
 20
756.2285555555554
 10
1087.6463444444444
 20
755.2379555555555
 10
1085.1007
 20
754.3884666666665
 10
1081.5094222222222
 20
752.8898666666665
 10
1079.2177777777779
 20
751.7863777777776
 10
1075.9383555555555
 20
749.9759222222223
 10
1073.7878222222223
 20
748.7327333333332
 10
1070.6763222222223
 20
746.7529444444443
 10
1068.6415
 20
745.3954555555554
 10
1065.6443
 20
743.3027777777777
 10
1060.7802
 20
739.6818666666666
 10
1056.0261666666665
 20
735.9494777777777
 10
1051.3610333333331
 20
732.1295999999999
 10
1046.7495222222221
 20
728.2561
 10
1042.1944555555554
 20
724.3247444444443
 10
1037.669022222222
 20
720.3637555555555
 10
1033.2000333333333
 20
716.3477333333333
 10
1028.7592666666665
 20
712.3034888888888
 10
1024.319911111111
 20
708.2578333333332
 10
1019.9073666666666
 20
704.1853666666666
 10
1015.5230444444444
 20
700.0846777777778
 10
1011.1401333333333
 20
695.9825777777777
 10
1006.7840333333334
 20
691.8522555555555
 10
1002.4293444444444
 20
687.7233444444444
 10
998.0704222222221
 20
683.5958444444443
 10
997.1390888888889
 20
684.5271777777776
 10
1001.4387444444444
 20
688.7139444444443
 10
1005.7652111111112
 20
692.8724888888888
 10
1010.0648666666667
 20
697.0578444444444
 10
1014.3927444444445
 20
701.2149777777777
 10
1018.7178000000001
 20
705.3735222222222
 10
1023.0739000000001
 20
709.5024333333333
 10
1027.43
 20
713.6327555555555
 10
1031.784688888889
 20
717.7616666666665
 10
1036.169011111111
 20
721.8623555555555
 10
1040.5815555555555
 20
725.9362333333332
 10
1044.9941
 20
730.0086999999999
 10
1049.463088888889
 20
734.0261333333332
 10
1053.961711111111
 20
738.0139333333332
 10
1058.5139555555554
 20
741.9467
 10
1063.1254666666666
 20
745.821611111111
 10
1065.9533333333334
 20
748.0850333333333
 10
1067.8498666666667
 20
749.5836333333333
 10
1070.7341777777779
 20
751.7891999999999
 10
1072.6871555555556
 20
753.2313555555555
 10
1075.6857666666667
 20
755.3240333333333
 10
1077.7516333333335
 20
756.6533
 10
1080.9181666666668
 20
758.5766444444445
 10
1083.1237333333336
 20
759.766211111111
 10
1086.6021222222225
 20
761.3776999999999
 10
1089.0631000000003
 20
762.3118555555554
 10
1094.7188333333331
 20
756.6518888888888
 97
0
 75
1
 76
1
 98
0
  0
HATCH
  5
1D3
330
17
100
AcDbEntity
  8
PERIPHERY
 62
7
420
0
100
AcDbHatch
 10
0.0
 20
0.0
 30
0.0
210
0.0
220
0.0
230
1.0
  2
SOLID
 70
1
 71
0
 91
1
 92
3
 72
0
 73
1
 93
53
 10
1083.4045444444444
 20
767.9661777777778
 10
1081.4529777777777
 20
766.5226111111111
 10
1078.5968888888888
 20
764.2888222222223
 10
1076.7299888888888
 20
762.7605888888888
 10
1073.986788888889
 20
760.413911111111
 10
1072.1481111111111
 20
758.8560444444443
 10
1069.4613555555557
 20
756.4529222222221
 10
1067.6791222222223
 20
754.8386111111109
 10
1065.0205888888888
 20
752.4058555555555
 10
1063.2651666666666
 20
750.7661444444443
 10
1060.6066333333333
 20
748.3333888888889
 10
1056.2505333333334
 20
744.2044777777777
 10
1051.8958444444443
 20
740.0755666666665
 10
1047.5693777777776
 20
735.9170222222223
 10
1043.269722222222
 20
731.7302555555555
 10
1038.9714777777774
 20
727.5448999999999
 10
1034.6718222222219
 20
723.3581333333333
 10
1030.3721666666663
 20
719.1727777777777
 10
1026.100733333333
 20
714.9591999999999
 10
1021.8010777777773
 20
710.7724333333333
 10
1017.5324666666663
 20
706.5574444444444
 10
1013.2610333333329
 20
702.3438666666666
 10
1008.9910111111108
 20
698.1288777777777
 10
1004.7195777777773
 20
693.9152999999999
 10
1000.4509666666662
 20
689.7003111111111
 10
996.2077555555552
 20
685.4571
 10
995.2439666666663
 20
686.4194777777776
 10
999.4871777777773
 20
690.6626888888889
 10
1003.7021666666662
 20
694.9327111111111
 10
1007.9157444444439
 20
699.2041444444444
 10
1012.1307333333328
 20
703.4741666666665
 10
1016.3428999999995
 20
707.7456
 10
1020.5578888888883
 20
712.0156222222221
 10
1024.744655555555
 20
716.3138666666666
 10
1028.9568222222217
 20
720.5852999999998
 10
1033.1435888888884
 20
724.8849555555555
 10
1037.330355555555
 20
729.1831999999998
 10
1041.5171222222216
 20
733.4828555555554
 10
1045.7024777777772
 20
737.7810999999999
 10
1049.8596111111106
 20
742.1089777777777
 10
1053.9885222222217
 20
746.4650777777777
 10
1058.118844444444
 20
750.8197666666666
 10
1060.5515999999996
 20
753.4783
 10
1062.1927222222218
 20
755.232311111111
 10
1064.6254777777774
 20
757.8908444444444
 10
1066.2397888888886
 20
759.6716666666665
 10
1068.6160999999997
 20
762.3866444444442
 10
1070.1979555555552
 20
764.1999222222221
 10
1072.546044444444
 20
766.941711111111
 10
1074.0742777777773
 20
768.808611111111
 10
1076.3080666666663
 20
771.6646999999998
 10
1077.7516333333328
 20
773.6148555555554
 10
1083.4045444444444
 20
767.9661777777778
 97
0
 75
1
 76
1
 98
0
  0
HATCH
  5
1D4
330
17
100
AcDbEntity
  8
PERIPHERY
 62
7
420
0
100
AcDbHatch
 10
0.0
 20
0.0
 30
0.0
210
0.0
220
0.0
230
1.0
  2
SOLID
 70
1
 71
0
 91
1
 92
3
 72
0
 73
1
 93
53
 10
1072.0902555555556
 20
779.2790555555555
 10
1071.157511111111
 20
776.8180777777777
 10
1069.5446111111112
 20
773.3396888888889
 10
1068.3564555555556
 20
771.1341222222221
 10
1066.433111111111
 20
767.9661777777778
 10
1065.074211111111
 20
765.9299444444443
 10
1063.0097555555556
 20
762.903111111111
 10
1061.5690111111112
 20
760.9501333333333
 10
1059.3634444444444
 20
758.0658222222221
 10
1057.8634333333334
 20
756.172111111111
 10
1055.6028333333334
 20
753.3428333333333
 10
1051.7265111111112
 20
748.7341444444443
 10
1047.7951555555558
 20
744.1790777777777
 10
1043.8087666666668
 20
739.6804555555555
 10
1039.7913333333336
 20
735.2114666666665
 10
1035.717455555556
 20
730.8003333333332
 10
1031.6449888888892
 20
726.3877888888887
 10
1027.5428888888891
 20
722.0048777777777
 10
1023.412566666667
 20
717.6487777777777
 10
1019.2822444444447
 20
713.2940888888888
 10
1015.1547444444448
 20
708.9365777777776
 10
1010.9962000000003
 20
704.610111111111
 10
1006.8390666666669
 20
700.2822333333332
 10
1002.6537111111114
 20
695.9839888888888
 10
998.4951666666669
 20
691.657522222222
 10
994.3084000000003
 20
687.3578666666666
 10
993.3756555555559
 20
688.2920222222222
 10
997.5045666666671
 20
692.6481222222221
 10
1001.6348888888893
 20
697.002811111111
 10
1005.7652111111116
 20
701.358911111111
 10
1009.8673111111117
 20
705.7418222222221
 10
1013.9665888888894
 20
710.1261444444443
 10
1018.040466666667
 20
714.5372777777777
 10
1022.0833000000005
 20
718.9780444444443
 10
1026.1289555555559
 20
723.4173999999998
 10
1030.1463888888893
 20
727.8863888888887
 10
1034.1045555555559
 20
732.4132333333331
 10
1038.0373222222227
 20
736.9668888888888
 10
1041.9122333333337
 20
741.5784
 10
1045.7292888888892
 20
746.2463555555555
 10
1049.4630888888892
 20
750.9975666666666
 10
1053.0825888888892
 20
755.8616666666666
 10
1055.175266666667
 20
758.8588666666665
 10
1056.534166666667
 20
760.8951
 10
1058.5111333333334
 20
764.008011111111
 10
1059.7571444444447
 20
766.1571333333331
 10
1061.539377777778
 20
769.4661888888887
 10
1062.6710888888892
 20
771.729611111111
 10
1064.1711000000003
 20
775.3208888888887
 10
1065.020588888889
 20
777.8665333333331
 10
1066.008366666667
 20
781.9686333333332
 10
1066.4345222222225
 20
784.937611111111
 10
1072.0902555555556
 20
779.2790555555555
 97
0
 75
1
 76
1
 98
0
  0
HATCH
  5
1D5
330
17
100
AcDbEntity
  8
PERIPHERY
 62
7
420
0
100
AcDbHatch
 10
0.0
 20
0.0
 30
0.0
210
0.0
220
0.0
230
1.0
  2
SOLID
 70
1
 71
0
 91
1
 92
3
 72
0
 73
1
 93
53
 10
1060.7745555555555
 20
790.5947555555555
 10
1060.8874444444443
 20
787.0867333333333
 10
1060.4923333333334
 20
782.3919666666666
 10
1059.9547
 20
779.5358777777777
 10
1058.8808444444446
 20
775.5198555555555
 10
1058.0031333333336
 20
773.0010222222222
 10
1056.5341666666668
 20
769.3801111111111
 10
1055.457488888889
 20
767.0602444444444
 10
1053.7034777777778
 20
763.7243777777777
 10
1052.4885111111112
 20
761.5456222222222
 10
1050.5651666666665
 20
758.3790888888888
 10
1047.1996666666666
 20
753.2595777777777
 10
1043.6634222222222
 20
748.3094
 10
1040.0439222222221
 20
743.4453
 10
1036.3101222222222
 20
738.6940888888887
 10
1032.4930666666667
 20
734.0261333333332
 10
1028.6181555555554
 20
729.4146222222222
 10
1024.7150222222222
 20
724.8327444444444
 10
1020.7540333333333
 20
720.3073111111111
 10
1016.7662333333333
 20
715.8086888888888
 10
1012.7784333333332
 20
711.3128888888889
 10
1008.7341888888888
 20
706.8721222222222
 10
1004.6913555555554
 20
702.4313555555556
 10
1000.6174777777777
 20
698.0188111111111
 10
996.5153777777776
 20
693.6358999999999
 10
992.4146888888889
 20
689.2515777777777
 10
991.4819444444445
 20
690.1857333333334
 10
995.5261888888889
 20
694.6265
 10
999.5704333333333
 20
699.0658555555555
 10
1003.6146777777777
 20
703.5066222222222
 10
1007.6010666666667
 20
708.0052444444443
 10
1011.5902777777778
 20
712.5024555555555
 10
1015.5216333333333
 20
717.0575222222221
 10
1019.4247666666666
 20
721.6394
 10
1023.2996777777777
 20
726.2509111111111
 10
1027.1195555555555
 20
730.9174555555554
 10
1030.8801666666666
 20
735.6418555555555
 10
1034.5575222222221
 20
740.4495111111112
 10
1038.1487999999997
 20
745.3432444444444
 10
1041.6285999999998
 20
750.3498666666667
 10
1044.9376555555555
 20
755.5258222222222
 10
1048.0491555555554
 20
760.8993333333333
 10
1049.7749444444444
 20
764.2648333333333
 10
1050.877022222222
 20
766.5564777777778
 10
1052.4038444444443
 20
770.1209444444444
 10
1053.3097777777775
 20
772.6101444444444
 10
1054.4697111111109
 20
776.5415
 10
1055.120233333333
 20
779.2846999999999
 10
1055.7693444444444
 20
783.7254666666665
 10
1055.968311111111
 20
786.9216333333334
 10
1055.7425333333333
 20
792.2386999999999
 10
1055.1216444444442
 20
796.2547222222221
 10
1060.7745555555555
 20
790.5947555555555
 97
0
 75
1
 76
1
 98
0
  0
LWPOLYLINE
  5
1D6
330
17
100
AcDbEntity
  8
PERIPHERY
370
25
420
0
100
AcDbPolyline
 90
2
 70
0
 43
1.9999677777777776
 10
1036.7334555555553
 20
780.6958111111111
 10
1045.2184666666667
 20
772.2108
  0
LWPOLYLINE
  5
1D7
330
17
100
AcDbEntity
  8
PERIPHERY
370
25
420
0
100
AcDbPolyline
 90
2
 70
0
 43
1.9999677777777776
 10
1024.0066444444444
 20
759.4825777777777
 10
1032.4916555555556
 20
750.9975666666666
  0
LWPOLYLINE
  5
1D8
330
17
100
AcDbEntity
  8
PERIPHERY
370
25
420
0
100
AcDbPolyline
 90
2
 70
0
 43
1.9999677777777776
 10
1009.1561111111109
 20
740.3902444444444
 10
1017.6411222222222
 20
731.9052333333333
  0
LWPOLYLINE
  5
1D9
330
17
100
AcDbEntity
  8
PERIPHERY
370
25
420
0
100
AcDbPolyline
 90
2
 70
0
 43
1.9999677777777776
 10
993.458911111111
 20
722.1459888888888
 10
1001.9453333333332
 20
713.6609777777777
  0
TEXT
  5
1DA
330
17
100
AcDbEntity
  8
LABELS
 62
250
100
AcDbText
 10
1025.3196833333334
 20
781.47926
 30
0.0
 40
16.93333333333333
  1
2
 11
1025.3196833333334
 21
781.47926
 31
0.0
100
AcDbText
  0
TEXT
  5
1DB
330
17
100
AcDbEntity
  8
LABELS
 62
250
100
AcDbText
 10
1013.3500744444444
 20
760.1458
 30
0.0
 40
16.93333333333333
  1
3
 11
1013.3500744444444
 21
760.1458
 31
0.0
100
AcDbText
  0
TEXT
  5
1DC
330
17
100
AcDbEntity
  8
LABELS
 62
250
100
AcDbText
 10
998.7621488888889
 20
741.2936377777777
 30
0.0
 40
16.93333333333333
  1
4
 11
998.7621488888889
 21
741.2936377777777
 31
0.0
100
AcDbText
  0
TEXT
  5
1DD
330
17
100
AcDbEntity
  8
LABELS
 62
250
100
AcDbText
 10
982.5853122222221
 20
721.7888366666666
 30
0.0
 40
16.93333333333333
  1
5
 11
982.5853122222221
 21
721.7888366666666
 31
0.0
100
AcDbText
  0
HATCH
  5
1DE
330
17
100
AcDbEntity
  8
PERIPHERY
 62
7
420
0
100
AcDbHatch
 10
0.0
 20
0.0
 30
0.0
210
0.0
220
0.0
230
1.0
  2
SOLID
 70
1
 71
0
 91
1
 92
3
 72
0
 73
1
 93
53
 10
195.11997777777776
 20
176.25201111111113
 10
198.3994
 20
178.65231111111115
 10
202.31946666666664
 20
182.25205555555567
 10
204.43895555555557
 20
184.6523555555557
 10
207.11865555555556
 20
188.2521000000002
 10
208.63842222222223
 20
190.65240000000023
 10
210.55753333333334
 20
194.25214444444472
 10
211.6779555555556
 20
196.65244444444477
 10
213.11870000000002
 20
200.25218888888926
 10
213.95831111111113
 20
202.6524888888893
 10
215.11824444444446
 20
206.2522333333338
 10
216.71844444444443
 20
212.25227777777818
 10
218.03924444444445
 20
218.25232222222257
 10
219.12015555555556
 20
224.25236666666694
 10
220.0387888888889
 20
230.25241111111131
 10
220.8388888888889
 20
236.25245555555568
 10
221.51763333333335
 20
242.25250000000008
 10
222.11876666666666
 20
248.25254444444445
 10
222.63805555555555
 20
254.25258888888882
 10
223.11783333333332
 20
260.2526333333332
 10
223.55951111111108
 20
266.25267777777765
 10
223.91934444444442
 20
272.25272222222213
 10
224.27917777777773
 20
278.25276666666656
 10
224.55857777777774
 20
284.25281111111104
 10
224.8393888888889
 20
290.25285555555547
 10
225.1187888888889
 20
296.25289999999995
 10
226.4395888888889
 20
296.25289999999995
 10
226.23921111111113
 20
290.25285555555547
 10
226.03742222222223
 20
284.25281111111104
 10
225.79753333333338
 20
278.25276666666656
 10
225.51813333333337
 20
272.25272222222213
 10
225.23873333333336
 20
266.25267777777765
 10
224.87890000000002
 20
260.2526333333332
 10
224.51765555555556
 20
254.25258888888882
 10
224.11831111111115
 20
248.25254444444445
 10
223.63853333333336
 20
242.25250000000008
 10
223.11783333333338
 20
236.25245555555568
 10
222.51811111111112
 20
230.25241111111131
 10
221.79844444444447
 20
224.25236666666694
 10
220.91791111111115
 20
218.25232222222257
 10
219.91743333333338
 20
212.25227777777818
 10
218.67706666666672
 20
206.2522333333338
 10
217.7979444444445
 20
202.6524888888893
 10
217.11778888888895
 20
200.25218888888926
 10
215.99877777777783
 20
196.65244444444477
 10
215.1182444444445
 20
194.25214444444472
 10
213.63798888888894
 20
190.65240000000023
 10
212.43713333333338
 20
188.2521000000002
 10
210.3571555555556
 20
184.6523555555557
 10
208.7174444444445
 20
182.25205555555567
 10
205.67791111111117
 20
178.65231111111115
 10
203.11815555555563
 20
176.25201111111113
 10
195.11997777777776
 20
176.25201111111113
 97
0
 75
1
 76
1
 98
0
  0
HATCH
  5
1DF
330
17
100
AcDbEntity
  8
PERIPHERY
 62
7
420
0
100
AcDbHatch
 10
0.0
 20
0.0
 30
0.0
210
0.0
220
0.0
230
1.0
  2
SOLID
 70
1
 71
0
 91
1
 92
3
 72
0
 73
1
 93
54
 10
211.11915555555552
 20
176.25201111111113
 10
212.9197333333333
 20
178.65231111111115
 10
215.11965555555554
 20
182.25205555555567
 10
216.3205111111111
 20
184.6523555555557
 10
217.80076666666665
 20
188.2521000000002
 10
218.64037777777776
 20
190.65240000000023
 10
219.68036666666666
 20
194.25214444444472
 10
220.32101111111112
 20
196.65244444444477
 10
221.1197
 20
200.25218888888926
 10
221.5994777777778
 20
202.6524888888893
 10
222.24012222222223
 20
206.2522333333338
 10
223.11924444444443
 20
212.25227777777818
 10
223.84032222222223
 20
218.25232222222257
 10
224.44004444444445
 20
224.25236666666694
 10
224.96074444444446
 20
230.25241111111131
 10
225.40101111111113
 20
236.25245555555568
 10
225.80035555555557
 20
242.25250000000008
 10
226.1206777777778
 20
248.25254444444445
 10
226.4014888888889
 20
254.25258888888882
 10
226.68088888888892
 20
260.2526333333332
 10
226.9207777777778
 20
266.25267777777765
 10
227.12115555555556
 20
272.25272222222213
 10
227.32153333333335
 20
278.25276666666656
 10
227.4809888888889
 20
284.25281111111104
 10
227.64044444444446
 20
290.25285555555547
 10
227.80131111111112
 20
296.25289999999995
 10
229.12070000000003
 20
296.25289999999995
 10
229.0402666666667
 20
290.25285555555547
 10
228.92032222222224
 20
284.25281111111104
 10
228.83988888888894
 20
278.25276666666656
 10
228.71994444444448
 20
272.25272222222213
 10
228.59999999999997
 20
266.25126666666665
 10
228.4405444444444
 20
260.2512222222223
 10
228.28108888888886
 20
254.2511777777779
 10
228.1216333333333
 20
248.25113333333354
 10
227.92125555555555
 20
242.25108888888914
 10
227.68136666666666
 20
236.25104444444477
 10
227.4400666666667
 20
230.2510000000004
 10
227.11974444444445
 20
224.25095555555603
 10
226.75991111111114
 20
218.25091111111166
 10
226.31964444444444
 20
212.25086666666726
 10
225.79894444444446
 20
206.2508222222229
 10
225.39960000000002
 20
202.6510777777784
 10
225.1202
 20
200.25077777777835
 10
224.6404222222222
 20
196.65103333333386
 10
224.2791777777778
 20
194.2507333333338
 10
223.63994444444444
 20
190.65098888888932
 10
223.11924444444443
 20
188.25068888888927
 10
222.24012222222223
 20
184.65094444444478
 10
221.51904444444446
 20
182.25064444444473
 10
220.19965555555558
 20
178.65090000000023
 10
219.11874444444447
 20
176.25060000000022
 10
211.11915555555552
 20
176.25060000000022
 10
211.11915555555552
 20
176.25201111111113
 97
0
 75
1
 76
1
 98
0
  0
HATCH
  5
1E0
330
17
100
AcDbEntity
  8
PERIPHERY
 62
7
420
0
100
AcDbHatch
 10
0.0
 20
0.0
 30
0.0
210
0.0
220
0.0
230
1.0
  2
SOLID
 70
1
 71
0
 91
1
 92
3
 72
0
 73
1
 93
53
 10
227.11974444444442
 20
176.25201111111113
 10
227.47957777777773
 20
178.65231111111115
 10
227.9212555555555
 20
182.25205555555567
 10
228.16114444444437
 20
184.6523555555557
 10
228.44054444444438
 20
188.2521000000002
 10
228.64092222222214
 20
190.65240000000023
 10
228.84129999999993
 20
194.25214444444472
 10
228.9612444444444
 20
196.65244444444477
 10
229.12069999999994
 20
200.25218888888926
 10
229.20254444444438
 20
202.6524888888893
 10
229.36199999999994
 20
206.2522333333338
 10
229.5214555555555
 20
212.25227777777818
 10
229.68091111111104
 20
218.25232222222257
 10
229.8008555555555
 20
224.25236666666694
 10
229.8812888888888
 20
230.25241111111131
 10
229.96172222222214
 20
236.25245555555568
 10
230.04215555555544
 20
242.25250000000008
 10
230.12258888888877
 20
248.25254444444445
 10
230.16209999999987
 20
254.25258888888882
 10
230.24253333333317
 20
260.2526333333332
 10
230.28204444444427
 20
266.25267777777765
 10
230.32155555555536
 20
272.25272222222213
 10
230.36106666666646
 20
278.25276666666656
 10
230.40057777777758
 20
284.25281111111104
 10
230.44008888888868
 20
290.25285555555547
 10
230.44008888888868
 20
296.25289999999995
 10
231.80039999999977
 20
296.25289999999995
 10
231.80039999999977
 20
290.25285555555547
 10
231.83991111111087
 20
284.25281111111104
 10
231.879422222222
 20
278.25276666666656
 10
231.9189333333331
 20
272.25272222222213
 10
231.95844444444418
 20
266.25267777777765
 10
231.99795555555528
 20
260.2526333333332
 10
232.07838888888858
 20
254.25258888888882
 10
232.11789999999968
 20
248.25254444444445
 10
232.19974444444412
 20
242.25250000000008
 10
232.28017777777745
 20
236.25245555555568
 10
232.36061111111076
 20
230.25241111111131
 10
232.4410444444441
 20
224.25236666666694
 10
232.56098888888852
 20
218.25232222222257
 10
232.7204444444441
 20
212.25227777777818
 10
232.87989999999965
 20
206.2522333333338
 10
233.0393555555552
 20
202.6524888888893
 10
233.1197888888885
 20
200.25218888888926
 10
233.27924444444406
 20
196.65244444444477
 10
233.39918888888852
 20
194.25214444444472
 10
233.6390777777774
 20
190.65240000000023
 10
233.79994444444407
 20
188.2521000000002
 10
234.07934444444408
 20
184.6523555555557
 10
234.31923333333296
 20
182.25205555555567
 10
234.75949999999963
 20
178.65231111111115
 10
235.11933333333295
 20
176.25201111111113
 10
227.11974444444442
 20
176.25201111111113
 97
0
 75
1
 76
1
 98
0
  0
HATCH
  5
1E1
330
17
100
AcDbEntity
  8
PERIPHERY
 62
7
420
0
100
AcDbHatch
 10
0.0
 20
0.0
 30
0.0
210
0.0
220
0.0
230
1.0
  2
SOLID
 70
1
 71
0
 91
1
 92
3
 72
0
 73
1
 93
53
 10
243.1203333333333
 20
176.25201111111113
 10
242.0394222222222
 20
178.65231111111115
 10
240.7186222222222
 20
182.25205555555567
 10
239.99895555555554
 20
184.6523555555557
 10
239.11842222222222
 20
188.2521000000002
 10
238.63864444444442
 20
190.65240000000023
 10
237.95848888888887
 20
194.25214444444472
 10
237.59865555555555
 20
196.65244444444477
 10
237.11887777777775
 20
200.25218888888926
 10
236.83947777777774
 20
202.6524888888893
 10
236.4387222222222
 20
206.2522333333338
 10
235.91943333333333
 20
212.25227777777818
 10
235.47916666666666
 20
218.25232222222257
 10
235.1179222222222
 20
224.25236666666694
 10
234.79759999999996
 20
230.25241111111131
 10
234.5577111111111
 20
236.25245555555568
 10
234.31782222222222
 20
242.25250000000008
 10
234.11744444444446
 20
248.25254444444445
 10
233.9579888888889
 20
254.25258888888882
 10
233.79853333333335
 20
260.2526333333332
 10
233.6376666666667
 20
266.25267777777765
 10
233.51772222222223
 20
272.25272222222213
 10
233.39777777777778
 20
278.25276666666656
 10
233.31734444444444
 20
284.25281111111104
 10
233.1974
 20
290.25285555555547
 10
233.11696666666668
 20
296.25289999999995
 10
234.43776666666668
 20
296.25289999999995
 10
234.59722222222223
 20
290.25285555555547
 10
234.7566777777778
 20
284.25281111111104
 10
234.91613333333336
 20
278.25276666666656
 10
235.11651111111112
 20
272.25272222222213
 10
235.31830000000002
 20
266.25267777777765
 10
235.55818888888888
 20
260.2526333333332
 10
235.8375888888889
 20
254.25258888888882
 10
236.1169888888889
 20
248.25254444444445
 10
236.43731111111114
 20
242.25250000000008
 10
236.83806666666666
 20
236.25245555555568
 10
237.27833333333336
 20
230.25241111111131
 10
237.79762222222223
 20
224.25236666666694
 10
238.39875555555557
 20
218.25232222222257
 10
239.11842222222222
 20
212.25227777777818
 10
239.99895555555554
 20
206.2522333333338
 10
240.63818888888886
 20
202.6524888888893
 10
241.11796666666666
 20
200.25218888888926
 10
241.91806666666668
 20
196.65244444444477
 10
242.55871111111114
 20
194.25214444444472
 10
243.6382111111111
 20
190.65240000000023
 10
244.43831111111112
 20
188.2521000000002
 10
245.9185666666667
 20
184.6523555555557
 10
247.11801111111112
 20
182.25205555555567
 10
249.31934444444445
 20
178.65231111111115
 10
251.11851111111113
 20
176.25201111111113
 10
243.1203333333333
 20
176.25201111111113
 97
0
 75
1
 76
1
 98
0
  0
HATCH
  5
1E2
330
17
100
AcDbEntity
  8
PERIPHERY
 62
7
420
0
100
AcDbHatch
 10
0.0
 20
0.0
 30
0.0
210
0.0
220
0.0
230
1.0
  2
SOLID
 70
1
 71
0
 91
1
 92
3
 72
0
 73
1
 93
53
 10
259.1195111111111
 20
176.25201111111113
 10
256.5597555555555
 20
178.65231111111115
 10
253.5202222222222
 20
182.25205555555567
 10
251.88051111111108
 20
184.6523555555557
 10
249.7991222222222
 20
188.2521000000002
 10
248.64059999999998
 20
190.65240000000023
 10
247.1194222222222
 20
194.25214444444472
 10
246.2403
 20
196.65244444444477
 10
245.11987777777776
 20
200.25218888888926
 10
244.4411333333333
 20
202.6524888888893
 10
243.5606
 20
206.2522333333338
 10
242.32023333333333
 20
212.25227777777818
 10
241.32116666666667
 20
218.25232222222257
 10
240.44063333333335
 20
224.25236666666694
 10
239.7209666666667
 20
230.25241111111131
 10
239.11983333333336
 20
236.25245555555568
 10
238.6005444444445
 20
242.25250000000008
 10
238.1207666666667
 20
248.25254444444445
 10
237.72001111111115
 20
254.25258888888882
 10
237.36017777777784
 20
260.2526333333332
 10
237.0003444444445
 20
266.25267777777765
 10
236.72094444444448
 20
272.25272222222213
 10
236.44013333333336
 20
278.25276666666656
 10
236.2002444444445
 20
284.25281111111104
 10
235.99986666666672
 20
290.25285555555547
 10
235.79948888888896
 20
296.25289999999995
 10
237.12028888888895
 20
296.25289999999995
 10
237.39968888888896
 20
290.25285555555547
 10
237.679088888889
 20
284.25281111111104
 10
237.958488888889
 20
278.25276666666656
 10
238.31973333333343
 20
272.25272222222213
 10
238.67956666666677
 20
266.25267777777765
 10
239.11983333333345
 20
260.2526333333332
 10
239.59961111111124
 20
254.25258888888882
 10
240.12031111111122
 20
248.25254444444445
 10
240.72003333333348
 20
242.25250000000008
 10
241.40018888888903
 20
236.25245555555568
 10
242.1988777777779
 20
230.25241111111131
 10
243.11892222222235
 20
224.25236666666694
 10
244.19983333333343
 20
218.25232222222257
 10
245.51922222222234
 20
212.25227777777818
 10
247.1194222222223
 20
206.2522333333338
 10
248.27935555555564
 20
202.6524888888893
 10
249.1203777777779
 20
200.25218888888926
 10
250.5611222222223
 20
196.65244444444477
 10
251.68154444444454
 20
194.25214444444472
 10
253.64157777777788
 20
190.65240000000023
 10
255.12183333333346
 20
188.2521000000002
 10
257.80153333333345
 20
184.6523555555557
 10
259.92102222222235
 20
182.25205555555567
 10
263.84108888888903
 20
178.65231111111115
 10
267.1205111111112
 20
176.25201111111113
 10
259.1195111111111
 20
176.25201111111113
 97
0
 75
1
 76
1
 98
0
  0
LWPOLYLINE
  5
1E3
330
17
100
AcDbEntity
  8
PERIPHERY
370
25
420
0
100
AcDbPolyline
 90
2
 70
0
 43
1.9999677777777776
 10
269.12146666666666
 20
200.25218888888878
 10
257.12137777777775
 20
200.25218888888878
  0
LWPOLYLINE
  5
1E4
330
17
100
AcDbEntity
  8
PERIPHERY
370
25
420
0
100
AcDbPolyline
 90
2
 70
0
 43
1.9999677777777776
 10
263.1214222222222
 20
224.25095555555555
 10
251.12133333333333
 20
224.25095555555555
  0
LWPOLYLINE
  5
1E5
330
17
100
AcDbEntity
  8
PERIPHERY
370
25
420
0
100
AcDbPolyline
 90
2
 70
0
 43
1.9999677777777776
 10
260.1214
 20
248.25113333333337
 10
248.12131111111108
 20
248.25113333333337
  0
LWPOLYLINE
  5
1E6
330
17
100
AcDbEntity
  8
PERIPHERY
370
25
420
0
100
AcDbPolyline
 90
2
 70
0
 43
1.9999677777777776
 10
258.3208222222222
 20
272.25131111111114
 10
246.32073333333335
 20
272.25131111111114
  0
TEXT
  5
1E7
330
17
100
AcDbEntity
  8
LABELS
 62
250
100
AcDbText
 10
276.0196833333333
 20
195.33206777777778
 30
0.0
 40
16.93333333333333
  1
2
 11
276.0196833333333
 21
195.33206777777778
 31
0.0
100
AcDbText
  0
TEXT
  5
1E8
330
17
100
AcDbEntity
  8
LABELS
 62
250
100
AcDbText
 10
272.2796744444444
 20
219.3319633333333
 30
0.0
 40
16.93333333333333
  1
3
 11
272.2796744444444
 21
219.3319633333333
 31
0.0
100
AcDbText
  0
TEXT
  5
1E9
330
17
100
AcDbEntity
  8
LABELS
 62
250
100
AcDbText
 10
265.71603222222217
 20
243.33185888888883
 30
0.0
 40
16.93333333333333
  1
4
 11
265.71603222222217
 21
243.33185888888883
 31
0.0
100
AcDbText
  0
TEXT
  5
1EA
330
17
100
AcDbEntity
  8
LABELS
 62
250
100
AcDbText
 10
264.7976811111111
 20
267.3318955555555
 30
0.0
 40
16.93333333333333
  1
5
 11
264.7976811111111
 21
267.3318955555555
 31
0.0
100
AcDbText
  0
HATCH
  5
1EB
330
17
100
AcDbEntity
  8
PERIPHERY
 62
7
420
0
100
AcDbHatch
 10
0.0
 20
0.0
 30
0.0
210
0.0
220
0.0
230
1.0
  2
SOLID
 70
1
 71
0
 91
1
 92
3
 72
0
 73
1
 93
54
 10
103.11976666666665
 20
268.26068888888886
 10
105.52006666666665
 20
271.5401111111111
 10
109.11981111111109
 20
275.46158888888885
 10
111.52011111111108
 20
277.58107777777775
 10
115.11985555555553
 20
280.2593666666667
 10
117.52015555555552
 20
281.78054444444444
 10
121.11989999999997
 20
283.6982444444444
 10
123.52019999999996
 20
284.8200777777778
 10
127.1199444444444
 20
286.2594111111111
 10
129.5202444444444
 20
287.1004333333333
 10
133.11998888888886
 20
288.26036666666664
 10
139.12003333333328
 20
289.8591555555555
 10
145.1200777777777
 20
291.17995555555547
 10
151.12012222222216
 20
292.26086666666663
 10
157.1201666666666
 20
293.180911111111
 10
163.12021111111102
 20
293.9795999999999
 10
169.12025555555547
 20
294.6597555555555
 10
175.1202999999999
 20
295.2608888888888
 10
181.12034444444436
 20
295.7787666666666
 10
187.1203888888888
 20
296.25854444444434
 10
193.12043333333327
 20
296.7002222222221
 10
199.12047777777772
 20
297.0614666666665
 10
205.12052222222218
 20
297.41988888888875
 10
211.12056666666663
 20
297.70069999999987
 10
217.12061111111112
 20
297.981511111111
 10
223.12065555555557
 20
298.260911111111
 10
223.12065555555557
 20
299.58171111111096
 10
217.12061111111112
 20
299.3813333333332
 10
211.12056666666663
 20
299.17954444444433
 10
205.12052222222218
 20
298.9396555555554
 10
199.12047777777772
 20
298.6588444444443
 10
193.12043333333327
 20
298.3808555555554
 10
187.1203888888888
 20
298.019611111111
 10
181.12034444444436
 20
297.6583666666666
 10
175.12029999999993
 20
297.25902222222214
 10
169.12025555555547
 20
296.7792444444444
 10
163.12021111111105
 20
296.25854444444434
 10
157.12016666666662
 20
295.6602333333333
 10
151.12012222222216
 20
294.9405666666666
 10
145.12007777777774
 20
294.05862222222214
 10
139.1200333333333
 20
293.0581444444444
 10
133.11998888888886
 20
291.8177777777777
 10
129.52024444444442
 20
290.9386555555555
 10
127.11994444444443
 20
290.25849999999986
 10
123.52019999999997
 20
289.13948888888876
 10
121.11989999999999
 20
288.2603666666665
 10
117.52015555555553
 20
286.780111111111
 10
115.11985555555555
 20
285.5778444444444
 10
111.5201111111111
 20
283.4992777777777
 10
109.11981111111112
 20
281.85956666666664
 10
105.52006666666666
 20
278.8200333333333
 10
103.11976666666668
 20
276.26027777777773
 10
103.11976666666668
 20
268.26068888888886
 10
103.11976666666665
 20
268.26068888888886
 97
0
 75
1
 76
1
 98
0
  0
HATCH
  5
1EC
330
17
100
AcDbEntity
  8
PERIPHERY
 62
7
420
0
100
AcDbHatch
 10
0.0
 20
0.0
 30
0.0
210
0.0
220
0.0
230
1.0
  2
SOLID
 70
1
 71
0
 91
1
 92
3
 72
0
 73
1
 93
54
 10
103.11976666666665
 20
284.25986666666665
 10
105.52006666666665
 20
286.06185555555555
 10
109.11981111111109
 20
288.2617777777778
 10
111.52011111111108
 20
289.46122222222226
 10
115.11985555555553
 20
290.9414777777778
 10
117.52015555555552
 20
291.7825
 10
121.11989999999997
 20
292.82107777777776
 10
123.52019999999996
 20
293.4631333333333
 10
127.1199444444444
 20
294.2618222222222
 10
129.5202444444444
 20
294.7415999999999
 10
133.11998888888886
 20
295.3808333333332
 10
139.12003333333328
 20
296.2599555555554
 10
145.1200777777777
 20
296.9824444444443
 10
151.12012222222216
 20
297.5807555555554
 10
157.1201666666666
 20
298.10145555555545
 10
163.12021111111102
 20
298.5431333333332
 10
169.12025555555547
 20
298.94247777777764
 10
175.1202999999999
 20
299.26279999999986
 10
181.12034444444436
 20
299.543611111111
 10
187.1203888888888
 20
299.8215999999999
 10
193.12043333333327
 20
300.0614888888888
 10
199.12047777777772
 20
300.2632777777776
 10
205.12052222222218
 20
300.4622444444443
 10
211.12056666666663
 20
300.62169999999986
 10
217.12061111111112
 20
300.7811555555554
 10
223.12065555555557
 20
300.94343333333325
 10
223.12065555555557
 20
302.2628222222221
 10
217.12061111111112
 20
302.1809777777777
 10
211.12056666666663
 20
302.06244444444434
 10
205.12052222222218
 20
301.982011111111
 10
199.12047777777772
 20
301.8606555555554
 10
193.12043333333327
 20
301.74212222222206
 10
187.1203888888888
 20
301.5826666666665
 10
181.12034444444436
 20
301.42321111111096
 10
175.12029999999993
 20
301.2637555555554
 10
169.12025555555547
 20
301.06196666666654
 10
163.12021111111105
 20
300.8220777777776
 10
157.12016666666662
 20
300.5821888888887
 10
151.12012222222216
 20
300.26186666666655
 10
145.12007777777774
 20
299.9006222222221
 10
139.1200333333333
 20
299.4617666666666
 10
133.11998888888886
 20
298.9410666666666
 10
129.52024444444442
 20
298.5417222222221
 10
127.11994444444443
 20
298.260911111111
 10
123.52019999999997
 20
297.78113333333323
 10
121.11989999999999
 20
297.41988888888886
 10
117.52015555555553
 20
296.78065555555554
 10
115.11985555555555
 20
296.2599555555555
 10
111.5201111111111
 20
295.38083333333327
 10
109.11981111111112
 20
294.66116666666665
 10
105.52006666666666
 20
293.3403666666667
 10
103.11976666666668
 20
292.2594555555555
 10
103.11976666666668
 20
284.25986666666665
 10
103.11976666666665
 20
284.25986666666665
 97
0
 75
1
 76
1
 98
0
  0
HATCH
  5
1ED
330
17
100
AcDbEntity
  8
PERIPHERY
 62
7
420
0
100
AcDbHatch
 10
0.0
 20
0.0
 30
0.0
210
0.0
220
0.0
230
1.0
  2
SOLID
 70
1
 71
0
 91
1
 92
3
 72
0
 73
1
 93
54
 10
103.11976666666665
 20
300.2618666666666
 10
105.52006666666665
 20
300.62028888888887
 10
109.11981111111109
 20
301.06196666666665
 10
111.52011111111108
 20
301.30185555555556
 10
115.11985555555553
 20
301.5826666666667
 10
117.52015555555552
 20
301.7816333333334
 10
121.11989999999997
 20
301.9834222222222
 10
123.52019999999996
 20
302.10195555555555
 10
127.1199444444444
 20
302.2614111111111
 10
129.5202444444444
 20
302.3446666666667
 10
133.11998888888886
 20
302.50412222222224
 10
139.12003333333328
 20
302.6635777777778
 10
145.1200777777777
 20
302.8230333333334
 10
151.12012222222216
 20
302.9415666666667
 10
157.1201666666666
 20
303.02200000000005
 10
163.12021111111102
 20
303.1024333333334
 10
169.12025555555547
 20
303.18286666666677
 10
175.1202999999999
 20
303.26330000000013
 10
181.12034444444436
 20
303.30422222222234
 10
187.1203888888888
 20
303.3846555555557
 10
193.12043333333327
 20
303.4227555555557
 10
199.12047777777772
 20
303.4636777777779
 10
205.12052222222218
 20
303.5017777777779
 10
211.12056666666663
 20
303.5427000000001
 10
217.12061111111112
 20
303.58080000000007
 10
223.12065555555557
 20
303.5822111111112
 10
223.12065555555557
 20
304.9411111111111
 10
217.12061111111112
 20
304.9411111111111
 10
211.12056666666663
 20
304.9792111111111
 10
205.12052222222218
 20
305.0201333333333
 10
199.12047777777772
 20
305.0582333333333
 10
193.12043333333327
 20
305.0991555555555
 10
187.1203888888888
 20
305.1372555555555
 10
181.12034444444436
 20
305.21768888888886
 10
175.12029999999993
 20
305.25861111111107
 10
169.12025555555547
 20
305.3390444444444
 10
163.12021111111105
 20
305.4194777777778
 10
157.12016666666662
 20
305.49991111111115
 10
151.12012222222216
 20
305.5803444444445
 10
145.12007777777774
 20
305.7017000000001
 10
139.1200333333333
 20
305.8611555555556
 10
133.11998888888886
 20
306.0206111111112
 10
129.52024444444442
 20
306.18006666666673
 10
127.11994444444443
 20
306.2605000000001
 10
123.52019999999997
 20
306.41995555555565
 10
121.11989999999999
 20
306.538488888889
 10
117.52015555555553
 20
306.7783777777779
 10
115.11985555555555
 20
306.9406555555557
 10
111.5201111111111
 20
307.2186444444446
 10
109.11981111111112
 20
307.4585333333335
 10
105.52006666666666
 20
307.9002111111113
 10
103.11976666666668
 20
308.2586333333335
 10
103.11976666666668
 20
300.2618666666666
 10
103.11976666666665
 20
300.2618666666666
 97
0
 75
1
 76
1
 98
0
  0
HATCH
  5
1EE
330
17
100
AcDbEntity
  8
PERIPHERY
 62
7
420
0
100
AcDbHatch
 10
0.0
 20
0.0
 30
0.0
210
0.0
220
0.0
230
1.0
  2
SOLID
 70
1
 71
0
 91
1
 92
3
 72
0
 73
1
 93
54
 10
103.11976666666665
 20
316.2624555555555
 10
105.52006666666665
 20
315.1815444444444
 10
109.11981111111109
 20
313.8607444444444
 10
111.52011111111108
 20
313.14107777777775
 10
115.11985555555553
 20
312.2605444444444
 10
117.52015555555552
 20
311.78076666666664
 10
121.11989999999997
 20
311.10061111111105
 10
123.52019999999996
 20
310.7393666666666
 10
127.1199444444444
 20
310.2595888888889
 10
129.5202444444444
 20
309.9816
 10
133.11998888888886
 20
309.5794333333333
 10
139.12003333333328
 20
309.0615555555555
 10
145.1200777777777
 20
308.61987777777773
 10
151.12012222222216
 20
308.25863333333336
 10
157.1201666666666
 20
307.93831111111115
 10
163.12021111111102
 20
307.69842222222223
 10
169.12025555555547
 20
307.4585333333333
 10
175.1202999999999
 20
307.2595666666666
 10
181.12034444444436
 20
307.10011111111106
 10
187.1203888888888
 20
306.9406555555555
 10
193.12043333333327
 20
306.77837777777773
 10
199.12047777777772
 20
306.6598444444444
 10
205.12052222222218
 20
306.5384888888888
 10
211.12056666666663
 20
306.45805555555546
 10
217.12061111111112
 20
306.3395222222221
 10
223.12065555555557
 20
306.25908888888875
 10
223.12065555555557
 20
307.5798888888887
 10
217.12061111111112
 20
307.73934444444427
 10
211.12056666666663
 20
307.8987999999998
 10
205.12052222222218
 20
308.0582555555554
 10
199.12047777777772
 20
308.2572222222221
 10
193.12043333333327
 20
308.45901111111095
 10
187.1203888888888
 20
308.69889999999987
 10
181.12034444444436
 20
308.979711111111
 10
175.12029999999993
 20
309.2576999999999
 10
169.12025555555547
 20
309.57802222222205
 10
163.12021111111105
 20
309.9801888888888
 10
157.12016666666662
 20
310.4190444444443
 10
151.12012222222216
 20
310.93974444444433
 10
145.12007777777774
 20
311.54087777777767
 10
139.1200333333333
 20
312.2605444444443
 10
133.11998888888886
 20
313.1410777777777
 10
129.52024444444442
 20
313.78031111111096
 10
127.11994444444443
 20
314.26008888888873
 10
123.52019999999997
 20
315.0601888888887
 10
121.11989999999999
 20
315.70083333333315
 10
117.52015555555553
 20
316.78033333333315
 10
115.11985555555555
 20
317.5804333333332
 10
111.5201111111111
 20
319.0606888888887
 10
109.11981111111112
 20
320.26013333333316
 10
105.52006666666666
 20
322.4614666666665
 10
103.11976666666668
 20
324.26063333333315
 10
103.11976666666668
 20
316.2624555555555
 10
103.11976666666665
 20
316.2624555555555
 97
0
 75
1
 76
1
 98
0
  0
HATCH
  5
1EF
330
17
100
AcDbEntity
  8
PERIPHERY
 62
7
420
0
100
AcDbHatch
 10
0.0
 20
0.0
 30
0.0
210
0.0
220
0.0
230
1.0
  2
SOLID
 70
1
 71
0
 91
1
 92
3
 72
0
 73
1
 93
54
 10
103.11976666666665
 20
332.2616333333333
 10
105.52006666666665
 20
329.7018777777777
 10
109.11981111111109
 20
326.6623444444444
 10
111.52011111111108
 20
325.0226333333333
 10
115.11985555555553
 20
322.9412444444444
 10
117.52015555555552
 20
321.78272222222216
 10
121.11989999999997
 20
320.2615444444444
 10
123.52019999999996
 20
319.3824222222222
 10
127.1199444444444
 20
318.262
 10
129.5202444444444
 20
317.5832555555556
 10
133.11998888888886
 20
316.7027222222222
 10
139.12003333333328
 20
315.4623555555555
 10
145.1200777777777
 20
314.4632888888888
 10
151.12012222222216
 20
313.5827555555554
 10
157.1201666666666
 20
312.8630888888888
 10
163.12021111111102
 20
312.26195555555546
 10
169.12025555555547
 20
311.7412555555554
 10
175.1202999999999
 20
311.26147777777766
 10
181.12034444444436
 20
310.8621333333332
 10
187.1203888888888
 20
310.5008888888888
 10
193.12043333333327
 20
310.14246666666656
 10
199.12047777777772
 20
309.86165555555544
 10
205.12052222222218
 20
309.5808444444443
 10
211.12056666666663
 20
309.3409555555554
 10
217.12061111111112
 20
309.1419888888887
 10
223.12065555555557
 20
308.94161111111094
 10
223.12065555555557
 20
310.2624111111109
 10
217.12061111111112
 20
310.54181111111086
 10
211.12056666666663
 20
310.81979999999976
 10
205.12052222222218
 20
311.1006111111109
 10
199.12047777777772
 20
311.4618555555553
 10
193.12043333333327
 20
311.82027777777756
 10
187.1203888888888
 20
312.2619555555553
 10
181.12034444444436
 20
312.74173333333306
 10
175.12029999999993
 20
313.2624333333331
 10
169.12025555555547
 20
313.8621555555553
 10
163.12021111111105
 20
314.5423111111109
 10
157.12016666666662
 20
315.3409999999998
 10
151.12012222222216
 20
316.26104444444417
 10
145.12007777777774
 20
317.34195555555533
 10
139.1200333333333
 20
318.66134444444424
 10
133.11998888888886
 20
320.26154444444427
 10
129.52024444444442
 20
321.42147777777757
 10
127.11994444444443
 20
322.2624999999998
 10
123.52019999999997
 20
323.7032444444443
 10
121.11989999999999
 20
324.8236666666665
 10
117.52015555555553
 20
326.78369999999984
 10
115.11985555555555
 20
328.26395555555536
 10
111.5201111111111
 20
330.9436555555553
 10
109.11981111111112
 20
333.0631444444443
 10
105.52006666666666
 20
336.98321111111096
 10
103.11976666666668
 20
340.26263333333316
 10
103.11976666666668
 20
332.2616333333333
 10
103.11976666666665
 20
332.2616333333333
 97
0
 75
1
 76
1
 98
0
  0
LWPOLYLINE
  5
1F0
330
17
100
AcDbEntity
  8
PERIPHERY
370
25
420
0
100
AcDbPolyline
 90
2
 70
0
 43
1.9999677777777776
 10
127.11994444444443
 20
268.8505333333333
 10
127.11994444444443
 20
280.8506222222222
  0
LWPOLYLINE
  5
1F1
330
17
100
AcDbEntity
  8
PERIPHERY
370
25
420
0
100
AcDbPolyline
 90
2
 70
0
 43
1.9999677777777776
 10
151.12012222222222
 20
274.85057777777774
 10
151.12012222222222
 20
286.85066666666665
  0
LWPOLYLINE
  5
1F2
330
17
100
AcDbEntity
  8
PERIPHERY
370
25
420
0
100
AcDbPolyline
 90
2
 70
0
 43
1.9999677777777776
 10
175.1203
 20
277.8520111111111
 10
175.1203
 20
289.8521
  0
LWPOLYLINE
  5
1F3
330
17
100
AcDbEntity
  8
PERIPHERY
370
25
420
0
100
AcDbPolyline
 90
2
 70
0
 43
1.9999677777777776
 10
199.11906666666664
 20
279.6511777777778
 10
199.11906666666664
 20
291.6512666666667
  0
TEXT
  5
1F4
330
17
100
AcDbEntity
  8
LABELS
 62
250
100
AcDbText
 10
122.77626222222221
 20
253.39435111111104
 30
0.0
 40
16.93333333333333
  1
2
 11
122.77626222222221
 21
253.39435111111104
 31
0.0
100
AcDbText
  0
TEXT
  5
1F5
330
17
100
AcDbEntity
  8
LABELS
 62
250
100
AcDbText
 10
146.77615777777777
 20
259.1821644444445
 30
0.0
 40
16.93333333333333
  1
3
 11
146.77615777777777
 21
259.1821644444445
 31
0.0
100
AcDbText
  0
TEXT
  5
1F6
330
17
100
AcDbEntity
  8
LABELS
 62
250
100
AcDbText
 10
170.44754666666665
 20
262.6134222222222
 30
0.0
 40
16.93333333333333
  1
4
 11
170.44754666666665
 21
262.6134222222222
 31
0.0
100
AcDbText
  0
TEXT
  5
1F7
330
17
100
AcDbEntity
  8
LABELS
 62
250
100
AcDbText
 10
194.77609
 20
264.21051777777774
 30
0.0
 40
16.93333333333333
  1
5
 11
194.77609
 21
264.21051777777774
 31
0.0
100
AcDbText
  0
HATCH
  5
1F8
330
17
100
AcDbEntity
  8
PERIPHERY
 62
7
420
0
100
AcDbHatch
 10
0.0
 20
0.0
 30
0.0
210
0.0
220
0.0
230
1.0
  2
SOLID
 70
1
 71
0
 91
1
 92
3
 72
0
 73
1
 93
53
 10
1479.119611111111
 20
668.2528333333332
 10
1476.7193111111108
 20
671.5322555555555
 10
1473.1195666666665
 20
675.4537333333333
 10
1470.7192666666665
 20
677.5732222222222
 10
1467.119522222222
 20
680.251511111111
 10
1464.719222222222
 20
681.7726888888889
 10
1461.1194777777778
 20
683.6903888888888
 10
1458.7191777777778
 20
684.8122222222222
 10
1455.1194333333333
 20
686.2515555555556
 10
1452.7191333333333
 20
687.0925777777778
 10
1449.119388888889
 20
688.2525111111112
 10
1443.1193444444446
 20
689.8513
 10
1437.1193000000003
 20
691.1721
 10
1431.1192555555558
 20
692.253011111111
 10
1425.1192111111116
 20
693.1730555555555
 10
1419.119166666667
 20
693.9717444444444
 10
1413.1191222222228
 20
694.6519
 10
1407.1190777777783
 20
695.2530333333333
 10
1401.119033333334
 20
695.7709111111111
 10
1395.1189888888896
 20
696.2506888888888
 10
1389.1189444444453
 20
696.6923666666665
 10
1383.1189000000008
 20
697.0536111111111
 10
1377.1188555555564
 20
697.4120333333333
 10
1371.118811111112
 20
697.6928444444444
 10
1365.1187666666676
 20
697.9736555555555
 10
1359.1187222222234
 20
698.2530555555555
 10
1359.1187222222234
 20
699.5738555555555
 10
1365.1187666666676
 20
699.3734777777778
 10
1371.118811111112
 20
699.1716888888889
 10
1377.1188555555564
 20
698.9318
 10
1383.1189000000008
 20
698.6509888888888
 10
1389.1189444444453
 20
698.3729999999999
 10
1395.1189888888896
 20
698.0117555555555
 10
1401.119033333334
 20
697.6505111111111
 10
1407.1190777777783
 20
697.2511666666666
 10
1413.1191222222228
 20
696.7713888888889
 10
1419.119166666667
 20
696.2506888888889
 10
1425.1192111111116
 20
695.6523777777777
 10
1431.1192555555558
 20
694.9327111111111
 10
1437.1193000000003
 20
694.0507666666666
 10
1443.1193444444446
 20
693.0502888888889
 10
1449.119388888889
 20
691.8099222222222
 10
1452.7191333333333
 20
690.9308000000001
 10
1455.1194333333333
 20
690.2506444444444
 10
1458.7191777777778
 20
689.1316333333333
 10
1461.1194777777778
 20
688.2525111111112
 10
1464.719222222222
 20
686.7722555555556
 10
1467.119522222222
 20
685.5699888888889
 10
1470.7192666666665
 20
683.4914222222222
 10
1473.1195666666665
 20
681.8517111111111
 10
1476.7193111111108
 20
678.8121777777777
 10
1479.119611111111
 20
676.2524222222222
 10
1479.119611111111
 20
668.2528333333332
 97
0
 75
1
 76
1
 98
0
  0
HATCH
  5
1F9
330
17
100
AcDbEntity
  8
PERIPHERY
 62
7
420
0
100
AcDbHatch
 10
0.0
 20
0.0
 30
0.0
210
0.0
220
0.0
230
1.0
  2
SOLID
 70
1
 71
0
 91
1
 92
3
 72
0
 73
1
 93
53
 10
1479.119611111111
 20
684.2520111111111
 10
1476.7193111111108
 20
686.0539999999999
 10
1473.1195666666665
 20
688.2539222222222
 10
1470.7192666666665
 20
689.4533666666665
 10
1467.119522222222
 20
690.9336222222221
 10
1464.719222222222
 20
691.7746444444443
 10
1461.1194777777778
 20
692.8132222222221
 10
1458.7191777777778
 20
693.4552777777776
 10
1455.1194333333333
 20
694.2539666666665
 10
1452.7191333333333
 20
694.7337444444444
 10
1449.119388888889
 20
695.3729777777777
 10
1443.1193444444446
 20
696.2520999999999
 10
1437.1193000000003
 20
696.9745888888888
 10
1431.1192555555558
 20
697.5728999999999
 10
1425.1192111111116
 20
698.0935999999999
 10
1419.119166666667
 20
698.5352777777777
 10
1413.1191222222228
 20
698.9346222222222
 10
1407.1190777777783
 20
699.2549444444444
 10
1401.119033333334
 20
699.5357555555555
 10
1395.1189888888896
 20
699.8137444444444
 10
1389.1189444444453
 20
700.0536333333333
 10
1383.1189000000008
 20
700.2554222222221
 10
1377.1188555555564
 20
700.4543888888888
 10
1371.118811111112
 20
700.6138444444443
 10
1365.1187666666676
 20
700.7733
 10
1359.1187222222234
 20
700.9355777777777
 10
1359.1187222222234
 20
702.2549666666665
 10
1365.1187666666676
 20
702.1731222222221
 10
1371.118811111112
 20
702.0545888888888
 10
1377.1188555555564
 20
701.9741555555555
 10
1383.1189000000008
 20
701.8527999999999
 10
1389.1189444444453
 20
701.7342666666666
 10
1395.1189888888896
 20
701.574811111111
 10
1401.119033333334
 20
701.4153555555555
 10
1407.1190777777783
 20
701.2558999999999
 10
1413.1191222222228
 20
701.054111111111
 10
1419.119166666667
 20
700.8142222222222
 10
1425.1192111111116
 20
700.5743333333334
 10
1431.1192555555558
 20
700.254011111111
 10
1437.1193000000003
 20
699.8927666666666
 10
1443.1193444444446
 20
699.453911111111
 10
1449.119388888889
 20
698.9332111111111
 10
1452.7191333333333
 20
698.5338666666667
 10
1455.1194333333333
 20
698.2530555555554
 10
1458.7191777777778
 20
697.7732777777777
 10
1461.1194777777778
 20
697.4120333333333
 10
1464.719222222222
 20
696.7727999999998
 10
1467.119522222222
 20
696.2520999999999
 10
1470.7192666666665
 20
695.3729777777777
 10
1473.1195666666665
 20
694.6533111111111
 10
1476.7193111111108
 20
693.332511111111
 10
1479.119611111111
 20
692.2515999999999
 10
1479.119611111111
 20
684.2520111111111
 97
0
 75
1
 76
1
 98
0
  0
HATCH
  5
1FA
330
17
100
AcDbEntity
  8
PERIPHERY
 62
7
420
0
100
AcDbHatch
 10
0.0
 20
0.0
 30
0.0
210
0.0
220
0.0
230
1.0
  2
SOLID
 70
1
 71
0
 91
1
 92
3
 72
0
 73
1
 93
53
 10
1479.119611111111
 20
700.254011111111
 10
1476.7193111111108
 20
700.6124333333332
 10
1473.1195666666665
 20
701.054111111111
 10
1470.7192666666665
 20
701.2939999999999
 10
1467.119522222222
 20
701.574811111111
 10
1464.719222222222
 20
701.7737777777776
 10
1461.1194777777778
 20
701.9755666666665
 10
1458.7191777777778
 20
702.0940999999999
 10
1455.1194333333333
 20
702.2535555555554
 10
1452.7191333333333
 20
702.3368111111109
 10
1449.119388888889
 20
702.4962666666665
 10
1443.1193444444446
 20
702.655722222222
 10
1437.1193000000003
 20
702.8151777777776
 10
1431.1192555555558
 20
702.9337111111109
 10
1425.1192111111116
 20
703.0141444444444
 10
1419.119166666667
 20
703.0945777777777
 10
1413.1191222222228
 20
703.175011111111
 10
1407.1190777777783
 20
703.2554444444443
 10
1401.119033333334
 20
703.2963666666665
 10
1395.1189888888896
 20
703.3767999999998
 10
1389.1189444444453
 20
703.4148999999998
 10
1383.1189000000008
 20
703.455822222222
 10
1377.1188555555564
 20
703.493922222222
 10
1371.118811111112
 20
703.5348444444442
 10
1365.1187666666676
 20
703.5729444444441
 10
1359.1187222222234
 20
703.5743555555554
 10
1359.1187222222234
 20
704.9346666666663
 10
1365.1187666666676
 20
704.9346666666663
 10
1371.118811111112
 20
704.9727666666664
 10
1377.1188555555564
 20
705.0136888888886
 10
1383.1189000000008
 20
705.0517888888885
 10
1389.1189444444453
 20
705.0927111111108
 10
1395.1189888888896
 20
705.1308111111108
 10
1401.119033333334
 20
705.2112444444441
 10
1407.1190777777783
 20
705.2521666666663
 10
1413.1191222222228
 20
705.3325999999996
 10
1419.119166666667
 20
705.4130333333329
 10
1425.1192111111116
 20
705.4934666666663
 10
1431.1192555555558
 20
705.5738999999995
 10
1437.1193000000003
 20
705.6952555555551
 10
1443.1193444444446
 20
705.8547111111108
 10
1449.119388888889
 20
706.0141666666663
 10
1452.7191333333333
 20
706.1736222222219
 10
1455.1194333333333
 20
706.2540555555552
 10
1458.7191777777778
 20
706.4135111111107
 10
1461.1194777777778
 20
706.5320444444441
 10
1464.719222222222
 20
706.7719333333329
 10
1467.119522222222
 20
706.9342111111107
 10
1470.7192666666665
 20
707.2121999999996
 10
1473.1195666666665
 20
707.4520888888884
 10
1476.7193111111108
 20
707.8937666666661
 10
1479.119611111111
 20
708.2521888888884
 10
1479.119611111111
 20
700.254011111111
 97
0
 75
1
 76
1
 98
0
  0
HATCH
  5
1FB
330
17
100
AcDbEntity
  8
PERIPHERY
 62
7
420
0
100
AcDbHatch
 10
0.0
 20
0.0
 30
0.0
210
0.0
220
0.0
230
1.0
  2
SOLID
 70
1
 71
0
 91
1
 92
3
 72
0
 73
1
 93
53
 10
1479.119611111111
 20
716.2546
 10
1476.7193111111108
 20
715.1736888888888
 10
1473.1195666666665
 20
713.8528888888889
 10
1470.7192666666665
 20
713.1332222222221
 10
1467.119522222222
 20
712.2526888888888
 10
1464.719222222222
 20
711.7729111111111
 10
1461.1194777777778
 20
711.0927555555554
 10
1458.7191777777778
 20
710.7315111111111
 10
1455.1194333333333
 20
710.2517333333333
 10
1452.7191333333333
 20
709.9737444444444
 10
1449.119388888889
 20
709.5715777777777
 10
1443.1193444444446
 20
709.0537
 10
1437.1193000000003
 20
708.6120222222222
 10
1431.1192555555558
 20
708.2507777777778
 10
1425.1192111111116
 20
707.9304555555555
 10
1419.119166666667
 20
707.6905666666667
 10
1413.1191222222228
 20
707.4506777777779
 10
1407.1190777777783
 20
707.2517111111111
 10
1401.119033333334
 20
707.0922555555555
 10
1395.1189888888896
 20
706.9328
 10
1389.1189444444453
 20
706.7705222222222
 10
1383.1189000000008
 20
706.6519888888889
 10
1377.1188555555564
 20
706.5306333333333
 10
1371.118811111112
 20
706.4502
 10
1365.1187666666676
 20
706.3316666666667
 10
1359.1187222222234
 20
706.2512333333333
 10
1359.1187222222234
 20
707.5720333333334
 10
1365.1187666666676
 20
707.7314888888889
 10
1371.118811111112
 20
707.8909444444445
 10
1377.1188555555564
 20
708.0504
 10
1383.1189000000008
 20
708.2493666666667
 10
1389.1189444444453
 20
708.4511555555555
 10
1395.1189888888896
 20
708.6910444444444
 10
1401.119033333334
 20
708.9718555555555
 10
1407.1190777777783
 20
709.2498444444444
 10
1413.1191222222228
 20
709.5701666666666
 10
1419.119166666667
 20
709.9723333333334
 10
1425.1192111111116
 20
710.4111888888889
 10
1431.1192555555558
 20
710.9318888888889
 10
1437.1193000000003
 20
711.5330222222223
 10
1443.1193444444446
 20
712.2526888888889
 10
1449.119388888889
 20
713.1332222222221
 10
1452.7191333333333
 20
713.7724555555556
 10
1455.1194333333333
 20
714.2522333333333
 10
1458.7191777777778
 20
715.0523333333333
 10
1461.1194777777778
 20
715.6929777777779
 10
1464.719222222222
 20
716.7724777777778
 10
1467.119522222222
 20
717.5725777777778
 10
1470.7192666666665
 20
719.0528333333333
 10
1473.1195666666665
 20
720.2522777777779
 10
1476.7193111111108
 20
722.4536111111111
 10
1479.119611111111
 20
724.2527777777777
 10
1479.119611111111
 20
716.2546
 97
0
 75
1
 76
1
 98
0
  0
HATCH
  5
1FC
330
17
100
AcDbEntity
  8
PERIPHERY
 62
7
420
0
100
AcDbHatch
 10
0.0
 20
0.0
 30
0.0
210
0.0
220
0.0
230
1.0
  2
SOLID
 70
1
 71
0
 91
1
 92
3
 72
0
 73
1
 93
53
 10
1479.119611111111
 20
732.2551888888889
 10
1476.7193111111108
 20
729.6954333333332
 10
1473.1195666666665
 20
726.6558999999999
 10
1470.7192666666665
 20
725.0161888888888
 10
1467.119522222222
 20
722.9348
 10
1464.719222222222
 20
721.7762777777778
 10
1461.1194777777778
 20
720.2551
 10
1458.7191777777778
 20
719.3759777777777
 10
1455.1194333333333
 20
718.2555555555555
 10
1452.7191333333333
 20
717.576811111111
 10
1449.119388888889
 20
716.6962777777777
 10
1443.1193444444446
 20
715.455911111111
 10
1437.1193000000003
 20
714.4568444444444
 10
1431.1192555555558
 20
713.5763111111111
 10
1425.1192111111116
 20
712.8566444444444
 10
1419.119166666667
 20
712.2555111111111
 10
1413.1191222222228
 20
711.7348111111111
 10
1407.1190777777783
 20
711.2550333333334
 10
1401.119033333334
 20
710.855688888889
 10
1395.1189888888896
 20
710.4944444444444
 10
1389.1189444444453
 20
710.1360222222223
 10
1383.1189000000008
 20
709.8552111111111
 10
1377.1188555555564
 20
709.5744000000001
 10
1371.118811111112
 20
709.3345111111112
 10
1365.1187666666676
 20
709.1355444444445
 10
1359.1187222222234
 20
708.9351666666668
 10
1359.1187222222234
 20
710.2559666666667
 10
1365.1187666666676
 20
710.5353666666667
 10
1371.118811111112
 20
710.8133555555556
 10
1377.1188555555564
 20
711.0941666666668
 10
1383.1189000000008
 20
711.4554111111112
 10
1389.1189444444453
 20
711.8138333333334
 10
1395.1189888888896
 20
712.2555111111111
 10
1401.119033333334
 20
712.7352888888889
 10
1407.1190777777783
 20
713.255988888889
 10
1413.1191222222228
 20
713.8557111111111
 10
1419.119166666667
 20
714.5358666666667
 10
1425.1192111111116
 20
715.3345555555555
 10
1431.1192555555558
 20
716.2546000000001
 10
1437.1193000000003
 20
717.3355111111111
 10
1443.1193444444446
 20
718.6549
 10
1449.119388888889
 20
720.2551
 10
1452.7191333333333
 20
721.4150333333333
 10
1455.1194333333333
 20
722.2560555555556
 10
1458.7191777777778
 20
723.6967999999999
 10
1461.1194777777778
 20
724.8172222222223
 10
1464.719222222222
 20
726.7772555555556
 10
1467.119522222222
 20
728.2575111111112
 10
1470.7192666666665
 20
730.9372111111112
 10
1473.1195666666665
 20
733.0567
 10
1476.7193111111108
 20
736.9767666666667
 10
1479.119611111111
 20
740.256188888889
 10
1479.119611111111
 20
732.2551888888889
 97
0
 75
1
 76
1
 98
0
  0
LWPOLYLINE
  5
1FD
330
17
100
AcDbEntity
  8
PERIPHERY
370
25
420
0
100
AcDbPolyline
 90
2
 70
0
 43
1.9999677777777776
 10
1455.1208444444444
 20
742.2571444444444
 10
1455.1208444444444
 20
730.2570555555554
  0
LWPOLYLINE
  5
1FE
330
17
100
AcDbEntity
  8
PERIPHERY
370
25
420
0
100
AcDbPolyline
 90
2
 70
0
 43
1.9999677777777776
 10
1431.1206666666665
 20
736.2571
 10
1431.1206666666665
 20
724.2570111111111
  0
LWPOLYLINE
  5
1FF
330
17
100
AcDbEntity
  8
PERIPHERY
370
25
420
0
100
AcDbPolyline
 90
2
 70
0
 43
1.9999677777777776
 10
1407.1204888888888
 20
733.2556666666666
 10
1407.1204888888888
 20
721.2555777777777
  0
LWPOLYLINE
  5
200
330
17
100
AcDbEntity
  8
PERIPHERY
370
25
420
0
100
AcDbPolyline
 90
2
 70
0
 43
1.9999677777777776
 10
1383.120311111111
 20
731.4550888888889
 10
1383.120311111111
 20
719.4549999999999
  0
HATCH
  5
201
330
17
100
AcDbEntity
  8
PERIPHERY
 62
7
420
0
100
AcDbHatch
 10
0.0
 20
0.0
 30
0.0
210
0.0
220
0.0
230
1.0
  2
SOLID
 70
1
 71
0
 91
1
 92
3
 72
0
 73
1
 93
53
 10
1479.119611111111
 20
340.25839999999994
 10
1476.7193111111108
 20
336.9789777777777
 10
1473.1195666666665
 20
333.058911111111
 10
1470.7192666666665
 20
330.9394222222221
 10
1467.119522222222
 20
328.25972222222214
 10
1464.719222222222
 20
326.73995555555547
 10
1461.1194777777778
 20
324.82084444444433
 10
1458.7191777777778
 20
323.70042222222213
 10
1455.1194333333333
 20
322.25967777777765
 10
1452.7191333333333
 20
321.4200666666665
 10
1449.119388888889
 20
320.26013333333316
 10
1443.1193444444446
 20
318.65993333333313
 10
1437.1193000000003
 20
317.33913333333317
 10
1431.1192555555558
 20
316.25822222222206
 10
1425.1192111111116
 20
315.33958888888867
 10
1419.119166666667
 20
314.5394888888887
 10
1413.1191222222228
 20
313.86074444444426
 10
1407.1190777777783
 20
313.2596111111109
 10
1401.119033333334
 20
312.74032222222206
 10
1395.1189888888896
 20
312.2605444444443
 10
1389.1189444444453
 20
311.81886666666657
 10
1383.1189000000008
 20
311.4590333333332
 10
1377.1188555555564
 20
311.0991999999999
 10
1371.118811111112
 20
310.81979999999993
 10
1365.1187666666676
 20
310.5389888888888
 10
1359.1187222222234
 20
310.2581777777777
 10
1359.1187222222234
 20
308.93737777777767
 10
1365.1187666666676
 20
309.13916666666654
 10
1371.118811111112
 20
309.3409555555554
 10
1377.1188555555564
 20
309.5808444444443
 10
1383.1189000000008
 20
309.8602444444443
 10
1389.1189444444453
 20
310.13964444444423
 10
1395.1189888888896
 20
310.4994777777776
 10
1401.119033333334
 20
310.86072222222197
 10
1407.1190777777783
 20
311.26006666666643
 10
1413.1191222222228
 20
311.7398444444442
 10
1419.119166666667
 20
312.26054444444424
 10
1425.1192111111116
 20
312.86026666666646
 10
1431.1192555555558
 20
313.5799333333331
 10
1437.1193000000003
 20
314.4604666666665
 10
1443.1193444444446
 20
315.46094444444424
 10
1449.119388888889
 20
316.70131111111095
 10
1452.7191333333333
 20
317.5804333333332
 10
1455.1194333333333
 20
318.2605888888888
 10
1458.7191777777778
 20
319.37959999999987
 10
1461.1194777777778
 20
320.2601333333333
 10
1464.719222222222
 20
321.7403888888888
 10
1467.119522222222
 20
322.94124444444435
 10
1470.7192666666665
 20
325.0212222222221
 10
1473.1195666666665
 20
326.66093333333316
 10
1476.7193111111108
 20
329.7004666666665
 10
1479.119611111111
 20
332.26022222222207
 10
1479.119611111111
 20
340.25839999999994
 97
0
 75
1
 76
1
 98
0
  0
HATCH
  5
202
330
17
100
AcDbEntity
  8
PERIPHERY
 62
7
420
0
100
AcDbHatch
 10
0.0
 20
0.0
 30
0.0
210
0.0
220
0.0
230
1.0
  2
SOLID
 70
1
 71
0
 91
1
 92
3
 72
0
 73
1
 93
53
 10
1479.119611111111
 20
324.2606333333333
 10
1476.7193111111108
 20
322.4600555555555
 10
1473.1195666666665
 20
320.2601333333333
 10
1470.7192666666665
 20
319.0592777777777
 10
1467.119522222222
 20
317.5790222222222
 10
1464.719222222222
 20
316.739411111111
 10
1461.1194777777778
 20
315.6994222222221
 10
1458.7191777777778
 20
315.05877777777766
 10
1455.1194333333333
 20
314.2600888888888
 10
1452.7191333333333
 20
313.7803111111111
 10
1449.119388888889
 20
313.1396666666666
 10
1443.1193444444446
 20
312.2605444444444
 10
1437.1193000000003
 20
311.53946666666656
 10
1431.1192555555558
 20
310.93974444444433
 10
1425.1192111111116
 20
310.4190444444443
 10
1419.119166666667
 20
309.9787777777776
 10
1413.1191222222228
 20
309.57943333333316
 10
1407.1190777777783
 20
309.25911111111094
 10
1401.119033333334
 20
308.9782999999998
 10
1395.1189888888896
 20
308.69889999999987
 10
1389.1189444444453
 20
308.45901111111095
 10
1383.1189000000008
 20
308.2586333333332
 10
1377.1188555555564
 20
308.0582555555554
 10
1371.118811111112
 20
307.8987999999998
 10
1365.1187666666676
 20
307.73934444444427
 10
1359.1187222222234
 20
307.5770666666665
 10
1359.1187222222234
 20
306.2576777777776
 10
1365.1187666666676
 20
306.33952222222206
 10
1371.118811111112
 20
306.45946666666646
 10
1377.1188555555564
 20
306.5398999999998
 10
1383.1189000000008
 20
306.6598444444442
 10
1389.1189444444453
 20
306.7797888888887
 10
1395.1189888888896
 20
306.9392444444442
 10
1401.119033333334
 20
307.0986999999998
 10
1407.1190777777783
 20
307.25815555555533
 10
1413.1191222222228
 20
307.4585333333331
 10
1419.119166666667
 20
307.698422222222
 10
1425.1192111111116
 20
307.939722222222
 10
1431.1192555555558
 20
308.2600444444442
 10
1437.1193000000003
 20
308.6198777777775
 10
1443.1193444444446
 20
309.0601444444442
 10
1449.119388888889
 20
309.5808444444442
 10
1452.7191333333333
 20
309.9801888888887
 10
1455.1194333333333
 20
310.2595888888887
 10
1458.7191777777778
 20
310.7393666666664
 10
1461.1194777777778
 20
311.1006111111108
 10
1464.719222222222
 20
311.7398444444441
 10
1467.119522222222
 20
312.2605444444441
 10
1470.7192666666665
 20
313.13966666666636
 10
1473.1195666666665
 20
313.86074444444415
 10
1476.7193111111108
 20
315.18013333333306
 10
1479.119611111111
 20
316.26104444444417
 10
1479.119611111111
 20
324.2606333333333
 97
0
 75
1
 76
1
 98
0
  0
HATCH
  5
203
330
17
100
AcDbEntity
  8
PERIPHERY
 62
7
420
0
100
AcDbHatch
 10
0.0
 20
0.0
 30
0.0
210
0.0
220
0.0
230
1.0
  2
SOLID
 70
1
 71
0
 91
1
 92
3
 72
0
 73
1
 93
53
 10
1479.119611111111
 20
308.2600444444444
 10
1476.7193111111108
 20
307.9002111111111
 10
1473.1195666666665
 20
307.4585333333333
 10
1470.7192666666665
 20
307.2186444444444
 10
1467.119522222222
 20
306.93924444444445
 10
1464.719222222222
 20
306.7388666666667
 10
1461.1194777777778
 20
306.5384888888889
 10
1458.7191777777778
 20
306.4185444444445
 10
1455.1194333333333
 20
306.2590888888889
 10
1452.7191333333333
 20
306.1772444444445
 10
1449.119388888889
 20
306.01778888888896
 10
1443.1193444444446
 20
305.8583333333334
 10
1437.1193000000003
 20
305.69887777777785
 10
1431.1192555555558
 20
305.5789333333334
 10
1425.1192111111116
 20
305.49850000000004
 10
1419.119166666667
 20
305.4180666666667
 10
1413.1191222222228
 20
305.3376333333334
 10
1407.1190777777783
 20
305.2572
 10
1401.119033333334
 20
305.21768888888886
 10
1395.1189888888896
 20
305.1372555555555
 10
1389.1189444444453
 20
305.09774444444434
 10
1383.1189000000008
 20
305.0582333333332
 10
1377.1188555555564
 20
305.0187222222221
 10
1371.118811111112
 20
304.97921111111094
 10
1365.1187666666676
 20
304.9396999999998
 10
1359.1187222222234
 20
304.93828888888874
 10
1359.1187222222234
 20
303.5779777777776
 10
1365.1187666666676
 20
303.5793888888887
 10
1371.118811111112
 20
303.5398777777776
 10
1377.1188555555564
 20
303.5003666666664
 10
1383.1189000000008
 20
303.46085555555527
 10
1389.1189444444453
 20
303.4213444444441
 10
1395.1189888888896
 20
303.38183333333296
 10
1401.119033333334
 20
303.30139999999966
 10
1407.1190777777783
 20
303.2618888888885
 10
1413.1191222222228
 20
303.18004444444404
 10
1419.119166666667
 20
303.09961111111073
 10
1425.1192111111116
 20
303.0191777777774
 10
1431.1192555555558
 20
302.938744444444
 10
1437.1193000000003
 20
302.81879999999956
 10
1443.1193444444446
 20
302.659344444444
 10
1449.119388888889
 20
302.49988888888845
 10
1452.7191333333333
 20
302.3404333333329
 10
1455.1194333333333
 20
302.25999999999954
 10
1458.7191777777778
 20
302.100544444444
 10
1461.1194777777778
 20
301.9805999999996
 10
1464.719222222222
 20
301.74071111111067
 10
1467.119522222222
 20
301.57984444444406
 10
1470.7192666666665
 20
301.30044444444405
 10
1473.1195666666665
 20
301.06055555555514
 10
1476.7193111111108
 20
300.62028888888847
 10
1479.119611111111
 20
300.26045555555515
 10
1479.119611111111
 20
308.2600444444444
 97
0
 75
1
 76
1
 98
0
  0
HATCH
  5
204
330
17
100
AcDbEntity
  8
PERIPHERY
 62
7
420
0
100
AcDbHatch
 10
0.0
 20
0.0
 30
0.0
210
0.0
220
0.0
230
1.0
  2
SOLID
 70
1
 71
0
 91
1
 92
3
 72
0
 73
1
 93
53
 10
1479.119611111111
 20
292.25804444444447
 10
1476.7193111111108
 20
293.3389555555556
 10
1473.1195666666665
 20
294.65975555555553
 10
1470.7192666666665
 20
295.3794222222222
 10
1467.119522222222
 20
296.2613666666667
 10
1464.719222222222
 20
296.7411444444444
 10
1461.1194777777778
 20
297.4213
 10
1458.7191777777778
 20
297.78113333333334
 10
1455.1194333333333
 20
298.26091111111106
 10
1452.7191333333333
 20
298.540311111111
 10
1449.119388888889
 20
298.9410666666666
 10
1443.1193444444446
 20
299.46035555555545
 10
1437.1193000000003
 20
299.9006222222221
 10
1431.1192555555558
 20
300.26186666666655
 10
1425.1192111111116
 20
300.5821888888887
 10
1419.119166666667
 20
300.8220777777776
 10
1413.1191222222228
 20
301.06196666666654
 10
1407.1190777777783
 20
301.26234444444435
 10
1401.119033333334
 20
301.4217999999999
 10
1395.1189888888896
 20
301.58125555555546
 10
1389.1189444444453
 20
301.74212222222206
 10
1383.1189000000008
 20
301.86206666666646
 10
1377.1188555555564
 20
301.9820111111109
 10
1371.118811111112
 20
302.0624444444443
 10
1365.1187666666676
 20
302.1823888888887
 10
1359.1187222222234
 20
302.2614111111109
 10
1359.1187222222234
 20
300.9406111111109
 10
1365.1187666666676
 20
300.7825666666664
 10
1371.118811111112
 20
300.62311111111086
 10
1377.1188555555564
 20
300.4636555555553
 10
1383.1189000000008
 20
300.26327777777755
 10
1389.1189444444453
 20
300.0614888888887
 10
1395.1189888888896
 20
299.82159999999976
 10
1401.119033333334
 20
299.5421999999998
 10
1407.1190777777783
 20
299.26279999999986
 10
1413.1191222222228
 20
298.94247777777764
 10
1419.119166666667
 20
298.5417222222221
 10
1425.1192111111116
 20
298.10145555555545
 10
1431.1192555555558
 20
297.5821666666665
 10
1437.1193000000003
 20
296.98103333333324
 10
1443.1193444444446
 20
296.26136666666656
 10
1449.119388888889
 20
295.37942222222216
 10
1452.7191333333333
 20
294.74018888888884
 10
1455.1194333333333
 20
294.26041111111107
 10
1458.7191777777778
 20
293.4603111111111
 10
1461.1194777777778
 20
292.81966666666665
 10
1464.719222222222
 20
291.74016666666665
 10
1467.119522222222
 20
290.9400666666666
 10
1470.7192666666665
 20
289.4598111111111
 10
1473.1195666666665
 20
288.26036666666664
 10
1476.7193111111108
 20
286.0590333333333
 10
1479.119611111111
 20
284.25986666666665
 10
1479.119611111111
 20
292.25804444444447
 97
0
 75
1
 76
1
 98
0
  0
HATCH
  5
205
330
17
100
AcDbEntity
  8
PERIPHERY
 62
7
420
0
100
AcDbHatch
 10
0.0
 20
0.0
 30
0.0
210
0.0
220
0.0
230
1.0
  2
SOLID
 70
1
 71
0
 91
1
 92
3
 72
0
 73
1
 93
53
 10
1479.119611111111
 20
276.25745555555557
 10
1476.7193111111108
 20
278.81721111111113
 10
1473.1195666666665
 20
281.8567444444445
 10
1470.7192666666665
 20
283.49645555555554
 10
1467.119522222222
 20
285.57784444444445
 10
1464.719222222222
 20
286.73636666666675
 10
1461.1194777777778
 20
288.2575444444445
 10
1458.7191777777778
 20
289.1366666666667
 10
1455.1194333333333
 20
290.25708888888886
 10
1452.7191333333333
 20
290.93583333333333
 10
1449.119388888889
 20
291.8163666666667
 10
1443.1193444444446
 20
293.0567333333334
 10
1437.1193000000003
 20
294.0558000000001
 10
1431.1192555555558
 20
294.93633333333344
 10
1425.1192111111116
 20
295.6560000000001
 10
1419.119166666667
 20
296.25854444444457
 10
1413.1191222222228
 20
296.7778333333335
 10
1407.1190777777783
 20
297.2576111111112
 10
1401.119033333334
 20
297.6583666666667
 10
1395.1189888888896
 20
298.0182000000001
 10
1389.1189444444453
 20
298.3780333333334
 10
1383.1189000000008
 20
298.65743333333336
 10
1377.1188555555564
 20
298.9382444444445
 10
1371.118811111112
 20
299.1781333333334
 10
1365.1187666666676
 20
299.3785111111112
 10
1359.1187222222234
 20
299.57747777777786
 10
1359.1187222222234
 20
298.2566777777779
 10
1365.1187666666676
 20
297.978688888889
 10
1371.118811111112
 20
297.69928888888904
 10
1377.1188555555564
 20
297.4198888888891
 10
1383.1189000000008
 20
297.05864444444467
 10
1389.1189444444453
 20
296.69881111111135
 10
1395.1189888888896
 20
296.2585444444447
 10
1401.119033333334
 20
295.7787666666669
 10
1407.1190777777783
 20
295.2566555555558
 10
1413.1191222222228
 20
294.65693333333354
 10
1419.119166666667
 20
293.97677777777795
 10
1425.1192111111116
 20
293.17808888888914
 10
1431.1192555555558
 20
292.2580444444447
 10
1437.1193000000003
 20
291.17713333333353
 10
1443.1193444444446
 20
289.8577444444447
 10
1449.119388888889
 20
288.25754444444465
 10
1452.7191333333333
 20
287.0976111111113
 10
1455.1194333333333
 20
286.2565888888891
 10
1458.7191777777778
 20
284.8158444444446
 10
1461.1194777777778
 20
283.6954222222224
 10
1464.719222222222
 20
281.7353888888891
 10
1467.119522222222
 20
280.25513333333356
 10
1470.7192666666665
 20
277.57543333333354
 10
1473.1195666666665
 20
275.45594444444464
 10
1476.7193111111108
 20
271.53587777777796
 10
1479.119611111111
 20
268.2564555555557
 10
1479.119611111111
 20
276.25745555555557
 97
0
 75
1
 76
1
 98
0
  0
LWPOLYLINE
  5
206
330
17
100
AcDbEntity
  8
PERIPHERY
370
25
420
0
100
AcDbPolyline
 90
2
 70
0
 43
1.9999677777777776
 10
1455.1208444444444
 20
278.25699999999995
 10
1455.1208444444444
 20
266.25691111111104
  0
LWPOLYLINE
  5
207
330
17
100
AcDbEntity
  8
PERIPHERY
370
25
420
0
100
AcDbPolyline
 90
2
 70
0
 43
1.9999677777777776
 10
1431.1206666666665
 20
284.25704444444443
 10
1431.1206666666665
 20
272.2569555555555
  0
LWPOLYLINE
  5
208
330
17
100
AcDbEntity
  8
PERIPHERY
370
25
420
0
100
AcDbPolyline
 90
2
 70
0
 43
1.9999677777777776
 10
1407.1204888888888
 20
287.2570666666666
 10
1407.1204888888888
 20
275.2569777777777
  0
LWPOLYLINE
  5
209
330
17
100
AcDbEntity
  8
PERIPHERY
370
25
420
0
100
AcDbPolyline
 90
2
 70
0
 43
1.9999677777777776
 10
1383.120311111111
 20
289.0576444444444
 10
1383.120311111111
 20
277.0575555555555
  0
HATCH
  5
20A
330
17
100
AcDbEntity
  8
PERIPHERY
 62
7
420
0
100
AcDbHatch
 10
0.0
 20
0.0
 30
0.0
210
0.0
220
0.0
230
1.0
  2
SOLID
 70
1
 71
0
 91
1
 92
3
 72
0
 73
1
 93
53
 10
1387.1363333333331
 20
176.25201111111113
 10
1383.856911111111
 20
178.65231111111115
 10
1379.9354333333333
 20
182.25205555555567
 10
1377.8159444444445
 20
184.6523555555557
 10
1375.1376555555555
 20
188.2521000000002
 10
1373.6164777777778
 20
190.65240000000023
 10
1371.6987777777777
 20
194.25214444444472
 10
1370.5769444444445
 20
196.65244444444477
 10
1369.137611111111
 20
200.25218888888926
 10
1368.296588888889
 20
202.6524888888893
 10
1367.1366555555555
 20
206.2522333333338
 10
1365.5378666666666
 20
212.25227777777818
 10
1364.2170666666666
 20
218.25232222222257
 10
1363.1361555555554
 20
224.25236666666694
 10
1362.216111111111
 20
230.25241111111131
 10
1361.417422222222
 20
236.25245555555568
 10
1360.7372666666665
 20
242.25250000000008
 10
1360.1361333333332
 20
248.25254444444445
 10
1359.6182555555554
 20
254.25258888888882
 10
1359.1384777777776
 20
260.2526333333332
 10
1358.6968
 20
266.25267777777765
 10
1358.3355555555554
 20
272.25272222222213
 10
1357.9771333333333
 20
278.25276666666656
 10
1357.696322222222
 20
284.25281111111104
 10
1357.415511111111
 20
290.25285555555547
 10
1357.1347
 20
296.25289999999995
 10
1355.8139
 20
296.25289999999995
 10
1356.015688888889
 20
290.25285555555547
 10
1356.217477777778
 20
284.25281111111104
 10
1356.4573666666668
 20
278.25276666666656
 10
1356.7381777777778
 20
272.25272222222213
 10
1357.0161666666665
 20
266.25267777777765
 10
1357.377411111111
 20
260.2526333333332
 10
1357.7386555555554
 20
254.25258888888882
 10
1358.138
 20
248.25254444444445
 10
1358.6177777777777
 20
242.25250000000008
 10
1359.1384777777778
 20
236.25245555555568
 10
1359.736788888889
 20
230.25241111111131
 10
1360.4564555555555
 20
224.25236666666694
 10
1361.3383999999999
 20
218.25232222222257
 10
1362.3388777777777
 20
212.25227777777818
 10
1363.5792444444444
 20
206.2522333333338
 10
1364.4583666666667
 20
202.6524888888893
 10
1365.1385222222223
 20
200.25218888888926
 10
1366.2575333333332
 20
196.65244444444477
 10
1367.1366555555555
 20
194.25214444444472
 10
1368.616911111111
 20
190.65240000000023
 10
1369.8191777777777
 20
188.2521000000002
 10
1371.8977444444442
 20
184.6523555555557
 10
1373.5374555555554
 20
182.25205555555567
 10
1376.5769888888888
 20
178.65231111111115
 10
1379.1367444444443
 20
176.25201111111113
 10
1387.1363333333331
 20
176.25201111111113
 97
0
 75
1
 76
1
 98
0
  0
HATCH
  5
20B
330
17
100
AcDbEntity
  8
PERIPHERY
 62
7
420
0
100
AcDbHatch
 10
0.0
 20
0.0
 30
0.0
210
0.0
220
0.0
230
1.0
  2
SOLID
 70
1
 71
0
 91
1
 92
3
 72
0
 73
1
 93
53
 10
1371.1371555555554
 20
176.25201111111113
 10
1369.3351666666665
 20
178.65231111111115
 10
1367.1352444444444
 20
182.25205555555567
 10
1365.9358
 20
184.6523555555557
 10
1364.4555444444443
 20
188.2521000000002
 10
1363.6145222222221
 20
190.65240000000023
 10
1362.5759444444443
 20
194.25214444444472
 10
1361.9338888888888
 20
196.65244444444477
 10
1361.1351999999997
 20
200.25218888888926
 10
1360.655422222222
 20
202.6524888888893
 10
1360.0161888888888
 20
206.2522333333338
 10
1359.1370666666664
 20
212.25227777777818
 10
1358.4145777777776
 20
218.25232222222257
 10
1357.8162666666665
 20
224.25236666666694
 10
1357.2955666666664
 20
230.25241111111131
 10
1356.8538888888886
 20
236.25245555555568
 10
1356.4545444444443
 20
242.25250000000008
 10
1356.134222222222
 20
248.25254444444445
 10
1355.853411111111
 20
254.25258888888882
 10
1355.5754222222222
 20
260.2526333333332
 10
1355.3355333333334
 20
266.25267777777765
 10
1355.1337444444443
 20
272.25272222222213
 10
1354.9347777777778
 20
278.25276666666656
 10
1354.775322222222
 20
284.25281111111104
 10
1354.6158666666665
 20
290.25285555555547
 10
1354.4535888888886
 20
296.25289999999995
 10
1353.1327888888886
 20
296.25289999999995
 10
1353.2160444444442
 20
290.25285555555547
 10
1353.3345777777774
 20
284.25281111111104
 10
1353.4150111111107
 20
278.25276666666656
 10
1353.5363666666663
 20
272.25272222222213
 10
1353.6548999999995
 20
266.25267777777765
 10
1353.8143555555553
 20
260.2526333333332
 10
1353.9738111111108
 20
254.25258888888882
 10
1354.1332666666665
 20
248.25254444444445
 10
1354.3350555555553
 20
242.25250000000008
 10
1354.5749444444443
 20
236.25245555555568
 10
1354.8148333333331
 20
230.25241111111131
 10
1355.1351555555552
 20
224.25236666666694
 10
1355.4963999999998
 20
218.25232222222257
 10
1355.9352555555554
 20
212.25227777777818
 10
1356.4559555555554
 20
206.2522333333338
 10
1356.8552999999997
 20
202.6524888888893
 10
1357.1361111111107
 20
200.25218888888926
 10
1357.6158888888885
 20
196.65244444444477
 10
1357.977133333333
 20
194.25214444444472
 10
1358.6163666666664
 20
190.65240000000023
 10
1359.1370666666664
 20
188.2521000000002
 10
1360.0161888888888
 20
184.6523555555557
 10
1360.7358555555554
 20
182.25205555555567
 10
1362.0566555555554
 20
178.65231111111115
 10
1363.1375666666665
 20
176.25201111111113
 10
1371.1371555555554
 20
176.25201111111113
 97
0
 75
1
 76
1
 98
0
  0
HATCH
  5
20C
330
17
100
AcDbEntity
  8
PERIPHERY
 62
7
420
0
100
AcDbHatch
 10
0.0
 20
0.0
 30
0.0
210
0.0
220
0.0
230
1.0
  2
SOLID
 70
1
 71
0
 91
1
 92
3
 72
0
 73
1
 93
53
 10
1355.1351555555555
 20
176.25201111111113
 10
1354.7767333333331
 20
178.65231111111115
 10
1354.3350555555553
 20
182.25205555555567
 10
1354.0951666666665
 20
184.6523555555557
 10
1353.8143555555555
 20
188.2521000000002
 10
1353.615388888889
 20
190.65240000000023
 10
1353.4136
 20
194.25214444444472
 10
1353.2950666666668
 20
196.65244444444477
 10
1353.135611111111
 20
200.25218888888926
 10
1353.0523555555556
 20
202.6524888888893
 10
1352.8929
 20
206.2522333333338
 10
1352.7334444444443
 20
212.25227777777818
 10
1352.5739888888886
 20
218.25232222222257
 10
1352.4554555555553
 20
224.25236666666694
 10
1352.375022222222
 20
230.25241111111131
 10
1352.2945888888887
 20
236.25245555555568
 10
1352.2141555555554
 20
242.25250000000008
 10
1352.133722222222
 20
248.25254444444445
 10
1352.0927999999997
 20
254.25258888888882
 10
1352.0123666666664
 20
260.2526333333332
 10
1351.9742666666664
 20
266.25267777777765
 10
1351.9333444444442
 20
272.25272222222213
 10
1351.8952444444442
 20
278.25276666666656
 10
1351.8543222222218
 20
284.25281111111104
 10
1351.8162222222218
 20
290.25285555555547
 10
1351.8133999999995
 20
296.25289999999995
 10
1350.4544999999996
 20
296.25289999999995
 10
1350.4544999999996
 20
290.25285555555547
 10
1350.4163999999996
 20
284.25281111111104
 10
1350.3754777777774
 20
278.25276666666656
 10
1350.3373777777774
 20
272.25272222222213
 10
1350.2964555555552
 20
266.25267777777765
 10
1350.258355555555
 20
260.2526333333332
 10
1350.1779222222217
 20
254.25258888888882
 10
1350.1369999999995
 20
248.25254444444445
 10
1350.0565666666662
 20
242.25250000000008
 10
1349.9761333333329
 20
236.25245555555568
 10
1349.8956999999994
 20
230.25241111111131
 10
1349.815266666666
 20
224.25236666666694
 10
1349.6939111111105
 20
218.25232222222257
 10
1349.5344555555548
 20
212.25227777777818
 10
1349.3749999999993
 20
206.2522333333338
 10
1349.2155444444436
 20
202.6524888888893
 10
1349.1351111111103
 20
200.25218888888926
 10
1348.9756555555546
 20
196.65244444444477
 10
1348.8571222222213
 20
194.25214444444472
 10
1348.6172333333325
 20
190.65240000000023
 10
1348.4549555555548
 20
188.2521000000002
 10
1348.1769666666657
 20
184.6523555555557
 10
1347.937077777777
 20
182.25205555555567
 10
1347.4953999999993
 20
178.65231111111115
 10
1347.136977777777
 20
176.25201111111113
 10
1355.1351555555555
 20
176.25201111111113
 97
0
 75
1
 76
1
 98
0
  0
HATCH
  5
20D
330
17
100
AcDbEntity
  8
PERIPHERY
 62
7
420
0
100
AcDbHatch
 10
0.0
 20
0.0
 30
0.0
210
0.0
220
0.0
230
1.0
  2
SOLID
 70
1
 71
0
 91
1
 92
3
 72
0
 73
1
 93
53
 10
1339.1331555555553
 20
176.25201111111113
 10
1340.2140666666664
 20
178.65231111111115
 10
1341.5348666666664
 20
182.25205555555567
 10
1342.254533333333
 20
184.6523555555557
 10
1343.1364777777776
 20
188.2521000000002
 10
1343.6162555555554
 20
190.65240000000023
 10
1344.296411111111
 20
194.25214444444472
 10
1344.6576555555553
 20
196.65244444444477
 10
1345.137433333333
 20
200.25218888888926
 10
1345.415422222222
 20
202.6524888888893
 10
1345.8175888888886
 20
206.2522333333338
 10
1346.3354666666664
 20
212.25227777777818
 10
1346.777144444444
 20
218.25232222222257
 10
1347.1383888888886
 20
224.25236666666694
 10
1347.4587111111107
 20
230.25241111111131
 10
1347.6985999999995
 20
236.25245555555568
 10
1347.9384888888885
 20
242.25250000000008
 10
1348.137455555555
 20
248.25254444444445
 10
1348.2969111111106
 20
254.25258888888882
 10
1348.4563666666663
 20
260.2526333333332
 10
1348.618644444444
 20
266.25267777777765
 10
1348.7371777777773
 20
272.25272222222213
 10
1348.8585333333328
 20
278.25276666666656
 10
1348.9389666666664
 20
284.25281111111104
 10
1349.0574999999994
 20
290.25285555555547
 10
1349.137933333333
 20
296.25289999999995
 10
1347.8171333333328
 20
296.25289999999995
 10
1347.6576777777773
 20
290.25285555555547
 10
1347.4982222222216
 20
284.25281111111104
 10
1347.3387666666658
 20
278.25276666666656
 10
1347.1397999999992
 20
272.25272222222213
 10
1346.9380111111104
 20
266.25267777777765
 10
1346.6981222222216
 20
260.2526333333332
 10
1346.4173111111104
 20
254.25258888888882
 10
1346.1393222222216
 20
248.25254444444445
 10
1345.8189999999995
 20
242.25250000000008
 10
1345.4168333333328
 20
236.25245555555568
 10
1344.9779777777771
 20
230.25241111111131
 10
1344.457277777777
 20
224.25236666666694
 10
1343.8561444444438
 20
218.25232222222257
 10
1343.1364777777771
 20
212.25227777777818
 10
1342.2545333333326
 20
206.2522333333338
 10
1341.6152999999993
 20
202.6524888888893
 10
1341.1355222222217
 20
200.25218888888926
 10
1340.3368333333326
 20
196.65244444444477
 10
1339.694777777777
 20
194.25214444444472
 10
1338.6166888888881
 20
190.65240000000023
 10
1337.815177777777
 20
188.2521000000002
 10
1336.3349222222214
 20
184.6523555555557
 10
1335.135477777777
 20
182.25205555555567
 10
1332.9355555555549
 20
178.65231111111115
 10
1331.1363888888882
 20
176.25201111111113
 10
1339.1331555555553
 20
176.25201111111113
 97
0
 75
1
 76
1
 98
0
  0
HATCH
  5
20E
330
17
100
AcDbEntity
  8
PERIPHERY
 62
7
420
0
100
AcDbHatch
 10
0.0
 20
0.0
 30
0.0
210
0.0
220
0.0
230
1.0
  2
SOLID
 70
1
 71
0
 91
1
 92
3
 72
0
 73
1
 93
53
 10
1323.1339777777775
 20
176.25201111111113
 10
1325.693733333333
 20
178.65231111111115
 10
1328.7332666666664
 20
182.25205555555567
 10
1330.3729777777776
 20
184.6523555555557
 10
1332.4543666666666
 20
188.2521000000002
 10
1333.6114777777777
 20
190.65240000000023
 10
1335.1326555555554
 20
194.25214444444472
 10
1336.0117777777778
 20
196.65244444444477
 10
1337.1336111111111
 20
200.25218888888926
 10
1337.8109444444444
 20
202.6524888888893
 10
1338.6928888888888
 20
206.2522333333338
 10
1339.9332555555557
 20
212.25227777777818
 10
1340.930911111111
 20
218.25232222222257
 10
1341.8128555555556
 20
224.25236666666694
 10
1342.5325222222223
 20
230.25241111111131
 10
1343.1336555555556
 20
236.25245555555568
 10
1343.6543555555556
 20
242.25250000000008
 10
1344.1341333333335
 20
248.25254444444445
 10
1344.533477777778
 20
254.25258888888882
 10
1344.8947222222223
 20
260.2526333333332
 10
1345.2531444444446
 20
266.25267777777765
 10
1345.5339555555556
 20
272.25272222222213
 10
1345.8147666666666
 20
278.25276666666656
 10
1346.0546555555554
 20
284.25281111111104
 10
1346.253622222222
 20
290.25285555555547
 10
1346.4525888888888
 20
296.25289999999995
 10
1345.1317888888887
 20
296.25289999999995
 10
1344.8537999999999
 20
290.25285555555547
 10
1344.5758111111109
 20
284.25281111111104
 10
1344.2949999999998
 20
278.25276666666656
 10
1343.9337555555555
 20
272.25272222222213
 10
1343.5753333333332
 20
266.25267777777765
 10
1343.1336555555554
 20
260.2526333333332
 10
1342.6538777777776
 20
254.25258888888882
 10
1342.1331777777775
 20
248.25254444444445
 10
1341.5320444444442
 20
242.25250000000008
 10
1340.8518888888887
 20
236.25245555555568
 10
1340.0531999999998
 20
230.25241111111131
 10
1339.1331555555553
 20
224.25236666666694
 10
1338.052244444444
 20
218.25232222222257
 10
1336.7342666666664
 20
212.25227777777818
 10
1335.1326555555554
 20
206.2522333333338
 10
1333.972722222222
 20
202.6524888888893
 10
1333.1316999999997
 20
200.25218888888926
 10
1331.6923666666664
 20
196.65244444444477
 10
1330.5705333333333
 20
194.25214444444472
 10
1328.6104999999998
 20
190.65240000000023
 10
1327.1302444444443
 20
188.2521000000002
 10
1324.4519555555553
 20
184.6523555555557
 10
1322.3324666666665
 20
182.25205555555567
 10
1318.4109888888888
 20
178.65231111111115
 10
1315.1315666666667
 20
176.25201111111113
 10
1323.1339777777775
 20
176.25201111111113
 97
0
 75
1
 76
1
 98
0
  0
LWPOLYLINE
  5
20F
330
17
100
AcDbEntity
  8
PERIPHERY
370
25
420
0
100
AcDbPolyline
 90
2
 70
0
 43
1.9999677777777776
 10
1325.132111111111
 20
200.25218888888878
 10
1313.132022222222
 20
200.25218888888878
  0
LWPOLYLINE
  5
210
330
17
100
AcDbEntity
  8
PERIPHERY
370
25
420
0
100
AcDbPolyline
 90
2
 70
0
 43
1.9999677777777776
 10
1331.1321555555555
 20
224.25095555555555
 10
1319.1320666666666
 20
224.25095555555555
  0
LWPOLYLINE
  5
211
330
17
100
AcDbEntity
  8
PERIPHERY
370
25
420
0
100
AcDbPolyline
 90
2
 70
0
 43
1.9999677777777776
 10
1334.1335888888887
 20
248.25113333333337
 10
1322.1334999999997
 20
248.25113333333337
  0
LWPOLYLINE
  5
212
330
17
100
AcDbEntity
  8
PERIPHERY
370
25
420
0
100
AcDbPolyline
 90
2
 70
0
 43
1.9999677777777776
 10
1335.9341666666667
 20
272.25131111111114
 10
1323.9340777777777
 20
272.25131111111114
  0
HATCH
  5
213
330
17
100
AcDbEntity
  8
PERIPHERY
 62
7
420
0
100
AcDbHatch
 10
0.0
 20
0.0
 30
0.0
210
0.0
220
0.0
230
1.0
  2
SOLID
 70
1
 71
0
 91
1
 92
3
 72
0
 73
1
 93
54
 10
1387.1363333333331
 20
832.2493444444444
 10
1383.856911111111
 20
829.8490444444444
 10
1379.9354333333333
 20
826.2492999999998
 10
1377.8159444444445
 20
823.8489999999999
 10
1375.1376555555555
 20
820.2492555555555
 10
1373.6164777777778
 20
817.8489555555554
 10
1371.6987777777777
 20
814.2492111111111
 10
1370.5769444444445
 20
811.8489111111111
 10
1369.137611111111
 20
808.2491666666666
 10
1368.296588888889
 20
805.8488666666667
 10
1367.1366555555555
 20
802.2491222222222
 10
1365.5378666666666
 20
796.2490777777776
 10
1364.2170666666666
 20
790.2490333333333
 10
1363.1361555555554
 20
784.2489888888889
 10
1362.216111111111
 20
778.2489444444443
 10
1361.417422222222
 20
772.2488999999998
 10
1360.7372666666665
 20
766.2488555555555
 10
1360.1361333333332
 20
760.2488111111111
 10
1359.6182555555554
 20
754.2487666666665
 10
1359.1384777777776
 20
748.248722222222
 10
1358.6968
 20
742.2486777777776
 10
1358.3355555555554
 20
736.2486333333333
 10
1357.9771333333333
 20
730.2499999999999
 10
1357.696322222222
 20
724.2499555555555
 10
1357.415511111111
 20
718.249911111111
 10
1357.1347
 20
712.2498666666665
 10
1355.8139
 20
712.2498666666665
 10
1356.015688888889
 20
718.249911111111
 10
1356.217477777778
 20
724.2499555555555
 10
1356.4573666666668
 20
730.2499999999999
 10
1356.7381777777778
 20
736.2500444444443
 10
1357.0161666666665
 20
742.2500888888889
 10
1357.377411111111
 20
748.2501333333333
 10
1357.7386555555554
 20
754.2501777777777
 10
1358.138
 20
760.2502222222222
 10
1358.6177777777777
 20
766.2502666666667
 10
1359.1384777777778
 20
772.2503111111112
 10
1359.736788888889
 20
778.2503555555556
 10
1360.4564555555555
 20
784.2504
 10
1361.3383999999999
 20
790.2504444444445
 10
1362.3388777777777
 20
796.2504888888891
 10
1363.5792444444444
 20
802.2505333333335
 10
1364.4583666666667
 20
805.8502777777779
 10
1365.1385222222223
 20
808.2505777777778
 10
1366.2575333333332
 20
811.8503222222223
 10
1367.1366555555555
 20
814.2506222222223
 10
1368.616911111111
 20
817.8503666666667
 10
1369.8191777777777
 20
820.2506666666667
 10
1371.8977444444442
 20
823.8504111111113
 10
1373.5374555555554
 20
826.2507111111113
 10
1376.5769888888888
 20
829.8504555555556
 10
1379.1367444444443
 20
832.2507555555557
 10
1387.1363333333331
 20
832.2507555555557
 10
1387.1363333333331
 20
832.2493444444444
 97
0
 75
1
 76
1
 98
0
  0
HATCH
  5
214
330
17
100
AcDbEntity
  8
PERIPHERY
 62
7
420
0
100
AcDbHatch
 10
0.0
 20
0.0
 30
0.0
210
0.0
220
0.0
230
1.0
  2
SOLID
 70
1
 71
0
 91
1
 92
3
 72
0
 73
1
 93
54
 10
1371.1371555555554
 20
832.2493444444444
 10
1369.3351666666665
 20
829.8490444444444
 10
1367.1352444444444
 20
826.2492999999998
 10
1365.9358
 20
823.8489999999999
 10
1364.4555444444443
 20
820.2492555555555
 10
1363.6145222222221
 20
817.8489555555554
 10
1362.5759444444443
 20
814.2492111111111
 10
1361.9338888888888
 20
811.8489111111111
 10
1361.1351999999997
 20
808.2491666666666
 10
1360.655422222222
 20
805.8488666666667
 10
1360.0161888888888
 20
802.2491222222222
 10
1359.1370666666664
 20
796.2490777777776
 10
1358.4145777777776
 20
790.2490333333333
 10
1357.8162666666665
 20
784.2489888888889
 10
1357.2955666666664
 20
778.2489444444443
 10
1356.8538888888886
 20
772.2488999999998
 10
1356.4545444444443
 20
766.2488555555555
 10
1356.134222222222
 20
760.2488111111111
 10
1355.853411111111
 20
754.2487666666665
 10
1355.5754222222222
 20
748.248722222222
 10
1355.3355333333334
 20
742.2486777777776
 10
1355.1337444444443
 20
736.2486333333333
 10
1354.9361888888889
 20
730.2499999999999
 10
1354.7767333333331
 20
724.2499555555555
 10
1354.6172777777776
 20
718.249911111111
 10
1354.4549999999997
 20
712.2498666666665
 10
1353.1341999999997
 20
712.2498666666665
 10
1353.2174555555553
 20
718.249911111111
 10
1353.3359888888886
 20
724.2499555555555
 10
1353.4164222222219
 20
730.2499999999999
 10
1353.5377777777774
 20
736.2500444444443
 10
1353.6563111111107
 20
742.2500888888889
 10
1353.8157666666664
 20
748.2501333333333
 10
1353.9752222222219
 20
754.2501777777777
 10
1354.1346777777776
 20
760.2502222222222
 10
1354.3364666666664
 20
766.2502666666667
 10
1354.5763555555552
 20
772.2503111111112
 10
1354.8162444444442
 20
778.2503555555556
 10
1355.1365666666663
 20
784.2504
 10
1355.4978111111107
 20
790.2504444444445
 10
1355.9366666666663
 20
796.2504888888891
 10
1356.4573666666663
 20
802.2505333333335
 10
1356.8567111111108
 20
805.8502777777779
 10
1357.1375222222218
 20
808.2505777777778
 10
1357.6172999999997
 20
811.8503222222223
 10
1357.9785444444442
 20
814.2506222222223
 10
1358.6177777777775
 20
817.8503666666667
 10
1359.1384777777776
 20
820.2506666666667
 10
1360.0175999999997
 20
823.8504111111113
 10
1360.7372666666663
 20
826.2507111111113
 10
1362.0580666666665
 20
829.8504555555556
 10
1363.1389777777774
 20
832.2507555555557
 10
1371.1371555555554
 20
832.2507555555557
 10
1371.1371555555554
 20
832.2493444444444
 97
0
 75
1
 76
1
 98
0
  0
HATCH
  5
215
330
17
100
AcDbEntity
  8
PERIPHERY
 62
7
420
0
100
AcDbHatch
 10
0.0
 20
0.0
 30
0.0
210
0.0
220
0.0
230
1.0
  2
SOLID
 70
1
 71
0
 91
1
 92
3
 72
0
 73
1
 93
54
 10
1355.1351555555555
 20
832.2493444444444
 10
1354.7767333333331
 20
829.8490444444444
 10
1354.3350555555553
 20
826.2492999999998
 10
1354.0951666666665
 20
823.8489999999999
 10
1353.8143555555555
 20
820.2492555555555
 10
1353.615388888889
 20
817.8489555555554
 10
1353.4136
 20
814.2492111111111
 10
1353.2950666666668
 20
811.8489111111111
 10
1353.135611111111
 20
808.2491666666666
 10
1353.0523555555556
 20
805.8488666666667
 10
1352.8929
 20
802.2491222222222
 10
1352.7334444444443
 20
796.2490777777776
 10
1352.5739888888886
 20
790.2490333333333
 10
1352.4554555555553
 20
784.2489888888889
 10
1352.375022222222
 20
778.2489444444443
 10
1352.2945888888887
 20
772.2488999999998
 10
1352.2141555555554
 20
766.2488555555555
 10
1352.133722222222
 20
760.2488111111111
 10
1352.0927999999997
 20
754.2487666666665
 10
1352.0123666666664
 20
748.248722222222
 10
1351.9742666666664
 20
742.2486777777776
 10
1351.9333444444442
 20
736.2486333333333
 10
1351.8966555555555
 20
730.2499999999999
 10
1351.8557333333333
 20
724.2499555555555
 10
1351.817633333333
 20
718.249911111111
 10
1351.814811111111
 20
712.2498666666665
 10
1350.4559111111112
 20
712.2498666666665
 10
1350.4559111111112
 20
718.249911111111
 10
1350.417811111111
 20
724.2499555555555
 10
1350.3754777777776
 20
730.2499999999999
 10
1350.3373777777774
 20
736.2500444444443
 10
1350.2964555555552
 20
742.2500888888889
 10
1350.2583555555552
 20
748.2501333333333
 10
1350.177922222222
 20
754.2501777777777
 10
1350.1369999999997
 20
760.2502222222222
 10
1350.0565666666664
 20
766.2502666666667
 10
1349.9761333333329
 20
772.2503111111112
 10
1349.8956999999996
 20
778.2503555555556
 10
1349.8152666666663
 20
784.2504
 10
1349.6939111111108
 20
790.2504444444445
 10
1349.534455555555
 20
796.2504888888891
 10
1349.3749999999993
 20
802.2505333333335
 10
1349.2155444444438
 20
805.8502777777779
 10
1349.1351111111103
 20
808.2505777777778
 10
1348.9756555555548
 20
811.8503222222223
 10
1348.8571222222215
 20
814.2506222222223
 10
1348.6172333333327
 20
817.8503666666667
 10
1348.454955555555
 20
820.2506666666667
 10
1348.176966666666
 20
823.8504111111113
 10
1347.9370777777772
 20
826.2507111111113
 10
1347.4953999999993
 20
829.8504555555556
 10
1347.1369777777772
 20
832.2507555555557
 10
1355.1351555555555
 20
832.2507555555557
 10
1355.1351555555555
 20
832.2493444444444
 97
0
 75
1
 76
1
 98
0
  0
HATCH
  5
216
330
17
100
AcDbEntity
  8
PERIPHERY
 62
7
420
0
100
AcDbHatch
 10
0.0
 20
0.0
 30
0.0
210
0.0
220
0.0
230
1.0
  2
SOLID
 70
1
 71
0
 91
1
 92
3
 72
0
 73
1
 93
54
 10
1339.1331555555553
 20
832.2493444444444
 10
1340.2140666666664
 20
829.8490444444444
 10
1341.5348666666664
 20
826.2492999999998
 10
1342.254533333333
 20
823.8489999999999
 10
1343.1364777777776
 20
820.2492555555555
 10
1343.6162555555554
 20
817.8489555555554
 10
1344.296411111111
 20
814.2492111111111
 10
1344.6576555555553
 20
811.8489111111111
 10
1345.137433333333
 20
808.2491666666666
 10
1345.415422222222
 20
805.8488666666667
 10
1345.8175888888886
 20
802.2491222222222
 10
1346.3354666666664
 20
796.2490777777776
 10
1346.777144444444
 20
790.2490333333333
 10
1347.1383888888886
 20
784.2489888888889
 10
1347.4587111111107
 20
778.2489444444443
 10
1347.6985999999995
 20
772.2488999999998
 10
1347.9384888888885
 20
766.2488555555555
 10
1348.137455555555
 20
760.2488111111111
 10
1348.2969111111106
 20
754.2487666666665
 10
1348.4563666666663
 20
748.248722222222
 10
1348.618644444444
 20
742.2486777777776
 10
1348.7371777777773
 20
736.2486333333333
 10
1348.8585333333328
 20
730.2485888888887
 10
1348.9389666666664
 20
724.2485444444442
 10
1349.0574999999994
 20
718.2484999999998
 10
1349.137933333333
 20
712.2484555555553
 10
1347.8171333333328
 20
712.2484555555553
 10
1347.6576777777773
 20
718.2484999999998
 10
1347.4982222222216
 20
724.2485444444442
 10
1347.3359444444443
 20
730.2499999999999
 10
1347.1369777777777
 20
736.2500444444443
 10
1346.9351888888887
 20
742.2500888888889
 10
1346.6952999999999
 20
748.2501333333333
 10
1346.4144888888889
 20
754.2501777777777
 10
1346.1364999999998
 20
760.2502222222222
 10
1345.8161777777777
 20
766.2502666666667
 10
1345.4140111111112
 20
772.2503111111112
 10
1344.9751555555556
 20
778.2503555555556
 10
1344.4544555555556
 20
784.2504
 10
1343.853322222222
 20
790.2504444444445
 10
1343.1336555555554
 20
796.2504888888891
 10
1342.251711111111
 20
802.2505333333335
 10
1341.6124777777777
 20
805.8502777777779
 10
1341.1326999999999
 20
808.2505777777778
 10
1340.3340111111108
 20
811.8503222222223
 10
1339.6919555555553
 20
814.2506222222223
 10
1338.6138666666664
 20
817.8503666666667
 10
1337.8123555555553
 20
820.2506666666667
 10
1336.3320999999999
 20
823.8504111111113
 10
1335.1326555555554
 20
826.2507111111113
 10
1332.932733333333
 20
829.8504555555556
 10
1331.1335666666664
 20
832.2507555555557
 10
1339.1331555555553
 20
832.2507555555557
 10
1339.1331555555553
 20
832.2493444444444
 97
0
 75
1
 76
1
 98
0
  0
HATCH
  5
217
330
17
100
AcDbEntity
  8
PERIPHERY
 62
7
420
0
100
AcDbHatch
 10
0.0
 20
0.0
 30
0.0
210
0.0
220
0.0
230
1.0
  2
SOLID
 70
1
 71
0
 91
1
 92
3
 72
0
 73
1
 93
54
 10
1323.1339777777775
 20
832.2493444444444
 10
1325.693733333333
 20
829.8490444444444
 10
1328.7332666666664
 20
826.2492999999998
 10
1330.3729777777776
 20
823.8489999999999
 10
1332.4543666666666
 20
820.2492555555555
 10
1333.6114777777777
 20
817.8489555555554
 10
1335.1326555555554
 20
814.2492111111111
 10
1336.0117777777778
 20
811.8489111111111
 10
1337.1336111111111
 20
808.2491666666666
 10
1337.8109444444444
 20
805.8488666666667
 10
1338.6928888888888
 20
802.2491222222222
 10
1339.9332555555557
 20
796.2490777777776
 10
1340.930911111111
 20
790.2490333333333
 10
1341.8128555555556
 20
784.2489888888889
 10
1342.5325222222223
 20
778.2489444444443
 10
1343.1336555555556
 20
772.2488999999998
 10
1343.6543555555556
 20
766.2488555555555
 10
1344.1341333333335
 20
760.2488111111111
 10
1344.533477777778
 20
754.2487666666665
 10
1344.8947222222223
 20
748.248722222222
 10
1345.2531444444446
 20
742.2486777777776
 10
1345.5339555555556
 20
736.2486333333333
 10
1345.8147666666666
 20
730.2485888888887
 10
1346.0546555555554
 20
724.2485444444442
 10
1346.253622222222
 20
718.2484999999998
 10
1346.4525888888888
 20
712.2484555555553
 10
1345.1317888888887
 20
712.2484555555553
 10
1344.8537999999999
 20
718.2484999999998
 10
1344.5758111111109
 20
724.2485444444442
 10
1344.2949999999998
 20
730.2499999999999
 10
1343.9337555555555
 20
736.2500444444443
 10
1343.5753333333332
 20
742.2500888888889
 10
1343.1336555555554
 20
748.2501333333333
 10
1342.6538777777776
 20
754.2501777777777
 10
1342.1331777777775
 20
760.2502222222222
 10
1341.5320444444442
 20
766.2502666666667
 10
1340.8518888888887
 20
772.2503111111112
 10
1340.0531999999998
 20
778.2503555555556
 10
1339.1331555555553
 20
784.2504
 10
1338.052244444444
 20
790.2504444444445
 10
1336.7342666666664
 20
796.2504888888891
 10
1335.1326555555554
 20
802.2505333333335
 10
1333.972722222222
 20
805.8502777777779
 10
1333.1316999999997
 20
808.2505777777778
 10
1331.6923666666664
 20
811.8503222222223
 10
1330.5705333333333
 20
814.2506222222223
 10
1328.6104999999998
 20
817.8503666666667
 10
1327.1302444444443
 20
820.2506666666667
 10
1324.4519555555553
 20
823.8504111111113
 10
1322.3324666666665
 20
826.2507111111113
 10
1318.4109888888888
 20
829.8504555555556
 10
1315.1315666666667
 20
832.2507555555557
 10
1323.1339777777775
 20
832.2507555555557
 10
1323.1339777777775
 20
832.2493444444444
 97
0
 75
1
 76
1
 98
0
  0
LWPOLYLINE
  5
218
330
17
100
AcDbEntity
  8
PERIPHERY
370
25
420
0
100
AcDbPolyline
 90
2
 70
0
 43
1.9999677777777776
 10
1313.132022222222
 20
808.2491666666666
 10
1325.132111111111
 20
808.2491666666666
  0
LWPOLYLINE
  5
219
330
17
100
AcDbEntity
  8
PERIPHERY
370
25
420
0
100
AcDbPolyline
 90
2
 70
0
 43
1.9999677777777776
 10
1319.1320666666666
 20
784.2489888888889
 10
1331.1321555555555
 20
784.2489888888889
  0
LWPOLYLINE
  5
21A
330
17
100
AcDbEntity
  8
PERIPHERY
370
25
420
0
100
AcDbPolyline
 90
2
 70
0
 43
1.9999677777777776
 10
1322.1335
 20
760.2488111111111
 10
1334.1335888888889
 20
760.2488111111111
  0
LWPOLYLINE
  5
21B
330
17
100
AcDbEntity
  8
PERIPHERY
370
25
420
0
100
AcDbPolyline
 90
2
 70
0
 43
1.9999677777777776
 10
1323.9340777777777
 20
736.2486333333333
 10
1335.9341666666667
 20
736.2486333333333
  0
TEXT
  5
21C
330
17
100
AcDbEntity
  8
LABELS
 62
250
100
AcDbText
 10
1300.0164499999998
 20
803.33088
 30
0.0
 40
16.93333333333333
  1
2
 11
1300.0164499999998
 21
803.33088
 31
0.0
100
AcDbText
  0
TEXT
  5
21D
330
17
100
AcDbEntity
  8
LABELS
 62
250
100
AcDbText
 10
1304.554301111111
 20
779.3315488888888
 30
0.0
 40
16.93333333333333
  1
3
 11
1304.554301111111
 21
779.3315488888888
 31
0.0
100
AcDbText
  0
TEXT
  5
21E
330
17
100
AcDbEntity
  8
LABELS
 62
250
100
AcDbText
 10
1306.4766577777777
 20
755.3316533333333
 30
0.0
 40
16.93333333333333
  1
4
 11
1306.4766577777777
 21
755.3316533333333
 31
0.0
100
AcDbText
  0
TEXT
  5
21F
330
17
100
AcDbEntity
  8
LABELS
 62
250
100
AcDbText
 10
1307.6272777777776
 20
731.3310522222222
 30
0.0
 40
16.93333333333333
  1
5
 11
1307.6272777777776
 21
731.3310522222222
 31
0.0
100
AcDbText
  0
TEXT
  5
220
330
17
100
AcDbEntity
  8
LABELS
 62
250
100
AcDbText
 10
1450.7765977777776
 20
746.8360588888887
 30
0.0
 40
16.93333333333333
  1
2
 11
1450.7765977777776
 21
746.8360588888887
 31
0.0
100
AcDbText
  0
TEXT
  5
221
330
17
100
AcDbEntity
  8
LABELS
 62
250
100
AcDbText
 10
1426.776702222222
 20
741.8386088888889
 30
0.0
 40
16.93333333333333
  1
3
 11
1426.776702222222
 21
741.8386088888889
 31
0.0
100
AcDbText
  0
TEXT
  5
222
330
17
100
AcDbEntity
  8
LABELS
 62
250
100
AcDbText
 10
1402.7768066666665
 20
737.485331111111
 30
0.0
 40
16.93333333333333
  1
4
 11
1402.7768066666665
 21
737.485331111111
 31
0.0
100
AcDbText
  0
TEXT
  5
223
330
17
100
AcDbEntity
  8
LABELS
 62
250
100
AcDbText
 10
1378.77677
 20
735.8669277777777
 30
0.0
 40
16.93333333333333
  1
5
 11
1378.77677
 21
735.8669277777777
 31
0.0
100
AcDbText
  0
TEXT
  5
224
330
17
100
AcDbEntity
  8
LABELS
 62
250
100
AcDbText
 10
1450.7765977777776
 20
250.91658111111104
 30
0.0
 40
16.93333333333333
  1
2
 11
1450.7765977777776
 21
250.91658111111104
 31
0.0
100
AcDbText
  0
TEXT
  5
225
330
17
100
AcDbEntity
  8
LABELS
 62
250
100
AcDbText
 10
1426.776702222222
 20
256.68238111111106
 30
0.0
 40
16.93333333333333
  1
3
 11
1426.776702222222
 21
256.68238111111106
 31
0.0
100
AcDbText
  0
TEXT
  5
226
330
17
100
AcDbEntity
  8
LABELS
 62
250
100
AcDbText
 10
1402.7768066666665
 20
259.77878222222216
 30
0.0
 40
16.93333333333333
  1
4
 11
1402.7768066666665
 21
259.77878222222216
 31
0.0
100
AcDbText
  0
TEXT
  5
227
330
17
100
AcDbEntity
  8
LABELS
 62
250
100
AcDbText
 10
1378.77677
 20
261.8858533333333
 30
0.0
 40
16.93333333333333
  1
5
 11
1378.77677
 21
261.8858533333333
 31
0.0
100
AcDbText
  0
TEXT
  5
228
330
17
100
AcDbEntity
  8
LABELS
 62
250
100
AcDbText
 10
1302.0214977777778
 20
195.33206777777778
 30
0.0
 40
16.93333333333333
  1
2
 11
1302.0214977777778
 21
195.33206777777778
 31
0.0
100
AcDbText
  0
TEXT
  5
229
330
17
100
AcDbEntity
  8
LABELS
 62
250
100
AcDbText
 10
1306.7522477777777
 20
219.3319633333333
 30
0.0
 40
16.93333333333333
  1
3
 11
1306.7522477777777
 21
219.3319633333333
 31
0.0
100
AcDbText
  0
TEXT
  5
22A
330
17
100
AcDbEntity
  8
LABELS
 62
250
100
AcDbText
 10
1310.0706166666664
 20
243.33185888888883
 30
0.0
 40
16.93333333333333
  1
4
 11
1310.0706166666664
 21
243.33185888888883
 31
0.0
100
AcDbText
  0
TEXT
  5
22B
330
17
100
AcDbEntity
  8
LABELS
 62
250
100
AcDbText
 10
1313.3902555555555
 20
267.3318955555555
 30
0.0
 40
16.93333333333333
  1
5
 11
1313.3902555555555
 21
267.3318955555555
 31
0.0
100
AcDbText
  0
LWPOLYLINE
  5
22C
330
17
100
AcDbEntity
  8
CENTER
370
25
420
0
100
AcDbPolyline
 90
2
 70
0
 43
1.9999677777777776
 10
912.7193666666666
 20
784.2504
 10
928.7199555555555
 20
784.2504
  0
LWPOLYLINE
  5
22D
330
17
100
AcDbEntity
  8
CENTER
370
25
420
0
100
AcDbPolyline
 90
2
 70
0
 43
1.9999677777777776
 10
910.439011111111
 20
768.2498111111111
 10
934.4391888888888
 20
768.2498111111111
  0
LWPOLYLINE
  5
22E
330
17
100
AcDbEntity
  8
CENTER
370
25
420
0
100
AcDbPolyline
 90
2
 70
0
 43
1.9999677777777776
 10
908.8402222222221
 20
752.2506333333333
 10
924.8393999999998
 20
752.2506333333333
  0
LWPOLYLINE
  5
22F
330
17
100
AcDbEntity
  8
CENTER
370
25
420
0
100
AcDbPolyline
 90
2
 70
0
 43
1.9999677777777776
 10
907.6393666666665
 20
736.2500444444443
 10
931.6395444444444
 20
736.2500444444443
  0
LWPOLYLINE
  5
230
330
17
100
AcDbEntity
  8
CENTER
370
25
420
0
100
AcDbPolyline
 90
2
 70
0
 43
1.9999677777777776
 10
906.6783999999999
 20
720.2494555555555
 10
922.678988888889
 20
720.2494555555555
  0
LWPOLYLINE
  5
231
330
17
100
AcDbEntity
  8
CENTER
370
25
420
0
100
AcDbPolyline
 90
2
 70
0
 43
1.9999677777777776
 10
905.9192222222222
 20
704.2502777777777
 10
929.9194
 20
704.2502777777777
  0
LWPOLYLINE
  5
232
330
17
100
AcDbEntity
  8
CENTER
370
25
420
0
100
AcDbPolyline
 90
2
 70
0
 43
1.9999677777777776
 10
905.3180888888887
 20
688.2496888888888
 10
921.3186777777777
 20
688.2496888888888
  0
LWPOLYLINE
  5
233
330
17
100
AcDbEntity
  8
CENTER
370
25
420
0
100
AcDbPolyline
 90
2
 70
0
 43
1.9999677777777776
 10
904.7987999999999
 20
672.2490999999999
 10
928.7989777777777
 20
672.2490999999999
  0
LWPOLYLINE
  5
234
330
17
100
AcDbEntity
  8
CENTER
370
25
420
0
100
AcDbPolyline
 90
2
 70
0
 43
1.9999677777777776
 10
904.3599444444443
 20
656.2499222222222
 10
920.3605333333334
 20
656.2499222222222
  0
LWPOLYLINE
  5
235
330
17
100
AcDbEntity
  8
CENTER
370
25
420
0
100
AcDbPolyline
 90
2
 70
0
 43
1.9999677777777776
 10
903.9591888888888
 20
640.2507444444444
 10
927.9593666666666
 20
640.2507444444444
  0
LWPOLYLINE
  5
236
330
17
100
AcDbEntity
  8
CENTER
370
25
420
0
100
AcDbPolyline
 90
2
 70
0
 43
1.9999677777777776
 10
903.6388666666667
 20
624.2501555555555
 10
919.6394555555556
 20
624.2501555555555
  0
LWPOLYLINE
  5
237
330
17
100
AcDbEntity
  8
CENTER
370
25
420
0
100
AcDbPolyline
 90
2
 70
0
 43
1.9999677777777776
 10
903.3594666666667
 20
608.2495666666666
 10
927.3596444444445
 20
608.2495666666666
  0
LWPOLYLINE
  5
238
330
17
100
AcDbEntity
  8
CENTER
370
25
420
0
100
AcDbPolyline
 90
2
 70
0
 43
1.9999677777777776
 10
903.1195777777776
 20
592.2503888888888
 10
919.1201666666666
 20
592.2503888888888
  0
LWPOLYLINE
  5
239
330
17
100
AcDbEntity
  8
CENTER
370
25
420
0
100
AcDbPolyline
 90
2
 70
0
 43
1.9999677777777776
 10
902.8796888888888
 20
576.2497999999999
 10
926.8798666666667
 20
576.2497999999999
  0
LWPOLYLINE
  5
23A
330
17
100
AcDbEntity
  8
CENTER
370
25
420
0
100
AcDbPolyline
 90
2
 70
0
 43
1.9999677777777776
 10
902.679311111111
 20
560.2492111111111
 10
918.6784888888888
 20
560.2492111111111
  0
LWPOLYLINE
  5
23B
330
17
100
AcDbEntity
  8
CENTER
370
25
420
0
100
AcDbPolyline
 90
2
 70
0
 43
1.9999677777777776
 10
902.5198555555555
 20
544.2500333333334
 10
926.5200333333333
 20
544.2500333333334
  0
HATCH
  5
23C
330
17
100
AcDbEntity
  8
CENTER
 62
7
420
0
100
AcDbHatch
 10
0.0
 20
0.0
 30
0.0
210
0.0
220
0.0
230
1.0
  2
SOLID
 70
1
 71
0
 91
1
 92
3
 72
0
 73
1
 93
63
 10
877.5192
 20
784.2504
 10
878.7595666666666
 20
776.2508111111109
 10
879.7981444444445
 20
768.2498111111111
 10
880.6391666666666
 20
760.2502222222222
 10
881.3983444444444
 20
752.2506333333333
 10
882.0389888888889
 20
744.2496333333333
 10
882.638711111111
 20
736.2500444444443
 10
883.1198999999999
 20
728.2504555555554
 10
883.5601666666665
 20
720.2494555555555
 10
883.959511111111
 20
712.2498666666665
 10
884.3193444444444
 20
704.2502777777776
 10
884.6410777777776
 20
696.2492777777777
 10
884.9204777777776
 20
688.2496888888888
 10
885.1998777777776
 20
680.2500999999999
 10
885.4397666666664
 20
672.2490999999999
 10
885.6796555555552
 20
664.249511111111
 10
885.8800333333331
 20
656.248511111111
 10
886.0818222222221
 20
648.2489222222221
 10
886.2821999999999
 20
640.2493333333332
 10
886.4416555555555
 20
632.2483333333332
 10
886.6011111111111
 20
624.2487444444444
 10
886.7210555555556
 20
616.2491555555554
 10
886.8805111111112
 20
608.2481555555554
 10
887.0004555555557
 20
600.2485666666665
 10
887.1204000000002
 20
592.2489777777777
 10
887.2403444444448
 20
584.2479777777776
 10
887.3602888888893
 20
576.2483888888888
 10
887.4407222222226
 20
568.2488
 10
887.5620777777782
 20
560.2477999999999
 10
887.6425111111115
 20
552.248211111111
 10
887.7229444444449
 20
544.2486222222221
 10
888.1222888888893
 20
544.2486222222221
 10
888.041855555556
 20
552.248211111111
 10
887.9614222222226
 20
560.2477999999999
 10
887.8809888888893
 20
568.2488
 10
887.8005555555559
 20
576.2483888888888
 10
887.6806111111114
 20
584.2479777777776
 10
887.6001777777781
 20
592.2489777777777
 10
887.4788222222224
 20
600.2485666666665
 10
887.358877777778
 20
608.2481555555554
 10
887.2389333333335
 20
616.2491555555554
 10
887.118988888889
 20
624.2487444444444
 10
886.9990444444445
 20
632.2483333333332
 10
886.8395888888889
 20
640.2493333333332
 10
886.6801333333333
 20
648.2489222222221
 10
886.5206777777776
 20
656.248511111111
 10
886.3202999999997
 20
664.249511111111
 10
886.1199222222219
 20
672.2490999999999
 10
885.918133333333
 20
680.2500999999999
 10
885.6782444444441
 20
688.2496888888888
 10
885.3988444444442
 20
696.2492777777777
 10
885.1194444444442
 20
704.2502777777776
 10
884.799122222222
 20
712.2498666666665
 10
884.4378777777777
 20
720.2494555555555
 10
884.0780444444442
 20
728.2504555555554
 10
883.6377777777776
 20
736.2500444444443
 10
883.1184888888887
 20
744.2496333333333
 10
882.5582777777774
 20
752.2506333333333
 10
881.879533333333
 20
760.2502222222222
 10
881.1189444444442
 20
768.2498111111111
 10
880.2003111111109
 20
776.2508111111109
 10
879.1193999999998
 20
784.2504
 10
877.5192
 20
784.2504
 97
0
 75
1
 76
1
 98
0
  0
HATCH
  5
23D
330
17
100
AcDbEntity
  8
CENTER
 62
7
420
0
100
AcDbHatch
 10
0.0
 20
0.0
 30
0.0
210
0.0
220
0.0
230
1.0
  2
SOLID
 70
1
 71
0
 91
1
 92
3
 72
0
 73
1
 93
63
 10
880.7195999999999
 20
784.2504
 10
881.6805666666666
 20
776.2508111111109
 10
882.4397444444444
 20
768.2498111111111
 10
883.1198999999999
 20
760.2502222222222
 10
883.6786999999998
 20
752.2506333333333
 10
884.1979888888887
 20
744.2496333333333
 10
884.6396666666666
 20
736.2500444444443
 10
884.9994999999999
 20
728.2504555555554
 10
885.3593333333332
 20
720.2494555555555
 10
885.6387333333332
 20
712.2498666666665
 10
885.9181333333331
 20
704.2502777777776
 10
886.1594333333333
 20
696.2492777777777
 10
886.399322222222
 20
688.2496888888888
 10
886.5996999999999
 20
680.2500999999999
 10
886.8000777777777
 20
672.2490999999999
 10
886.9595333333334
 20
664.249511111111
 10
887.118988888889
 20
656.248511111111
 10
887.2784444444446
 20
648.2489222222221
 10
887.3983888888891
 20
640.2493333333332
 10
887.5183333333337
 20
632.2483333333332
 10
887.6396888888892
 20
624.2487444444444
 10
887.7596333333337
 20
616.2491555555554
 10
887.8795777777782
 20
608.2481555555554
 10
887.9600111111116
 20
600.2485666666665
 10
888.079955555556
 20
592.2489777777777
 10
888.1603888888894
 20
584.2479777777776
 10
888.2408222222227
 20
576.2483888888888
 10
888.3212555555561
 20
568.2488
 10
888.4016888888895
 20
560.2477999999999
 10
888.4412000000007
 20
552.248211111111
 10
888.521633333334
 20
544.2486222222221
 10
888.9209777777785
 20
544.2486222222221
 10
888.8814666666673
 20
552.248211111111
 10
888.801033333334
 20
560.2477999999999
 10
888.7615222222228
 20
568.2488
 10
888.6810888888895
 20
576.2483888888888
 10
888.600655555556
 20
584.2479777777776
 10
888.5202222222227
 20
592.2489777777777
 10
888.4397888888894
 20
600.2485666666665
 10
888.359355555556
 20
608.2481555555554
 10
888.2789222222227
 20
616.2491555555554
 10
888.1984888888893
 20
624.2487444444444
 10
888.0785444444448
 20
632.2483333333332
 10
887.9586000000003
 20
640.2493333333332
 10
887.878166666667
 20
648.2489222222221
 10
887.7187111111114
 20
656.248511111111
 10
887.5987666666668
 20
664.249511111111
 10
887.4379000000001
 20
672.2490999999999
 10
887.2784444444445
 20
680.2500999999999
 10
887.1189888888889
 20
688.2496888888888
 10
886.918611111111
 20
696.2492777777777
 10
886.7182333333332
 20
704.2502777777776
 10
886.4783444444444
 20
712.2498666666665
 10
886.2384555555554
 20
720.2494555555555
 10
885.9576444444444
 20
728.2504555555554
 10
885.6373222222222
 20
736.2500444444443
 10
885.2379777777778
 20
744.2496333333333
 10
884.8386333333333
 20
752.2506333333333
 10
884.3574444444445
 20
760.2502222222222
 10
883.7986444444444
 20
768.2498111111111
 10
883.1199
 20
776.2508111111109
 10
882.3198
 20
784.2504
 10
880.7195999999999
 20
784.2504
 97
0
 75
1
 76
1
 98
0
  0
HATCH
  5
23E
330
17
100
AcDbEntity
  8
CENTER
 62
7
420
0
100
AcDbHatch
 10
0.0
 20
0.0
 30
0.0
210
0.0
220
0.0
230
1.0
  2
SOLID
 70
1
 71
0
 91
1
 92
3
 72
0
 73
1
 93
63
 10
883.9185888888888
 20
784.2504
 10
884.5578222222221
 20
776.2508111111109
 10
885.1180333333333
 20
768.2498111111111
 10
885.5978111111111
 20
760.2502222222222
 10
885.9576444444444
 20
752.2506333333333
 10
886.3188888888889
 20
744.2496333333333
 10
886.6392111111111
 20
736.2500444444443
 10
886.8790999999999
 20
728.2504555555554
 10
887.1189888888887
 20
720.2494555555555
 10
887.3193666666665
 20
712.2498666666665
 10
887.5197444444444
 20
704.2502777777776
 10
887.6806111111111
 20
696.2492777777777
 10
887.8400666666668
 20
688.2496888888888
 10
887.9995222222224
 20
680.2500999999999
 10
888.1194666666669
 20
672.2490999999999
 10
888.2394111111114
 20
664.249511111111
 10
888.3593555555559
 20
656.248511111111
 10
888.4397888888892
 20
648.2489222222221
 10
888.5597333333337
 20
640.2493333333332
 10
888.640166666667
 20
632.2483333333332
 10
888.7206000000004
 20
624.2487444444444
 10
888.8010333333337
 20
616.2491555555554
 10
888.8814666666672
 20
608.2481555555554
 10
888.9209777777783
 20
600.2485666666665
 10
889.0014111111117
 20
592.2489777777777
 10
889.0832555555561
 20
584.2479777777776
 10
889.1227666666672
 20
576.2483888888888
 10
889.1622777777784
 20
568.2488
 10
889.2427111111117
 20
560.2477999999999
 10
889.2822222222228
 20
552.248211111111
 10
889.321733333334
 20
544.2486222222221
 10
889.7210777777784
 20
544.2486222222221
 10
889.6815666666673
 20
552.248211111111
 10
889.6420555555562
 20
560.2477999999999
 10
889.602544444445
 20
568.2488
 10
889.5630333333339
 20
576.2483888888888
 10
889.5235222222227
 20
584.2479777777776
 10
889.4840111111116
 20
592.2489777777777
 10
889.4445000000005
 20
600.2485666666665
 10
889.3640666666671
 20
608.2481555555554
 10
889.324555555556
 20
616.2491555555554
 10
889.2441222222226
 20
624.2487444444444
 10
889.2046111111115
 20
632.2483333333332
 10
889.1241777777782
 20
640.2493333333332
 10
889.0437444444448
 20
648.2489222222221
 10
888.9619000000004
 20
656.248511111111
 10
888.8814666666669
 20
664.249511111111
 10
888.8010333333336
 20
672.2490999999999
 10
888.6810888888891
 20
680.2500999999999
 10
888.5611444444446
 20
688.2496888888888
 10
888.4412000000001
 20
696.2492777777777
 10
888.3212555555557
 20
704.2502777777776
 10
888.1618
 20
712.2498666666665
 10
888.0023444444444
 20
720.2494555555555
 10
887.8428888888888
 20
728.2504555555554
 10
887.6425111111109
 20
736.2500444444443
 10
887.4012111111108
 20
744.2496333333333
 10
887.1218111111109
 20
752.2506333333333
 10
886.8014888888887
 20
760.2502222222222
 10
886.4416555555554
 20
768.2498111111111
 10
886.0408999999997
 20
776.2508111111109
 10
885.5216111111108
 20
784.2504
 10
883.9185888888888
 20
784.2504
 97
0
 75
1
 76
1
 98
0
  0
HATCH
  5
23F
330
17
100
AcDbEntity
  8
CENTER
 62
7
420
0
100
AcDbHatch
 10
0.0
 20
0.0
 30
0.0
210
0.0
220
0.0
230
1.0
  2
SOLID
 70
1
 71
0
 91
1
 92
3
 72
0
 73
1
 93
63
 10
887.1189888888889
 20
784.2504
 10
887.4788222222222
 20
776.2508111111109
 10
887.8005555555554
 20
768.2498111111111
 10
888.0404444444442
 20
760.2502222222222
 10
888.2803333333331
 20
752.2506333333333
 10
888.4397888888888
 20
744.2496333333333
 10
888.6401666666666
 20
736.2500444444443
 10
888.7601111111111
 20
728.2504555555554
 10
888.8800555555556
 20
720.2494555555555
 10
889.0000000000001
 20
712.2498666666665
 10
889.1213555555556
 20
704.2502777777776
 10
889.201788888889
 20
696.2492777777777
 10
889.3217333333336
 20
688.2496888888888
 10
889.4021666666669
 20
680.2500999999999
 10
889.441677777778
 20
672.2490999999999
 10
889.5221111111114
 20
664.249511111111
 10
889.6025444444447
 20
656.248511111111
 10
889.6420555555559
 20
648.2489222222221
 10
889.681566666667
 20
640.2493333333332
 10
889.7620000000004
 20
632.2483333333332
 10
889.8015111111115
 20
624.2487444444444
 10
889.8410222222226
 20
616.2491555555554
 10
889.8805333333338
 20
608.2481555555554
 10
889.9200444444449
 20
600.2485666666665
 10
889.959555555556
 20
592.2489777777777
 10
889.959555555556
 20
584.2479777777776
 10
889.9990666666672
 20
576.2483888888888
 10
890.0385777777783
 20
568.2488
 10
890.0780888888895
 20
560.2477999999999
 10
890.0780888888895
 20
552.248211111111
 10
890.1176000000006
 20
544.2486222222221
 10
890.5183555555561
 20
544.2486222222221
 10
890.5183555555561
 20
552.248211111111
 10
890.4774333333339
 20
560.2477999999999
 10
890.4774333333339
 20
568.2488
 10
890.4379222222228
 20
576.2483888888888
 10
890.4379222222228
 20
584.2479777777776
 10
890.3984111111116
 20
592.2489777777777
 10
890.3984111111116
 20
600.2485666666665
 10
890.3589000000005
 20
608.2481555555554
 10
890.3589000000005
 20
616.2491555555554
 10
890.3193888888894
 20
624.2487444444444
 10
890.2798777777782
 20
632.2483333333332
 10
890.2798777777782
 20
640.2493333333332
 10
890.2403666666671
 20
648.2489222222221
 10
890.2008555555559
 20
656.248511111111
 10
890.1613444444448
 20
664.249511111111
 10
890.1218333333337
 20
672.2490999999999
 10
890.0823222222225
 20
680.2500999999999
 10
890.0428111111114
 20
688.2496888888888
 10
889.962377777778
 20
696.2492777777777
 10
889.9228666666669
 20
704.2502777777776
 10
889.8424333333336
 20
712.2498666666665
 10
889.8029222222224
 20
720.2494555555555
 10
889.7224888888891
 20
728.2504555555554
 10
889.6420555555557
 20
736.2500444444443
 10
889.5221111111111
 20
744.2496333333333
 10
889.4021666666667
 20
752.2506333333333
 10
889.2822222222222
 20
760.2502222222222
 10
889.1227666666666
 20
768.2498111111111
 10
888.9209777777777
 20
776.2508111111109
 10
888.7205999999998
 20
784.2504
 10
887.1189888888889
 20
784.2504
 97
0
 75
1
 76
1
 98
0
  0
HATCH
  5
240
330
17
100
AcDbEntity
  8
CENTER
 62
7
420
0
100
AcDbHatch
 10
0.0
 20
0.0
 30
0.0
210
0.0
220
0.0
230
1.0
  2
SOLID
 70
1
 71
0
 91
1
 92
3
 72
0
 73
1
 93
63
 10
890.3193888888887
 20
784.2504
 10
890.399822222222
 20
776.2508111111109
 10
890.4393333333333
 20
768.2498111111111
 10
890.5211777777777
 20
760.2502222222222
 10
890.5606888888888
 20
752.2506333333333
 10
890.6002
 20
744.2496333333333
 10
890.6397111111111
 20
736.2500444444443
 10
890.6397111111111
 20
728.2504555555554
 10
890.6792222222222
 20
720.2494555555555
 10
890.6792222222222
 20
712.2498666666665
 10
890.7187333333334
 20
704.2502777777776
 10
890.7187333333334
 20
696.2492777777777
 10
890.7582444444445
 20
688.2496888888888
 10
890.7582444444445
 20
680.2500999999999
 10
890.7977555555557
 20
672.2490999999999
 10
890.7977555555557
 20
664.249511111111
 10
890.7977555555557
 20
656.248511111111
 10
890.8372666666668
 20
648.2489222222221
 10
890.8372666666668
 20
640.2493333333332
 10
890.8372666666668
 20
632.2483333333332
 10
890.8372666666668
 20
624.2487444444444
 10
890.8767777777779
 20
616.2491555555554
 10
890.8767777777779
 20
608.2481555555554
 10
890.8767777777779
 20
600.2485666666665
 10
890.8767777777779
 20
592.2489777777777
 10
890.8767777777779
 20
584.2479777777776
 10
890.8767777777779
 20
576.2483888888888
 10
890.9162888888891
 20
568.2488
 10
890.9162888888891
 20
560.2477999999999
 10
890.9162888888891
 20
552.248211111111
 10
890.9162888888891
 20
544.2486222222221
 10
891.3156333333335
 20
544.2486222222221
 10
891.3156333333335
 20
552.248211111111
 10
891.3156333333335
 20
560.2477999999999
 10
891.3156333333335
 20
568.2488
 10
891.3551444444447
 20
576.2483888888888
 10
891.3551444444447
 20
584.2479777777776
 10
891.3551444444447
 20
592.2489777777777
 10
891.3551444444447
 20
600.2485666666665
 10
891.3551444444447
 20
608.2481555555554
 10
891.3551444444447
 20
616.2491555555554
 10
891.3946555555558
 20
624.2487444444444
 10
891.3946555555558
 20
632.2483333333332
 10
891.3946555555558
 20
640.2493333333332
 10
891.3946555555558
 20
648.2489222222221
 10
891.4341666666669
 20
656.248511111111
 10
891.4341666666669
 20
664.249511111111
 10
891.4341666666669
 20
672.2490999999999
 10
891.4736777777781
 20
680.2500999999999
 10
891.4736777777781
 20
688.2496888888888
 10
891.5131888888892
 20
696.2492777777777
 10
891.5131888888892
 20
704.2502777777776
 10
891.5527000000003
 20
712.2498666666665
 10
891.5527000000003
 20
720.2494555555555
 10
891.5922111111115
 20
728.2504555555554
 10
891.6317222222226
 20
736.2500444444443
 10
891.6317222222226
 20
744.2496333333333
 10
891.6712333333338
 20
752.2506333333333
 10
891.7107444444449
 20
760.2502222222222
 10
891.7911777777782
 20
768.2498111111111
 10
891.8306888888894
 20
776.2508111111109
 10
891.9111222222227
 20
784.2504
 10
890.3193888888887
 20
784.2504
 97
0
 75
1
 76
1
 98
0
  0
HATCH
  5
241
330
17
100
AcDbEntity
  8
CENTER
 62
7
420
0
100
AcDbHatch
 10
0.0
 20
0.0
 30
0.0
210
0.0
220
0.0
230
1.0
  2
SOLID
 70
1
 71
0
 91
1
 92
3
 72
0
 73
1
 93
63
 10
893.5183777777777
 20
784.2504
 10
893.3179999999999
 20
776.2508111111109
 10
893.1176222222219
 20
768.2498111111111
 10
892.9581666666663
 20
760.2502222222222
 10
892.8382222222218
 20
752.2506333333333
 10
892.7182777777774
 20
744.2496333333333
 10
892.637844444444
 20
736.2500444444443
 10
892.5178999999995
 20
728.2504555555554
 10
892.4374666666662
 20
720.2494555555555
 10
892.397955555555
 20
712.2498666666665
 10
892.3175222222217
 20
704.2502777777776
 10
892.2780111111106
 20
696.2492777777777
 10
892.1975777777772
 20
688.2496888888888
 10
892.1580666666661
 20
680.2500999999999
 10
892.1185555555548
 20
672.2490999999999
 10
892.0790444444438
 20
664.249511111111
 10
892.0395333333327
 20
656.248511111111
 10
892.0000222222214
 20
648.2489222222221
 10
891.9590999999992
 20
640.2493333333332
 10
891.9590999999992
 20
632.2483333333332
 10
891.9195888888881
 20
624.2487444444444
 10
891.8800777777769
 20
616.2491555555554
 10
891.8800777777769
 20
608.2481555555554
 10
891.8405666666658
 20
600.2485666666665
 10
891.8405666666658
 20
592.2489777777777
 10
891.8010555555547
 20
584.2479777777776
 10
891.8010555555547
 20
576.2483888888888
 10
891.7615444444435
 20
568.2488
 10
891.7615444444435
 20
560.2477999999999
 10
891.7220333333324
 20
552.248211111111
 10
891.7220333333324
 20
544.2486222222221
 10
892.122788888888
 20
544.2486222222221
 10
892.162299999999
 20
552.248211111111
 10
892.162299999999
 20
560.2477999999999
 10
892.2018111111103
 20
568.2488
 10
892.2413222222214
 20
576.2483888888888
 10
892.2808333333326
 20
584.2479777777776
 10
892.2808333333326
 20
592.2489777777777
 10
892.3203444444437
 20
600.2485666666665
 10
892.3598555555548
 20
608.2481555555554
 10
892.399366666666
 20
616.2491555555554
 10
892.4388777777771
 20
624.2487444444444
 10
892.4783888888882
 20
632.2483333333332
 10
892.5588222222216
 20
640.2493333333332
 10
892.5983333333327
 20
648.2489222222221
 10
892.6378444444439
 20
656.248511111111
 10
892.7182777777772
 20
664.249511111111
 10
892.7987111111106
 20
672.2490999999999
 10
892.8382222222217
 20
680.2500999999999
 10
892.918655555555
 20
688.2496888888888
 10
893.0385999999995
 20
696.2492777777777
 10
893.1190333333329
 20
704.2502777777776
 10
893.2389777777774
 20
712.2498666666665
 10
893.3589222222218
 20
720.2494555555555
 10
893.4802777777775
 20
728.2504555555554
 10
893.6397333333331
 20
736.2500444444443
 10
893.7991888888887
 20
744.2496333333333
 10
893.9586444444444
 20
752.2506333333333
 10
894.1985333333332
 20
760.2502222222222
 10
894.438422222222
 20
768.2498111111111
 10
894.7587444444442
 20
776.2508111111109
 10
895.1199888888887
 20
784.2504
 10
893.5183777777777
 20
784.2504
 97
0
 75
1
 76
1
 98
0
  0
HATCH
  5
242
330
17
100
AcDbEntity
  8
CENTER
 62
7
420
0
100
AcDbHatch
 10
0.0
 20
0.0
 30
0.0
210
0.0
220
0.0
230
1.0
  2
SOLID
 70
1
 71
0
 91
1
 92
3
 72
0
 73
1
 93
63
 10
896.7201888888889
 20
784.2504
 10
896.1994888888888
 20
776.2508111111109
 10
895.8001444444443
 20
768.2498111111111
 10
895.440311111111
 20
760.2502222222222
 10
895.1199888888888
 20
752.2506333333333
 10
894.8391777777778
 20
744.2496333333333
 10
894.6388
 20
736.2500444444443
 10
894.398911111111
 20
728.2504555555554
 10
894.2394555555554
 20
720.2494555555555
 10
894.0799999999998
 20
712.2498666666665
 10
893.9205444444442
 20
704.2502777777776
 10
893.8005999999997
 20
696.2492777777777
 10
893.6806555555552
 20
688.2496888888888
 10
893.5607111111107
 20
680.2500999999999
 10
893.439355555555
 20
672.2490999999999
 10
893.3589222222217
 20
664.249511111111
 10
893.2784888888884
 20
656.248511111111
 10
893.198055555555
 20
648.2489222222221
 10
893.1176222222217
 20
640.2493333333332
 10
893.0371888888883
 20
632.2483333333332
 10
892.9976777777772
 20
624.2487444444444
 10
892.9172444444438
 20
616.2491555555554
 10
892.8777333333327
 20
608.2481555555554
 10
892.7972999999993
 20
600.2485666666665
 10
892.7577888888882
 20
592.2489777777777
 10
892.7182777777771
 20
584.2479777777776
 10
892.6787666666659
 20
576.2483888888888
 10
892.6392555555548
 20
568.2488
 10
892.5997444444437
 20
560.2477999999999
 10
892.5602333333325
 20
552.248211111111
 10
892.5207222222214
 20
544.2486222222221
 10
892.9200666666658
 20
544.2486222222221
 10
892.959577777777
 20
552.248211111111
 10
892.9990888888881
 20
560.2477999999999
 10
893.0795222222215
 20
568.2488
 10
893.1190333333326
 20
576.2483888888888
 10
893.1585444444437
 20
584.2479777777776
 10
893.2389777777771
 20
592.2489777777777
 10
893.3194111111104
 20
600.2485666666665
 10
893.3589222222216
 20
608.2481555555554
 10
893.4393555555549
 20
616.2491555555554
 10
893.5197888888883
 20
624.2487444444444
 10
893.6016333333328
 20
632.2483333333332
 10
893.6820666666661
 20
640.2493333333332
 10
893.8020111111106
 20
648.2489222222221
 10
893.8824444444439
 20
656.248511111111
 10
894.0023888888884
 20
664.249511111111
 10
894.1223333333329
 20
672.2490999999999
 10
894.2422777777774
 20
680.2500999999999
 10
894.401733333333
 20
688.2496888888888
 10
894.5611888888886
 20
696.2492777777777
 10
894.7206444444444
 20
704.2502777777776
 10
894.9210222222222
 20
712.2498666666665
 10
895.1228111111111
 20
720.2494555555555
 10
895.3626999999999
 20
728.2504555555554
 10
895.6420999999999
 20
736.2500444444443
 10
895.9214999999999
 20
744.2496333333333
 10
896.2813333333332
 20
752.2506333333333
 10
896.6425777777777
 20
760.2502222222222
 10
897.1223555555555
 20
768.2498111111111
 10
897.6811555555554
 20
776.2508111111109
 10
898.3217999999997
 20
784.2504
 10
896.7201888888889
 20
784.2504
 97
0
 75
1
 76
1
 98
0
  0
HATCH
  5
243
330
17
100
AcDbEntity
  8
CENTER
 62
7
420
0
100
AcDbHatch
 10
0.0
 20
0.0
 30
0.0
210
0.0
220
0.0
230
1.0
  2
SOLID
 70
1
 71
0
 91
1
 92
3
 72
0
 73
1
 93
63
 10
899.9191777777778
 20
784.2504
 10
899.1190777777778
 20
776.2508111111109
 10
898.4403333333333
 20
768.2498111111111
 10
897.8801222222221
 20
760.2502222222222
 10
897.4003444444443
 20
752.2506333333333
 10
897.0009999999999
 20
744.2496333333333
 10
896.6411666666665
 20
736.2500444444443
 10
896.2799222222221
 20
728.2504555555554
 10
896.0005222222221
 20
720.2494555555555
 10
895.7606333333333
 20
712.2498666666665
 10
895.5207444444445
 20
704.2502777777776
 10
895.3203666666667
 20
696.2492777777777
 10
895.1199888888888
 20
688.2496888888888
 10
894.9605333333332
 20
680.2500999999999
 10
894.7996666666664
 20
672.2490999999999
 10
894.6402111111108
 20
664.249511111111
 10
894.5202666666663
 20
656.248511111111
 10
894.3608111111107
 20
648.2489222222221
 10
894.2803777777773
 20
640.2493333333332
 10
894.1604333333328
 20
632.2483333333332
 10
894.0404888888884
 20
624.2487444444444
 10
893.960055555555
 20
616.2491555555554
 10
893.8796222222217
 20
608.2481555555554
 10
893.7991888888882
 20
600.2485666666665
 10
893.7187555555549
 20
592.2489777777777
 10
893.6383222222215
 20
584.2479777777776
 10
893.5578888888882
 20
576.2483888888888
 10
893.4774555555548
 20
568.2488
 10
893.4365333333326
 20
560.2477999999999
 10
893.3560999999993
 20
552.248211111111
 10
893.3165888888881
 20
544.2486222222221
 10
893.7173444444437
 20
544.2486222222221
 10
893.797777777777
 20
552.248211111111
 10
893.8372888888881
 20
560.2477999999999
 10
893.9177222222215
 20
568.2488
 10
893.9981555555548
 20
576.2483888888888
 10
894.0785888888882
 20
584.2479777777776
 10
894.1590222222216
 20
592.2489777777777
 10
894.2789666666661
 20
600.2485666666665
 10
894.3593999999995
 20
608.2481555555554
 10
894.4793444444439
 20
616.2491555555554
 10
894.5992888888884
 20
624.2487444444444
 10
894.7192333333329
 20
632.2483333333332
 10
894.8391777777774
 20
640.2493333333332
 10
894.960533333333
 20
648.2489222222221
 10
895.1199888888887
 20
656.248511111111
 10
895.2794444444443
 20
664.249511111111
 10
895.4388999999999
 20
672.2490999999999
 10
895.6392777777778
 20
680.2500999999999
 10
895.8396555555556
 20
688.2496888888888
 10
896.0795444444444
 20
696.2492777777777
 10
896.3194333333332
 20
704.2502777777776
 10
896.6002444444443
 20
712.2498666666665
 10
896.8796444444442
 20
720.2494555555555
 10
897.2394777777777
 20
728.2504555555554
 10
897.6388222222221
 20
736.2500444444443
 10
898.0395777777776
 20
744.2496333333333
 10
898.5588666666666
 20
752.2506333333333
 10
899.1176666666665
 20
760.2502222222222
 10
899.7978222222221
 20
768.2498111111111
 10
900.5569999999998
 20
776.2508111111109
 10
901.5179666666666
 20
784.2504
 10
899.9191777777778
 20
784.2504
 97
0
 75
1
 76
1
 98
0
  0
HATCH
  5
244
330
17
100
AcDbEntity
  8
CENTER
 62
7
420
0
100
AcDbHatch
 10
0.0
 20
0.0
 30
0.0
210
0.0
220
0.0
230
1.0
  2
SOLID
 70
1
 71
0
 91
1
 92
3
 72
0
 73
1
 93
63
 10
903.1195777777776
 20
784.2504
 10
902.0386666666666
 20
776.2508111111109
 10
901.1200333333334
 20
768.2498111111111
 10
900.3594444444444
 20
760.2502222222222
 10
899.6807
 20
752.2506333333333
 10
899.1204888888889
 20
744.2496333333333
 10
898.640711111111
 20
736.2500444444443
 10
898.1609333333332
 20
728.2504555555554
 10
897.7996888888888
 20
720.2494555555555
 10
897.4398555555555
 20
712.2498666666665
 10
897.1195333333333
 20
704.2502777777776
 10
896.8401333333333
 20
696.2492777777777
 10
896.5607333333334
 20
688.2496888888888
 10
896.3194333333332
 20
680.2500999999999
 10
896.1190555555554
 20
672.2490999999999
 10
895.9186777777776
 20
664.249511111111
 10
895.7182999999997
 20
656.248511111111
 10
895.558844444444
 20
648.2489222222221
 10
895.3993888888884
 20
640.2493333333332
 10
895.2399333333328
 20
632.2483333333332
 10
895.1199888888883
 20
624.2487444444444
 10
894.9986333333327
 20
616.2491555555554
 10
894.8786888888883
 20
608.2481555555554
 10
894.7587444444438
 20
600.2485666666665
 10
894.6387999999993
 20
592.2489777777777
 10
894.5583666666658
 20
584.2479777777776
 10
894.4384222222214
 20
576.2483888888888
 10
894.357988888888
 20
568.2488
 10
894.2775555555547
 20
560.2477999999999
 10
894.1971222222213
 20
552.248211111111
 10
894.116688888888
 20
544.2486222222221
 10
894.5160333333324
 20
544.2486222222221
 10
894.5964666666658
 20
552.248211111111
 10
894.6768999999991
 20
560.2477999999999
 10
894.7968444444436
 20
568.2488
 10
894.877277777777
 20
576.2483888888888
 10
894.9972222222215
 20
584.2479777777776
 10
895.1185777777771
 20
592.2489777777777
 10
895.2385222222216
 20
600.2485666666665
 10
895.3584666666661
 20
608.2481555555554
 10
895.5179222222217
 20
616.2491555555554
 10
895.6378666666662
 20
624.2487444444444
 10
895.7973222222219
 20
632.2483333333332
 10
895.9567777777775
 20
640.2493333333332
 10
896.1571555555553
 20
648.2489222222221
 10
896.3575333333332
 20
656.248511111111
 10
896.5593222222221
 20
664.249511111111
 10
896.7992111111109
 20
672.2490999999999
 10
897.0390999999997
 20
680.2500999999999
 10
897.3184999999997
 20
688.2496888888888
 10
897.5978999999998
 20
696.2492777777777
 10
897.9182222222219
 20
704.2502777777776
 10
898.2794666666663
 20
712.2498666666665
 10
898.6788111111108
 20
720.2494555555555
 10
899.1190777777774
 20
728.2504555555554
 10
899.6397777777775
 20
736.2500444444443
 10
900.1985777777775
 20
744.2496333333333
 10
900.8378111111107
 20
752.2506333333333
 10
901.5983999999996
 20
760.2502222222222
 10
902.4394222222218
 20
768.2498111111111
 10
903.4779999999996
 20
776.2508111111109
 10
904.7183666666663
 20
784.2504
 10
903.1195777777776
 20
784.2504
 97
0
 75
1
 76
1
 98
0
  0
TEXT
  5
245
330
17
100
AcDbEntity
  8
LABELS
 62
250
100
AcDbText
 10
941.1504333333332
 20
763.3305366666666
 30
0.0
 40
16.93333333333333
  1
6
 11
941.1504333333332
 21
763.3305366666666
 31
0.0
100
AcDbText
  0
TEXT
  5
246
330
17
100
AcDbEntity
  8
LABELS
 62
250
100
AcDbText
 10
929.9939066666666
 20
539.3310411111111
 30
0.0
 40
16.93333333333333
  1
20
 11
929.9939066666666
 21
539.3310411111111
 31
0.0
100
AcDbText
  0
TEXT
  5
247
330
17
100
AcDbEntity
  8
LABELS
 62
250
100
AcDbText
 10
929.9939066666666
 20
571.3305255555555
 30
0.0
 40
16.93333333333333
  1
18
 11
929.9939066666666
 21
571.3305255555555
 31
0.0
100
AcDbText
  0
TEXT
  5
248
330
17
100
AcDbEntity
  8
LABELS
 62
250
100
AcDbText
 10
930.6194522222221
 20
603.3312799999999
 30
0.0
 40
16.93333333333333
  1
16
 11
930.6194522222221
 21
603.3312799999999
 31
0.0
100
AcDbText
  0
TEXT
  5
249
330
17
100
AcDbEntity
  8
LABELS
 62
250
100
AcDbText
 10
932.463351111111
 20
635.3307644444444
 30
0.0
 40
16.93333333333333
  1
14
 11
932.463351111111
 21
635.3307644444444
 31
0.0
100
AcDbText
  0
TEXT
  5
24A
330
17
100
AcDbEntity
  8
LABELS
 62
250
100
AcDbText
 10
934.2272399999999
 20
667.3308133333333
 30
0.0
 40
16.93333333333333
  1
12
 11
934.2272399999999
 21
667.3308133333333
 31
0.0
100
AcDbText
  0
TEXT
  5
24B
330
17
100
AcDbEntity
  8
LABELS
 62
250
100
AcDbText
 10
936.3439066666665
 20
699.3310033333332
 30
0.0
 40
16.93333333333333
  1
10
 11
936.3439066666665
 21
699.3310033333332
 31
0.0
100
AcDbText
  0
TEXT
  5
24C
330
17
100
AcDbEntity
  8
LABELS
 62
250
100
AcDbText
 10
938.9235588888889
 20
731.3310522222222
 30
0.0
 40
16.93333333333333
  1
8
 11
938.9235588888889
 21
731.3310522222222
 31
0.0
100
AcDbText
  0
LWPOLYLINE
  5
24D
330
17
100
AcDbEntity
  8
CENTER
370
25
420
0
100
AcDbPolyline
 90
2
 70
0
 43
1.9999677777777776
 10
1071.119411111111
 20
482.65221111111106
 10
1071.119411111111
 20
466.65162222222216
  0
LWPOLYLINE
  5
24E
330
17
100
AcDbEntity
  8
CENTER
370
25
420
0
100
AcDbPolyline
 90
2
 70
0
 43
1.9999677777777776
 10
1055.117411111111
 20
484.9311555555555
 10
1055.117411111111
 20
460.93097777777774
  0
LWPOLYLINE
  5
24F
330
17
100
AcDbEntity
  8
CENTER
370
25
420
0
100
AcDbPolyline
 90
2
 70
0
 43
1.9999677777777776
 10
1039.1182333333334
 20
486.53135555555554
 10
1039.1182333333334
 20
470.5321777777777
  0
LWPOLYLINE
  5
250
330
17
100
AcDbEntity
  8
CENTER
370
25
420
0
100
AcDbPolyline
 90
2
 70
0
 43
1.9999677777777776
 10
1023.1190555555554
 20
487.7308
 10
1023.1190555555554
 20
463.7306222222222
  0
LWPOLYLINE
  5
251
330
17
100
AcDbEntity
  8
CENTER
370
25
420
0
100
AcDbPolyline
 90
2
 70
0
 43
1.9999677777777776
 10
1007.1170555555556
 20
488.69176666666664
 10
1007.1170555555556
 20
472.69117777777774
  0
LWPOLYLINE
  5
252
330
17
100
AcDbEntity
  8
CENTER
370
25
420
0
100
AcDbPolyline
 90
2
 70
0
 43
1.9999677777777776
 10
991.1178777777776
 20
489.4509444444444
 10
991.1178777777776
 20
465.45076666666665
  0
LWPOLYLINE
  5
253
330
17
100
AcDbEntity
  8
CENTER
370
25
420
0
100
AcDbPolyline
 90
2
 70
0
 43
1.9999677777777776
 10
975.1186999999999
 20
490.05207777777775
 10
975.1186999999999
 20
474.05148888888885
  0
LWPOLYLINE
  5
254
330
17
100
AcDbEntity
  8
CENTER
370
25
420
0
100
AcDbPolyline
 90
2
 70
0
 43
1.9999677777777776
 10
959.1166999999998
 20
490.5713666666666
 10
959.1166999999998
 20
466.57118888888886
  0
LWPOLYLINE
  5
255
330
17
100
AcDbEntity
  8
CENTER
370
25
420
0
100
AcDbPolyline
 90
2
 70
0
 43
1.9999677777777776
 10
943.1189333333332
 20
491.0102222222221
 10
943.1189333333332
 20
475.0096333333333
  0
LWPOLYLINE
  5
256
330
17
100
AcDbEntity
  8
CENTER
370
25
420
0
100
AcDbPolyline
 90
2
 70
0
 43
1.9999677777777776
 10
927.1197555555555
 20
491.41238888888887
 10
927.1197555555555
 20
467.4122111111111
  0
LWPOLYLINE
  5
257
330
17
100
AcDbEntity
  8
CENTER
370
25
420
0
100
AcDbPolyline
 90
2
 70
0
 43
1.9999677777777776
 10
911.1177555555554
 20
491.7313
 10
911.1177555555554
 20
475.7307111111111
  0
LWPOLYLINE
  5
258
330
17
100
AcDbEntity
  8
CENTER
370
25
420
0
100
AcDbPolyline
 90
2
 70
0
 43
1.9999677777777776
 10
895.1185777777777
 20
492.01069999999993
 10
895.1185777777777
 20
468.01052222222216
  0
LWPOLYLINE
  5
259
330
17
100
AcDbEntity
  8
CENTER
370
25
420
0
100
AcDbPolyline
 90
2
 70
0
 43
1.9999677777777776
 10
879.1194
 20
492.25058888888884
 10
879.1194
 20
476.24999999999994
  0
LWPOLYLINE
  5
25A
330
17
100
AcDbEntity
  8
CENTER
370
25
420
0
100
AcDbPolyline
 90
2
 70
0
 43
1.9999677777777776
 10
863.1174
 20
492.49047777777776
 10
863.1174
 20
468.4903
  0
LWPOLYLINE
  5
25B
330
17
100
AcDbEntity
  8
CENTER
370
25
420
0
100
AcDbPolyline
 90
2
 70
0
 43
1.9999677777777776
 10
847.1182222222222
 20
492.6908555555555
 10
847.1182222222222
 20
476.6916777777777
  0
HATCH
  5
25C
330
17
100
AcDbEntity
  8
CENTER
 62
7
420
0
100
AcDbHatch
 10
0.0
 20
0.0
 30
0.0
210
0.0
220
0.0
230
1.0
  2
SOLID
 70
1
 71
0
 91
1
 92
3
 72
0
 73
1
 93
63
 10
1071.119411111111
 20
517.8495555555555
 10
1063.118411111111
 20
516.6091888888889
 10
1055.117411111111
 20
515.570611111111
 10
1047.1192333333333
 20
514.7295888888889
 10
1039.1182333333334
 20
513.970411111111
 10
1031.1172333333336
 20
513.3297666666666
 10
1023.1190555555557
 20
512.7300444444444
 10
1015.1180555555558
 20
512.2488555555555
 10
1007.1170555555558
 20
511.8085888888888
 10
999.118877777778
 20
511.4092444444443
 10
991.1178777777781
 20
511.049411111111
 10
983.1168777777782
 20
510.7276777777776
 10
975.1187000000003
 20
510.44827777777766
 10
967.1177000000005
 20
510.1688777777777
 10
959.1167000000005
 20
509.9289888888888
 10
951.1185222222227
 20
509.6890999999999
 10
943.1175222222228
 20
509.4887222222221
 10
935.1165222222228
 20
509.28693333333325
 10
927.118344444445
 20
509.0865555555555
 10
919.117344444445
 20
508.92709999999994
 10
911.1163444444452
 20
508.7676444444444
 10
903.1181666666674
 20
508.6477
 10
895.1171666666675
 20
508.4882444444444
 10
887.1161666666675
 20
508.3683
 10
879.1179888888897
 20
508.2483555555556
 10
871.1169888888898
 20
508.1284111111112
 10
863.1159888888898
 20
508.0084666666667
 10
855.117811111112
 20
507.92803333333336
 10
847.1168111111122
 20
507.8066777777778
 10
839.1158111111122
 20
507.72624444444443
 10
831.1176333333344
 20
507.6458111111111
 10
831.1176333333344
 20
507.2464666666666
 10
839.1158111111122
 20
507.32689999999997
 10
847.1168111111122
 20
507.4073333333333
 10
855.117811111112
 20
507.4877666666667
 10
863.1159888888898
 20
507.56820000000005
 10
871.1169888888898
 20
507.68814444444445
 10
879.1179888888897
 20
507.7685777777778
 10
887.1161666666675
 20
507.88993333333343
 10
895.1171666666675
 20
508.00987777777783
 10
903.1181666666674
 20
508.12982222222223
 10
911.1163444444452
 20
508.24976666666663
 10
919.117344444445
 20
508.3697111111111
 10
927.118344444445
 20
508.52916666666664
 10
935.1165222222228
 20
508.6886222222222
 10
943.1175222222228
 20
508.84807777777775
 10
951.1185222222227
 20
509.0484555555555
 10
959.1167000000005
 20
509.24883333333327
 10
967.1177000000005
 20
509.45062222222214
 10
975.1187000000003
 20
509.69051111111105
 10
983.1168777777782
 20
509.969911111111
 10
991.1178777777781
 20
510.24931111111096
 10
999.118877777778
 20
510.5696333333332
 10
1007.1170555555558
 20
510.9308777777776
 10
1015.1180555555558
 20
511.2907111111109
 10
1023.1190555555557
 20
511.7309777777776
 10
1031.1172333333336
 20
512.2502666666664
 10
1039.1182333333334
 20
512.8104777777776
 10
1047.1192333333333
 20
513.489222222222
 10
1055.117411111111
 20
514.2498111111108
 10
1063.118411111111
 20
515.1684444444442
 10
1071.119411111111
 20
516.2493555555553
 10
1071.119411111111
 20
517.8495555555555
 97
0
 75
1
 76
1
 98
0
  0
HATCH
  5
25D
330
17
100
AcDbEntity
  8
CENTER
 62
7
420
0
100
AcDbHatch
 10
0.0
 20
0.0
 30
0.0
210
0.0
220
0.0
230
1.0
  2
SOLID
 70
1
 71
0
 91
1
 92
3
 72
0
 73
1
 93
63
 10
1071.119411111111
 20
514.6505666666667
 10
1063.118411111111
 20
513.6896
 10
1055.117411111111
 20
512.9304222222222
 10
1047.1192333333333
 20
512.2502666666667
 10
1039.1182333333334
 20
511.6914666666666
 10
1031.1172333333336
 20
511.17217777777773
 10
1023.1190555555557
 20
510.73049999999995
 10
1015.1180555555558
 20
510.37066666666664
 10
1007.1170555555558
 20
510.0108333333333
 10
999.118877777778
 20
509.7314333333333
 10
991.1178777777781
 20
509.45203333333336
 10
983.1168777777782
 20
509.2107333333334
 10
975.1187000000003
 20
508.9708444444445
 10
967.1177000000005
 20
508.77046666666666
 10
959.1167000000005
 20
508.5700888888889
 10
951.1185222222227
 20
508.41063333333335
 10
943.1175222222228
 20
508.2511777777778
 10
935.1165222222228
 20
508.09172222222224
 10
927.118344444445
 20
507.97177777777785
 10
919.117344444445
 20
507.85183333333345
 10
911.1163444444452
 20
507.7304777777778
 10
903.1181666666674
 20
507.6105333333334
 10
895.1171666666675
 20
507.490588888889
 10
887.1161666666675
 20
507.41015555555566
 10
879.1179888888897
 20
507.29021111111126
 10
871.1169888888898
 20
507.2097777777779
 10
863.1159888888898
 20
507.12934444444454
 10
855.117811111112
 20
507.0489111111112
 10
847.1168111111122
 20
506.9684777777778
 10
839.1158111111122
 20
506.92896666666667
 10
831.1176333333344
 20
506.8485333333333
 10
831.1176333333344
 20
506.44918888888884
 10
839.1158111111122
 20
506.4887
 10
847.1168111111122
 20
506.56913333333335
 10
855.117811111112
 20
506.6086444444445
 10
863.1159888888898
 20
506.68907777777787
 10
871.1169888888898
 20
506.7695111111112
 10
879.1179888888897
 20
506.8499444444446
 10
887.1161666666675
 20
506.9303777777779
 10
895.1171666666675
 20
507.01081111111125
 10
903.1181666666674
 20
507.0912444444446
 10
911.1163444444452
 20
507.171677777778
 10
919.117344444445
 20
507.29162222222243
 10
927.118344444445
 20
507.41156666666683
 10
935.1165222222228
 20
507.4920000000002
 10
943.1175222222228
 20
507.65145555555574
 10
951.1185222222227
 20
507.77140000000014
 10
959.1167000000005
 20
507.9322666666668
 10
967.1177000000005
 20
508.09172222222236
 10
975.1187000000003
 20
508.2511777777779
 10
983.1168777777782
 20
508.4515555555557
 10
991.1178777777781
 20
508.65193333333343
 10
999.118877777778
 20
508.89182222222234
 10
1007.1170555555558
 20
509.13171111111126
 10
1015.1180555555558
 20
509.4125222222224
 10
1023.1190555555557
 20
509.7328444444446
 10
1031.1172333333336
 20
510.13218888888906
 10
1039.1182333333334
 20
510.5315333333335
 10
1047.1192333333333
 20
511.0127222222224
 10
1055.117411111111
 20
511.5715222222224
 10
1063.118411111111
 20
512.2502666666669
 10
1071.119411111111
 20
513.0503666666668
 10
1071.119411111111
 20
514.6505666666667
 97
0
 75
1
 76
1
 98
0
  0
HATCH
  5
25E
330
17
100
AcDbEntity
  8
CENTER
 62
7
420
0
100
AcDbHatch
 10
0.0
 20
0.0
 30
0.0
210
0.0
220
0.0
230
1.0
  2
SOLID
 70
1
 71
0
 91
1
 92
3
 72
0
 73
1
 93
63
 10
1071.119411111111
 20
511.45016666666663
 10
1063.118411111111
 20
510.8109333333333
 10
1055.117411111111
 20
510.25072222222224
 10
1047.1192333333333
 20
509.77094444444447
 10
1039.1182333333334
 20
509.41111111111115
 10
1031.1172333333336
 20
509.04986666666673
 10
1023.1190555555557
 20
508.72954444444457
 10
1015.1180555555558
 20
508.48965555555566
 10
1007.1170555555558
 20
508.24976666666674
 10
999.118877777778
 20
508.049388888889
 10
991.1178777777781
 20
507.84901111111117
 10
983.1168777777782
 20
507.68814444444456
 10
975.1187000000003
 20
507.528688888889
 10
967.1177000000005
 20
507.36923333333345
 10
959.1167000000005
 20
507.24928888888905
 10
951.1185222222227
 20
507.1293444444446
 10
943.1175222222228
 20
507.0094000000002
 10
935.1165222222228
 20
506.92896666666684
 10
927.118344444445
 20
506.80902222222244
 10
919.117344444445
 20
506.7285888888891
 10
911.1163444444452
 20
506.6481555555557
 10
903.1181666666674
 20
506.56772222222236
 10
895.1171666666675
 20
506.487288888889
 10
887.1161666666675
 20
506.44777777777784
 10
879.1179888888897
 20
506.3673444444445
 10
871.1169888888898
 20
506.28550000000007
 10
863.1159888888898
 20
506.2459888888889
 10
855.117811111112
 20
506.20647777777776
 10
847.1168111111122
 20
506.12604444444446
 10
839.1158111111122
 20
506.0865333333333
 10
831.1176333333344
 20
506.04702222222215
 10
831.1176333333344
 20
505.6476777777777
 10
839.1158111111122
 20
505.68718888888884
 10
847.1168111111122
 20
505.7267
 10
855.117811111112
 20
505.7662111111111
 10
863.1159888888898
 20
505.80572222222224
 10
871.1169888888898
 20
505.8452333333334
 10
879.1179888888897
 20
505.88474444444455
 10
887.1161666666675
 20
505.92425555555565
 10
895.1171666666675
 20
506.004688888889
 10
903.1181666666674
 20
506.04420000000016
 10
911.1163444444452
 20
506.1246333333335
 10
919.117344444445
 20
506.1641444444447
 10
927.118344444445
 20
506.24457777777803
 10
935.1165222222228
 20
506.3250111111114
 10
943.1175222222228
 20
506.4068555555558
 10
951.1185222222227
 20
506.48728888888917
 10
959.1167000000005
 20
506.5677222222225
 10
967.1177000000005
 20
506.6876666666669
 10
975.1187000000003
 20
506.8076111111113
 10
983.1168777777782
 20
506.9275555555558
 10
991.1178777777781
 20
507.0475000000002
 10
999.118877777778
 20
507.20695555555574
 10
1007.1170555555558
 20
507.3664111111113
 10
1015.1180555555558
 20
507.52586666666684
 10
1023.1190555555557
 20
507.7262444444446
 10
1031.1172333333336
 20
507.9675444444446
 10
1039.1182333333334
 20
508.2469444444446
 10
1047.1192333333333
 20
508.56726666666674
 10
1055.117411111111
 20
508.9271000000001
 10
1063.118411111111
 20
509.32785555555563
 10
1071.119411111111
 20
509.8471444444445
 10
1071.119411111111
 20
511.45016666666663
 97
0
 75
1
 76
1
 98
0
  0
HATCH
  5
25F
330
17
100
AcDbEntity
  8
CENTER
 62
7
420
0
100
AcDbHatch
 10
0.0
 20
0.0
 30
0.0
210
0.0
220
0.0
230
1.0
  2
SOLID
 70
1
 71
0
 91
1
 92
3
 72
0
 73
1
 93
63
 10
1071.119411111111
 20
508.25117777777774
 10
1063.118411111111
 20
507.8913444444444
 10
1055.117411111111
 20
507.56961111111104
 10
1047.1192333333333
 20
507.32972222222213
 10
1039.1182333333334
 20
507.0898333333332
 10
1031.1172333333336
 20
506.93037777777766
 10
1023.1190555555557
 20
506.7299999999999
 10
1015.1180555555558
 20
506.6100555555555
 10
1007.1170555555558
 20
506.49011111111105
 10
999.118877777778
 20
506.37016666666665
 10
991.1178777777781
 20
506.2488111111111
 10
983.1168777777782
 20
506.1683777777777
 10
975.1187000000003
 20
506.0484333333333
 10
967.1177000000005
 20
505.96799999999996
 10
959.1167000000005
 20
505.9284888888888
 10
951.1185222222227
 20
505.84805555555545
 10
943.1175222222228
 20
505.7676222222221
 10
935.1165222222228
 20
505.728111111111
 10
927.118344444445
 20
505.68859999999984
 10
919.117344444445
 20
505.6081666666665
 10
911.1163444444452
 20
505.5686555555553
 10
903.1181666666674
 20
505.52914444444417
 10
895.1171666666675
 20
505.4896333333331
 10
887.1161666666675
 20
505.4501222222219
 10
879.1179888888897
 20
505.41061111111077
 10
871.1169888888898
 20
505.41061111111077
 10
863.1159888888898
 20
505.3710999999996
 10
855.117811111112
 20
505.3315888888885
 10
847.1168111111122
 20
505.29207777777737
 10
839.1158111111122
 20
505.29207777777737
 10
831.1176333333344
 20
505.2525666666662
 10
831.1176333333344
 20
504.8518111111107
 10
839.1158111111122
 20
504.8518111111107
 10
847.1168111111122
 20
504.8927333333329
 10
855.117811111112
 20
504.8927333333329
 10
863.1159888888898
 20
504.93224444444405
 10
871.1169888888898
 20
504.93224444444405
 10
879.1179888888897
 20
504.97175555555515
 10
887.1161666666675
 20
504.97175555555515
 10
895.1171666666675
 20
505.0112666666663
 10
903.1181666666674
 20
505.0112666666663
 10
911.1163444444452
 20
505.05077777777745
 10
919.117344444445
 20
505.0902888888886
 10
927.118344444445
 20
505.0902888888886
 10
935.1165222222228
 20
505.1297999999997
 10
943.1175222222228
 20
505.16931111111086
 10
951.1185222222227
 20
505.208822222222
 10
959.1167000000005
 20
505.24833333333316
 10
967.1177000000005
 20
505.28784444444426
 10
975.1187000000003
 20
505.3273555555554
 10
983.1168777777782
 20
505.4077888888888
 10
991.1178777777781
 20
505.4472999999999
 10
999.118877777778
 20
505.5277333333333
 10
1007.1170555555558
 20
505.56724444444444
 10
1015.1180555555558
 20
505.64767777777774
 10
1023.1190555555557
 20
505.7281111111111
 10
1031.1172333333336
 20
505.84805555555556
 10
1039.1182333333334
 20
505.96799999999996
 10
1047.1192333333333
 20
506.08794444444436
 10
1055.117411111111
 20
506.2473999999999
 10
1063.118411111111
 20
506.4491888888888
 10
1071.119411111111
 20
506.64956666666654
 10
1071.119411111111
 20
508.25117777777774
 97
0
 75
1
 76
1
 98
0
  0
HATCH
  5
260
330
17
100
AcDbEntity
  8
CENTER
 62
7
420
0
100
AcDbHatch
 10
0.0
 20
0.0
 30
0.0
210
0.0
220
0.0
230
1.0
  2
SOLID
 70
1
 71
0
 91
1
 92
3
 72
0
 73
1
 93
63
 10
1071.119411111111
 20
505.05077777777774
 10
1063.118411111111
 20
504.97034444444444
 10
1055.117411111111
 20
504.9308333333333
 10
1047.1192333333333
 20
504.8489888888888
 10
1039.1182333333334
 20
504.8094777777777
 10
1031.1172333333336
 20
504.76996666666656
 10
1023.1190555555557
 20
504.7304555555554
 10
1015.1180555555558
 20
504.7304555555554
 10
1007.1170555555558
 20
504.69094444444426
 10
999.118877777778
 20
504.69094444444426
 10
991.1178777777781
 20
504.65143333333316
 10
983.1168777777782
 20
504.65143333333316
 10
975.1187000000003
 20
504.611922222222
 10
967.1177000000005
 20
504.611922222222
 10
959.1167000000005
 20
504.57241111111085
 10
951.1185222222227
 20
504.57241111111085
 10
943.1175222222228
 20
504.57241111111085
 10
935.1165222222228
 20
504.5328999999997
 10
927.118344444445
 20
504.5328999999997
 10
919.117344444445
 20
504.5328999999997
 10
911.1163444444452
 20
504.5328999999997
 10
903.1181666666674
 20
504.4933888888886
 10
895.1171666666675
 20
504.4933888888886
 10
887.1161666666675
 20
504.4933888888886
 10
879.1179888888897
 20
504.4933888888886
 10
871.1169888888898
 20
504.4933888888886
 10
863.1159888888898
 20
504.4933888888886
 10
855.117811111112
 20
504.45387777777745
 10
847.1168111111122
 20
504.45387777777745
 10
839.1158111111122
 20
504.45387777777745
 10
831.1176333333344
 20
504.45387777777745
 10
831.1176333333344
 20
504.054533333333
 10
839.1158111111122
 20
504.054533333333
 10
847.1168111111122
 20
504.054533333333
 10
855.117811111112
 20
504.054533333333
 10
863.1159888888898
 20
504.01502222222183
 10
871.1169888888898
 20
504.01502222222183
 10
879.1179888888897
 20
504.01502222222183
 10
887.1161666666675
 20
504.01502222222183
 10
895.1171666666675
 20
504.01502222222183
 10
903.1181666666674
 20
504.01502222222183
 10
911.1163444444452
 20
503.9755111111107
 10
919.117344444445
 20
503.9755111111107
 10
927.118344444445
 20
503.9755111111107
 10
935.1165222222228
 20
503.9755111111107
 10
943.1175222222228
 20
503.9359999999996
 10
951.1185222222227
 20
503.9359999999996
 10
959.1167000000005
 20
503.9359999999996
 10
967.1177000000005
 20
503.8964888888884
 10
975.1187000000003
 20
503.8964888888884
 10
983.1168777777782
 20
503.8569777777773
 10
991.1178777777781
 20
503.8569777777773
 10
999.118877777778
 20
503.8174666666661
 10
1007.1170555555558
 20
503.8174666666661
 10
1015.1180555555558
 20
503.777955555555
 10
1023.1190555555557
 20
503.73844444444387
 10
1031.1172333333336
 20
503.73844444444387
 10
1039.1182333333334
 20
503.6989333333327
 10
1047.1192333333333
 20
503.65942222222156
 10
1055.117411111111
 20
503.5789888888882
 10
1063.118411111111
 20
503.5394777777771
 10
1071.119411111111
 20
503.45904444444375
 10
1071.119411111111
 20
505.05077777777774
 97
0
 75
1
 76
1
 98
0
  0
HATCH
  5
261
330
17
100
AcDbEntity
  8
CENTER
 62
7
420
0
100
AcDbHatch
 10
0.0
 20
0.0
 30
0.0
210
0.0
220
0.0
230
1.0
  2
SOLID
 70
1
 71
0
 91
1
 92
3
 72
0
 73
1
 93
63
 10
1071.119411111111
 20
501.8517888888888
 10
1063.118411111111
 20
502.05216666666655
 10
1055.117411111111
 20
502.25254444444437
 10
1047.1192333333333
 20
502.4119999999999
 10
1039.1182333333334
 20
502.5319444444443
 10
1031.1172333333336
 20
502.6518888888887
 10
1023.1190555555557
 20
502.7323222222221
 10
1015.1180555555558
 20
502.8522666666665
 10
1007.1170555555558
 20
502.93269999999984
 10
999.118877777778
 20
502.972211111111
 10
991.1178777777781
 20
503.05264444444435
 10
983.1168777777782
 20
503.0921555555555
 10
975.1187000000003
 20
503.17258888888887
 10
967.1177000000005
 20
503.2121
 10
959.1167000000005
 20
503.2516111111111
 10
951.1185222222227
 20
503.29112222222227
 10
943.1175222222228
 20
503.3306333333334
 10
935.1165222222228
 20
503.3701444444446
 10
927.118344444445
 20
503.4110666666668
 10
919.117344444445
 20
503.4110666666668
 10
911.1163444444452
 20
503.4505777777779
 10
903.1181666666674
 20
503.49008888888903
 10
895.1171666666675
 20
503.49008888888903
 10
887.1161666666675
 20
503.5296000000002
 10
879.1179888888897
 20
503.5296000000002
 10
871.1169888888898
 20
503.56911111111134
 10
863.1159888888898
 20
503.56911111111134
 10
855.117811111112
 20
503.60862222222244
 10
847.1168111111122
 20
503.60862222222244
 10
839.1158111111122
 20
503.6481333333336
 10
831.1176333333344
 20
503.6481333333336
 10
831.1176333333344
 20
503.24737777777807
 10
839.1158111111122
 20
503.2078666666669
 10
847.1168111111122
 20
503.2078666666669
 10
855.117811111112
 20
503.16835555555576
 10
863.1159888888898
 20
503.12884444444467
 10
871.1169888888898
 20
503.0893333333335
 10
879.1179888888897
 20
503.0893333333335
 10
887.1161666666675
 20
503.04982222222236
 10
895.1171666666675
 20
503.0103111111112
 10
903.1181666666674
 20
502.9708000000001
 10
911.1163444444452
 20
502.93128888888896
 10
919.117344444445
 20
502.8917777777778
 10
927.118344444445
 20
502.81134444444444
 10
935.1165222222228
 20
502.7718333333333
 10
943.1175222222228
 20
502.7323222222222
 10
951.1185222222227
 20
502.65188888888883
 10
959.1167000000005
 20
502.5714555555555
 10
967.1177000000005
 20
502.5319444444443
 10
975.1187000000003
 20
502.45151111111096
 10
983.1168777777782
 20
502.33156666666656
 10
991.1178777777781
 20
502.2511333333332
 10
999.118877777778
 20
502.1311888888888
 10
1007.1170555555558
 20
502.01124444444434
 10
1015.1180555555558
 20
501.8898888888888
 10
1023.1190555555557
 20
501.7304333333332
 10
1031.1172333333336
 20
501.57097777777767
 10
1039.1182333333334
 20
501.4115222222221
 10
1047.1192333333333
 20
501.1716333333332
 10
1055.117411111111
 20
500.9317444444443
 10
1063.118411111111
 20
500.61142222222213
 10
1071.119411111111
 20
500.2501777777777
 10
1071.119411111111
 20
501.8517888888888
 97
0
 75
1
 76
1
 98
0
  0
HATCH
  5
262
330
17
100
AcDbEntity
  8
CENTER
 62
7
420
0
100
AcDbHatch
 10
0.0
 20
0.0
 30
0.0
210
0.0
220
0.0
230
1.0
  2
SOLID
 70
1
 71
0
 91
1
 92
3
 72
0
 73
1
 93
63
 10
1071.119411111111
 20
498.6499777777778
 10
1063.118411111111
 20
499.1706777777778
 10
1055.117411111111
 20
499.5700222222223
 10
1047.1192333333333
 20
499.9298555555556
 10
1039.1182333333334
 20
500.25017777777776
 10
1031.1172333333336
 20
500.53098888888894
 10
1023.1190555555557
 20
500.7313666666667
 10
1015.1180555555558
 20
500.9712555555556
 10
1007.1170555555558
 20
501.13071111111117
 10
999.118877777778
 20
501.2901666666667
 10
991.1178777777781
 20
501.4496222222223
 10
983.1168777777782
 20
501.5695666666667
 10
975.1187000000003
 20
501.6895111111111
 10
967.1177000000005
 20
501.80945555555553
 10
959.1167000000005
 20
501.9308111111111
 10
951.1185222222227
 20
502.01124444444446
 10
943.1175222222228
 20
502.0916777777778
 10
935.1165222222228
 20
502.1721111111112
 10
927.118344444445
 20
502.2525444444445
 10
919.117344444445
 20
502.33297777777784
 10
911.1163444444452
 20
502.372488888889
 10
903.1181666666674
 20
502.45292222222236
 10
895.1171666666675
 20
502.4924333333335
 10
887.1161666666675
 20
502.57286666666687
 10
879.1179888888897
 20
502.612377777778
 10
871.1169888888898
 20
502.6518888888891
 10
863.1159888888898
 20
502.69140000000027
 10
855.117811111112
 20
502.7309111111114
 10
847.1168111111122
 20
502.7704222222226
 10
839.1158111111122
 20
502.8099333333337
 10
831.1176333333344
 20
502.8494444444448
 10
831.1176333333344
 20
502.45010000000036
 10
839.1158111111122
 20
502.4105888888892
 10
847.1168111111122
 20
502.3710777777781
 10
855.117811111112
 20
502.29064444444475
 10
863.1159888888898
 20
502.2511333333336
 10
871.1169888888898
 20
502.21162222222245
 10
879.1179888888897
 20
502.1311888888891
 10
887.1161666666675
 20
502.0507555555557
 10
895.1171666666675
 20
502.01124444444457
 10
903.1181666666674
 20
501.93081111111127
 10
911.1163444444452
 20
501.8503777777779
 10
919.117344444445
 20
501.76853333333344
 10
927.118344444445
 20
501.6881000000001
 10
935.1165222222228
 20
501.5681555555557
 10
943.1175222222228
 20
501.4877222222223
 10
951.1185222222227
 20
501.3677777777779
 10
959.1167000000005
 20
501.2478333333335
 10
967.1177000000005
 20
501.12788888888906
 10
975.1187000000003
 20
500.9684333333335
 10
983.1168777777782
 20
500.80897777777795
 10
991.1178777777781
 20
500.6495222222224
 10
999.118877777778
 20
500.44914444444464
 10
1007.1170555555558
 20
500.24735555555577
 10
1015.1180555555558
 20
500.00746666666686
 10
1023.1190555555557
 20
499.7280666666669
 10
1031.1172333333336
 20
499.44866666666695
 10
1039.1182333333334
 20
499.08883333333364
 10
1047.1192333333333
 20
498.7275888888892
 10
1055.117411111111
 20
498.24781111111145
 10
1063.118411111111
 20
497.6890111111114
 10
1071.119411111111
 20
497.048366666667
 10
1071.119411111111
 20
498.6499777777778
 97
0
 75
1
 76
1
 98
0
  0
HATCH
  5
263
330
17
100
AcDbEntity
  8
CENTER
 62
7
420
0
100
AcDbHatch
 10
0.0
 20
0.0
 30
0.0
210
0.0
220
0.0
230
1.0
  2
SOLID
 70
1
 71
0
 91
1
 92
3
 72
0
 73
1
 93
64
 10
1071.119411111111
 20
495.44957777777773
 10
1063.118411111111
 20
496.2496777777777
 10
1055.117411111111
 20
496.9284222222222
 10
1047.1192333333333
 20
497.48863333333327
 10
1039.1182333333334
 20
497.96841111111104
 10
1031.1172333333336
 20
498.3677555555555
 10
1023.1190555555557
 20
498.7275888888888
 10
1015.1180555555558
 20
499.0888333333332
 10
1007.1170555555558
 20
499.3682333333332
 10
999.118877777778
 20
499.6081222222221
 10
991.1178777777781
 20
499.848011111111
 10
983.1168777777782
 20
500.0483888888888
 10
975.1187000000003
 20
500.24876666666654
 10
967.1177000000005
 20
500.4082222222221
 10
959.1167000000005
 20
500.56908888888876
 10
951.1185222222227
 20
500.7285444444443
 10
943.1175222222228
 20
500.8484888888887
 10
935.1165222222228
 20
501.00794444444426
 10
927.118344444445
 20
501.0883777777776
 10
919.117344444445
 20
501.208322222222
 10
911.1163444444452
 20
501.3282666666664
 10
903.1181666666674
 20
501.4086999999998
 10
895.1171666666675
 20
501.48913333333314
 10
887.1161666666675
 20
501.5695666666665
 10
879.1194
 20
501.65
 10
871.1184000000001
 20
501.73043333333334
 10
863.1174000000001
 20
501.81086666666664
 10
855.1192222222223
 20
501.8913
 10
847.1182222222224
 20
501.93222222222226
 10
839.1172222222224
 20
502.0126555555556
 10
831.1190444444446
 20
502.0521666666667
 10
831.1190444444446
 20
501.65
 10
839.1172222222224
 20
501.5695666666666
 10
847.1182222222224
 20
501.53005555555546
 10
855.1192222222223
 20
501.4496222222221
 10
863.1174000000001
 20
501.36918888888874
 10
871.1184000000001
 20
501.2887555555554
 10
879.1194
 20
501.208322222222
 10
887.1175777777778
 20
501.0883777777776
 10
895.1185777777777
 20
501.00794444444426
 10
903.1195777777776
 20
500.88799999999986
 10
911.1177555555554
 20
500.7680555555554
 10
919.1187555555554
 20
500.648111111111
 10
927.1197555555553
 20
500.5281666666666
 10
935.1179333333331
 20
500.40681111111104
 10
943.1189333333331
 20
500.2473555555555
 10
951.1199333333329
 20
500.08789999999993
 10
959.1181111111108
 20
499.9284444444444
 10
967.1191111111107
 20
499.72806666666656
 10
975.1201111111106
 20
499.5276888888888
 10
983.1182888888884
 20
499.2877999999999
 10
991.1192888888884
 20
499.047911111111
 10
999.1202888888884
 20
498.76709999999986
 10
1007.1184666666661
 20
498.4876999999999
 10
1015.1194666666661
 20
498.1278666666666
 10
1023.120466666666
 20
497.7285222222221
 10
1031.1186444444438
 20
497.32776666666655
 10
1039.1196444444438
 20
496.8084777777777
 10
1047.1206444444438
 20
496.24967777777766
 10
1055.1188222222215
 20
495.5695222222221
 10
1063.1198222222215
 20
494.81034444444424
 10
1071.1208222222212
 20
493.84937777777765
 10
1071.1208222222212
 20
495.44957777777773
 10
1071.119411111111
 20
495.44957777777773
 97
0
 75
1
 76
1
 98
0
  0
HATCH
  5
264
330
17
100
AcDbEntity
  8
CENTER
 62
7
420
0
100
AcDbHatch
 10
0.0
 20
0.0
 30
0.0
210
0.0
220
0.0
230
1.0
  2
SOLID
 70
1
 71
0
 91
1
 92
3
 72
0
 73
1
 93
63
 10
1071.119411111111
 20
492.25058888888884
 10
1063.118411111111
 20
493.33008888888884
 10
1055.117411111111
 20
494.24872222222217
 10
1047.1192333333333
 20
495.00931111111106
 10
1039.1182333333334
 20
495.6880555555555
 10
1031.1172333333336
 20
496.24826666666655
 10
1023.1190555555557
 20
496.7280444444443
 10
1015.1180555555558
 20
497.20782222222203
 10
1007.1170555555558
 20
497.56906666666646
 10
999.118877777778
 20
497.92889999999977
 10
991.1178777777781
 20
498.249222222222
 10
983.1168777777782
 20
498.52862222222194
 10
975.1187000000003
 20
498.80802222222195
 10
967.1177000000005
 20
499.0493222222219
 10
959.1167000000005
 20
499.2496999999997
 10
951.1185222222227
 20
499.45007777777744
 10
943.1175222222228
 20
499.65045555555525
 10
935.1165222222228
 20
499.8099111111108
 10
927.118344444445
 20
499.96936666666636
 10
919.117344444445
 20
500.1288222222219
 10
911.1163444444452
 20
500.2487666666663
 10
903.1181666666674
 20
500.3701222222219
 10
895.1171666666675
 20
500.4900666666663
 10
887.1161666666675
 20
500.61001111111074
 10
879.1179888888897
 20
500.72995555555514
 10
871.1169888888898
 20
500.8103888888885
 10
863.1159888888898
 20
500.9303333333329
 10
855.117811111112
 20
501.01076666666626
 10
847.1168111111122
 20
501.0911999999996
 10
839.1158111111122
 20
501.171633333333
 10
831.1176333333344
 20
501.25206666666634
 10
831.1176333333344
 20
500.85272222222187
 10
839.1158111111122
 20
500.7722888888885
 10
847.1168111111122
 20
500.69185555555515
 10
855.117811111112
 20
500.57191111111075
 10
863.1159888888898
 20
500.4914777777774
 10
871.1169888888898
 20
500.37153333333293
 10
879.1179888888897
 20
500.25017777777737
 10
887.1161666666675
 20
500.13023333333297
 10
895.1171666666675
 20
500.01028888888857
 10
903.1181666666674
 20
499.850833333333
 10
911.1163444444452
 20
499.73088888888856
 10
919.117344444445
 20
499.571433333333
 10
927.118344444445
 20
499.41197777777745
 10
935.1165222222228
 20
499.2115999999997
 10
943.1175222222228
 20
499.01122222222193
 10
951.1185222222227
 20
498.80943333333306
 10
959.1167000000005
 20
498.56954444444415
 10
967.1177000000005
 20
498.32965555555523
 10
975.1187000000003
 20
498.0502555555553
 10
983.1168777777782
 20
497.77085555555533
 10
991.1178777777781
 20
497.4505333333331
 10
999.118877777778
 20
497.08928888888875
 10
1007.1170555555558
 20
496.6899444444443
 10
1015.1180555555558
 20
496.24967777777755
 10
1023.1190555555557
 20
495.7289777777775
 10
1031.1172333333336
 20
495.1701777777775
 10
1039.1182333333334
 20
494.53094444444423
 10
1047.1192333333333
 20
493.77035555555534
 10
1055.117411111111
 20
492.9307444444442
 10
1063.118411111111
 20
491.8921666666664
 10
1071.119411111111
 20
490.65179999999975
 10
1071.119411111111
 20
492.25058888888884
 97
0
 75
1
 76
1
 98
0
  0
TEXT
  5
265
330
17
100
AcDbEntity
  8
LABELS
 62
250
100
AcDbText
 10
1050.7734466666666
 20
443.5291555555555
 30
0.0
 40
16.93333333333333
  1
6
 11
1050.7734466666666
 21
443.5291555555555
 31
0.0
100
AcDbText
  0
TEXT
  5
266
330
17
100
AcDbEntity
  8
LABELS
 62
250
100
AcDbText
 10
854.4305999999998
 20
453.47579555555546
 30
0.0
 40
16.93333333333333
  1
18
 11
854.4305999999998
 21
453.47579555555546
 31
0.0
100
AcDbText
  0
TEXT
  5
267
330
17
100
AcDbEntity
  8
LABELS
 62
250
100
AcDbText
 10
886.4313544444444
 20
452.70547
 30
0.0
 40
16.93333333333333
  1
16
 11
886.4313544444444
 21
452.70547
 31
0.0
100
AcDbText
  0
TEXT
  5
268
330
17
100
AcDbEntity
  8
LABELS
 62
250
100
AcDbText
 10
918.4321088888888
 20
452.24530666666664
 30
0.0
 40
16.93333333333333
  1
14
 11
918.4321088888888
 21
452.24530666666664
 31
0.0
100
AcDbText
  0
TEXT
  5
269
330
17
100
AcDbEntity
  8
LABELS
 62
250
100
AcDbText
 10
950.4301822222221
 20
450.47591444444436
 30
0.0
 40
16.93333333333333
  1
12
 11
950.4301822222221
 21
450.47591444444436
 31
0.0
100
AcDbText
  0
TEXT
  5
26A
330
17
100
AcDbEntity
  8
LABELS
 62
250
100
AcDbText
 10
982.4309366666666
 20
448.70779222222217
 30
0.0
 40
16.93333333333333
  1
10
 11
982.4309366666666
 21
448.70779222222217
 31
0.0
100
AcDbText
  0
TEXT
  5
26B
330
17
100
AcDbEntity
  8
LABELS
 62
250
100
AcDbText
 10
1018.7753733333333
 20
447.0155877777777
 30
0.0
 40
16.93333333333333
  1
8
 11
1018.7753733333333
 21
447.0155877777777
 31
0.0
100
AcDbText
  0
LWPOLYLINE
  5
26C
330
17
100
AcDbEntity
  8
PERIPHERY
370
25
420
0
100
AcDbPolyline
 90
2
 70
0
 43
1.9999677777777776
 10
195.1157444444444
 20
600.2513888888889
 10
207.11583333333328
 20
600.2513888888889
  0
LWPOLYLINE
  5
26D
330
17
100
AcDbEntity
  8
PERIPHERY
370
25
420
0
100
AcDbPolyline
 90
2
 70
0
 43
1.9999677777777776
 10
195.1157444444444
 20
624.2501555555555
 10
207.11583333333328
 20
624.2501555555555
  0
LWPOLYLINE
  5
26E
330
17
100
AcDbEntity
  8
PERIPHERY
370
25
420
0
100
AcDbPolyline
 90
2
 70
0
 43
1.9999677777777776
 10
195.1157444444444
 20
648.2503333333333
 10
207.11583333333328
 20
648.2503333333333
  0
LWPOLYLINE
  5
26F
330
17
100
AcDbEntity
  8
PERIPHERY
370
25
420
0
100
AcDbPolyline
 90
2
 70
0
 43
1.9999677777777776
 10
195.1157444444444
 20
672.2505111111111
 10
207.11583333333328
 20
672.2505111111111
  0
HATCH
  5
270
330
17
100
AcDbEntity
  8
PERIPHERY
 62
7
420
0
100
AcDbHatch
 10
0.0
 20
0.0
 30
0.0
210
0.0
220
0.0
230
1.0
  2
SOLID
 70
1
 71
0
 91
1
 92
3
 72
0
 73
1
 93
23
 10
217.5143111111111
 20
576.251211111111
 10
218.75467777777774
 20
588.2513
 10
219.79466666666664
 20
600.2513888888889
 10
220.63427777777775
 20
612.2514777777778
 10
221.39486666666662
 20
624.2515666666667
 10
222.03409999999994
 20
636.2516555555555
 10
222.63523333333328
 20
648.2517444444445
 10
223.11501111111104
 20
660.2518333333334
 10
223.5566888888888
 20
672.2519222222221
 10
223.95603333333324
 20
684.2520111111111
 10
224.31586666666655
 20
696.2521
 10
225.11596666666657
 20
696.2521
 10
224.79564444444435
 20
684.2520111111111
 10
224.4343999999999
 20
672.2519222222221
 10
224.07456666666658
 20
660.2518333333334
 10
223.63429999999988
 20
648.2517444444445
 10
223.1135999999999
 20
636.2516555555555
 10
222.55479999999991
 20
624.2515666666667
 10
221.87464444444436
 20
612.2514777777778
 10
221.11546666666658
 20
600.2513888888889
 10
220.19683333333322
 20
588.2513
 10
219.1159222222221
 20
576.251211111111
 10
217.5143111111111
 20
576.251211111111
 97
0
 75
1
 76
1
 98
0
  0
HATCH
  5
271
330
17
100
AcDbEntity
  8
PERIPHERY
 62
7
420
0
100
AcDbHatch
 10
0.0
 20
0.0
 30
0.0
210
0.0
220
0.0
230
1.0
  2
SOLID
 70
1
 71
0
 91
1
 92
3
 72
0
 73
1
 93
23
 10
220.7147111111111
 20
576.251211111111
 10
221.67708888888885
 20
588.2513
 10
222.43626666666665
 20
600.2513888888889
 10
223.1150111111111
 20
612.2514777777778
 10
223.67381111111106
 20
624.2515666666667
 10
224.19451111111107
 20
636.2516555555555
 10
224.63618888888882
 20
648.2517444444445
 10
224.99461111111103
 20
660.2518333333334
 10
225.35585555555548
 20
672.2519222222221
 10
225.6352555555555
 20
684.2520111111111
 10
225.9146555555555
 20
696.2521
 10
226.7133444444444
 20
696.2521
 10
226.47345555555552
 20
684.2520111111111
 10
226.23356666666666
 20
672.2519222222221
 10
225.95416666666665
 20
660.2518333333334
 10
225.6338444444444
 20
648.2517444444445
 10
225.2330888888889
 20
636.2516555555555
 10
224.83374444444445
 20
624.2515666666667
 10
224.35396666666668
 20
612.2514777777778
 10
223.7951666666667
 20
600.2513888888889
 10
223.11501111111113
 20
588.2513
 10
222.31632222222223
 20
576.251211111111
 10
220.7147111111111
 20
576.251211111111
 97
0
 75
1
 76
1
 98
0
  0
HATCH
  5
272
330
17
100
AcDbEntity
  8
PERIPHERY
 62
7
420
0
100
AcDbHatch
 10
0.0
 20
0.0
 30
0.0
210
0.0
220
0.0
230
1.0
  2
SOLID
 70
1
 71
0
 91
1
 92
3
 72
0
 73
1
 93
23
 10
223.9151111111111
 20
576.251211111111
 10
224.55575555555555
 20
588.2513
 10
225.11455555555554
 20
600.2513888888889
 10
225.5943333333333
 20
612.2514777777778
 10
225.95416666666665
 20
624.2515666666667
 10
226.31399999999996
 20
636.2516555555555
 10
226.6343222222222
 20
648.2517444444445
 10
226.87562222222218
 20
660.2518333333334
 10
227.11551111111106
 20
672.2519222222221
 10
227.31588888888882
 20
684.2520111111111
 10
227.51767777777772
 20
696.2521
 10
228.31636666666662
 20
696.2521
 10
228.15691111111107
 20
684.2520111111111
 10
227.99745555555552
 20
672.2519222222221
 10
227.83799999999994
 20
660.2518333333334
 10
227.63621111111107
 20
648.2517444444445
 10
227.39632222222218
 20
636.2516555555555
 10
227.11692222222217
 20
624.2515666666667
 10
226.79659999999996
 20
612.2514777777778
 10
226.4367666666666
 20
600.2513888888889
 10
226.0374222222222
 20
588.2513
 10
225.5167222222222
 20
576.251211111111
 10
223.9151111111111
 20
576.251211111111
 97
0
 75
1
 76
1
 98
0
  0
HATCH
  5
273
330
17
100
AcDbEntity
  8
PERIPHERY
 62
7
420
0
100
AcDbHatch
 10
0.0
 20
0.0
 30
0.0
210
0.0
220
0.0
230
1.0
  2
SOLID
 70
1
 71
0
 91
1
 92
3
 72
0
 73
1
 93
23
 10
227.1155111111111
 20
576.251211111111
 10
227.47534444444443
 20
588.2513
 10
227.79566666666665
 20
600.2513888888889
 10
228.03555555555553
 20
612.2514777777778
 10
228.2754444444444
 20
624.2515666666667
 10
228.43631111111108
 20
636.2516555555555
 10
228.63668888888884
 20
648.2517444444445
 10
228.7566333333333
 20
660.2518333333334
 10
228.87657777777775
 20
672.2519222222221
 10
228.99793333333332
 20
684.2520111111111
 10
229.11646666666667
 20
696.2521
 10
229.91656666666668
 20
696.2521
 10
229.83613333333335
 20
684.2520111111111
 10
229.79662222222225
 20
672.2519222222221
 10
229.71618888888895
 20
660.2518333333334
 10
229.63575555555562
 20
648.2517444444445
 10
229.51440000000005
 20
636.2516555555555
 10
229.3958666666667
 20
624.2515666666667
 10
229.27451111111114
 20
612.2514777777778
 10
229.11505555555559
 20
600.2513888888889
 10
228.91467777777783
 20
588.2513
 10
228.71430000000004
 20
576.251211111111
 10
227.1155111111111
 20
576.251211111111
 97
0
 75
1
 76
1
 98
0
  0
HATCH
  5
274
330
17
100
AcDbEntity
  8
PERIPHERY
 62
7
420
0
100
AcDbHatch
 10
0.0
 20
0.0
 30
0.0
210
0.0
220
0.0
230
1.0
  2
SOLID
 70
1
 71
0
 91
1
 92
3
 72
0
 73
1
 93
23
 10
230.31449999999998
 20
576.251211111111
 10
230.3949333333333
 20
588.2513
 10
230.4344444444444
 20
600.2513888888889
 10
230.5148777777777
 20
612.2514777777778
 10
230.55579999999992
 20
624.2515666666667
 10
230.5938999999999
 20
636.2516555555555
 10
230.63482222222214
 20
648.2517444444445
 10
230.63482222222214
 20
660.2518333333334
 10
230.67292222222213
 20
672.2519222222221
 10
230.67292222222213
 20
684.2520111111111
 10
230.71384444444433
 20
696.2521
 10
231.5125333333332
 20
696.2521
 10
231.55204444444433
 20
684.2520111111111
 10
231.55204444444433
 20
672.2519222222221
 10
231.59155555555543
 20
660.2518333333334
 10
231.63106666666653
 20
648.2517444444445
 10
231.63106666666653
 20
636.2516555555555
 10
231.67057777777762
 20
624.2515666666667
 10
231.71008888888872
 20
612.2514777777778
 10
231.79052222222202
 20
600.2513888888889
 10
231.83003333333315
 20
588.2513
 10
231.91046666666645
 20
576.251211111111
 10
230.31449999999998
 20
576.251211111111
 97
0
 75
1
 76
1
 98
0
  0
HATCH
  5
275
330
17
100
AcDbEntity
  8
PERIPHERY
 62
7
420
0
100
AcDbHatch
 10
0.0
 20
0.0
 30
0.0
210
0.0
220
0.0
230
1.0
  2
SOLID
 70
1
 71
0
 91
1
 92
3
 72
0
 73
1
 93
23
 10
233.5163111111111
 20
576.251211111111
 10
233.31452222222222
 20
588.2513
 10
233.11414444444443
 20
600.2513888888889
 10
232.95468888888888
 20
612.2514777777778
 10
232.83474444444442
 20
624.2515666666667
 10
232.71338888888886
 20
636.2516555555555
 10
232.63295555555555
 20
648.2517444444445
 10
232.5144222222222
 20
660.2518333333334
 10
232.43398888888888
 20
672.2519222222221
 10
232.39306666666667
 20
684.2520111111111
 10
232.31263333333337
 20
696.2521
 10
233.11273333333335
 20
696.2521
 10
233.2326777777778
 20
684.2520111111111
 10
233.35262222222227
 20
672.2519222222221
 10
233.47256666666672
 20
660.2518333333334
 10
233.63202222222228
 20
648.2517444444445
 10
233.79147777777783
 20
636.2516555555555
 10
233.95093333333338
 20
624.2515666666667
 10
234.19082222222227
 20
612.2514777777778
 10
234.43212222222226
 20
600.2513888888889
 10
234.75244444444448
 20
588.2513
 10
235.11227777777782
 20
576.251211111111
 10
233.5163111111111
 20
576.251211111111
 97
0
 75
1
 76
1
 98
0
  0
HATCH
  5
276
330
17
100
AcDbEntity
  8
PERIPHERY
 62
7
420
0
100
AcDbHatch
 10
0.0
 20
0.0
 30
0.0
210
0.0
220
0.0
230
1.0
  2
SOLID
 70
1
 71
0
 91
1
 92
3
 72
0
 73
1
 93
23
 10
236.71529999999998
 20
576.251211111111
 10
236.19459999999998
 20
588.2513
 10
235.79525555555557
 20
600.2513888888889
 10
235.43401111111112
 20
612.2514777777778
 10
235.11368888888887
 20
624.2515666666667
 10
234.83428888888886
 20
636.2516555555555
 10
234.6339111111111
 20
648.2517444444445
 10
234.39402222222225
 20
660.2518333333334
 10
234.23456666666667
 20
672.2519222222221
 10
234.0751111111111
 20
684.2520111111111
 10
233.91565555555556
 20
696.2521
 10
234.71434444444446
 20
696.2521
 10
234.91472222222222
 20
684.2520111111111
 10
235.1151
 20
672.2519222222221
 10
235.35498888888887
 20
660.2518333333334
 10
235.63580000000002
 20
648.2517444444445
 10
235.91520000000003
 20
636.2516555555555
 10
236.27503333333334
 20
624.2515666666667
 10
236.6362777777778
 20
612.2514777777778
 10
237.11605555555556
 20
600.2513888888889
 10
237.67485555555555
 20
588.2513
 10
238.31408888888888
 20
576.251211111111
 10
236.71529999999998
 20
576.251211111111
 97
0
 75
1
 76
1
 98
0
  0
HATCH
  5
277
330
17
100
AcDbEntity
  8
PERIPHERY
 62
7
420
0
100
AcDbHatch
 10
0.0
 20
0.0
 30
0.0
210
0.0
220
0.0
230
1.0
  2
SOLID
 70
1
 71
0
 91
1
 92
3
 72
0
 73
1
 93
23
 10
239.9157
 20
576.251211111111
 10
239.11559999999997
 20
588.2513
 10
238.43685555555555
 20
600.2513888888889
 10
237.87664444444445
 20
612.2514777777778
 10
237.39686666666665
 20
624.2515666666667
 10
236.9961111111111
 20
636.2516555555555
 10
236.6376888888889
 20
648.2517444444445
 10
236.27644444444445
 20
660.2518333333334
 10
235.99704444444444
 20
672.2519222222221
 10
235.75715555555558
 20
684.2520111111111
 10
235.5158555555556
 20
696.2521
 10
236.3159555555556
 20
696.2521
 10
236.5953555555556
 20
684.2520111111111
 10
236.87616666666673
 20
672.2519222222221
 10
237.23458888888894
 20
660.2518333333334
 10
237.63534444444448
 20
648.2517444444445
 10
238.03610000000003
 20
636.2516555555555
 10
238.5539777777778
 20
624.2515666666667
 10
239.1141888888889
 20
612.2514777777778
 10
239.79293333333334
 20
600.2513888888889
 10
240.5535222222222
 20
588.2513
 10
241.51307777777777
 20
576.251211111111
 10
239.9157
 20
576.251211111111
 97
0
 75
1
 76
1
 98
0
  0
HATCH
  5
278
330
17
100
AcDbEntity
  8
PERIPHERY
 62
7
420
0
100
AcDbHatch
 10
0.0
 20
0.0
 30
0.0
210
0.0
220
0.0
230
1.0
  2
SOLID
 70
1
 71
0
 91
1
 92
3
 72
0
 73
1
 93
23
 10
243.1161
 20
576.251211111111
 10
242.03518888888888
 20
588.2513
 10
241.11514444444447
 20
600.2513888888889
 10
240.35596666666666
 20
612.2514777777778
 10
239.67722222222224
 20
624.2515666666667
 10
239.11701111111114
 20
636.2516555555555
 10
238.63582222222223
 20
648.2517444444445
 10
238.15604444444446
 20
660.2518333333334
 10
237.79621111111112
 20
672.2519222222221
 10
237.4363777777778
 20
684.2520111111111
 10
237.11605555555556
 20
696.2521
 10
237.91474444444447
 20
696.2521
 10
238.27598888888892
 20
684.2520111111111
 10
238.67533333333333
 20
672.2519222222221
 10
239.11560000000003
 20
660.2518333333334
 10
239.6348888888889
 20
648.2517444444445
 10
240.1936888888889
 20
636.2516555555555
 10
240.83433333333335
 20
624.2515666666667
 10
241.59351111111113
 20
612.2514777777778
 10
242.43453333333335
 20
600.2513888888889
 10
243.47452222222225
 20
588.2513
 10
244.71488888888888
 20
576.251211111111
 10
243.1161
 20
576.251211111111
 97
0
 75
1
 76
1
 98
0
  0
LWPOLYLINE
  5
279
330
17
100
AcDbEntity
  8
PERIPHERY
370
25
420
0
100
AcDbPolyline
 90
2
 70
0
 43
1.9999677777777776
 10
335.1191333333333
 20
668.2584777777777
 10
335.1191333333333
 20
680.2585666666665
  0
LWPOLYLINE
  5
27A
330
17
100
AcDbEntity
  8
PERIPHERY
370
25
420
0
100
AcDbPolyline
 90
2
 70
0
 43
1.9999677777777776
 10
311.12036666666665
 20
668.2584777777777
 10
311.12036666666665
 20
680.2585666666665
  0
LWPOLYLINE
  5
27B
330
17
100
AcDbEntity
  8
PERIPHERY
370
25
420
0
100
AcDbPolyline
 90
2
 70
0
 43
1.9999677777777776
 10
287.1201888888889
 20
668.2584777777777
 10
287.1201888888889
 20
680.2585666666665
  0
LWPOLYLINE
  5
27C
330
17
100
AcDbEntity
  8
PERIPHERY
370
25
420
0
100
AcDbPolyline
 90
2
 70
0
 43
1.9999677777777776
 10
263.12001111111107
 20
668.2584777777777
 10
263.12001111111107
 20
680.2585666666665
  0
HATCH
  5
27D
330
17
100
AcDbEntity
  8
PERIPHERY
 62
7
420
0
100
AcDbHatch
 10
0.0
 20
0.0
 30
0.0
210
0.0
220
0.0
230
1.0
  2
SOLID
 70
1
 71
0
 91
1
 92
3
 72
0
 73
1
 93
23
 10
359.1193111111111
 20
690.6570444444444
 10
347.1192222222222
 20
691.8974111111111
 10
335.1191333333333
 20
692.9373999999999
 10
323.11904444444446
 20
693.777011111111
 10
311.1189555555556
 20
694.5376
 10
299.1188666666667
 20
695.1768333333332
 10
287.11877777777784
 20
695.7779666666665
 10
275.118688888889
 20
696.2577444444443
 10
263.1186000000001
 20
696.6994222222221
 10
251.11851111111122
 20
697.0987666666665
 10
239.11842222222234
 20
697.4585999999998
 10
239.11842222222234
 20
698.2586999999999
 10
251.11851111111122
 20
697.9383777777776
 10
263.1186000000001
 20
697.5771333333332
 10
275.118688888889
 20
697.2172999999999
 10
287.11877777777784
 20
696.7770333333332
 10
299.1188666666667
 20
696.2563333333333
 10
311.1189555555556
 20
695.6975333333332
 10
323.11904444444446
 20
695.0173777777776
 10
335.1191333333333
 20
694.2581999999998
 10
347.1192222222222
 20
693.3395666666665
 10
359.1193111111111
 20
692.2586555555554
 10
359.1193111111111
 20
690.6570444444444
 97
0
 75
1
 76
1
 98
0
  0
HATCH
  5
27E
330
17
100
AcDbEntity
  8
PERIPHERY
 62
7
420
0
100
AcDbHatch
 10
0.0
 20
0.0
 30
0.0
210
0.0
220
0.0
230
1.0
  2
SOLID
 70
1
 71
0
 91
1
 92
3
 72
0
 73
1
 93
23
 10
359.1193111111111
 20
693.8574444444445
 10
347.1192222222222
 20
694.8198222222221
 10
335.1191333333333
 20
695.579
 10
323.11904444444446
 20
696.2577444444444
 10
311.1189555555556
 20
696.8165444444444
 10
299.1188666666667
 20
697.3372444444443
 10
287.11877777777784
 20
697.7789222222221
 10
275.118688888889
 20
698.1373444444442
 10
263.1186000000001
 20
698.4985888888888
 10
251.11851111111122
 20
698.7779888888888
 10
239.11842222222234
 20
699.0573888888888
 10
239.11842222222234
 20
699.8560777777777
 10
251.11851111111122
 20
699.6161888888888
 10
263.1186000000001
 20
699.3762999999999
 10
275.118688888889
 20
699.0968999999999
 10
287.11877777777784
 20
698.7765777777778
 10
299.1188666666667
 20
698.3758222222222
 10
311.1189555555556
 20
697.9764777777777
 10
323.11904444444446
 20
697.4966999999999
 10
335.1191333333333
 20
696.9379
 10
347.1192222222222
 20
696.2577444444445
 10
359.1193111111111
 20
695.4590555555556
 10
359.1193111111111
 20
693.8574444444445
 97
0
 75
1
 76
1
 98
0
  0
HATCH
  5
27F
330
17
100
AcDbEntity
  8
PERIPHERY
 62
7
420
0
100
AcDbHatch
 10
0.0
 20
0.0
 30
0.0
210
0.0
220
0.0
230
1.0
  2
SOLID
 70
1
 71
0
 91
1
 92
3
 72
0
 73
1
 93
23
 10
359.1193111111111
 20
697.0592555555555
 10
347.1192222222222
 20
697.6999
 10
335.1191333333333
 20
698.2587
 10
323.11904444444446
 20
698.7384777777777
 10
311.1189555555556
 20
699.098311111111
 10
299.1188666666667
 20
699.4581444444443
 10
287.11877777777784
 20
699.7784666666666
 10
275.118688888889
 20
700.0197666666666
 10
263.1186000000001
 20
700.2596555555555
 10
251.11851111111122
 20
700.4600333333333
 10
239.11842222222234
 20
700.6618222222221
 10
239.11842222222234
 20
701.460511111111
 10
251.11851111111122
 20
701.3010555555555
 10
263.1186000000001
 20
701.1415999999999
 10
275.118688888889
 20
700.9821444444444
 10
287.11877777777784
 20
700.7803555555555
 10
299.1188666666667
 20
700.5404666666666
 10
311.1189555555556
 20
700.2610666666666
 10
323.11904444444446
 20
699.9407444444444
 10
335.1191333333333
 20
699.580911111111
 10
347.1192222222222
 20
699.1815666666666
 10
359.1193111111111
 20
698.6608666666666
 10
359.1193111111111
 20
697.0592555555555
 97
0
 75
1
 76
1
 98
0
  0
HATCH
  5
280
330
17
100
AcDbEntity
  8
PERIPHERY
 62
7
420
0
100
AcDbHatch
 10
0.0
 20
0.0
 30
0.0
210
0.0
220
0.0
230
1.0
  2
SOLID
 70
1
 71
0
 91
1
 92
3
 72
0
 73
1
 93
23
 10
359.1193111111111
 20
700.2582444444444
 10
347.1192222222222
 20
700.6180777777777
 10
335.1191333333333
 20
700.9384
 10
323.11904444444446
 20
701.1782888888889
 10
311.1189555555556
 20
701.4181777777777
 10
299.1188666666667
 20
701.5790444444444
 10
287.11877777777784
 20
701.7794222222221
 10
275.118688888889
 20
701.8993666666665
 10
263.1186000000001
 20
702.019311111111
 10
251.11851111111122
 20
702.1406666666667
 10
239.11842222222234
 20
702.2592
 10
239.11842222222234
 20
703.0592999999999
 10
251.11851111111122
 20
702.9788666666667
 10
263.1186000000001
 20
702.9393555555556
 10
275.118688888889
 20
702.8589222222222
 10
287.11877777777784
 20
702.7784888888889
 10
299.1188666666667
 20
702.6571333333333
 10
311.1189555555556
 20
702.5386000000001
 10
323.11904444444446
 20
702.4172444444445
 10
335.1191333333333
 20
702.2577888888889
 10
347.1192222222222
 20
702.0574111111112
 10
359.1193111111111
 20
701.8570333333333
 10
359.1193111111111
 20
700.2582444444444
 97
0
 75
1
 76
1
 98
0
  0
HATCH
  5
281
330
17
100
AcDbEntity
  8
PERIPHERY
 62
7
420
0
100
AcDbHatch
 10
0.0
 20
0.0
 30
0.0
210
0.0
220
0.0
230
1.0
  2
SOLID
 70
1
 71
0
 91
1
 92
3
 72
0
 73
1
 93
23
 10
359.1193111111111
 20
703.4586444444444
 10
347.1192222222222
 20
703.5390777777777
 10
335.1191333333333
 20
703.5785888888888
 10
323.11904444444446
 20
703.6590222222221
 10
311.1189555555556
 20
703.6999444444443
 10
299.1188666666667
 20
703.7380444444443
 10
287.11877777777784
 20
703.7789666666666
 10
275.118688888889
 20
703.7789666666666
 10
263.1186000000001
 20
703.8170666666665
 10
251.11851111111122
 20
703.8170666666665
 10
239.11842222222234
 20
703.8579888888887
 10
239.11842222222234
 20
704.6566777777776
 10
251.11851111111122
 20
704.6961888888887
 10
263.1186000000001
 20
704.6961888888887
 10
275.118688888889
 20
704.7356999999998
 10
287.11877777777784
 20
704.7752111111109
 10
299.1188666666667
 20
704.7752111111109
 10
311.1189555555556
 20
704.814722222222
 10
323.11904444444446
 20
704.8542333333331
 10
335.1191333333333
 20
704.9346666666664
 10
347.1192222222222
 20
704.9741777777775
 10
359.1193111111111
 20
705.0546111111108
 10
359.1193111111111
 20
703.4586444444444
 97
0
 75
1
 76
1
 98
0
  0
HATCH
  5
282
330
17
100
AcDbEntity
  8
PERIPHERY
 62
7
420
0
100
AcDbHatch
 10
0.0
 20
0.0
 30
0.0
210
0.0
220
0.0
230
1.0
  2
SOLID
 70
1
 71
0
 91
1
 92
3
 72
0
 73
1
 93
23
 10
359.1193111111111
 20
706.6590444444445
 10
347.1192222222222
 20
706.4572555555555
 10
335.1191333333333
 20
706.2568777777777
 10
323.11904444444446
 20
706.0974222222222
 10
311.1189555555556
 20
705.9774777777777
 10
299.1188666666667
 20
705.8561222222221
 10
287.11877777777784
 20
705.7756888888888
 10
275.118688888889
 20
705.6571555555555
 10
263.1186000000001
 20
705.5767222222221
 10
251.11851111111122
 20
705.5357999999999
 10
239.11842222222234
 20
705.4553666666667
 10
239.11842222222234
 20
706.2554666666666
 10
251.11851111111122
 20
706.375411111111
 10
263.1186000000001
 20
706.4953555555555
 10
275.118688888889
 20
706.6153
 10
287.11877777777784
 20
706.7747555555555
 10
299.1188666666667
 20
706.9342111111112
 10
311.1189555555556
 20
707.0936666666666
 10
323.11904444444446
 20
707.3335555555556
 10
335.1191333333333
 20
707.5748555555556
 10
347.1192222222222
 20
707.8951777777777
 10
359.1193111111111
 20
708.2550111111111
 10
359.1193111111111
 20
706.6590444444445
 97
0
 75
1
 76
1
 98
0
  0
HATCH
  5
283
330
17
100
AcDbEntity
  8
PERIPHERY
 62
7
420
0
100
AcDbHatch
 10
0.0
 20
0.0
 30
0.0
210
0.0
220
0.0
230
1.0
  2
SOLID
 70
1
 71
0
 91
1
 92
3
 72
0
 73
1
 93
23
 10
359.1193111111111
 20
709.8594444444444
 10
347.1192222222222
 20
709.3387444444444
 10
335.1191333333333
 20
708.9394
 10
323.11904444444446
 20
708.5781555555556
 10
311.1189555555556
 20
708.2578333333333
 10
299.1188666666667
 20
707.9784333333332
 10
287.11877777777784
 20
707.7780555555555
 10
275.118688888889
 20
707.5381666666666
 10
263.1186000000001
 20
707.3787111111111
 10
251.11851111111122
 20
707.2192555555555
 10
239.11842222222234
 20
707.0598
 10
239.11842222222234
 20
707.8584888888889
 10
251.11851111111122
 20
708.0588666666666
 10
263.1186000000001
 20
708.2592444444444
 10
275.118688888889
 20
708.4991333333332
 10
287.11877777777784
 20
708.7799444444444
 10
299.1188666666667
 20
709.0593444444445
 10
311.1189555555556
 20
709.4191777777778
 10
323.11904444444446
 20
709.7804222222222
 10
335.1191333333333
 20
710.2602
 10
347.1192222222222
 20
710.819
 10
359.1193111111111
 20
711.4582333333333
 10
359.1193111111111
 20
709.8594444444444
 97
0
 75
1
 76
1
 98
0
  0
HATCH
  5
284
330
17
100
AcDbEntity
  8
PERIPHERY
 62
7
420
0
100
AcDbHatch
 10
0.0
 20
0.0
 30
0.0
210
0.0
220
0.0
230
1.0
  2
SOLID
 70
1
 71
0
 91
1
 92
3
 72
0
 73
1
 93
23
 10
359.1193111111111
 20
713.0584333333333
 10
347.1192222222222
 20
712.2583333333332
 10
335.1191333333333
 20
711.5795888888888
 10
323.11904444444446
 20
711.0193777777778
 10
311.1189555555556
 20
710.5396
 10
299.1188666666667
 20
710.1388444444444
 10
287.11877777777784
 20
709.7804222222222
 10
275.118688888889
 20
709.4191777777778
 10
263.1186000000001
 20
709.1397777777778
 10
251.11851111111122
 20
708.8998888888889
 10
239.11842222222234
 20
708.658588888889
 10
239.11842222222234
 20
709.4586888888889
 10
251.11851111111122
 20
709.7380888888889
 10
263.1186000000001
 20
710.0189
 10
275.118688888889
 20
710.3773222222222
 10
287.11877777777784
 20
710.7780777777778
 10
299.1188666666667
 20
711.1788333333333
 10
311.1189555555556
 20
711.6967111111111
 10
323.11904444444446
 20
712.2569222222222
 10
335.1191333333333
 20
712.9356666666666
 10
347.1192222222222
 20
713.6962555555555
 10
359.1193111111111
 20
714.6558111111111
 10
359.1193111111111
 20
713.0584333333333
 97
0
 75
1
 76
1
 98
0
  0
HATCH
  5
285
330
17
100
AcDbEntity
  8
PERIPHERY
 62
7
420
0
100
AcDbHatch
 10
0.0
 20
0.0
 30
0.0
210
0.0
220
0.0
230
1.0
  2
SOLID
 70
1
 71
0
 91
1
 92
3
 72
0
 73
1
 93
23
 10
359.1193111111111
 20
716.2588333333333
 10
347.1192222222222
 20
715.1779222222222
 10
335.1191333333333
 20
714.2578777777777
 10
323.11904444444446
 20
713.4987
 10
311.1189555555556
 20
712.8199555555556
 10
299.1188666666667
 20
712.2597444444444
 10
287.11877777777784
 20
711.7785555555555
 10
275.118688888889
 20
711.2987777777778
 10
263.1186000000001
 20
710.9389444444445
 10
251.11851111111122
 20
710.5791111111112
 10
239.11842222222234
 20
710.2587888888888
 10
239.11842222222234
 20
711.0574777777778
 10
251.11851111111122
 20
711.4187222222222
 10
263.1186000000001
 20
711.8180666666666
 10
275.118688888889
 20
712.2583333333332
 10
287.11877777777784
 20
712.7776222222222
 10
299.1188666666667
 20
713.3364222222222
 10
311.1189555555556
 20
713.9770666666666
 10
323.11904444444446
 20
714.7362444444444
 10
335.1191333333333
 20
715.5772666666667
 10
347.1192222222222
 20
716.6172555555555
 10
359.1193111111111
 20
717.8576222222222
 10
359.1193111111111
 20
716.2588333333333
 97
0
 75
1
 76
1
 98
0
  0
LWPOLYLINE
  5
286
330
17
100
AcDbEntity
  8
PERIPHERY
370
25
420
0
100
AcDbPolyline
 90
2
 70
0
 43
1.9999677777777776
 10
335.1191333333333
 20
328.2456111111111
 10
335.1191333333333
 20
340.2457
  0
LWPOLYLINE
  5
287
330
17
100
AcDbEntity
  8
PERIPHERY
370
25
420
0
100
AcDbPolyline
 90
2
 70
0
 43
1.9999677777777776
 10
311.12036666666665
 20
328.2456111111111
 10
311.12036666666665
 20
340.2457
  0
LWPOLYLINE
  5
288
330
17
100
AcDbEntity
  8
PERIPHERY
370
25
420
0
100
AcDbPolyline
 90
2
 70
0
 43
1.9999677777777776
 10
287.1201888888889
 20
328.2456111111111
 10
287.1201888888889
 20
340.2457
  0
LWPOLYLINE
  5
289
330
17
100
AcDbEntity
  8
PERIPHERY
370
25
420
0
100
AcDbPolyline
 90
2
 70
0
 43
1.9999677777777776
 10
263.12001111111107
 20
328.2456111111111
 10
263.12001111111107
 20
340.2457
  0
HATCH
  5
28A
330
17
100
AcDbEntity
  8
PERIPHERY
 62
7
420
0
100
AcDbHatch
 10
0.0
 20
0.0
 30
0.0
210
0.0
220
0.0
230
1.0
  2
SOLID
 70
1
 71
0
 91
1
 92
3
 72
0
 73
1
 93
23
 10
359.1193111111111
 20
317.84713333333326
 10
347.1192222222222
 20
316.6067666666666
 10
335.1191333333333
 20
315.56677777777765
 10
323.11904444444446
 20
314.7271666666665
 10
311.1189555555556
 20
313.9665777777776
 10
299.1188666666667
 20
313.32734444444435
 10
287.11877777777784
 20
312.726211111111
 10
275.118688888889
 20
312.2464333333333
 10
263.1186000000001
 20
311.8047555555555
 10
251.11851111111122
 20
311.40541111111105
 10
239.11842222222234
 20
311.04557777777774
 10
239.11842222222234
 20
310.2454777777777
 10
251.11851111111122
 20
310.5657999999999
 10
263.1186000000001
 20
310.92704444444433
 10
275.118688888889
 20
311.28687777777765
 10
287.11877777777784
 20
311.7271444444443
 10
299.1188666666667
 20
312.24784444444435
 10
311.1189555555556
 20
312.8066444444444
 10
323.11904444444446
 20
313.48679999999996
 10
335.1191333333333
 20
314.2459777777778
 10
347.1192222222222
 20
315.1646111111111
 10
359.1193111111111
 20
316.24552222222223
 10
359.1193111111111
 20
317.84713333333326
 97
0
 75
1
 76
1
 98
0
  0
HATCH
  5
28B
330
17
100
AcDbEntity
  8
PERIPHERY
 62
7
420
0
100
AcDbHatch
 10
0.0
 20
0.0
 30
0.0
210
0.0
220
0.0
230
1.0
  2
SOLID
 70
1
 71
0
 91
1
 92
3
 72
0
 73
1
 93
23
 10
359.1193111111111
 20
314.6467333333333
 10
347.1192222222222
 20
313.6843555555555
 10
335.1191333333333
 20
312.9251777777777
 10
323.11904444444446
 20
312.2464333333333
 10
311.1189555555556
 20
311.6876333333333
 10
299.1188666666667
 20
311.16693333333325
 10
287.11877777777784
 20
310.72525555555546
 10
275.118688888889
 20
310.3668333333332
 10
263.1186000000001
 20
310.00558888888884
 10
251.11851111111122
 20
309.7261888888888
 10
239.11842222222234
 20
309.4467888888889
 10
239.11842222222234
 20
308.6481
 10
251.11851111111122
 20
308.8879888888889
 10
263.1186000000001
 20
309.1278777777778
 10
275.118688888889
 20
309.40727777777784
 10
287.11877777777784
 20
309.7276
 10
299.1188666666667
 20
310.1283555555555
 10
311.1189555555556
 20
310.5277
 10
323.11904444444446
 20
311.00747777777775
 10
335.1191333333333
 20
311.56627777777777
 10
347.1192222222222
 20
312.24643333333336
 10
359.1193111111111
 20
313.04512222222223
 10
359.1193111111111
 20
314.6467333333333
 97
0
 75
1
 76
1
 98
0
  0
HATCH
  5
28C
330
17
100
AcDbEntity
  8
PERIPHERY
 62
7
420
0
100
AcDbHatch
 10
0.0
 20
0.0
 30
0.0
210
0.0
220
0.0
230
1.0
  2
SOLID
 70
1
 71
0
 91
1
 92
3
 72
0
 73
1
 93
23
 10
359.1193111111111
 20
311.4449222222222
 10
347.1192222222222
 20
310.80427777777777
 10
335.1191333333333
 20
310.2454777777777
 10
323.11904444444446
 20
309.7657
 10
311.1189555555556
 20
309.40586666666667
 10
299.1188666666667
 20
309.0460333333333
 10
287.11877777777784
 20
308.72571111111114
 10
275.118688888889
 20
308.48441111111117
 10
263.1186000000001
 20
308.24452222222226
 10
251.11851111111122
 20
308.04414444444444
 10
239.11842222222234
 20
307.8423555555556
 10
239.11842222222234
 20
307.04366666666675
 10
251.11851111111122
 20
307.2031222222223
 10
263.1186000000001
 20
307.36257777777786
 10
275.118688888889
 20
307.5220333333334
 10
287.11877777777784
 20
307.7238222222223
 10
299.1188666666667
 20
307.9637111111112
 10
311.1189555555556
 20
308.24311111111115
 10
323.11904444444446
 20
308.56343333333336
 10
335.1191333333333
 20
308.9232666666667
 10
347.1192222222222
 20
309.32261111111114
 10
359.1193111111111
 20
309.8433111111112
 10
359.1193111111111
 20
311.4449222222222
 97
0
 75
1
 76
1
 98
0
  0
HATCH
  5
28D
330
17
100
AcDbEntity
  8
PERIPHERY
 62
7
420
0
100
AcDbHatch
 10
0.0
 20
0.0
 30
0.0
210
0.0
220
0.0
230
1.0
  2
SOLID
 70
1
 71
0
 91
1
 92
3
 72
0
 73
1
 93
23
 10
359.1193111111111
 20
306.6457333333333
 10
347.1192222222222
 20
306.4453555555555
 10
335.1191333333333
 20
306.24497777777776
 10
323.11904444444446
 20
306.0855222222222
 10
311.1189555555556
 20
305.96416666666664
 10
299.1188666666667
 20
305.8456333333333
 10
287.11877777777784
 20
305.72427777777773
 10
275.118688888889
 20
305.64384444444437
 10
263.1186000000001
 20
305.563411111111
 10
251.11851111111122
 20
305.52389999999986
 10
239.11842222222234
 20
305.4434666666665
 10
239.11842222222234
 20
306.24356666666654
 10
251.11851111111122
 20
306.3620999999998
 10
263.1186000000001
 20
306.48345555555545
 10
275.118688888889
 20
306.60339999999985
 10
287.11877777777784
 20
306.72334444444425
 10
299.1188666666667
 20
306.923722222222
 10
311.1189555555556
 20
307.0845888888887
 10
323.11904444444446
 20
307.3244777777776
 10
335.1191333333333
 20
307.5643666666665
 10
347.1192222222222
 20
307.88468888888866
 10
359.1193111111111
 20
308.244522222222
 10
359.1193111111111
 20
306.6457333333333
 97
0
 75
1
 76
1
 98
0
  0
HATCH
  5
28E
330
17
100
AcDbEntity
  8
PERIPHERY
 62
7
420
0
100
AcDbHatch
 10
0.0
 20
0.0
 30
0.0
210
0.0
220
0.0
230
1.0
  2
SOLID
 70
1
 71
0
 91
1
 92
3
 72
0
 73
1
 93
23
 10
359.1193111111111
 20
303.4467444444444
 10
347.1192222222222
 20
303.52717777777775
 10
335.1191333333333
 20
303.5666888888889
 10
323.11904444444446
 20
303.64712222222227
 10
311.1189555555556
 20
303.6866333333334
 10
299.1188666666667
 20
303.72614444444457
 10
287.11877777777784
 20
303.72614444444457
 10
275.118688888889
 20
303.76565555555567
 10
263.1186000000001
 20
303.8051666666668
 10
251.11851111111122
 20
303.8051666666668
 10
239.11842222222234
 20
303.844677777778
 10
239.11842222222234
 20
304.6433666666668
 10
251.11851111111122
 20
304.68428888888906
 10
263.1186000000001
 20
304.68428888888906
 10
275.118688888889
 20
304.722388888889
 10
287.11877777777784
 20
304.722388888889
 10
299.1188666666667
 20
304.76331111111125
 10
311.1189555555556
 20
304.80141111111124
 10
323.11904444444446
 20
304.84233333333344
 10
335.1191333333333
 20
304.9227666666668
 10
347.1192222222222
 20
304.9622777777779
 10
359.1193111111111
 20
305.04271111111126
 10
359.1193111111111
 20
303.4467444444444
 97
0
 75
1
 76
1
 98
0
  0
HATCH
  5
28F
330
17
100
AcDbEntity
  8
PERIPHERY
 62
7
420
0
100
AcDbHatch
 10
0.0
 20
0.0
 30
0.0
210
0.0
220
0.0
230
1.0
  2
SOLID
 70
1
 71
0
 91
1
 92
3
 72
0
 73
1
 93
23
 10
359.1193111111111
 20
301.8451333333333
 10
347.1192222222222
 20
302.0469222222222
 10
335.1191333333333
 20
302.24729999999994
 10
323.11904444444446
 20
302.4067555555555
 10
311.1189555555556
 20
302.5266999999999
 10
299.1188666666667
 20
302.64805555555546
 10
287.11877777777784
 20
302.7284888888888
 10
275.118688888889
 20
302.84702222222217
 10
263.1186000000001
 20
302.9274555555555
 10
251.11851111111122
 20
302.96837777777773
 10
239.11842222222234
 20
303.0488111111111
 10
239.11842222222234
 20
302.2487111111111
 10
251.11851111111122
 20
302.1287666666667
 10
263.1186000000001
 20
302.00882222222225
 10
275.118688888889
 20
301.88887777777785
 10
287.11877777777784
 20
301.7294222222223
 10
299.1188666666667
 20
301.56996666666674
 10
311.1189555555556
 20
301.4105111111112
 10
323.11904444444446
 20
301.1706222222223
 10
335.1191333333333
 20
300.92932222222225
 10
347.1192222222222
 20
300.6090000000001
 10
359.1193111111111
 20
300.2491666666668
 10
359.1193111111111
 20
301.8451333333333
 97
0
 75
1
 76
1
 98
0
  0
HATCH
  5
290
330
17
100
AcDbEntity
  8
PERIPHERY
 62
7
420
0
100
AcDbHatch
 10
0.0
 20
0.0
 30
0.0
210
0.0
220
0.0
230
1.0
  2
SOLID
 70
1
 71
0
 91
1
 92
3
 72
0
 73
1
 93
23
 10
359.1193111111111
 20
298.64473333333325
 10
347.1192222222222
 20
299.16543333333334
 10
335.1191333333333
 20
299.5647777777778
 10
323.11904444444446
 20
299.9260222222222
 10
311.1189555555556
 20
300.2463444444444
 10
299.1188666666667
 20
300.52574444444434
 10
287.11877777777784
 20
300.7261222222221
 10
275.118688888889
 20
300.966011111111
 10
263.1186000000001
 20
301.12546666666657
 10
251.11851111111122
 20
301.2849222222221
 10
239.11842222222234
 20
301.4443777777777
 10
239.11842222222234
 20
300.64568888888886
 10
251.11851111111122
 20
300.44531111111104
 10
263.1186000000001
 20
300.2449333333333
 10
275.118688888889
 20
300.00504444444437
 10
287.11877777777784
 20
299.72423333333325
 10
299.1188666666667
 20
299.4448333333333
 10
311.1189555555556
 20
299.085
 10
323.11904444444446
 20
298.72375555555556
 10
335.1191333333333
 20
298.2439777777778
 10
347.1192222222222
 20
297.68517777777777
 10
359.1193111111111
 20
297.0459444444445
 10
359.1193111111111
 20
298.64473333333325
 97
0
 75
1
 76
1
 98
0
  0
HATCH
  5
291
330
17
100
AcDbEntity
  8
PERIPHERY
 62
7
420
0
100
AcDbHatch
 10
0.0
 20
0.0
 30
0.0
210
0.0
220
0.0
230
1.0
  2
SOLID
 70
1
 71
0
 91
1
 92
3
 72
0
 73
1
 93
23
 10
359.1193111111111
 20
295.4457444444444
 10
347.1192222222222
 20
296.2458444444444
 10
335.1191333333333
 20
296.9245888888888
 10
323.11904444444446
 20
297.48479999999995
 10
311.1189555555556
 20
297.96457777777766
 10
299.1188666666667
 20
298.36533333333324
 10
287.11877777777784
 20
298.7237555555555
 10
275.118688888889
 20
299.08499999999987
 10
263.1186000000001
 20
299.3643999999998
 10
251.11851111111122
 20
299.60428888888873
 10
239.11842222222234
 20
299.84558888888876
 10
239.11842222222234
 20
299.0454888888887
 10
251.11851111111122
 20
298.76608888888876
 10
263.1186000000001
 20
298.48527777777764
 10
275.118688888889
 20
298.1268555555554
 10
287.11877777777784
 20
297.72609999999986
 10
299.1188666666667
 20
297.3253444444443
 10
311.1189555555556
 20
296.80746666666647
 10
323.11904444444446
 20
296.2472555555554
 10
335.1191333333333
 20
295.568511111111
 10
347.1192222222222
 20
294.8065111111109
 10
359.1193111111111
 20
293.8469555555554
 10
359.1193111111111
 20
295.4457444444444
 97
0
 75
1
 76
1
 98
0
  0
HATCH
  5
292
330
17
100
AcDbEntity
  8
PERIPHERY
 62
7
420
0
100
AcDbHatch
 10
0.0
 20
0.0
 30
0.0
210
0.0
220
0.0
230
1.0
  2
SOLID
 70
1
 71
0
 91
1
 92
3
 72
0
 73
1
 93
23
 10
359.1193111111111
 20
292.24393333333325
 10
347.1192222222222
 20
293.3248444444444
 10
335.1191333333333
 20
294.24488888888885
 10
323.11904444444446
 20
295.0054777777777
 10
311.1189555555556
 20
295.68422222222216
 10
299.1188666666667
 20
296.24443333333323
 10
287.11877777777784
 20
296.72562222222217
 10
275.118688888889
 20
297.2053999999999
 10
263.1186000000001
 20
297.5652333333332
 10
251.11851111111122
 20
297.92506666666657
 10
239.11842222222234
 20
298.2453888888887
 10
239.11842222222234
 20
297.44669999999985
 10
251.11851111111122
 20
297.0854555555555
 10
263.1186000000001
 20
296.686111111111
 10
275.118688888889
 20
296.24584444444434
 10
287.11877777777784
 20
295.7265555555554
 10
299.1188666666667
 20
295.16634444444435
 10
311.1189555555556
 20
294.527111111111
 10
323.11904444444446
 20
293.7665222222222
 10
335.1191333333333
 20
292.92549999999994
 10
347.1192222222222
 20
291.88692222222215
 10
359.1193111111111
 20
290.6465555555555
 10
359.1193111111111
 20
292.24393333333325
 97
0
 75
1
 76
1
 98
0
  0
LWPOLYLINE
  5
293
330
17
100
AcDbEntity
  8
PERIPHERY
370
25
420
0
100
AcDbPolyline
 90
2
 70
0
 43
1.9999677777777776
 10
207.11159999999998
 20
408.2499666666666
 10
195.1115111111111
 20
408.2499666666666
  0
LWPOLYLINE
  5
294
330
17
100
AcDbEntity
  8
PERIPHERY
370
25
420
0
100
AcDbPolyline
 90
2
 70
0
 43
1.9999677777777776
 10
207.11159999999998
 20
384.2497888888889
 10
195.1115111111111
 20
384.2497888888889
  0
LWPOLYLINE
  5
295
330
17
100
AcDbEntity
  8
PERIPHERY
370
25
420
0
100
AcDbPolyline
 90
2
 70
0
 43
1.9999677777777776
 10
207.11159999999998
 20
360.2496111111111
 10
195.1115111111111
 20
360.2496111111111
  0
LWPOLYLINE
  5
296
330
17
100
AcDbEntity
  8
PERIPHERY
370
25
420
0
100
AcDbPolyline
 90
2
 70
0
 43
1.9999677777777776
 10
207.11159999999998
 20
336.25084444444445
 10
195.1115111111111
 20
336.25084444444445
  0
HATCH
  5
297
330
17
100
AcDbEntity
  8
PERIPHERY
 62
7
420
0
100
AcDbHatch
 10
0.0
 20
0.0
 30
0.0
210
0.0
220
0.0
230
1.0
  2
SOLID
 70
1
 71
0
 91
1
 92
3
 72
0
 73
1
 93
23
 10
217.51148888888886
 20
432.2501444444444
 10
218.75185555555552
 20
420.2500555555555
 10
219.7918444444444
 20
408.2499666666666
 10
220.6314555555555
 20
396.24987777777767
 10
221.39204444444437
 20
384.24978888888876
 10
222.03127777777772
 20
372.24969999999985
 10
222.63241111111103
 20
360.24961111111094
 10
223.11218888888882
 20
348.249522222222
 10
223.55386666666658
 20
336.2494333333331
 10
223.953211111111
 20
324.2493444444442
 10
224.31304444444433
 20
312.2492555555553
 10
225.11314444444434
 20
312.2492555555553
 10
224.7928222222221
 20
324.2493444444442
 10
224.43157777777768
 20
336.2494333333331
 10
224.07174444444433
 20
348.249522222222
 10
223.63147777777766
 20
360.24961111111094
 10
223.11077777777766
 20
372.24969999999985
 10
222.55197777777767
 20
384.24978888888876
 10
221.8718222222221
 20
396.24987777777767
 10
221.11264444444433
 20
408.2499666666666
 10
220.19401111111097
 20
420.2500555555555
 10
219.1130999999999
 20
432.2501444444444
 10
217.51148888888886
 20
432.2501444444444
 97
0
 75
1
 76
1
 98
0
  0
HATCH
  5
298
330
17
100
AcDbEntity
  8
PERIPHERY
 62
7
420
0
100
AcDbHatch
 10
0.0
 20
0.0
 30
0.0
210
0.0
220
0.0
230
1.0
  2
SOLID
 70
1
 71
0
 91
1
 92
3
 72
0
 73
1
 93
23
 10
220.71047777777775
 20
432.2501444444444
 10
221.67285555555551
 20
420.2500555555555
 10
222.4320333333333
 20
408.2499666666666
 10
223.11077777777774
 20
396.24987777777767
 10
223.6695777777777
 20
384.24978888888876
 10
224.1902777777777
 20
372.24969999999985
 10
224.63195555555546
 20
360.24961111111094
 10
224.9903777777777
 20
348.249522222222
 10
225.35162222222212
 20
336.2494333333331
 10
225.63102222222216
 20
324.2493444444442
 10
225.91042222222217
 20
312.2492555555553
 10
226.70911111111104
 20
312.2492555555553
 10
226.4692222222222
 20
324.2493444444442
 10
226.2293333333333
 20
336.2494333333331
 10
225.9499333333333
 20
348.249522222222
 10
225.62961111111107
 20
360.24961111111094
 10
225.22885555555553
 20
372.24969999999985
 10
224.8295111111111
 20
384.24978888888876
 10
224.34973333333332
 20
396.24987777777767
 10
223.79093333333333
 20
408.2499666666666
 10
223.11077777777777
 20
420.2500555555555
 10
222.3120888888889
 20
432.2501444444444
 10
220.71047777777775
 20
432.2501444444444
 97
0
 75
1
 76
1
 98
0
  0
HATCH
  5
299
330
17
100
AcDbEntity
  8
PERIPHERY
 62
7
420
0
100
AcDbHatch
 10
0.0
 20
0.0
 30
0.0
210
0.0
220
0.0
230
1.0
  2
SOLID
 70
1
 71
0
 91
1
 92
3
 72
0
 73
1
 93
23
 10
223.91228888888887
 20
432.2501444444444
 10
224.55293333333333
 20
420.2500555555555
 10
225.1117333333333
 20
408.2499666666666
 10
225.5915111111111
 20
396.24987777777767
 10
225.9513444444444
 20
384.24978888888876
 10
226.31117777777774
 20
372.24969999999985
 10
226.63149999999996
 20
360.24961111111094
 10
226.87279999999996
 20
348.249522222222
 10
227.1126888888888
 20
336.2494333333331
 10
227.3130666666666
 20
324.2493444444442
 10
227.5148555555555
 20
312.2492555555553
 10
228.31354444444437
 20
312.2492555555553
 10
228.15408888888882
 20
324.2493444444442
 10
227.99463333333327
 20
336.2494333333331
 10
227.83517777777772
 20
348.249522222222
 10
227.63338888888882
 20
360.24961111111094
 10
227.39349999999996
 20
372.24969999999985
 10
227.11409999999995
 20
384.24978888888876
 10
226.7937777777777
 20
396.24987777777767
 10
226.4339444444444
 20
408.2499666666666
 10
226.03459999999995
 20
420.2500555555555
 10
225.51389999999995
 20
432.2501444444444
 10
223.91228888888887
 20
432.2501444444444
 97
0
 75
1
 76
1
 98
0
  0
HATCH
  5
29A
330
17
100
AcDbEntity
  8
PERIPHERY
 62
7
420
0
100
AcDbHatch
 10
0.0
 20
0.0
 30
0.0
210
0.0
220
0.0
230
1.0
  2
SOLID
 70
1
 71
0
 91
1
 92
3
 72
0
 73
1
 93
23
 10
228.71147777777776
 20
432.2501444444444
 10
228.91185555555555
 20
420.2500555555555
 10
229.1122333333333
 20
408.2499666666666
 10
229.27168888888886
 20
396.24987777777767
 10
229.39304444444443
 20
384.24978888888876
 10
229.51157777777777
 20
372.24969999999985
 10
229.63293333333334
 20
360.24961111111094
 10
229.71336666666667
 20
348.249522222222
 10
229.79379999999998
 20
336.2494333333331
 10
229.83331111111107
 20
324.2493444444442
 10
229.9137444444444
 20
312.2492555555553
 10
229.1136444444444
 20
312.2492555555553
 10
228.99511111111104
 20
324.2493444444442
 10
228.87375555555548
 20
336.2494333333331
 10
228.75381111111102
 20
348.249522222222
 10
228.63386666666656
 20
360.24961111111094
 10
228.4334888888888
 20
372.24969999999985
 10
228.2726222222221
 20
384.24978888888876
 10
228.03273333333325
 20
396.24987777777767
 10
227.79284444444437
 20
408.2499666666666
 10
227.47252222222215
 20
420.2500555555555
 10
227.1126888888888
 20
432.2501444444444
 10
228.71147777777776
 20
432.2501444444444
 97
0
 75
1
 76
1
 98
0
  0
HATCH
  5
29B
330
17
100
AcDbEntity
  8
PERIPHERY
 62
7
420
0
100
AcDbHatch
 10
0.0
 20
0.0
 30
0.0
210
0.0
220
0.0
230
1.0
  2
SOLID
 70
1
 71
0
 91
1
 92
3
 72
0
 73
1
 93
23
 10
231.91187777777776
 20
432.2501444444444
 10
231.83144444444446
 20
420.2500555555555
 10
231.79193333333336
 20
408.2499666666666
 10
231.71150000000003
 20
396.24987777777767
 10
231.67198888888893
 20
384.24978888888876
 10
231.63247777777784
 20
372.24969999999985
 10
231.63247777777784
 20
360.24961111111094
 10
231.59296666666674
 20
348.249522222222
 10
231.55345555555564
 20
336.2494333333331
 10
231.55345555555564
 20
324.2493444444442
 10
231.51394444444455
 20
312.2492555555553
 10
230.71525555555564
 20
312.2492555555553
 10
230.67433333333344
 20
324.2493444444442
 10
230.67433333333344
 20
336.2494333333331
 10
230.63623333333345
 20
348.249522222222
 10
230.63623333333345
 20
360.24961111111094
 10
230.59531111111124
 20
372.24969999999985
 10
230.55721111111126
 20
384.24978888888876
 10
230.51628888888902
 20
396.24987777777767
 10
230.43585555555572
 20
408.2499666666666
 10
230.39634444444462
 20
420.2500555555555
 10
230.3159111111113
 20
432.2501444444444
 10
231.91187777777776
 20
432.2501444444444
 97
0
 75
1
 76
1
 98
0
  0
HATCH
  5
29C
330
17
100
AcDbEntity
  8
PERIPHERY
 62
7
420
0
100
AcDbHatch
 10
0.0
 20
0.0
 30
0.0
210
0.0
220
0.0
230
1.0
  2
SOLID
 70
1
 71
0
 91
1
 92
3
 72
0
 73
1
 93
23
 10
233.51207777777776
 20
432.2501444444444
 10
233.31028888888886
 20
420.2500555555555
 10
233.10991111111107
 20
408.2499666666666
 10
232.95045555555552
 20
396.24987777777767
 10
232.83051111111106
 20
384.24978888888876
 10
232.7091555555555
 20
372.24969999999985
 10
232.6287222222222
 20
360.24961111111094
 10
232.51018888888885
 20
348.249522222222
 10
232.42975555555554
 20
336.2494333333331
 10
232.3888333333333
 20
324.2493444444442
 10
232.3084
 20
312.2492555555553
 10
233.10850000000002
 20
312.2492555555553
 10
233.22844444444448
 20
324.2493444444442
 10
233.34838888888893
 20
336.2494333333331
 10
233.46833333333336
 20
348.249522222222
 10
233.62778888888894
 20
360.24961111111094
 10
233.7872444444445
 20
372.24969999999985
 10
233.94670000000005
 20
384.24978888888876
 10
234.1865888888889
 20
396.24987777777767
 10
234.4278888888889
 20
408.2499666666666
 10
234.74821111111112
 20
420.2500555555555
 10
235.10804444444446
 20
432.2501444444444
 10
233.51207777777776
 20
432.2501444444444
 97
0
 75
1
 76
1
 98
0
  0
HATCH
  5
29D
330
17
100
AcDbEntity
  8
PERIPHERY
 62
7
420
0
100
AcDbHatch
 10
0.0
 20
0.0
 30
0.0
210
0.0
220
0.0
230
1.0
  2
SOLID
 70
1
 71
0
 91
1
 92
3
 72
0
 73
1
 93
23
 10
236.71247777777774
 20
432.2501444444444
 10
236.19177777777776
 20
420.2500555555555
 10
235.79243333333332
 20
408.2499666666666
 10
235.43118888888887
 20
396.24987777777767
 10
235.11086666666665
 20
384.24978888888876
 10
234.83146666666664
 20
372.24969999999985
 10
234.63108888888888
 20
360.24961111111094
 10
234.3912
 20
348.249522222222
 10
234.23174444444444
 20
336.2494333333331
 10
234.0722888888889
 20
324.2493444444442
 10
233.91283333333334
 20
312.2492555555553
 10
234.71152222222221
 20
312.2492555555553
 10
234.9119
 20
324.2493444444442
 10
235.11227777777776
 20
336.2494333333331
 10
235.35216666666665
 20
348.249522222222
 10
235.63297777777777
 20
360.24961111111094
 10
235.91237777777778
 20
372.24969999999985
 10
236.27221111111112
 20
384.24978888888876
 10
236.63345555555554
 20
396.24987777777767
 10
237.11323333333334
 20
408.2499666666666
 10
237.6720333333333
 20
420.2500555555555
 10
238.31126666666665
 20
432.2501444444444
 10
236.71247777777774
 20
432.2501444444444
 97
0
 75
1
 76
1
 98
0
  0
HATCH
  5
29E
330
17
100
AcDbEntity
  8
PERIPHERY
 62
7
420
0
100
AcDbHatch
 10
0.0
 20
0.0
 30
0.0
210
0.0
220
0.0
230
1.0
  2
SOLID
 70
1
 71
0
 91
1
 92
3
 72
0
 73
1
 93
23
 10
239.91287777777774
 20
432.2501444444444
 10
239.11277777777775
 20
420.2500555555555
 10
238.4340333333333
 20
408.2499666666666
 10
237.8738222222222
 20
396.24987777777767
 10
237.39404444444443
 20
384.24978888888876
 10
236.99328888888888
 20
372.24969999999985
 10
236.63486666666668
 20
360.24961111111094
 10
236.27362222222223
 20
348.249522222222
 10
235.99422222222222
 20
336.2494333333331
 10
235.75433333333334
 20
324.2493444444442
 10
235.51303333333334
 20
312.2492555555553
 10
236.31313333333335
 20
312.2492555555553
 10
236.59253333333336
 20
324.2493444444442
 10
236.8733444444445
 20
336.2494333333331
 10
237.23176666666672
 20
348.249522222222
 10
237.63252222222226
 20
360.24961111111094
 10
238.0332777777778
 20
372.24969999999985
 10
238.55115555555557
 20
384.24978888888876
 10
239.11136666666667
 20
396.24987777777767
 10
239.7901111111111
 20
408.2499666666666
 10
240.55069999999998
 20
420.2500555555555
 10
241.51025555555555
 20
432.2501444444444
 10
239.91287777777774
 20
432.2501444444444
 97
0
 75
1
 76
1
 98
0
  0
HATCH
  5
29F
330
17
100
AcDbEntity
  8
PERIPHERY
 62
7
420
0
100
AcDbHatch
 10
0.0
 20
0.0
 30
0.0
210
0.0
220
0.0
230
1.0
  2
SOLID
 70
1
 71
0
 91
1
 92
3
 72
0
 73
1
 93
23
 10
243.11186666666663
 20
432.2501444444444
 10
242.03095555555552
 20
420.2500555555555
 10
241.1109111111111
 20
408.2499666666666
 10
240.35173333333333
 20
396.24987777777767
 10
239.67298888888888
 20
384.24978888888876
 10
239.11277777777778
 20
372.24969999999985
 10
238.63158888888887
 20
360.24961111111094
 10
238.1518111111111
 20
348.249522222222
 10
237.79197777777776
 20
336.2494333333331
 10
237.43214444444445
 20
324.2493444444442
 10
237.1118222222222
 20
312.2492555555553
 10
237.9105111111111
 20
312.2492555555553
 10
238.27175555555556
 20
324.2493444444442
 10
238.67109999999997
 20
336.2494333333331
 10
239.11136666666667
 20
348.249522222222
 10
239.63065555555553
 20
360.24961111111094
 10
240.18945555555553
 20
372.24969999999985
 10
240.8301
 20
384.24978888888876
 10
241.58927777777777
 20
396.24987777777767
 10
242.4303
 20
408.2499666666666
 10
243.4702888888889
 20
420.2500555555555
 10
244.71065555555555
 20
432.2501444444444
 10
243.11186666666663
 20
432.2501444444444
 97
0
 75
1
 76
1
 98
0
  0
LWPOLYLINE
  5
2A0
330
17
100
AcDbEntity
  8
PERIPHERY
370
25
420
0
100
AcDbPolyline
 90
2
 70
0
 43
1.9999677777777776
 10
1247.1202444444443
 20
340.2457
 10
1247.1202444444443
 20
328.2456111111111
  0
LWPOLYLINE
  5
2A1
330
17
100
AcDbEntity
  8
PERIPHERY
370
25
420
0
100
AcDbPolyline
 90
2
 70
0
 43
1.9999677777777776
 10
1271.120422222222
 20
340.2457
 10
1271.120422222222
 20
328.2456111111111
  0
LWPOLYLINE
  5
2A2
330
17
100
AcDbEntity
  8
PERIPHERY
370
25
420
0
100
AcDbPolyline
 90
2
 70
0
 43
1.9999677777777776
 10
1295.1206
 20
340.2457
 10
1295.1206
 20
328.2456111111111
  0
LWPOLYLINE
  5
2A3
330
17
100
AcDbEntity
  8
PERIPHERY
370
25
420
0
100
AcDbPolyline
 90
2
 70
0
 43
1.9999677777777776
 10
1319.1207777777777
 20
340.2457
 10
1319.1207777777777
 20
328.2456111111111
  0
HATCH
  5
2A4
330
17
100
AcDbEntity
  8
PERIPHERY
 62
7
420
0
100
AcDbHatch
 10
0.0
 20
0.0
 30
0.0
210
0.0
220
0.0
230
1.0
  2
SOLID
 70
1
 71
0
 91
1
 92
3
 72
0
 73
1
 93
23
 10
1223.1200666666666
 20
317.84713333333326
 10
1235.1201555555556
 20
316.6067666666666
 10
1247.1202444444443
 20
315.56677777777765
 10
1259.1203333333333
 20
314.7271666666665
 10
1271.1204222222223
 20
313.9665777777776
 10
1283.1205111111112
 20
313.32734444444435
 10
1295.1206
 20
312.726211111111
 10
1307.120688888889
 20
312.2464333333333
 10
1319.120777777778
 20
311.8047555555555
 10
1331.1208666666669
 20
311.40541111111105
 10
1343.1209555555558
 20
311.04557777777774
 10
1343.1209555555558
 20
310.2454777777777
 10
1331.1208666666669
 20
310.5657999999999
 10
1319.120777777778
 20
310.92704444444433
 10
1307.120688888889
 20
311.28687777777765
 10
1295.1206
 20
311.7271444444443
 10
1283.1205111111112
 20
312.24784444444435
 10
1271.1204222222223
 20
312.8066444444444
 10
1259.1203333333333
 20
313.48679999999996
 10
1247.1202444444443
 20
314.2459777777778
 10
1235.1201555555556
 20
315.1646111111111
 10
1223.1200666666666
 20
316.24552222222223
 10
1223.1200666666666
 20
317.84713333333326
 97
0
 75
1
 76
1
 98
0
  0
HATCH
  5
2A5
330
17
100
AcDbEntity
  8
PERIPHERY
 62
7
420
0
100
AcDbHatch
 10
0.0
 20
0.0
 30
0.0
210
0.0
220
0.0
230
1.0
  2
SOLID
 70
1
 71
0
 91
1
 92
3
 72
0
 73
1
 93
23
 10
1223.1200666666666
 20
314.6467333333333
 10
1235.1201555555556
 20
313.6843555555555
 10
1247.1202444444443
 20
312.9251777777777
 10
1259.1203333333333
 20
312.2464333333333
 10
1271.1204222222223
 20
311.6876333333333
 10
1283.1205111111112
 20
311.16693333333325
 10
1295.1206
 20
310.72525555555546
 10
1307.120688888889
 20
310.3668333333332
 10
1319.120777777778
 20
310.00558888888884
 10
1331.1208666666669
 20
309.7261888888888
 10
1343.1209555555558
 20
309.4467888888889
 10
1343.1209555555558
 20
308.6481
 10
1331.1208666666669
 20
308.8879888888889
 10
1319.120777777778
 20
309.1278777777778
 10
1307.120688888889
 20
309.40727777777784
 10
1295.1206
 20
309.7276
 10
1283.1205111111112
 20
310.1283555555555
 10
1271.1204222222223
 20
310.5277
 10
1259.1203333333333
 20
311.00747777777775
 10
1247.1202444444443
 20
311.56627777777777
 10
1235.1201555555556
 20
312.24643333333336
 10
1223.1200666666666
 20
313.04512222222223
 10
1223.1200666666666
 20
314.6467333333333
 97
0
 75
1
 76
1
 98
0
  0
HATCH
  5
2A6
330
17
100
AcDbEntity
  8
PERIPHERY
 62
7
420
0
100
AcDbHatch
 10
0.0
 20
0.0
 30
0.0
210
0.0
220
0.0
230
1.0
  2
SOLID
 70
1
 71
0
 91
1
 92
3
 72
0
 73
1
 93
23
 10
1223.1200666666666
 20
311.4449222222222
 10
1235.1201555555556
 20
310.80427777777777
 10
1247.1202444444443
 20
310.2454777777777
 10
1259.1203333333333
 20
309.7657
 10
1271.1204222222223
 20
309.40586666666667
 10
1283.1205111111112
 20
309.0460333333333
 10
1295.1206
 20
308.72571111111114
 10
1307.120688888889
 20
308.48441111111117
 10
1319.120777777778
 20
308.24452222222226
 10
1331.1208666666669
 20
308.04414444444444
 10
1343.1209555555558
 20
307.8423555555556
 10
1343.1209555555558
 20
307.04366666666675
 10
1331.1208666666669
 20
307.2031222222223
 10
1319.120777777778
 20
307.36257777777786
 10
1307.120688888889
 20
307.5220333333334
 10
1295.1206
 20
307.7238222222223
 10
1283.1205111111112
 20
307.9637111111112
 10
1271.1204222222223
 20
308.24311111111115
 10
1259.1203333333333
 20
308.56343333333336
 10
1247.1202444444443
 20
308.9232666666667
 10
1235.1201555555556
 20
309.32261111111114
 10
1223.1200666666666
 20
309.8433111111112
 10
1223.1200666666666
 20
311.4449222222222
 97
0
 75
1
 76
1
 98
0
  0
HATCH
  5
2A7
330
17
100
AcDbEntity
  8
PERIPHERY
 62
7
420
0
100
AcDbHatch
 10
0.0
 20
0.0
 30
0.0
210
0.0
220
0.0
230
1.0
  2
SOLID
 70
1
 71
0
 91
1
 92
3
 72
0
 73
1
 93
23
 10
1223.1200666666666
 20
308.2459333333333
 10
1235.1201555555556
 20
307.8861
 10
1247.1202444444443
 20
307.5657777777778
 10
1259.1203333333333
 20
307.32588888888887
 10
1271.1204222222223
 20
307.08599999999996
 10
1283.1205111111112
 20
306.92513333333335
 10
1295.1206
 20
306.7247555555556
 10
1307.120688888889
 20
306.60481111111113
 10
1319.120777777778
 20
306.48486666666673
 10
1331.1208666666669
 20
306.36351111111117
 10
1343.1209555555558
 20
306.2449777777778
 10
1343.1209555555558
 20
305.44487777777783
 10
1331.1208666666669
 20
305.5253111111112
 10
1319.120777777778
 20
305.5648222222223
 10
1307.120688888889
 20
305.64525555555565
 10
1295.1206
 20
305.725688888889
 10
1283.1205111111112
 20
305.8470444444446
 10
1271.1204222222223
 20
305.9655777777779
 10
1259.1203333333333
 20
306.0869333333335
 10
1247.1202444444443
 20
306.24638888888904
 10
1235.1201555555556
 20
306.44676666666686
 10
1223.1200666666666
 20
306.6471444444446
 10
1223.1200666666666
 20
308.2459333333333
 97
0
 75
1
 76
1
 98
0
  0
HATCH
  5
2A8
330
17
100
AcDbEntity
  8
PERIPHERY
 62
7
420
0
100
AcDbHatch
 10
0.0
 20
0.0
 30
0.0
210
0.0
220
0.0
230
1.0
  2
SOLID
 70
1
 71
0
 91
1
 92
3
 72
0
 73
1
 93
23
 10
1223.1200666666666
 20
305.04553333333325
 10
1235.1201555555556
 20
304.9650999999999
 10
1247.1202444444443
 20
304.9255888888888
 10
1259.1203333333333
 20
304.84515555555544
 10
1271.1204222222223
 20
304.80423333333323
 10
1283.1205111111112
 20
304.76613333333324
 10
1295.1206
 20
304.725211111111
 10
1307.120688888889
 20
304.725211111111
 10
1319.120777777778
 20
304.68711111111105
 10
1331.1208666666669
 20
304.68711111111105
 10
1343.1209555555558
 20
304.6461888888888
 10
1343.1209555555558
 20
303.84749999999997
 10
1331.1208666666669
 20
303.8079888888888
 10
1319.120777777778
 20
303.8079888888888
 10
1307.120688888889
 20
303.76847777777766
 10
1295.1206
 20
303.72896666666657
 10
1283.1205111111112
 20
303.72896666666657
 10
1271.1204222222223
 20
303.6894555555554
 10
1259.1203333333333
 20
303.64994444444426
 10
1247.1202444444443
 20
303.5695111111109
 10
1235.1201555555556
 20
303.52999999999975
 10
1223.1200666666666
 20
303.4495666666664
 10
1223.1200666666666
 20
305.04553333333325
 97
0
 75
1
 76
1
 98
0
  0
HATCH
  5
2A9
330
17
100
AcDbEntity
  8
PERIPHERY
 62
7
420
0
100
AcDbHatch
 10
0.0
 20
0.0
 30
0.0
210
0.0
220
0.0
230
1.0
  2
SOLID
 70
1
 71
0
 91
1
 92
3
 72
0
 73
1
 93
23
 10
1223.1200666666666
 20
301.8451333333333
 10
1235.1201555555556
 20
302.0469222222222
 10
1247.1202444444443
 20
302.24729999999994
 10
1259.1203333333333
 20
302.4067555555555
 10
1271.1204222222223
 20
302.5266999999999
 10
1283.1205111111112
 20
302.64805555555546
 10
1295.1206
 20
302.7284888888888
 10
1307.120688888889
 20
302.84702222222217
 10
1319.120777777778
 20
302.9274555555555
 10
1331.1208666666669
 20
302.96837777777773
 10
1343.1209555555558
 20
303.0488111111111
 10
1343.1209555555558
 20
302.2487111111111
 10
1331.1208666666669
 20
302.1287666666667
 10
1319.120777777778
 20
302.00882222222225
 10
1307.120688888889
 20
301.88887777777785
 10
1295.1206
 20
301.7294222222223
 10
1283.1205111111112
 20
301.56996666666674
 10
1271.1204222222223
 20
301.4105111111112
 10
1259.1203333333333
 20
301.1706222222223
 10
1247.1202444444443
 20
300.92932222222225
 10
1235.1201555555556
 20
300.6090000000001
 10
1223.1200666666666
 20
300.2491666666668
 10
1223.1200666666666
 20
301.8451333333333
 97
0
 75
1
 76
1
 98
0
  0
HATCH
  5
2AA
330
17
100
AcDbEntity
  8
PERIPHERY
 62
7
420
0
100
AcDbHatch
 10
0.0
 20
0.0
 30
0.0
210
0.0
220
0.0
230
1.0
  2
SOLID
 70
1
 71
0
 91
1
 92
3
 72
0
 73
1
 93
23
 10
1223.1200666666666
 20
298.64473333333325
 10
1235.1201555555556
 20
299.16543333333334
 10
1247.1202444444443
 20
299.5647777777778
 10
1259.1203333333333
 20
299.9260222222222
 10
1271.1204222222223
 20
300.2463444444444
 10
1283.1205111111112
 20
300.52574444444434
 10
1295.1206
 20
300.7261222222221
 10
1307.120688888889
 20
300.966011111111
 10
1319.120777777778
 20
301.12546666666657
 10
1331.1208666666669
 20
301.2849222222221
 10
1343.1209555555558
 20
301.4443777777777
 10
1343.1209555555558
 20
300.64568888888886
 10
1331.1208666666669
 20
300.44531111111104
 10
1319.120777777778
 20
300.2449333333333
 10
1307.120688888889
 20
300.00504444444437
 10
1295.1206
 20
299.72423333333325
 10
1283.1205111111112
 20
299.4448333333333
 10
1271.1204222222223
 20
299.085
 10
1259.1203333333333
 20
298.72375555555556
 10
1247.1202444444443
 20
298.2439777777778
 10
1235.1201555555556
 20
297.68517777777777
 10
1223.1200666666666
 20
297.0459444444445
 10
1223.1200666666666
 20
298.64473333333325
 97
0
 75
1
 76
1
 98
0
  0
HATCH
  5
2AB
330
17
100
AcDbEntity
  8
PERIPHERY
 62
7
420
0
100
AcDbHatch
 10
0.0
 20
0.0
 30
0.0
210
0.0
220
0.0
230
1.0
  2
SOLID
 70
1
 71
0
 91
1
 92
3
 72
0
 73
1
 93
23
 10
1223.1200666666666
 20
295.4457444444444
 10
1235.1201555555556
 20
296.2458444444444
 10
1247.1202444444443
 20
296.9245888888888
 10
1259.1203333333333
 20
297.48479999999995
 10
1271.1204222222223
 20
297.96457777777766
 10
1283.1205111111112
 20
298.36533333333324
 10
1295.1206
 20
298.7237555555555
 10
1307.120688888889
 20
299.08499999999987
 10
1319.120777777778
 20
299.3643999999998
 10
1331.1208666666669
 20
299.60428888888873
 10
1343.1209555555558
 20
299.84558888888876
 10
1343.1209555555558
 20
299.0454888888887
 10
1331.1208666666669
 20
298.76608888888876
 10
1319.120777777778
 20
298.48527777777764
 10
1307.120688888889
 20
298.1268555555554
 10
1295.1206
 20
297.72609999999986
 10
1283.1205111111112
 20
297.3253444444443
 10
1271.1204222222223
 20
296.80746666666647
 10
1259.1203333333333
 20
296.2472555555554
 10
1247.1202444444443
 20
295.568511111111
 10
1235.1201555555556
 20
294.8065111111109
 10
1223.1200666666666
 20
293.8469555555554
 10
1223.1200666666666
 20
295.4457444444444
 97
0
 75
1
 76
1
 98
0
  0
HATCH
  5
2AC
330
17
100
AcDbEntity
  8
PERIPHERY
 62
7
420
0
100
AcDbHatch
 10
0.0
 20
0.0
 30
0.0
210
0.0
220
0.0
230
1.0
  2
SOLID
 70
1
 71
0
 91
1
 92
3
 72
0
 73
1
 93
23
 10
1223.1200666666666
 20
292.24393333333325
 10
1235.1201555555556
 20
293.3248444444444
 10
1247.1202444444443
 20
294.24488888888885
 10
1259.1203333333333
 20
295.0054777777777
 10
1271.1204222222223
 20
295.68422222222216
 10
1283.1205111111112
 20
296.24443333333323
 10
1295.1206
 20
296.72562222222217
 10
1307.120688888889
 20
297.2053999999999
 10
1319.120777777778
 20
297.5652333333332
 10
1331.1208666666669
 20
297.92506666666657
 10
1343.1209555555558
 20
298.2453888888887
 10
1343.1209555555558
 20
297.44669999999985
 10
1331.1208666666669
 20
297.0854555555555
 10
1319.120777777778
 20
296.686111111111
 10
1307.120688888889
 20
296.24584444444434
 10
1295.1206
 20
295.7265555555554
 10
1283.1205111111112
 20
295.16634444444435
 10
1271.1204222222223
 20
294.527111111111
 10
1259.1203333333333
 20
293.7665222222222
 10
1247.1202444444443
 20
292.92549999999994
 10
1235.1201555555556
 20
291.88692222222215
 10
1223.1200666666666
 20
290.6465555555555
 10
1223.1200666666666
 20
292.24393333333325
 97
0
 75
1
 76
1
 98
0
  0
LWPOLYLINE
  5
2AD
330
17
100
AcDbEntity
  8
PERIPHERY
370
25
420
0
100
AcDbPolyline
 90
2
 70
0
 43
1.9999677777777776
 10
1375.1179
 20
600.2513888888889
 10
1387.117988888889
 20
600.2513888888889
  0
LWPOLYLINE
  5
2AE
330
17
100
AcDbEntity
  8
PERIPHERY
370
25
420
0
100
AcDbPolyline
 90
2
 70
0
 43
1.9999677777777776
 10
1375.1179
 20
624.2501555555555
 10
1387.117988888889
 20
624.2501555555555
  0
LWPOLYLINE
  5
2AF
330
17
100
AcDbEntity
  8
PERIPHERY
370
25
420
0
100
AcDbPolyline
 90
2
 70
0
 43
1.9999677777777776
 10
1375.1179
 20
648.2503333333333
 10
1387.117988888889
 20
648.2503333333333
  0
LWPOLYLINE
  5
2B0
330
17
100
AcDbEntity
  8
PERIPHERY
370
25
420
0
100
AcDbPolyline
 90
2
 70
0
 43
1.9999677777777776
 10
1375.1179
 20
672.2505111111111
 10
1387.117988888889
 20
672.2505111111111
  0
HATCH
  5
2B1
330
17
100
AcDbEntity
  8
PERIPHERY
 62
7
420
0
100
AcDbHatch
 10
0.0
 20
0.0
 30
0.0
210
0.0
220
0.0
230
1.0
  2
SOLID
 70
1
 71
0
 91
1
 92
3
 72
0
 73
1
 93
23
 10
1364.7194222222222
 20
576.251211111111
 10
1363.4790555555555
 20
588.2513
 10
1362.4390666666666
 20
600.2513888888889
 10
1361.5994555555556
 20
612.2514777777778
 10
1360.8388666666665
 20
624.2515666666667
 10
1360.1996333333332
 20
636.2516555555555
 10
1359.5984999999998
 20
648.2517444444445
 10
1359.118722222222
 20
660.2518333333334
 10
1358.6770444444444
 20
672.2519222222221
 10
1358.2776999999999
 20
684.2520111111111
 10
1357.9178666666664
 20
696.2521
 10
1357.1177666666665
 20
696.2521
 10
1357.4380888888886
 20
684.2520111111111
 10
1357.7993333333332
 20
672.2519222222221
 10
1358.1591666666664
 20
660.2518333333334
 10
1358.599433333333
 20
648.2517444444445
 10
1359.1201333333331
 20
636.2516555555555
 10
1359.6789333333331
 20
624.2515666666667
 10
1360.3590888888887
 20
612.2514777777778
 10
1361.1182666666664
 20
600.2513888888889
 10
1362.0368999999996
 20
588.2513
 10
1363.1178111111108
 20
576.251211111111
 10
1364.7194222222222
 20
576.251211111111
 97
0
 75
1
 76
1
 98
0
  0
HATCH
  5
2B2
330
17
100
AcDbEntity
  8
PERIPHERY
 62
7
420
0
100
AcDbHatch
 10
0.0
 20
0.0
 30
0.0
210
0.0
220
0.0
230
1.0
  2
SOLID
 70
1
 71
0
 91
1
 92
3
 72
0
 73
1
 93
23
 10
1361.519022222222
 20
576.251211111111
 10
1360.5566444444444
 20
588.2513
 10
1359.7974666666664
 20
600.2513888888889
 10
1359.118722222222
 20
612.2514777777778
 10
1358.5599222222222
 20
624.2515666666667
 10
1358.0392222222222
 20
636.2516555555555
 10
1357.5975444444443
 20
648.2517444444445
 10
1357.239122222222
 20
660.2518333333334
 10
1356.8778777777777
 20
672.2519222222221
 10
1356.5984777777776
 20
684.2520111111111
 10
1356.3190777777777
 20
696.2521
 10
1355.5203888888889
 20
696.2521
 10
1355.7602777777777
 20
684.2520111111111
 10
1356.0001666666665
 20
672.2519222222221
 10
1356.2795666666664
 20
660.2518333333334
 10
1356.5998888888887
 20
648.2517444444445
 10
1357.000644444444
 20
636.2516555555555
 10
1357.3999888888886
 20
624.2515666666667
 10
1357.8797666666665
 20
612.2514777777778
 10
1358.4385666666665
 20
600.2513888888889
 10
1359.118722222222
 20
588.2513
 10
1359.9174111111108
 20
576.251211111111
 10
1361.519022222222
 20
576.251211111111
 97
0
 75
1
 76
1
 98
0
  0
HATCH
  5
2B3
330
17
100
AcDbEntity
  8
PERIPHERY
 62
7
420
0
100
AcDbHatch
 10
0.0
 20
0.0
 30
0.0
210
0.0
220
0.0
230
1.0
  2
SOLID
 70
1
 71
0
 91
1
 92
3
 72
0
 73
1
 93
23
 10
1358.318622222222
 20
576.251211111111
 10
1357.6779777777776
 20
588.2513
 10
1357.1191777777776
 20
600.2513888888889
 10
1356.6394
 20
612.2514777777778
 10
1356.2795666666666
 20
624.2515666666667
 10
1355.9197333333332
 20
636.2516555555555
 10
1355.599411111111
 20
648.2517444444445
 10
1355.358111111111
 20
660.2518333333334
 10
1355.1182222222221
 20
672.2519222222221
 10
1354.9178444444444
 20
684.2520111111111
 10
1354.7160555555554
 20
696.2521
 10
1353.9173666666666
 20
696.2521
 10
1354.076822222222
 20
684.2520111111111
 10
1354.2362777777778
 20
672.2519222222221
 10
1354.3957333333333
 20
660.2518333333334
 10
1354.5975222222223
 20
648.2517444444445
 10
1354.8374111111111
 20
636.2516555555555
 10
1355.116811111111
 20
624.2515666666667
 10
1355.4371333333333
 20
612.2514777777778
 10
1355.7969666666665
 20
600.2513888888889
 10
1356.196311111111
 20
588.2513
 10
1356.717011111111
 20
576.251211111111
 10
1358.318622222222
 20
576.251211111111
 97
0
 75
1
 76
1
 98
0
  0
HATCH
  5
2B4
330
17
100
AcDbEntity
  8
PERIPHERY
 62
7
420
0
100
AcDbHatch
 10
0.0
 20
0.0
 30
0.0
210
0.0
220
0.0
230
1.0
  2
SOLID
 70
1
 71
0
 91
1
 92
3
 72
0
 73
1
 93
23
 10
1353.5194333333332
 20
576.251211111111
 10
1353.3190555555555
 20
588.2513
 10
1353.1186777777775
 20
600.2513888888889
 10
1352.9592222222218
 20
612.2514777777778
 10
1352.8378666666663
 20
624.2515666666667
 10
1352.719333333333
 20
636.2516555555555
 10
1352.5979777777775
 20
648.2517444444445
 10
1352.5175444444442
 20
660.2518333333334
 10
1352.4371111111109
 20
672.2519222222221
 10
1352.3975999999996
 20
684.2520111111111
 10
1352.3171666666663
 20
696.2521
 10
1353.1172666666662
 20
696.2521
 10
1353.2357999999995
 20
684.2520111111111
 10
1353.3571555555552
 20
672.2519222222221
 10
1353.4770999999996
 20
660.2518333333334
 10
1353.597044444444
 20
648.2517444444445
 10
1353.797422222222
 20
636.2516555555555
 10
1353.9582888888888
 20
624.2515666666667
 10
1354.1981777777776
 20
612.2514777777778
 10
1354.4380666666664
 20
600.2513888888889
 10
1354.7583888888885
 20
588.2513
 10
1355.118222222222
 20
576.251211111111
 10
1353.5194333333332
 20
576.251211111111
 97
0
 75
1
 76
1
 98
0
  0
HATCH
  5
2B5
330
17
100
AcDbEntity
  8
PERIPHERY
 62
7
420
0
100
AcDbHatch
 10
0.0
 20
0.0
 30
0.0
210
0.0
220
0.0
230
1.0
  2
SOLID
 70
1
 71
0
 91
1
 92
3
 72
0
 73
1
 93
23
 10
1350.3190333333332
 20
576.251211111111
 10
1350.3994666666665
 20
588.2513
 10
1350.4389777777776
 20
600.2513888888889
 10
1350.5194111111111
 20
612.2514777777778
 10
1350.5589222222222
 20
624.2515666666667
 10
1350.5984333333333
 20
636.2516555555555
 10
1350.5984333333333
 20
648.2517444444445
 10
1350.6379444444444
 20
660.2518333333334
 10
1350.6774555555555
 20
672.2519222222221
 10
1350.6774555555555
 20
684.2520111111111
 10
1350.7169666666666
 20
696.2521
 10
1351.5156555555557
 20
696.2521
 10
1351.5565777777779
 20
684.2520111111111
 10
1351.5565777777779
 20
672.2519222222221
 10
1351.5946777777779
 20
660.2518333333334
 10
1351.5946777777779
 20
648.2517444444445
 10
1351.6356
 20
636.2516555555555
 10
1351.6737000000003
 20
624.2515666666667
 10
1351.7146222222225
 20
612.2514777777778
 10
1351.7950555555558
 20
600.2513888888889
 10
1351.834566666667
 20
588.2513
 10
1351.9150000000002
 20
576.251211111111
 10
1350.3190333333332
 20
576.251211111111
 97
0
 75
1
 76
1
 98
0
  0
HATCH
  5
2B6
330
17
100
AcDbEntity
  8
PERIPHERY
 62
7
420
0
100
AcDbHatch
 10
0.0
 20
0.0
 30
0.0
210
0.0
220
0.0
230
1.0
  2
SOLID
 70
1
 71
0
 91
1
 92
3
 72
0
 73
1
 93
23
 10
1348.717422222222
 20
576.251211111111
 10
1348.919211111111
 20
588.2513
 10
1349.1195888888888
 20
600.2513888888889
 10
1349.2790444444445
 20
612.2514777777778
 10
1349.398988888889
 20
624.2515666666667
 10
1349.5203444444446
 20
636.2516555555555
 10
1349.600777777778
 20
648.2517444444445
 10
1349.7193111111112
 20
660.2518333333334
 10
1349.7997444444445
 20
672.2519222222221
 10
1349.8406666666667
 20
684.2520111111111
 10
1349.9211
 20
696.2521
 10
1349.121
 20
696.2521
 10
1349.0010555555557
 20
684.2520111111111
 10
1348.881111111111
 20
672.2519222222221
 10
1348.7611666666667
 20
660.2518333333334
 10
1348.601711111111
 20
648.2517444444445
 10
1348.4422555555554
 20
636.2516555555555
 10
1348.2827999999997
 20
624.2515666666667
 10
1348.042911111111
 20
612.2514777777778
 10
1347.8016111111108
 20
600.2513888888889
 10
1347.4812888888887
 20
588.2513
 10
1347.1214555555553
 20
576.251211111111
 10
1348.717422222222
 20
576.251211111111
 97
0
 75
1
 76
1
 98
0
  0
HATCH
  5
2B7
330
17
100
AcDbEntity
  8
PERIPHERY
 62
7
420
0
100
AcDbHatch
 10
0.0
 20
0.0
 30
0.0
210
0.0
220
0.0
230
1.0
  2
SOLID
 70
1
 71
0
 91
1
 92
3
 72
0
 73
1
 93
23
 10
1345.5184333333332
 20
576.251211111111
 10
1346.0391333333334
 20
588.2513
 10
1346.4384777777777
 20
600.2513888888889
 10
1346.7997222222223
 20
612.2514777777778
 10
1347.1200444444444
 20
624.2515666666667
 10
1347.3994444444443
 20
636.2516555555555
 10
1347.5998222222222
 20
648.2517444444445
 10
1347.839711111111
 20
660.2518333333334
 10
1347.9991666666667
 20
672.2519222222221
 10
1348.1586222222222
 20
684.2520111111111
 10
1348.318077777778
 20
696.2521
 10
1347.519388888889
 20
696.2521
 10
1347.3190111111112
 20
684.2520111111111
 10
1347.1186333333333
 20
672.2519222222221
 10
1346.8787444444445
 20
660.2518333333334
 10
1346.5979333333335
 20
648.2517444444445
 10
1346.3185333333336
 20
636.2516555555555
 10
1345.9587000000001
 20
624.2515666666667
 10
1345.5974555555558
 20
612.2514777777778
 10
1345.117677777778
 20
600.2513888888889
 10
1344.558877777778
 20
588.2513
 10
1343.9196444444447
 20
576.251211111111
 10
1345.5184333333332
 20
576.251211111111
 97
0
 75
1
 76
1
 98
0
  0
HATCH
  5
2B8
330
17
100
AcDbEntity
  8
PERIPHERY
 62
7
420
0
100
AcDbHatch
 10
0.0
 20
0.0
 30
0.0
210
0.0
220
0.0
230
1.0
  2
SOLID
 70
1
 71
0
 91
1
 92
3
 72
0
 73
1
 93
23
 10
1342.3180333333332
 20
576.251211111111
 10
1343.1181333333332
 20
588.2513
 10
1343.7968777777776
 20
600.2513888888889
 10
1344.357088888889
 20
612.2514777777778
 10
1344.8368666666668
 20
624.2515666666667
 10
1345.2376222222222
 20
636.2516555555555
 10
1345.5960444444445
 20
648.2517444444445
 10
1345.9572888888888
 20
660.2518333333334
 10
1346.236688888889
 20
672.2519222222221
 10
1346.4765777777777
 20
684.2520111111111
 10
1346.7178777777779
 20
696.2521
 10
1345.9177777777777
 20
696.2521
 10
1345.6383777777778
 20
684.2520111111111
 10
1345.3575666666668
 20
672.2519222222221
 10
1344.9991444444445
 20
660.2518333333334
 10
1344.5983888888888
 20
648.2517444444445
 10
1344.1976333333334
 20
636.2516555555555
 10
1343.6797555555556
 20
624.2515666666667
 10
1343.1195444444445
 20
612.2514777777778
 10
1342.4408
 20
600.2513888888889
 10
1341.6802111111112
 20
588.2513
 10
1340.7206555555556
 20
576.251211111111
 10
1342.3180333333332
 20
576.251211111111
 97
0
 75
1
 76
1
 98
0
  0
HATCH
  5
2B9
330
17
100
AcDbEntity
  8
PERIPHERY
 62
7
420
0
100
AcDbHatch
 10
0.0
 20
0.0
 30
0.0
210
0.0
220
0.0
230
1.0
  2
SOLID
 70
1
 71
0
 91
1
 92
3
 72
0
 73
1
 93
23
 10
1339.1176333333333
 20
576.251211111111
 10
1340.1985444444442
 20
588.2513
 10
1341.1185888888888
 20
600.2513888888889
 10
1341.8777666666665
 20
612.2514777777778
 10
1342.556511111111
 20
624.2515666666667
 10
1343.1167222222223
 20
636.2516555555555
 10
1343.597911111111
 20
648.2517444444445
 10
1344.0776888888888
 20
660.2518333333334
 10
1344.4375222222222
 20
672.2519222222221
 10
1344.7973555555554
 20
684.2520111111111
 10
1345.1176777777778
 20
696.2521
 10
1344.3189888888887
 20
696.2521
 10
1343.9577444444444
 20
684.2520111111111
 10
1343.5584
 20
672.2519222222221
 10
1343.1181333333332
 20
660.2518333333334
 10
1342.5988444444442
 20
648.2517444444445
 10
1342.0400444444444
 20
636.2516555555555
 10
1341.3994
 20
624.2515666666667
 10
1340.6402222222223
 20
612.2514777777778
 10
1339.7992
 20
600.2513888888889
 10
1338.7592111111112
 20
588.2513
 10
1337.5188444444443
 20
576.251211111111
 10
1339.1176333333333
 20
576.251211111111
 97
0
 75
1
 76
1
 98
0
  0
LWPOLYLINE
  5
2BA
330
17
100
AcDbEntity
  8
PERIPHERY
370
25
420
0
100
AcDbPolyline
 90
2
 70
0
 43
1.9999677777777776
 10
1247.1202444444443
 20
680.2585666666665
 10
1247.1202444444443
 20
668.2584777777778
  0
LWPOLYLINE
  5
2BB
330
17
100
AcDbEntity
  8
PERIPHERY
370
25
420
0
100
AcDbPolyline
 90
2
 70
0
 43
1.9999677777777776
 10
1271.120422222222
 20
680.2585666666665
 10
1271.120422222222
 20
668.2584777777778
  0
LWPOLYLINE
  5
2BC
330
17
100
AcDbEntity
  8
PERIPHERY
370
25
420
0
100
AcDbPolyline
 90
2
 70
0
 43
1.9999677777777776
 10
1295.1206
 20
680.2585666666665
 10
1295.1206
 20
668.2584777777778
  0
LWPOLYLINE
  5
2BD
330
17
100
AcDbEntity
  8
PERIPHERY
370
25
420
0
100
AcDbPolyline
 90
2
 70
0
 43
1.9999677777777776
 10
1319.1207777777777
 20
680.2585666666665
 10
1319.1207777777777
 20
668.2584777777778
  0
HATCH
  5
2BE
330
17
100
AcDbEntity
  8
PERIPHERY
 62
7
420
0
100
AcDbHatch
 10
0.0
 20
0.0
 30
0.0
210
0.0
220
0.0
230
1.0
  2
SOLID
 70
1
 71
0
 91
1
 92
3
 72
0
 73
1
 93
23
 10
1223.1200666666666
 20
690.6570444444444
 10
1235.1201555555556
 20
691.8974111111111
 10
1247.1202444444443
 20
692.9373999999999
 10
1259.1203333333333
 20
693.777011111111
 10
1271.1204222222223
 20
694.5376
 10
1283.1205111111112
 20
695.1768333333332
 10
1295.1206
 20
695.7779666666665
 10
1307.120688888889
 20
696.2577444444443
 10
1319.120777777778
 20
696.6994222222221
 10
1331.1208666666669
 20
697.0987666666665
 10
1343.1209555555558
 20
697.4585999999998
 10
1343.1209555555558
 20
698.2586999999999
 10
1331.1208666666669
 20
697.9383777777776
 10
1319.120777777778
 20
697.5771333333332
 10
1307.120688888889
 20
697.2172999999999
 10
1295.1206
 20
696.7770333333332
 10
1283.1205111111112
 20
696.2563333333333
 10
1271.1204222222223
 20
695.6975333333332
 10
1259.1203333333333
 20
695.0173777777776
 10
1247.1202444444443
 20
694.2581999999998
 10
1235.1201555555556
 20
693.3395666666665
 10
1223.1200666666666
 20
692.2586555555554
 10
1223.1200666666666
 20
690.6570444444444
 97
0
 75
1
 76
1
 98
0
  0
HATCH
  5
2BF
330
17
100
AcDbEntity
  8
PERIPHERY
 62
7
420
0
100
AcDbHatch
 10
0.0
 20
0.0
 30
0.0
210
0.0
220
0.0
230
1.0
  2
SOLID
 70
1
 71
0
 91
1
 92
3
 72
0
 73
1
 93
23
 10
1223.1200666666666
 20
693.8574444444445
 10
1235.1201555555556
 20
694.8198222222221
 10
1247.1202444444443
 20
695.579
 10
1259.1203333333333
 20
696.2577444444444
 10
1271.1204222222223
 20
696.8165444444444
 10
1283.1205111111112
 20
697.3372444444443
 10
1295.1206
 20
697.7789222222221
 10
1307.120688888889
 20
698.1373444444442
 10
1319.120777777778
 20
698.4985888888888
 10
1331.1208666666669
 20
698.7779888888888
 10
1343.1209555555558
 20
699.0573888888888
 10
1343.1209555555558
 20
699.8560777777777
 10
1331.1208666666669
 20
699.6161888888888
 10
1319.120777777778
 20
699.3762999999999
 10
1307.120688888889
 20
699.0968999999999
 10
1295.1206
 20
698.7765777777778
 10
1283.1205111111112
 20
698.3758222222222
 10
1271.1204222222223
 20
697.9764777777777
 10
1259.1203333333333
 20
697.4966999999999
 10
1247.1202444444443
 20
696.9379
 10
1235.1201555555556
 20
696.2577444444445
 10
1223.1200666666666
 20
695.4590555555556
 10
1223.1200666666666
 20
693.8574444444445
 97
0
 75
1
 76
1
 98
0
  0
HATCH
  5
2C0
330
17
100
AcDbEntity
  8
PERIPHERY
 62
7
420
0
100
AcDbHatch
 10
0.0
 20
0.0
 30
0.0
210
0.0
220
0.0
230
1.0
  2
SOLID
 70
1
 71
0
 91
1
 92
3
 72
0
 73
1
 93
23
 10
1223.1200666666666
 20
697.0592555555555
 10
1235.1201555555556
 20
697.6999
 10
1247.1202444444443
 20
698.2587
 10
1259.1203333333333
 20
698.7384777777777
 10
1271.1204222222223
 20
699.098311111111
 10
1283.1205111111112
 20
699.4581444444443
 10
1295.1206
 20
699.7784666666666
 10
1307.120688888889
 20
700.0197666666666
 10
1319.120777777778
 20
700.2596555555555
 10
1331.1208666666669
 20
700.4600333333333
 10
1343.1209555555558
 20
700.6618222222221
 10
1343.1209555555558
 20
701.460511111111
 10
1331.1208666666669
 20
701.3010555555555
 10
1319.120777777778
 20
701.1415999999999
 10
1307.120688888889
 20
700.9821444444444
 10
1295.1206
 20
700.7803555555555
 10
1283.1205111111112
 20
700.5404666666666
 10
1271.1204222222223
 20
700.2610666666666
 10
1259.1203333333333
 20
699.9407444444444
 10
1247.1202444444443
 20
699.580911111111
 10
1235.1201555555556
 20
699.1815666666666
 10
1223.1200666666666
 20
698.6608666666666
 10
1223.1200666666666
 20
697.0592555555555
 97
0
 75
1
 76
1
 98
0
  0
HATCH
  5
2C1
330
17
100
AcDbEntity
  8
PERIPHERY
 62
7
420
0
100
AcDbHatch
 10
0.0
 20
0.0
 30
0.0
210
0.0
220
0.0
230
1.0
  2
SOLID
 70
1
 71
0
 91
1
 92
3
 72
0
 73
1
 93
23
 10
1223.1200666666666
 20
701.8584444444443
 10
1235.1201555555556
 20
702.0588222222221
 10
1247.1202444444443
 20
702.2592
 10
1259.1203333333333
 20
702.4186555555555
 10
1271.1204222222223
 20
702.5400111111111
 10
1283.1205111111112
 20
702.6585444444444
 10
1295.1206
 20
702.7799
 10
1307.120688888889
 20
702.8603333333333
 10
1319.120777777778
 20
702.9407666666666
 10
1331.1208666666669
 20
702.9802777777777
 10
1343.1209555555558
 20
703.060711111111
 10
1343.1209555555558
 20
702.260611111111
 10
1331.1208666666669
 20
702.1420777777777
 10
1319.120777777778
 20
702.020722222222
 10
1307.120688888889
 20
701.9007777777776
 10
1295.1206
 20
701.7808333333331
 10
1283.1205111111112
 20
701.5804555555554
 10
1271.1204222222223
 20
701.4195888888888
 10
1259.1203333333333
 20
701.1796999999999
 10
1247.1202444444443
 20
700.939811111111
 10
1235.1201555555556
 20
700.6194888888888
 10
1223.1200666666666
 20
700.2596555555555
 10
1223.1200666666666
 20
701.8584444444443
 97
0
 75
1
 76
1
 98
0
  0
HATCH
  5
2C2
330
17
100
AcDbEntity
  8
PERIPHERY
 62
7
420
0
100
AcDbHatch
 10
0.0
 20
0.0
 30
0.0
210
0.0
220
0.0
230
1.0
  2
SOLID
 70
1
 71
0
 91
1
 92
3
 72
0
 73
1
 93
23
 10
1223.1200666666666
 20
705.0574333333333
 10
1235.1201555555556
 20
704.977
 10
1247.1202444444443
 20
704.9374888888889
 10
1259.1203333333333
 20
704.8570555555555
 10
1271.1204222222223
 20
704.8175444444445
 10
1283.1205111111112
 20
704.7780333333334
 10
1295.1206
 20
704.7780333333334
 10
1307.120688888889
 20
704.7385222222222
 10
1319.120777777778
 20
704.6990111111111
 10
1331.1208666666669
 20
704.6990111111111
 10
1343.1209555555558
 20
704.6595
 10
1343.1209555555558
 20
703.8608111111112
 10
1331.1208666666669
 20
703.819888888889
 10
1319.120777777778
 20
703.819888888889
 10
1307.120688888889
 20
703.7817888888889
 10
1295.1206
 20
703.7817888888889
 10
1283.1205111111112
 20
703.7408666666666
 10
1271.1204222222223
 20
703.7027666666668
 10
1259.1203333333333
 20
703.6618444444446
 10
1247.1202444444443
 20
703.5814111111112
 10
1235.1201555555556
 20
703.5419
 10
1223.1200666666666
 20
703.4614666666668
 10
1223.1200666666666
 20
705.0574333333333
 97
0
 75
1
 76
1
 98
0
  0
HATCH
  5
2C3
330
17
100
AcDbEntity
  8
PERIPHERY
 62
7
420
0
100
AcDbHatch
 10
0.0
 20
0.0
 30
0.0
210
0.0
220
0.0
230
1.0
  2
SOLID
 70
1
 71
0
 91
1
 92
3
 72
0
 73
1
 93
23
 10
1223.1200666666666
 20
706.6590444444445
 10
1235.1201555555556
 20
706.4572555555555
 10
1247.1202444444443
 20
706.2568777777777
 10
1259.1203333333333
 20
706.0974222222222
 10
1271.1204222222223
 20
705.9774777777777
 10
1283.1205111111112
 20
705.8561222222221
 10
1295.1206
 20
705.7756888888888
 10
1307.120688888889
 20
705.6571555555555
 10
1319.120777777778
 20
705.5767222222221
 10
1331.1208666666669
 20
705.5357999999999
 10
1343.1209555555558
 20
705.4553666666667
 10
1343.1209555555558
 20
706.2554666666666
 10
1331.1208666666669
 20
706.375411111111
 10
1319.120777777778
 20
706.4953555555555
 10
1307.120688888889
 20
706.6153
 10
1295.1206
 20
706.7747555555555
 10
1283.1205111111112
 20
706.9342111111112
 10
1271.1204222222223
 20
707.0936666666666
 10
1259.1203333333333
 20
707.3335555555556
 10
1247.1202444444443
 20
707.5748555555556
 10
1235.1201555555556
 20
707.8951777777777
 10
1223.1200666666666
 20
708.2550111111111
 10
1223.1200666666666
 20
706.6590444444445
 97
0
 75
1
 76
1
 98
0
  0
HATCH
  5
2C4
330
17
100
AcDbEntity
  8
PERIPHERY
 62
7
420
0
100
AcDbHatch
 10
0.0
 20
0.0
 30
0.0
210
0.0
220
0.0
230
1.0
  2
SOLID
 70
1
 71
0
 91
1
 92
3
 72
0
 73
1
 93
23
 10
1223.1200666666666
 20
709.8594444444444
 10
1235.1201555555556
 20
709.3387444444444
 10
1247.1202444444443
 20
708.9394
 10
1259.1203333333333
 20
708.5781555555556
 10
1271.1204222222223
 20
708.2578333333333
 10
1283.1205111111112
 20
707.9784333333332
 10
1295.1206
 20
707.7780555555555
 10
1307.120688888889
 20
707.5381666666666
 10
1319.120777777778
 20
707.3787111111111
 10
1331.1208666666669
 20
707.2192555555555
 10
1343.1209555555558
 20
707.0598
 10
1343.1209555555558
 20
707.8584888888889
 10
1331.1208666666669
 20
708.0588666666666
 10
1319.120777777778
 20
708.2592444444444
 10
1307.120688888889
 20
708.4991333333332
 10
1295.1206
 20
708.7799444444444
 10
1283.1205111111112
 20
709.0593444444445
 10
1271.1204222222223
 20
709.4191777777778
 10
1259.1203333333333
 20
709.7804222222222
 10
1247.1202444444443
 20
710.2602
 10
1235.1201555555556
 20
710.819
 10
1223.1200666666666
 20
711.4582333333333
 10
1223.1200666666666
 20
709.8594444444444
 97
0
 75
1
 76
1
 98
0
  0
HATCH
  5
2C5
330
17
100
AcDbEntity
  8
PERIPHERY
 62
7
420
0
100
AcDbHatch
 10
0.0
 20
0.0
 30
0.0
210
0.0
220
0.0
230
1.0
  2
SOLID
 70
1
 71
0
 91
1
 92
3
 72
0
 73
1
 93
23
 10
1223.1200666666666
 20
713.0584333333333
 10
1235.1201555555556
 20
712.2583333333332
 10
1247.1202444444443
 20
711.5795888888888
 10
1259.1203333333333
 20
711.0193777777778
 10
1271.1204222222223
 20
710.5396
 10
1283.1205111111112
 20
710.1388444444444
 10
1295.1206
 20
709.7804222222222
 10
1307.120688888889
 20
709.4191777777778
 10
1319.120777777778
 20
709.1397777777778
 10
1331.1208666666669
 20
708.8998888888889
 10
1343.1209555555558
 20
708.658588888889
 10
1343.1209555555558
 20
709.4586888888889
 10
1331.1208666666669
 20
709.7380888888889
 10
1319.120777777778
 20
710.0189
 10
1307.120688888889
 20
710.3773222222222
 10
1295.1206
 20
710.7780777777778
 10
1283.1205111111112
 20
711.1788333333333
 10
1271.1204222222223
 20
711.6967111111111
 10
1259.1203333333333
 20
712.2569222222222
 10
1247.1202444444443
 20
712.9356666666666
 10
1235.1201555555556
 20
713.6962555555555
 10
1223.1200666666666
 20
714.6558111111111
 10
1223.1200666666666
 20
713.0584333333333
 97
0
 75
1
 76
1
 98
0
  0
HATCH
  5
2C6
330
17
100
AcDbEntity
  8
PERIPHERY
 62
7
420
0
100
AcDbHatch
 10
0.0
 20
0.0
 30
0.0
210
0.0
220
0.0
230
1.0
  2
SOLID
 70
1
 71
0
 91
1
 92
3
 72
0
 73
1
 93
23
 10
1223.1200666666666
 20
716.2588333333333
 10
1235.1201555555556
 20
715.1779222222222
 10
1247.1202444444443
 20
714.2578777777777
 10
1259.1203333333333
 20
713.4987
 10
1271.1204222222223
 20
712.8199555555556
 10
1283.1205111111112
 20
712.2597444444444
 10
1295.1206
 20
711.7785555555555
 10
1307.120688888889
 20
711.2987777777778
 10
1319.120777777778
 20
710.9389444444445
 10
1331.1208666666669
 20
710.5791111111112
 10
1343.1209555555558
 20
710.2587888888888
 10
1343.1209555555558
 20
711.0574777777778
 10
1331.1208666666669
 20
711.4187222222222
 10
1319.120777777778
 20
711.8180666666666
 10
1307.120688888889
 20
712.2583333333332
 10
1295.1206
 20
712.7776222222222
 10
1283.1205111111112
 20
713.3364222222222
 10
1271.1204222222223
 20
713.9770666666666
 10
1259.1203333333333
 20
714.7362444444444
 10
1247.1202444444443
 20
715.5772666666667
 10
1235.1201555555556
 20
716.6172555555555
 10
1223.1200666666666
 20
717.8576222222222
 10
1223.1200666666666
 20
716.2588333333333
 97
0
 75
1
 76
1
 98
0
  0
LWPOLYLINE
  5
2C7
330
17
100
AcDbEntity
  8
PERIPHERY
370
25
420
0
100
AcDbPolyline
 90
2
 70
0
 43
1.9999677777777776
 10
1387.1179888888887
 20
408.2499666666666
 10
1375.1178999999997
 20
408.2499666666666
  0
LWPOLYLINE
  5
2C8
330
17
100
AcDbEntity
  8
PERIPHERY
370
25
420
0
100
AcDbPolyline
 90
2
 70
0
 43
1.9999677777777776
 10
1387.1179888888887
 20
384.2497888888889
 10
1375.1178999999997
 20
384.2497888888889
  0
LWPOLYLINE
  5
2C9
330
17
100
AcDbEntity
  8
PERIPHERY
370
25
420
0
100
AcDbPolyline
 90
2
 70
0
 43
1.9999677777777776
 10
1387.1179888888887
 20
360.2496111111111
 10
1375.1178999999997
 20
360.2496111111111
  0
LWPOLYLINE
  5
2CA
330
17
100
AcDbEntity
  8
PERIPHERY
370
25
420
0
100
AcDbPolyline
 90
2
 70
0
 43
1.9999677777777776
 10
1387.1179888888887
 20
336.25084444444445
 10
1375.1178999999997
 20
336.25084444444445
  0
HATCH
  5
2CB
330
17
100
AcDbEntity
  8
PERIPHERY
 62
7
420
0
100
AcDbHatch
 10
0.0
 20
0.0
 30
0.0
210
0.0
220
0.0
230
1.0
  2
SOLID
 70
1
 71
0
 91
1
 92
3
 72
0
 73
1
 93
23
 10
1364.7194222222222
 20
432.2501444444444
 10
1363.4790555555555
 20
420.2500555555555
 10
1362.4390666666666
 20
408.2499666666666
 10
1361.5994555555556
 20
396.24987777777767
 10
1360.8388666666665
 20
384.24978888888876
 10
1360.1996333333332
 20
372.24969999999985
 10
1359.5984999999998
 20
360.24961111111094
 10
1359.118722222222
 20
348.249522222222
 10
1358.6770444444444
 20
336.2494333333331
 10
1358.2776999999999
 20
324.2493444444442
 10
1357.9178666666664
 20
312.2492555555553
 10
1357.1177666666665
 20
312.2492555555553
 10
1357.4380888888886
 20
324.2493444444442
 10
1357.7993333333332
 20
336.2494333333331
 10
1358.1591666666664
 20
348.249522222222
 10
1358.599433333333
 20
360.24961111111094
 10
1359.1201333333331
 20
372.24969999999985
 10
1359.6789333333331
 20
384.24978888888876
 10
1360.3590888888887
 20
396.24987777777767
 10
1361.1182666666664
 20
408.2499666666666
 10
1362.0368999999996
 20
420.2500555555555
 10
1363.1178111111108
 20
432.2501444444444
 10
1364.7194222222222
 20
432.2501444444444
 97
0
 75
1
 76
1
 98
0
  0
HATCH
  5
2CC
330
17
100
AcDbEntity
  8
PERIPHERY
 62
7
420
0
100
AcDbHatch
 10
0.0
 20
0.0
 30
0.0
210
0.0
220
0.0
230
1.0
  2
SOLID
 70
1
 71
0
 91
1
 92
3
 72
0
 73
1
 93
23
 10
1361.519022222222
 20
432.2501444444444
 10
1360.5566444444444
 20
420.2500555555555
 10
1359.7974666666664
 20
408.2499666666666
 10
1359.118722222222
 20
396.24987777777767
 10
1358.5599222222222
 20
384.24978888888876
 10
1358.0392222222222
 20
372.24969999999985
 10
1357.5975444444443
 20
360.24961111111094
 10
1357.239122222222
 20
348.249522222222
 10
1356.8778777777777
 20
336.2494333333331
 10
1356.5984777777776
 20
324.2493444444442
 10
1356.3190777777777
 20
312.2492555555553
 10
1355.5203888888889
 20
312.2492555555553
 10
1355.7602777777777
 20
324.2493444444442
 10
1356.0001666666665
 20
336.2494333333331
 10
1356.2795666666664
 20
348.249522222222
 10
1356.5998888888887
 20
360.24961111111094
 10
1357.000644444444
 20
372.24969999999985
 10
1357.3999888888886
 20
384.24978888888876
 10
1357.8797666666665
 20
396.24987777777767
 10
1358.4385666666665
 20
408.2499666666666
 10
1359.118722222222
 20
420.2500555555555
 10
1359.9174111111108
 20
432.2501444444444
 10
1361.519022222222
 20
432.2501444444444
 97
0
 75
1
 76
1
 98
0
  0
HATCH
  5
2CD
330
17
100
AcDbEntity
  8
PERIPHERY
 62
7
420
0
100
AcDbHatch
 10
0.0
 20
0.0
 30
0.0
210
0.0
220
0.0
230
1.0
  2
SOLID
 70
1
 71
0
 91
1
 92
3
 72
0
 73
1
 93
23
 10
1358.318622222222
 20
432.2501444444444
 10
1357.6779777777776
 20
420.2500555555555
 10
1357.1191777777776
 20
408.2499666666666
 10
1356.6394
 20
396.24987777777767
 10
1356.2795666666666
 20
384.24978888888876
 10
1355.9197333333332
 20
372.24969999999985
 10
1355.599411111111
 20
360.24961111111094
 10
1355.358111111111
 20
348.249522222222
 10
1355.1182222222221
 20
336.2494333333331
 10
1354.9178444444444
 20
324.2493444444442
 10
1354.7160555555554
 20
312.2492555555553
 10
1353.9173666666666
 20
312.2492555555553
 10
1354.076822222222
 20
324.2493444444442
 10
1354.2362777777778
 20
336.2494333333331
 10
1354.3957333333333
 20
348.249522222222
 10
1354.5975222222223
 20
360.24961111111094
 10
1354.8374111111111
 20
372.24969999999985
 10
1355.116811111111
 20
384.24978888888876
 10
1355.4371333333333
 20
396.24987777777767
 10
1355.7969666666665
 20
408.2499666666666
 10
1356.196311111111
 20
420.2500555555555
 10
1356.717011111111
 20
432.2501444444444
 10
1358.318622222222
 20
432.2501444444444
 97
0
 75
1
 76
1
 98
0
  0
HATCH
  5
2CE
330
17
100
AcDbEntity
  8
PERIPHERY
 62
7
420
0
100
AcDbHatch
 10
0.0
 20
0.0
 30
0.0
210
0.0
220
0.0
230
1.0
  2
SOLID
 70
1
 71
0
 91
1
 92
3
 72
0
 73
1
 93
23
 10
1355.1182222222221
 20
432.2501444444444
 10
1354.758388888889
 20
420.2500555555555
 10
1354.4380666666666
 20
408.2499666666666
 10
1354.1981777777778
 20
396.24987777777767
 10
1353.958288888889
 20
384.24978888888876
 10
1353.7974222222222
 20
372.24969999999985
 10
1353.5970444444445
 20
360.24961111111094
 10
1353.4770999999998
 20
348.249522222222
 10
1353.3571555555554
 20
336.2494333333331
 10
1353.2358
 20
324.2493444444442
 10
1353.1172666666666
 20
312.2492555555553
 10
1352.3171666666667
 20
312.2492555555553
 10
1352.3976
 20
324.2493444444442
 10
1352.437111111111
 20
336.2494333333331
 10
1352.5175444444444
 20
348.249522222222
 10
1352.5979777777777
 20
360.24961111111094
 10
1352.7193333333335
 20
372.24969999999985
 10
1352.8378666666667
 20
384.24978888888876
 10
1352.9592222222223
 20
396.24987777777767
 10
1353.1186777777777
 20
408.2499666666666
 10
1353.3190555555557
 20
420.2500555555555
 10
1353.5194333333336
 20
432.2501444444444
 10
1355.1182222222221
 20
432.2501444444444
 97
0
 75
1
 76
1
 98
0
  0
HATCH
  5
2CF
330
17
100
AcDbEntity
  8
PERIPHERY
 62
7
420
0
100
AcDbHatch
 10
0.0
 20
0.0
 30
0.0
210
0.0
220
0.0
230
1.0
  2
SOLID
 70
1
 71
0
 91
1
 92
3
 72
0
 73
1
 93
23
 10
1351.9192333333333
 20
432.2501444444444
 10
1351.8387999999998
 20
420.2500555555555
 10
1351.7992888888887
 20
408.2499666666666
 10
1351.7188555555554
 20
396.24987777777767
 10
1351.6779333333332
 20
384.24978888888876
 10
1351.6398333333332
 20
372.24969999999985
 10
1351.598911111111
 20
360.24961111111094
 10
1351.598911111111
 20
348.249522222222
 10
1351.5608111111108
 20
336.2494333333331
 10
1351.5608111111108
 20
324.2493444444442
 10
1351.5198888888885
 20
312.2492555555553
 10
1350.7211999999997
 20
312.2492555555553
 10
1350.6816888888884
 20
324.2493444444442
 10
1350.6816888888884
 20
336.2494333333331
 10
1350.6421777777773
 20
348.249522222222
 10
1350.6026666666662
 20
360.24961111111094
 10
1350.6026666666662
 20
372.24969999999985
 10
1350.563155555555
 20
384.24978888888876
 10
1350.523644444444
 20
396.24987777777767
 10
1350.4432111111105
 20
408.2499666666666
 10
1350.4036999999994
 20
420.2500555555555
 10
1350.323266666666
 20
432.2501444444444
 10
1351.9192333333333
 20
432.2501444444444
 97
0
 75
1
 76
1
 98
0
  0
HATCH
  5
2D0
330
17
100
AcDbEntity
  8
PERIPHERY
 62
7
420
0
100
AcDbHatch
 10
0.0
 20
0.0
 30
0.0
210
0.0
220
0.0
230
1.0
  2
SOLID
 70
1
 71
0
 91
1
 92
3
 72
0
 73
1
 93
23
 10
1348.717422222222
 20
432.2501444444444
 10
1348.919211111111
 20
420.2500555555555
 10
1349.1195888888888
 20
408.2499666666666
 10
1349.2790444444445
 20
396.24987777777767
 10
1349.398988888889
 20
384.24978888888876
 10
1349.5203444444446
 20
372.24969999999985
 10
1349.600777777778
 20
360.24961111111094
 10
1349.7193111111112
 20
348.249522222222
 10
1349.7997444444445
 20
336.2494333333331
 10
1349.8406666666667
 20
324.2493444444442
 10
1349.9211
 20
312.2492555555553
 10
1349.121
 20
312.2492555555553
 10
1349.0010555555557
 20
324.2493444444442
 10
1348.881111111111
 20
336.2494333333331
 10
1348.7611666666667
 20
348.249522222222
 10
1348.601711111111
 20
360.24961111111094
 10
1348.4422555555554
 20
372.24969999999985
 10
1348.2827999999997
 20
384.24978888888876
 10
1348.042911111111
 20
396.24987777777767
 10
1347.8016111111108
 20
408.2499666666666
 10
1347.4812888888887
 20
420.2500555555555
 10
1347.1214555555553
 20
432.2501444444444
 10
1348.717422222222
 20
432.2501444444444
 97
0
 75
1
 76
1
 98
0
  0
HATCH
  5
2D1
330
17
100
AcDbEntity
  8
PERIPHERY
 62
7
420
0
100
AcDbHatch
 10
0.0
 20
0.0
 30
0.0
210
0.0
220
0.0
230
1.0
  2
SOLID
 70
1
 71
0
 91
1
 92
3
 72
0
 73
1
 93
23
 10
1345.5184333333332
 20
432.2501444444444
 10
1346.0391333333334
 20
420.2500555555555
 10
1346.4384777777777
 20
408.2499666666666
 10
1346.7997222222223
 20
396.24987777777767
 10
1347.1200444444444
 20
384.24978888888876
 10
1347.3994444444443
 20
372.24969999999985
 10
1347.5998222222222
 20
360.24961111111094
 10
1347.839711111111
 20
348.249522222222
 10
1347.9991666666667
 20
336.2494333333331
 10
1348.1586222222222
 20
324.2493444444442
 10
1348.318077777778
 20
312.2492555555553
 10
1347.519388888889
 20
312.2492555555553
 10
1347.3190111111112
 20
324.2493444444442
 10
1347.1186333333333
 20
336.2494333333331
 10
1346.8787444444445
 20
348.249522222222
 10
1346.5979333333335
 20
360.24961111111094
 10
1346.3185333333336
 20
372.24969999999985
 10
1345.9587000000001
 20
384.24978888888876
 10
1345.5974555555558
 20
396.24987777777767
 10
1345.117677777778
 20
408.2499666666666
 10
1344.558877777778
 20
420.2500555555555
 10
1343.9196444444447
 20
432.2501444444444
 10
1345.5184333333332
 20
432.2501444444444
 97
0
 75
1
 76
1
 98
0
  0
HATCH
  5
2D2
330
17
100
AcDbEntity
  8
PERIPHERY
 62
7
420
0
100
AcDbHatch
 10
0.0
 20
0.0
 30
0.0
210
0.0
220
0.0
230
1.0
  2
SOLID
 70
1
 71
0
 91
1
 92
3
 72
0
 73
1
 93
23
 10
1342.3180333333332
 20
432.2501444444444
 10
1343.1181333333332
 20
420.2500555555555
 10
1343.7968777777776
 20
408.2499666666666
 10
1344.357088888889
 20
396.24987777777767
 10
1344.8368666666668
 20
384.24978888888876
 10
1345.2376222222222
 20
372.24969999999985
 10
1345.5960444444445
 20
360.24961111111094
 10
1345.9572888888888
 20
348.249522222222
 10
1346.236688888889
 20
336.2494333333331
 10
1346.4765777777777
 20
324.2493444444442
 10
1346.7178777777779
 20
312.2492555555553
 10
1345.9177777777777
 20
312.2492555555553
 10
1345.6383777777778
 20
324.2493444444442
 10
1345.3575666666668
 20
336.2494333333331
 10
1344.9991444444445
 20
348.249522222222
 10
1344.5983888888888
 20
360.24961111111094
 10
1344.1976333333334
 20
372.24969999999985
 10
1343.6797555555556
 20
384.24978888888876
 10
1343.1195444444445
 20
396.24987777777767
 10
1342.4408
 20
408.2499666666666
 10
1341.6802111111112
 20
420.2500555555555
 10
1340.7206555555556
 20
432.2501444444444
 10
1342.3180333333332
 20
432.2501444444444
 97
0
 75
1
 76
1
 98
0
  0
HATCH
  5
2D3
330
17
100
AcDbEntity
  8
PERIPHERY
 62
7
420
0
100
AcDbHatch
 10
0.0
 20
0.0
 30
0.0
210
0.0
220
0.0
230
1.0
  2
SOLID
 70
1
 71
0
 91
1
 92
3
 72
0
 73
1
 93
23
 10
1339.1176333333333
 20
432.2501444444444
 10
1340.1985444444442
 20
420.2500555555555
 10
1341.1185888888888
 20
408.2499666666666
 10
1341.8777666666665
 20
396.24987777777767
 10
1342.556511111111
 20
384.24978888888876
 10
1343.1167222222223
 20
372.24969999999985
 10
1343.597911111111
 20
360.24961111111094
 10
1344.0776888888888
 20
348.249522222222
 10
1344.4375222222222
 20
336.2494333333331
 10
1344.7973555555554
 20
324.2493444444442
 10
1345.1176777777778
 20
312.2492555555553
 10
1344.3189888888887
 20
312.2492555555553
 10
1343.9577444444444
 20
324.2493444444442
 10
1343.5584
 20
336.2494333333331
 10
1343.1181333333332
 20
348.249522222222
 10
1342.5988444444442
 20
360.24961111111094
 10
1342.0400444444444
 20
372.24969999999985
 10
1341.3994
 20
384.24978888888876
 10
1340.6402222222223
 20
396.24987777777767
 10
1339.7992
 20
408.2499666666666
 10
1338.7592111111112
 20
420.2500555555555
 10
1337.5188444444443
 20
432.2501444444444
 10
1339.1176333333333
 20
432.2501444444444
 97
0
 75
1
 76
1
 98
0
  0
LWPOLYLINE
  5
2D4
330
17
100
AcDbEntity
  8
PERIPHERY
370
25
420
0
100
AcDbPolyline
 90
2
 70
0
 43
1.9999677777777776
 10
535.928711111111
 20
791.1182777777777
 10
527.4436999999999
 20
782.6332666666665
  0
LWPOLYLINE
  5
2D5
330
17
100
AcDbEntity
  8
PERIPHERY
370
25
420
0
100
AcDbPolyline
 90
2
 70
0
 43
1.9999677777777776
 10
552.8987333333332
 20
774.1468444444444
 10
544.4123111111111
 20
765.6618333333333
  0
LWPOLYLINE
  5
2D6
330
17
100
AcDbEntity
  8
PERIPHERY
370
25
420
0
100
AcDbPolyline
 90
2
 70
0
 43
1.9999677777777776
 10
569.8687555555555
 20
757.1768222222222
 10
561.3823333333332
 20
748.691811111111
  0
LWPOLYLINE
  5
2D7
330
17
100
AcDbEntity
  8
PERIPHERY
370
25
420
0
100
AcDbPolyline
 90
2
 70
0
 43
1.9999677777777776
 10
586.8401888888889
 20
740.2068
 10
578.3537666666666
 20
731.7203777777778
  0
HATCH
  5
2D8
330
17
100
AcDbEntity
  8
PERIPHERY
 62
7
420
0
100
AcDbHatch
 10
0.0
 20
0.0
 30
0.0
210
0.0
220
0.0
230
1.0
  2
SOLID
 70
1
 71
0
 91
1
 92
3
 72
0
 73
1
 93
23
 10
503.1203777777777
 20
792.2499888888889
 10
510.7290888888888
 20
782.8872666666666
 10
518.4774999999998
 20
773.6670666666666
 10
526.3698444444443
 20
764.5879777777778
 10
534.3172222222221
 20
755.5653333333333
 10
542.3506777777777
 20
746.6287666666666
 10
550.4109444444443
 20
737.7190111111111
 10
558.5558777777776
 20
728.8939222222222
 10
566.7304444444443
 20
720.0984666666667
 10
574.9332333333332
 20
711.3298222222222
 10
583.1642444444443
 20
702.5908111111111
 10
582.5983888888887
 20
702.0249555555556
 10
574.3391555555554
 20
710.7371555555555
 10
566.1081444444443
 20
719.4775777777777
 10
557.8785444444443
 20
728.2165888888887
 10
549.7039777777776
 20
737.0120444444444
 10
541.5858555555554
 20
745.8653555555555
 10
533.4973666666665
 20
754.7454777777778
 10
525.4935444444442
 20
763.7116777777778
 10
517.5447555555554
 20
772.7343222222223
 10
509.7088555555554
 20
781.8698555555555
 10
501.9872555555554
 20
791.119688888889
 10
503.1203777777777
 20
792.2499888888889
 97
0
 75
1
 76
1
 98
0
  0
HATCH
  5
2D9
330
17
100
AcDbEntity
  8
PERIPHERY
 62
7
420
0
100
AcDbHatch
 10
0.0
 20
0.0
 30
0.0
210
0.0
220
0.0
230
1.0
  2
SOLID
 70
1
 71
0
 91
1
 92
3
 72
0
 73
1
 93
23
 10
500.8569555555555
 20
789.9865666666666
 10
508.66181111111104
 20
780.8213999999999
 10
516.6105999999999
 20
771.7987555555554
 10
524.6144222222222
 20
762.8325555555554
 10
532.7043222222222
 20
753.9524333333333
 10
540.8210333333333
 20
745.099122222222
 10
548.9941888888889
 20
736.3022555555555
 10
557.2266111111111
 20
727.5632444444444
 10
565.4562111111111
 20
718.822822222222
 10
573.7436666666666
 20
710.1402555555554
 10
582.0311222222222
 20
701.4576888888888
 10
581.4666777777777
 20
700.8932444444443
 10
573.1495888888888
 20
709.5489999999999
 10
564.8339111111111
 20
718.2033444444444
 10
556.5464555555556
 20
726.885911111111
 10
548.2872222222222
 20
735.5966999999999
 10
540.0844333333333
 20
744.3653444444443
 10
531.8816444444444
 20
753.1325777777777
 10
523.7367111111112
 20
761.9562555555556
 10
515.6482222222222
 20
770.8363777777777
 10
507.64298888888885
 20
779.8025777777777
 10
499.7238333333333
 20
788.8534444444443
 10
500.8569555555555
 20
789.9865666666666
 97
0
 75
1
 76
1
 98
0
  0
HATCH
  5
2DA
330
17
100
AcDbEntity
  8
PERIPHERY
 62
7
420
0
100
AcDbHatch
 10
0.0
 20
0.0
 30
0.0
210
0.0
220
0.0
230
1.0
  2
SOLID
 70
1
 71
0
 91
1
 92
3
 72
0
 73
1
 93
23
 10
498.5921222222222
 20
787.7231444444444
 10
506.62416666666667
 20
778.7851666666666
 10
514.7126555555556
 20
769.9036333333332
 10
522.859
 20
761.0799555555554
 10
531.0900111111113
 20
752.3409444444443
 10
539.3196111111112
 20
743.6019333333332
 10
547.5802555555556
 20
734.8911444444443
 10
555.8959333333333
 20
726.2353888888888
 10
564.2116111111111
 20
717.5796333333332
 10
572.5555111111112
 20
708.953511111111
 10
580.898
 20
700.3273888888888
 10
580.3335555555556
 20
699.7615333333332
 10
571.9614333333334
 20
708.3608444444443
 10
563.5879
 20
716.9587444444443
 10
555.2157777777778
 20
725.5580555555554
 10
546.873288888889
 20
734.1855888888888
 10
538.5562
 20
742.8399333333332
 10
530.2687444444445
 20
751.5224999999998
 10
522.0095111111111
 20
760.2332888888888
 10
513.7785
 20
768.9737111111109
 10
505.5757111111111
 20
777.7409444444444
 10
497.459
 20
786.5942555555553
 10
498.5921222222222
 20
787.7231444444444
 97
0
 75
1
 76
1
 98
0
  0
HATCH
  5
2DB
330
17
100
AcDbEntity
  8
PERIPHERY
 62
7
420
0
100
AcDbHatch
 10
0.0
 20
0.0
 30
0.0
210
0.0
220
0.0
230
1.0
  2
SOLID
 70
1
 71
0
 91
1
 92
3
 72
0
 73
1
 93
23
 10
496.3301111111111
 20
785.4611333333332
 10
504.56112222222225
 20
776.7221222222222
 10
512.8217666666667
 20
768.0113333333333
 10
521.1374444444444
 20
759.3569888888887
 10
529.4545333333333
 20
750.7026444444442
 10
537.8252444444445
 20
742.1033333333332
 10
546.1691444444444
 20
733.477211111111
 10
554.5694888888888
 20
724.906122222222
 10
562.9698333333332
 20
716.3364444444444
 10
571.3687666666666
 20
707.7667666666665
 10
579.7705222222222
 20
699.1970888888887
 10
579.2046666666666
 20
698.6312333333332
 10
570.7760999999999
 20
707.1740999999998
 10
562.319311111111
 20
715.6873333333332
 10
553.8893333333333
 20
724.2287888888887
 10
545.4607666666666
 20
732.7716555555554
 10
537.0618333333332
 20
741.3427444444442
 10
528.6600777777777
 20
749.9124222222221
 10
520.2611444444443
 20
758.4835111111109
 10
511.88761111111097
 20
767.0814111111109
 10
503.54371111111095
 20
775.7075333333332
 10
495.19981111111093
 20
784.3336555555555
 10
496.3301111111111
 20
785.4611333333332
 97
0
 75
1
 76
1
 98
0
  0
HATCH
  5
2DC
330
17
100
AcDbEntity
  8
PERIPHERY
 62
7
420
0
100
AcDbHatch
 10
0.0
 20
0.0
 30
0.0
210
0.0
220
0.0
230
1.0
  2
SOLID
 70
1
 71
0
 91
1
 92
3
 72
0
 73
1
 93
23
 10
494.0666888888888
 20
783.197711111111
 10
502.49666666666656
 20
774.6562555555555
 10
510.9534555555555
 20
766.1430222222222
 10
519.3820222222222
 20
757.6015666666666
 10
527.838811111111
 20
749.0869222222223
 10
536.2955999999999
 20
740.5736888888889
 10
544.7509777777777
 20
732.0604555555556
 10
553.2374
 20
723.5740333333333
 10
561.6956
 20
715.0622111111111
 10
570.180611111111
 20
706.5757888888888
 10
578.6359888888888
 20
698.0625555555556
 10
578.0715444444445
 20
697.4966999999999
 10
569.558311111111
 20
705.9534888888888
 10
561.0733
 20
714.4399111111111
 10
552.5600666666667
 20
722.8966999999999
 10
544.0468333333333
 20
731.3534888888889
 10
535.5604111111111
 20
739.8385000000001
 10
527.0471777777777
 20
748.2952888888889
 10
518.5339444444444
 20
756.7520777777777
 10
509.99248888888883
 20
765.1806444444444
 10
501.4792555555555
 20
773.6374333333333
 10
492.9363888888888
 20
782.0659999999999
 10
494.0666888888888
 20
783.197711111111
 97
0
 75
1
 76
1
 98
0
  0
HATCH
  5
2DD
330
17
100
AcDbEntity
  8
PERIPHERY
 62
7
420
0
100
AcDbHatch
 10
0.0
 20
0.0
 30
0.0
210
0.0
220
0.0
230
1.0
  2
SOLID
 70
1
 71
0
 91
1
 92
3
 72
0
 73
1
 93
23
 10
491.8046777777778
 20
780.9342888888888
 10
500.4308
 20
772.5917999999999
 10
509.0569222222222
 20
764.2478999999998
 10
517.6562333333333
 20
755.8757777777777
 10
526.225911111111
 20
747.4754333333333
 10
534.7969999999999
 20
739.0750888888889
 10
543.3384555555555
 20
730.6465222222221
 10
551.9081333333332
 20
722.2461777777777
 10
560.4495888888888
 20
713.8161999999999
 10
568.9642333333333
 20
705.360822222222
 10
577.5056888888888
 20
696.9308444444445
 10
576.9398333333332
 20
696.3663999999999
 10
568.3701555555555
 20
704.7653333333333
 10
559.8004777777777
 20
713.1656777777778
 10
551.2307999999999
 20
721.5660222222222
 10
542.6329
 20
729.9395555555554
 10
534.0335888888889
 20
738.3116777777776
 10
525.4356888888889
 20
746.6837999999999
 10
516.7799333333332
 20
754.9994777777777
 10
508.1241777777777
 20
763.3151555555555
 10
499.4133888888888
 20
771.5743888888887
 10
490.6743777777777
 20
779.8053999999998
 10
491.8046777777778
 20
780.9342888888888
 97
0
 75
1
 76
1
 98
0
  0
HATCH
  5
2DE
330
17
100
AcDbEntity
  8
PERIPHERY
 62
7
420
0
100
AcDbHatch
 10
0.0
 20
0.0
 30
0.0
210
0.0
220
0.0
230
1.0
  2
SOLID
 70
1
 71
0
 91
1
 92
3
 72
0
 73
1
 93
23
 10
489.5412555555555
 20
778.6722777777778
 10
498.3945666666666
 20
770.5555666666666
 10
507.16179999999997
 20
762.3527777777778
 10
515.9022222222222
 20
754.1231777777778
 10
524.6130111111111
 20
745.8639444444444
 10
533.2955777777778
 20
737.5764888888888
 10
541.9217
 20
729.2325888888888
 10
550.5774555555556
 20
720.9155
 10
559.1753555555556
 20
712.5433777777777
 10
567.7746666666667
 20
704.1698444444444
 10
576.3739777777778
 20
695.7977222222222
 10
575.8081222222222
 20
695.2332777777777
 10
567.182
 20
703.5771777777777
 10
558.5558777777778
 20
711.9196666666666
 10
549.9015333333334
 20
720.2367555555555
 10
541.2175555555556
 20
728.5228000000001
 10
532.534988888889
 20
736.8102555555555
 10
523.7959777777778
 20
745.0412666666665
 10
515.0555555555555
 20
753.2722777777777
 10
506.2318777777778
 20
761.417211111111
 10
497.35034444444454
 20
769.5071111111109
 10
488.4137777777778
 20
777.5405666666667
 10
489.5412555555555
 20
778.6722777777778
 97
0
 75
1
 76
1
 98
0
  0
HATCH
  5
2DF
330
17
100
AcDbEntity
  8
PERIPHERY
 62
7
420
0
100
AcDbHatch
 10
0.0
 20
0.0
 30
0.0
210
0.0
220
0.0
230
1.0
  2
SOLID
 70
1
 71
0
 91
1
 92
3
 72
0
 73
1
 93
23
 10
487.2792444444444
 20
776.4102666666665
 10
496.330111111111
 20
768.4911111111111
 10
505.296311111111
 20
760.4872888888888
 10
514.1792555555554
 20
752.3987999999999
 10
523.0029333333332
 20
744.2524555555555
 10
531.7715777777777
 20
736.0510777777777
 10
540.5105888888887
 20
727.8200666666667
 10
549.2495999999999
 20
719.5904666666667
 10
557.9335777777776
 20
711.303011111111
 10
566.587922222222
 20
702.9859222222221
 10
575.2436777777776
 20
694.6702444444444
 10
574.6778222222221
 20
694.1057999999999
 10
565.9952555555553
 20
702.3932555555555
 10
557.3126888888886
 20
710.6792999999999
 10
548.5736777777776
 20
718.910311111111
 10
539.8050333333331
 20
727.1130999999998
 10
531.0363888888886
 20
735.3158888888887
 10
522.1844888888886
 20
743.434011111111
 10
513.3029555555553
 20
751.5224999999998
 10
504.3367555555553
 20
759.5277333333331
 10
495.31269999999984
 20
767.475111111111
 10
486.1503555555554
 20
775.2827888888888
 10
487.2792444444444
 20
776.4102666666665
 97
0
 75
1
 76
1
 98
0
  0
HATCH
  5
2E0
330
17
100
AcDbEntity
  8
PERIPHERY
 62
7
420
0
100
AcDbHatch
 10
0.0
 20
0.0
 30
0.0
210
0.0
220
0.0
230
1.0
  2
SOLID
 70
1
 71
0
 91
1
 92
3
 72
0
 73
1
 93
23
 10
485.01582222222214
 20
774.1468444444444
 10
494.2656555555555
 20
766.4252444444443
 10
503.4026
 20
758.5907555555556
 10
512.4252444444444
 20
750.6433777777777
 10
521.3914444444445
 20
742.6381444444444
 10
530.2729777777777
 20
734.5496555555555
 10
539.0980666666667
 20
726.4047222222222
 10
547.9231555555556
 20
718.2597888888889
 10
556.6621666666666
 20
710.0287777777777
 10
565.4011777777778
 20
701.7977666666666
 10
574.1133777777777
 20
693.5385333333334
 10
573.5489333333333
 20
692.9740888888888
 10
564.808511111111
 20
701.2036888888888
 10
556.0398666666666
 20
709.4064777777777
 10
547.244411111111
 20
717.5810444444444
 10
538.392511111111
 20
725.6991666666665
 10
529.5123888888887
 20
733.7890666666666
 10
520.5729999999999
 20
741.8211111111111
 10
511.5503555555555
 20
749.7698999999999
 10
502.46985555555545
 20
757.6608333333332
 10
493.2496555555555
 20
765.4106555555555
 10
483.8869333333333
 20
773.0193666666665
 10
485.01582222222214
 20
774.1468444444444
 97
0
 75
1
 76
1
 98
0
  0
TEXT
  5
2E1
330
17
100
AcDbEntity
  8
LABELS
 62
250
100
AcDbText
 10
537.1096699999999
 20
795.8859988888888
 30
0.0
 40
16.93333333333333
  1
6
 11
537.1096699999999
 21
795.8859988888888
 31
0.0
100
AcDbText
  0
TEXT
  5
2E2
330
17
100
AcDbEntity
  8
LABELS
 62
250
100
AcDbText
 10
558.2763366666666
 20
776.8166666666666
 30
0.0
 40
16.93333333333333
  1
7
 11
558.2763366666666
 21
776.8166666666666
 31
0.0
100
AcDbText
  0
TEXT
  5
2E3
330
17
100
AcDbEntity
  8
LABELS
 62
250
100
AcDbText
 10
576.620781111111
 20
759.9026655555555
 30
0.0
 40
16.93333333333333
  1
8
 11
576.620781111111
 21
759.9026655555555
 31
0.0
100
AcDbText
  0
TEXT
  5
2E4
330
17
100
AcDbEntity
  8
LABELS
 62
250
100
AcDbText
 10
593.5541144444444
 20
741.5388888888888
 30
0.0
 40
16.93333333333333
  1
9
 11
593.5541144444444
 21
741.5388888888888
 31
0.0
100
AcDbText
  0
TEXT
  5
2E5
330
17
100
AcDbEntity
  8
LABELS
 62
250
100
AcDbText
 10
330.7760155555555
 20
652.8731333333333
 30
0.0
 40
16.93333333333333
  1
6
 11
330.7760155555555
 21
652.8731333333333
 31
0.0
100
AcDbText
  0
TEXT
  5
2E6
330
17
100
AcDbEntity
  8
LABELS
 62
250
100
AcDbText
 10
306.77611999999993
 20
652.8731333333333
 30
0.0
 40
16.93333333333333
  1
7
 11
306.77611999999993
 21
652.8731333333333
 31
0.0
100
AcDbText
  0
TEXT
  5
2E7
330
17
100
AcDbEntity
  8
LABELS
 62
250
100
AcDbText
 10
282.7762244444444
 20
652.8731333333333
 30
0.0
 40
16.93333333333333
  1
8
 11
282.7762244444444
 21
652.8731333333333
 31
0.0
100
AcDbText
  0
TEXT
  5
2E8
330
17
100
AcDbEntity
  8
LABELS
 62
250
100
AcDbText
 10
258.7763288888889
 20
652.8731333333333
 30
0.0
 40
16.93333333333333
  1
9
 11
258.7763288888889
 21
652.8731333333333
 31
0.0
100
AcDbText
  0
TEXT
  5
2E9
330
17
100
AcDbEntity
  8
LABELS
 62
250
100
AcDbText
 10
180.80411444444442
 20
595.3311266666666
 30
0.0
 40
16.93333333333333
  1
6
 11
180.80411444444442
 21
595.3311266666666
 31
0.0
100
AcDbText
  0
TEXT
  5
2EA
330
17
100
AcDbEntity
  8
LABELS
 62
250
100
AcDbText
 10
180.80411444444442
 20
619.3317277777777
 30
0.0
 40
16.93333333333333
  1
7
 11
180.80411444444442
 21
619.3317277777777
 31
0.0
100
AcDbText
  0
TEXT
  5
2EB
330
17
100
AcDbEntity
  8
LABELS
 62
250
100
AcDbText
 10
180.80411444444442
 20
643.3309177777777
 30
0.0
 40
16.93333333333333
  1
8
 11
180.80411444444442
 21
643.3309177777777
 31
0.0
100
AcDbText
  0
TEXT
  5
2EC
330
17
100
AcDbEntity
  8
LABELS
 62
250
100
AcDbText
 10
180.80411444444442
 20
667.3308133333333
 30
0.0
 40
16.93333333333333
  1
9
 11
180.80411444444442
 21
667.3308133333333
 31
0.0
100
AcDbText
  0
TEXT
  5
2ED
330
17
100
AcDbEntity
  8
LABELS
 62
250
100
AcDbText
 10
330.7760155555555
 20
346.4284833333333
 30
0.0
 40
16.93333333333333
  1
6
 11
330.7760155555555
 21
346.4284833333333
 31
0.0
100
AcDbText
  0
TEXT
  5
2EE
330
17
100
AcDbEntity
  8
LABELS
 62
250
100
AcDbText
 10
306.77611999999993
 20
346.4284833333333
 30
0.0
 40
16.93333333333333
  1
7
 11
306.77611999999993
 21
346.4284833333333
 31
0.0
100
AcDbText
  0
TEXT
  5
2EF
330
17
100
AcDbEntity
  8
LABELS
 62
250
100
AcDbText
 10
282.7762244444444
 20
346.4284833333333
 30
0.0
 40
16.93333333333333
  1
8
 11
282.7762244444444
 21
346.4284833333333
 31
0.0
100
AcDbText
  0
TEXT
  5
2F0
330
17
100
AcDbEntity
  8
LABELS
 62
250
100
AcDbText
 10
258.7763288888889
 20
346.4284833333333
 30
0.0
 40
16.93333333333333
  1
9
 11
258.7763288888889
 21
346.4284833333333
 31
0.0
100
AcDbText
  0
TEXT
  5
2F1
330
17
100
AcDbEntity
  8
LABELS
 62
250
100
AcDbText
 10
1242.7768444444444
 20
346.4284833333333
 30
0.0
 40
16.93333333333333
  1
6
 11
1242.7768444444444
 21
346.4284833333333
 31
0.0
100
AcDbText
  0
TEXT
  5
2F2
330
17
100
AcDbEntity
  8
LABELS
 62
250
100
AcDbText
 10
1266.7767399999998
 20
346.4284833333333
 30
0.0
 40
16.93333333333333
  1
7
 11
1266.7767399999998
 21
346.4284833333333
 31
0.0
100
AcDbText
  0
TEXT
  5
2F3
330
17
100
AcDbEntity
  8
LABELS
 62
250
100
AcDbText
 10
1290.7766355555555
 20
346.4284833333333
 30
0.0
 40
16.93333333333333
  1
8
 11
1290.7766355555555
 21
346.4284833333333
 31
0.0
100
AcDbText
  0
TEXT
  5
2F4
330
17
100
AcDbEntity
  8
LABELS
 62
250
100
AcDbText
 10
1314.776531111111
 20
346.4284833333333
 30
0.0
 40
16.93333333333333
  1
9
 11
1314.776531111111
 21
346.4284833333333
 31
0.0
100
AcDbText
  0
TEXT
  5
2F5
330
17
100
AcDbEntity
  8
LABELS
 62
250
100
AcDbText
 10
1390.995863333333
 20
403.331821111111
 30
0.0
 40
16.93333333333333
  1
6
 11
1390.995863333333
 21
403.331821111111
 31
0.0
100
AcDbText
  0
TEXT
  5
2F6
330
17
100
AcDbEntity
  8
LABELS
 62
250
100
AcDbText
 10
1390.995863333333
 20
379.33192555555553
 30
0.0
 40
16.93333333333333
  1
7
 11
1390.995863333333
 21
379.33192555555553
 31
0.0
100
AcDbText
  0
TEXT
  5
2F7
330
17
100
AcDbEntity
  8
LABELS
 62
250
100
AcDbText
 10
1390.995863333333
 20
355.3320299999999
 30
0.0
 40
16.93333333333333
  1
8
 11
1390.995863333333
 21
355.3320299999999
 31
0.0
100
AcDbText
  0
TEXT
  5
2F8
330
17
100
AcDbEntity
  8
LABELS
 62
250
100
AcDbText
 10
1390.995863333333
 20
331.33199333333334
 30
0.0
 40
16.93333333333333
  1
9
 11
1390.995863333333
 21
331.33199333333334
 31
0.0
100
AcDbText
  0
TEXT
  5
2F9
330
17
100
AcDbEntity
  8
LABELS
 62
250
100
AcDbText
 10
1242.7768444444444
 20
651.2291888888888
 30
0.0
 40
16.93333333333333
  1
6
 11
1242.7768444444444
 21
651.2291888888888
 31
0.0
100
AcDbText
  0
TEXT
  5
2FA
330
17
100
AcDbEntity
  8
LABELS
 62
250
100
AcDbText
 10
1266.7767399999998
 20
651.2291888888888
 30
0.0
 40
16.93333333333333
  1
7
 11
1266.7767399999998
 21
651.2291888888888
 31
0.0
100
AcDbText
  0
TEXT
  5
2FB
330
17
100
AcDbEntity
  8
LABELS
 62
250
100
AcDbText
 10
1290.7766355555555
 20
651.2291888888888
 30
0.0
 40
16.93333333333333
  1
8
 11
1290.7766355555555
 21
651.2291888888888
 31
0.0
100
AcDbText
  0
TEXT
  5
2FC
330
17
100
AcDbEntity
  8
LABELS
 62
250
100
AcDbText
 10
1314.776531111111
 20
651.2291888888888
 30
0.0
 40
16.93333333333333
  1
9
 11
1314.776531111111
 21
651.2291888888888
 31
0.0
100
AcDbText
  0
TEXT
  5
2FD
330
17
100
AcDbEntity
  8
LABELS
 62
250
100
AcDbText
 10
1391.802031111111
 20
595.3311266666666
 30
0.0
 40
16.93333333333333
  1
6
 11
1391.802031111111
 21
595.3311266666666
 31
0.0
100
AcDbText
  0
TEXT
  5
2FE
330
17
100
AcDbEntity
  8
LABELS
 62
250
100
AcDbText
 10
1391.802031111111
 20
619.3310222222221
 30
0.0
 40
16.93333333333333
  1
7
 11
1391.802031111111
 21
619.3310222222221
 31
0.0
100
AcDbText
  0
TEXT
  5
2FF
330
17
100
AcDbEntity
  8
LABELS
 62
250
100
AcDbText
 10
1391.802031111111
 20
643.3316233333334
 30
0.0
 40
16.93333333333333
  1
8
 11
1391.802031111111
 21
643.3316233333334
 31
0.0
100
AcDbText
  0
TEXT
  5
300
330
17
100
AcDbEntity
  8
LABELS
 62
250
100
AcDbText
 10
1391.802031111111
 20
667.3308133333333
 30
0.0
 40
16.93333333333333
  1
9
 11
1391.802031111111
 21
667.3308133333333
 31
0.0
100
AcDbText
  0
TEXT
  5
301
330
17
100
AcDbEntity
  8
LABELS
 62
250
100
AcDbText
 10
183.36655111111108
 20
403.331821111111
 30
0.0
 40
16.93333333333333
  1
6
 11
183.36655111111108
 21
403.331821111111
 31
0.0
100
AcDbText
  0
TEXT
  5
302
330
17
100
AcDbEntity
  8
LABELS
 62
250
100
AcDbText
 10
183.36655111111108
 20
379.33192555555553
 30
0.0
 40
16.93333333333333
  1
7
 11
183.36655111111108
 21
379.33192555555553
 31
0.0
100
AcDbText
  0
TEXT
  5
303
330
17
100
AcDbEntity
  8
LABELS
 62
250
100
AcDbText
 10
183.36655111111108
 20
355.3320299999999
 30
0.0
 40
16.93333333333333
  1
8
 11
183.36655111111108
 21
355.3320299999999
 31
0.0
100
AcDbText
  0
TEXT
  5
304
330
17
100
AcDbEntity
  8
LABELS
 62
250
100
AcDbText
 10
183.36655111111108
 20
331.33199333333334
 30
0.0
 40
16.93333333333333
  1
9
 11
183.36655111111108
 21
331.33199333333334
 31
0.0
100
AcDbText
  0
HATCH
  5
305
330
17
100
AcDbEntity
  8
PERIPHERY
 62
7
420
0
100
AcDbHatch
 10
0.0
 20
0.0
 30
0.0
210
0.0
220
0.0
230
1.0
  2
SOLID
 70
1
 71
0
 91
1
 92
3
 72
0
 73
1
 93
5
 10
239.11983333333333
 20
696.2506888888888
 10
223.11924444444443
 20
696.2506888888888
 10
223.11924444444443
 20
712.2498666666667
 10
239.11983333333333
 20
712.2498666666667
 10
239.11983333333333
 20
696.2506888888888
 97
0
 75
1
 76
1
 98
0
  0
HATCH
  5
306
330
17
100
AcDbEntity
  8
PERIPHERY
 62
7
420
16777215
100
AcDbHatch
 10
0.0
 20
0.0
 30
0.0
210
0.0
220
0.0
230
1.0
  2
SOLID
 70
1
 71
0
 91
1
 92
3
 72
0
 73
1
 93
5
 10
235.11933333333332
 20
700.2497777777777
 10
227.11974444444442
 20
700.2497777777777
 10
227.11974444444442
 20
708.2493666666666
 10
235.11933333333332
 20
708.2493666666666
 10
235.11933333333332
 20
700.2497777777777
 97
0
 75
1
 76
1
 98
0
  0
HATCH
  5
307
330
17
100
AcDbEntity
  8
PERIPHERY
 62
7
420
0
100
AcDbHatch
 10
0.0
 20
0.0
 30
0.0
210
0.0
220
0.0
230
1.0
  2
SOLID
 70
1
 71
0
 91
1
 92
3
 72
0
 73
1
 93
5
 10
239.11983333333333
 20
296.2514888888889
 10
223.11924444444443
 20
296.2514888888889
 10
223.11924444444443
 20
312.2506666666666
 10
239.11983333333333
 20
312.2506666666666
 10
239.11983333333333
 20
296.2514888888889
 97
0
 75
1
 76
1
 98
0
  0
HATCH
  5
308
330
17
100
AcDbEntity
  8
PERIPHERY
 62
7
420
16777215
100
AcDbHatch
 10
0.0
 20
0.0
 30
0.0
210
0.0
220
0.0
230
1.0
  2
SOLID
 70
1
 71
0
 91
1
 92
3
 72
0
 73
1
 93
5
 10
235.11933333333332
 20
300.2505777777778
 10
227.11974444444442
 20
300.2505777777778
 10
227.11974444444442
 20
308.25016666666664
 10
235.11933333333332
 20
308.25016666666664
 10
235.11933333333332
 20
300.2505777777778
 97
0
 75
1
 76
1
 98
0
  0
HATCH
  5
309
330
17
100
AcDbEntity
  8
PERIPHERY
 62
7
420
0
100
AcDbHatch
 10
0.0
 20
0.0
 30
0.0
210
0.0
220
0.0
230
1.0
  2
SOLID
 70
1
 71
0
 91
1
 92
3
 72
0
 73
1
 93
5
 10
1359.1201333333331
 20
696.2506888888888
 10
1343.1195444444443
 20
696.2506888888888
 10
1343.1195444444443
 20
712.2498666666667
 10
1359.1201333333331
 20
712.2498666666667
 10
1359.1201333333331
 20
696.2506888888888
 97
0
 75
1
 76
1
 98
0
  0
HATCH
  5
30A
330
17
100
AcDbEntity
  8
PERIPHERY
 62
7
420
16777215
100
AcDbHatch
 10
0.0
 20
0.0
 30
0.0
210
0.0
220
0.0
230
1.0
  2
SOLID
 70
1
 71
0
 91
1
 92
3
 72
0
 73
1
 93
5
 10
1355.1196333333332
 20
700.2497777777777
 10
1347.1200444444444
 20
700.2497777777777
 10
1347.1200444444444
 20
708.2493666666666
 10
1355.1196333333332
 20
708.2493666666666
 10
1355.1196333333332
 20
700.2497777777777
 97
0
 75
1
 76
1
 98
0
  0
HATCH
  5
30B
330
17
100
AcDbEntity
  8
PERIPHERY
 62
7
420
0
100
AcDbHatch
 10
0.0
 20
0.0
 30
0.0
210
0.0
220
0.0
230
1.0
  2
SOLID
 70
1
 71
0
 91
1
 92
3
 72
0
 73
1
 93
5
 10
1359.1201333333331
 20
296.2514888888889
 10
1343.1195444444443
 20
296.2514888888889
 10
1343.1195444444443
 20
312.2506666666666
 10
1359.1201333333331
 20
312.2506666666666
 10
1359.1201333333331
 20
296.2514888888889
 97
0
 75
1
 76
1
 98
0
  0
HATCH
  5
30C
330
17
100
AcDbEntity
  8
PERIPHERY
 62
7
420
16777215
100
AcDbHatch
 10
0.0
 20
0.0
 30
0.0
210
0.0
220
0.0
230
1.0
  2
SOLID
 70
1
 71
0
 91
1
 92
3
 72
0
 73
1
 93
5
 10
1355.1196333333332
 20
300.2505777777778
 10
1347.1200444444444
 20
300.2505777777778
 10
1347.1200444444444
 20
308.25016666666664
 10
1355.1196333333332
 20
308.25016666666664
 10
1355.1196333333332
 20
300.2505777777778
 97
0
 75
1
 76
1
 98
0
  0
HATCH
  5
30D
330
17
100
AcDbEntity
  8
PERIPHERY
 62
7
420
0
100
AcDbHatch
 10
0.0
 20
0.0
 30
0.0
210
0.0
220
0.0
230
1.0
  2
SOLID
 70
1
 71
0
 91
1
 92
3
 72
0
 73
1
 93
5
 10
563.1208222222222
 20
284.25139999999993
 10
571.120411111111
 20
284.25139999999993
 10
571.120411111111
 20
244.24922222222224
 10
563.1208222222222
 20
244.24922222222224
 10
563.1208222222222
 20
284.25139999999993
 97
0
 75
1
 76
1
 98
0
  0
HATCH
  5
30E
330
17
100
AcDbEntity
  8
PERIPHERY
 62
7
420
0
100
AcDbHatch
 10
0.0
 20
0.0
 30
0.0
210
0.0
220
0.0
230
1.0
  2
SOLID
 70
1
 71
0
 91
1
 92
3
 72
0
 73
1
 93
5
 10
619.1207666666667
 20
284.25139999999993
 10
627.1203555555555
 20
284.25139999999993
 10
627.1203555555555
 20
244.24922222222224
 10
619.1207666666667
 20
244.24922222222224
 10
619.1207666666667
 20
284.25139999999993
 97
0
 75
1
 76
1
 98
0
  0
HATCH
  5
30F
330
17
100
AcDbEntity
  8
PERIPHERY
 62
7
420
0
100
AcDbHatch
 10
0.0
 20
0.0
 30
0.0
210
0.0
220
0.0
230
1.0
  2
SOLID
 70
1
 71
0
 91
1
 92
3
 72
0
 73
1
 93
5
 10
675.1207111111111
 20
284.25139999999993
 10
683.1188888888888
 20
284.25139999999993
 10
683.1188888888888
 20
244.24922222222224
 10
675.1207111111111
 20
244.24922222222224
 10
675.1207111111111
 20
284.25139999999993
 97
0
 75
1
 76
1
 98
0
  0
HATCH
  5
310
330
17
100
AcDbEntity
  8
PERIPHERY
 62
7
420
0
100
AcDbHatch
 10
0.0
 20
0.0
 30
0.0
210
0.0
220
0.0
230
1.0
  2
SOLID
 70
1
 71
0
 91
1
 92
3
 72
0
 73
1
 93
5
 10
731.1206555555555
 20
284.25139999999993
 10
739.1202444444443
 20
284.25139999999993
 10
739.1202444444443
 20
244.24922222222224
 10
731.1206555555555
 20
244.24922222222224
 10
731.1206555555555
 20
284.25139999999993
 97
0
 75
1
 76
1
 98
0
  0
HATCH
  5
311
330
17
100
AcDbEntity
  8
PERIPHERY
 62
7
420
0
100
AcDbHatch
 10
0.0
 20
0.0
 30
0.0
210
0.0
220
0.0
230
1.0
  2
SOLID
 70
1
 71
0
 91
1
 92
3
 72
0
 73
1
 93
5
 10
787.1206
 20
284.25139999999993
 10
795.1216
 20
284.25139999999993
 10
795.1216
 20
244.24922222222224
 10
787.1206
 20
244.24922222222224
 10
787.1206
 20
284.25139999999993
 97
0
 75
1
 76
1
 98
0
  0
HATCH
  5
312
330
17
100
AcDbEntity
  8
PERIPHERY
 62
7
420
0
100
AcDbHatch
 10
0.0
 20
0.0
 30
0.0
210
0.0
220
0.0
230
1.0
  2
SOLID
 70
1
 71
0
 91
1
 92
3
 72
0
 73
1
 93
5
 10
843.1205444444444
 20
284.25139999999993
 10
851.1187222222221
 20
284.25139999999993
 10
851.1187222222221
 20
244.24922222222224
 10
843.1205444444444
 20
244.24922222222224
 10
843.1205444444444
 20
284.25139999999993
 97
0
 75
1
 76
1
 98
0
  0
HATCH
  5
313
330
17
100
AcDbEntity
  8
PERIPHERY
 62
7
420
0
100
AcDbHatch
 10
0.0
 20
0.0
 30
0.0
210
0.0
220
0.0
230
1.0
  2
SOLID
 70
1
 71
0
 91
1
 92
3
 72
0
 73
1
 93
5
 10
899.1190777777778
 20
284.25139999999993
 10
907.1200777777777
 20
284.25139999999993
 10
907.1200777777777
 20
244.24922222222224
 10
899.1190777777778
 20
244.24922222222224
 10
899.1190777777778
 20
284.25139999999993
 97
0
 75
1
 76
1
 98
0
  0
HATCH
  5
314
330
17
100
AcDbEntity
  8
PERIPHERY
 62
7
420
0
100
AcDbHatch
 10
0.0
 20
0.0
 30
0.0
210
0.0
220
0.0
230
1.0
  2
SOLID
 70
1
 71
0
 91
1
 92
3
 72
0
 73
1
 93
5
 10
955.1190222222222
 20
284.25139999999993
 10
963.120022222222
 20
284.25139999999993
 10
963.120022222222
 20
244.24922222222224
 10
955.1190222222222
 20
244.24922222222224
 10
955.1190222222222
 20
284.25139999999993
 97
0
 75
1
 76
1
 98
0
  0
HATCH
  5
315
330
17
100
AcDbEntity
  8
PERIPHERY
 62
7
420
0
100
AcDbHatch
 10
0.0
 20
0.0
 30
0.0
210
0.0
220
0.0
230
1.0
  2
SOLID
 70
1
 71
0
 91
1
 92
3
 72
0
 73
1
 93
5
 10
1011.1189666666667
 20
284.25139999999993
 10
1019.1199666666666
 20
284.25139999999993
 10
1019.1199666666666
 20
244.24922222222224
 10
1011.1189666666667
 20
244.24922222222224
 10
1011.1189666666667
 20
284.25139999999993
 97
0
 75
1
 76
1
 98
0
  0
HATCH
  5
316
330
17
100
AcDbEntity
  8
PERIPHERY
 62
7
420
0
100
AcDbHatch
 10
0.0
 20
0.0
 30
0.0
210
0.0
220
0.0
230
1.0
  2
SOLID
 70
1
 71
0
 91
1
 92
3
 72
0
 73
1
 93
5
 10
515.1190555555555
 20
284.25139999999993
 10
523.1186444444444
 20
284.25139999999993
 10
519.1195555555555
 20
244.24922222222224
 10
515.1190555555555
 20
244.24922222222224
 10
515.1190555555555
 20
284.25139999999993
 97
0
 75
1
 76
1
 98
0
  0
HATCH
  5
317
330
17
100
AcDbEntity
  8
PERIPHERY
 62
7
420
0
100
AcDbHatch
 10
0.0
 20
0.0
 30
0.0
210
0.0
220
0.0
230
1.0
  2
SOLID
 70
1
 71
0
 91
1
 92
3
 72
0
 73
1
 93
5
 10
531.1196444444444
 20
284.25139999999993
 10
539.1192333333332
 20
284.25139999999993
 10
535.1187333333334
 20
244.24922222222224
 10
527.1191444444445
 20
244.24922222222224
 10
531.1196444444444
 20
284.25139999999993
 97
0
 75
1
 76
1
 98
0
  0
HATCH
  5
318
330
17
100
AcDbEntity
  8
PERIPHERY
 62
7
420
0
100
AcDbHatch
 10
0.0
 20
0.0
 30
0.0
210
0.0
220
0.0
230
1.0
  2
SOLID
 70
1
 71
0
 91
1
 92
3
 72
0
 73
1
 93
5
 10
547.1202333333333
 20
284.25139999999993
 10
555.1198222222222
 20
284.25139999999993
 10
551.1207333333333
 20
244.24922222222224
 10
543.1211444444444
 20
244.24922222222224
 10
547.1202333333333
 20
284.25139999999993
 97
0
 75
1
 76
1
 98
0
  0
HATCH
  5
319
330
17
100
AcDbEntity
  8
PERIPHERY
 62
7
420
0
100
AcDbHatch
 10
0.0
 20
0.0
 30
0.0
210
0.0
220
0.0
230
1.0
  2
SOLID
 70
1
 71
0
 91
1
 92
3
 72
0
 73
1
 93
4
 10
563.1208222222222
 20
284.25139999999993
 10
563.1208222222222
 20
244.24922222222224
 10
559.1203222222222
 20
244.24922222222224
 10
563.1208222222222
 20
284.25139999999993
 97
0
 75
1
 76
1
 98
0
  0
HATCH
  5
31A
330
17
100
AcDbEntity
  8
PERIPHERY
 62
7
420
0
100
AcDbHatch
 10
0.0
 20
0.0
 30
0.0
210
0.0
220
0.0
230
1.0
  2
SOLID
 70
1
 71
0
 91
1
 92
3
 72
0
 73
1
 93
5
 10
571.120411111111
 20
284.25139999999993
 10
573.787411111111
 20
284.25139999999993
 10
569.7869111111111
 20
244.24922222222224
 10
567.119911111111
 20
244.24922222222224
 10
571.120411111111
 20
284.25139999999993
 97
0
 75
1
 76
1
 98
0
  0
HATCH
  5
31B
330
17
100
AcDbEntity
  8
PERIPHERY
 62
7
420
0
100
AcDbHatch
 10
0.0
 20
0.0
 30
0.0
210
0.0
220
0.0
230
1.0
  2
SOLID
 70
1
 71
0
 91
1
 92
3
 72
0
 73
1
 93
5
 10
576.453
 20
284.25139999999993
 10
579.1199999999999
 20
284.25139999999993
 10
575.1194999999999
 20
244.24922222222224
 10
572.4525
 20
244.24922222222224
 10
576.453
 20
284.25139999999993
 97
0
 75
1
 76
1
 98
0
  0
HATCH
  5
31C
330
17
100
AcDbEntity
  8
PERIPHERY
 62
7
420
0
100
AcDbHatch
 10
0.0
 20
0.0
 30
0.0
210
0.0
220
0.0
230
1.0
  2
SOLID
 70
1
 71
0
 91
1
 92
3
 72
0
 73
1
 93
5
 10
581.7869999999999
 20
284.25139999999993
 10
584.454
 20
284.25139999999993
 10
580.4535
 20
244.24922222222224
 10
577.7865
 20
244.24922222222224
 10
581.7869999999999
 20
284.25139999999993
 97
0
 75
1
 76
1
 98
0
  0
HATCH
  5
31D
330
17
100
AcDbEntity
  8
PERIPHERY
 62
7
420
0
100
AcDbHatch
 10
0.0
 20
0.0
 30
0.0
210
0.0
220
0.0
230
1.0
  2
SOLID
 70
1
 71
0
 91
1
 92
3
 72
0
 73
1
 93
5
 10
587.121
 20
284.25139999999993
 10
589.7879999999999
 20
284.25139999999993
 10
585.788911111111
 20
244.24922222222224
 10
583.121911111111
 20
244.24922222222224
 10
587.121
 20
284.25139999999993
 97
0
 75
1
 76
1
 98
0
  0
HATCH
  5
31E
330
17
100
AcDbEntity
  8
PERIPHERY
 62
7
420
0
100
AcDbHatch
 10
0.0
 20
0.0
 30
0.0
210
0.0
220
0.0
230
1.0
  2
SOLID
 70
1
 71
0
 91
1
 92
3
 72
0
 73
1
 93
5
 10
592.4549999999999
 20
284.25139999999993
 10
595.122
 20
284.25139999999993
 10
591.1229111111111
 20
244.24922222222224
 10
588.455911111111
 20
244.24922222222224
 10
592.4549999999999
 20
284.25139999999993
 97
0
 75
1
 76
1
 98
0
  0
HATCH
  5
31F
330
17
100
AcDbEntity
  8
PERIPHERY
 62
7
420
0
100
AcDbHatch
 10
0.0
 20
0.0
 30
0.0
210
0.0
220
0.0
230
1.0
  2
SOLID
 70
1
 71
0
 91
1
 92
3
 72
0
 73
1
 93
5
 10
597.7875888888889
 20
284.25139999999993
 10
600.4545888888888
 20
284.25139999999993
 10
596.4554999999999
 20
244.24922222222224
 10
593.7885
 20
244.24922222222224
 10
597.7875888888889
 20
284.25139999999993
 97
0
 75
1
 76
1
 98
0
  0
HATCH
  5
320
330
17
100
AcDbEntity
  8
PERIPHERY
 62
7
420
0
100
AcDbHatch
 10
0.0
 20
0.0
 30
0.0
210
0.0
220
0.0
230
1.0
  2
SOLID
 70
1
 71
0
 91
1
 92
3
 72
0
 73
1
 93
5
 10
603.1215888888888
 20
284.25139999999993
 10
605.7885888888889
 20
284.25139999999993
 10
601.7894999999999
 20
244.24922222222224
 10
599.1225
 20
244.24922222222224
 10
603.1215888888888
 20
284.25139999999993
 97
0
 75
1
 76
1
 98
0
  0
HATCH
  5
321
330
17
100
AcDbEntity
  8
PERIPHERY
 62
7
420
0
100
AcDbHatch
 10
0.0
 20
0.0
 30
0.0
210
0.0
220
0.0
230
1.0
  2
SOLID
 70
1
 71
0
 91
1
 92
3
 72
0
 73
1
 93
5
 10
608.4555888888889
 20
284.25139999999993
 10
611.1225888888888
 20
284.25139999999993
 10
607.1220888888889
 20
244.24922222222224
 10
604.4550888888889
 20
244.24922222222224
 10
608.4555888888889
 20
284.25139999999993
 97
0
 75
1
 76
1
 98
0
  0
HATCH
  5
322
330
17
100
AcDbEntity
  8
PERIPHERY
 62
7
420
0
100
AcDbHatch
 10
0.0
 20
0.0
 30
0.0
210
0.0
220
0.0
230
1.0
  2
SOLID
 70
1
 71
0
 91
1
 92
3
 72
0
 73
1
 93
5
 10
613.7881777777777
 20
284.25139999999993
 10
616.4551777777777
 20
284.25139999999993
 10
612.4546777777778
 20
244.24922222222224
 10
609.7876777777777
 20
244.24922222222224
 10
613.7881777777777
 20
284.25139999999993
 97
0
 75
1
 76
1
 98
0
  0
HATCH
  5
323
330
17
100
AcDbEntity
  8
PERIPHERY
 62
7
420
0
100
AcDbHatch
 10
0.0
 20
0.0
 30
0.0
210
0.0
220
0.0
230
1.0
  2
SOLID
 70
1
 71
0
 91
1
 92
3
 72
0
 73
1
 93
5
 10
619.1221777777777
 20
284.25139999999993
 10
621.7891777777777
 20
284.25139999999993
 10
617.7886777777777
 20
244.24922222222224
 10
615.1216777777778
 20
244.24922222222224
 10
619.1221777777777
 20
284.25139999999993
 97
0
 75
1
 76
1
 98
0
  0
HATCH
  5
324
330
17
100
AcDbEntity
  8
PERIPHERY
 62
7
420
0
100
AcDbHatch
 10
0.0
 20
0.0
 30
0.0
210
0.0
220
0.0
230
1.0
  2
SOLID
 70
1
 71
0
 91
1
 92
3
 72
0
 73
1
 93
5
 10
627.1203555555555
 20
284.25139999999993
 10
628.7205555555555
 20
284.25139999999993
 10
624.7214666666666
 20
244.24922222222224
 10
623.1212666666667
 20
244.24922222222224
 10
627.1203555555555
 20
284.25139999999993
 97
0
 75
1
 76
1
 98
0
  0
HATCH
  5
325
330
17
100
AcDbEntity
  8
PERIPHERY
 62
7
420
0
100
AcDbHatch
 10
0.0
 20
0.0
 30
0.0
210
0.0
220
0.0
230
1.0
  2
SOLID
 70
1
 71
0
 91
1
 92
3
 72
0
 73
1
 93
5
 10
630.3207555555555
 20
284.25139999999993
 10
631.9209555555556
 20
284.25139999999993
 10
627.9218666666667
 20
244.24922222222224
 10
626.3216666666666
 20
244.24922222222224
 10
630.3207555555555
 20
284.25139999999993
 97
0
 75
1
 76
1
 98
0
  0
HATCH
  5
326
330
17
100
AcDbEntity
  8
PERIPHERY
 62
7
420
0
100
AcDbHatch
 10
0.0
 20
0.0
 30
0.0
210
0.0
220
0.0
230
1.0
  2
SOLID
 70
1
 71
0
 91
1
 92
3
 72
0
 73
1
 93
5
 10
633.5211555555555
 20
284.25139999999993
 10
635.1199444444444
 20
284.25139999999993
 10
631.1208555555554
 20
244.24922222222224
 10
629.5206555555554
 20
244.24922222222224
 10
633.5211555555555
 20
284.25139999999993
 97
0
 75
1
 76
1
 98
0
  0
HATCH
  5
327
330
17
100
AcDbEntity
  8
PERIPHERY
 62
7
420
0
100
AcDbHatch
 10
0.0
 20
0.0
 30
0.0
210
0.0
220
0.0
230
1.0
  2
SOLID
 70
1
 71
0
 91
1
 92
3
 72
0
 73
1
 93
5
 10
636.7201444444444
 20
284.25139999999993
 10
638.3189333333332
 20
284.25139999999993
 10
634.3198444444444
 20
244.24922222222224
 10
632.7196444444443
 20
244.24922222222224
 10
636.7201444444444
 20
284.25139999999993
 97
0
 75
1
 76
1
 98
0
  0
HATCH
  5
328
330
17
100
AcDbEntity
  8
PERIPHERY
 62
7
420
0
100
AcDbHatch
 10
0.0
 20
0.0
 30
0.0
210
0.0
220
0.0
230
1.0
  2
SOLID
 70
1
 71
0
 91
1
 92
3
 72
0
 73
1
 93
5
 10
639.9205444444444
 20
284.25139999999993
 10
641.5207444444444
 20
284.25139999999993
 10
637.5202444444444
 20
244.24922222222224
 10
635.9200444444444
 20
244.24922222222224
 10
639.9205444444444
 20
284.25139999999993
 97
0
 75
1
 76
1
 98
0
  0
HATCH
  5
329
330
17
100
AcDbEntity
  8
PERIPHERY
 62
7
420
0
100
AcDbHatch
 10
0.0
 20
0.0
 30
0.0
210
0.0
220
0.0
230
1.0
  2
SOLID
 70
1
 71
0
 91
1
 92
3
 72
0
 73
1
 93
5
 10
643.1195333333333
 20
284.25139999999993
 10
644.7197333333334
 20
284.25139999999993
 10
640.7192333333334
 20
244.24922222222224
 10
639.1204444444445
 20
244.24922222222224
 10
643.1195333333333
 20
284.25139999999993
 97
0
 75
1
 76
1
 98
0
  0
HATCH
  5
32A
330
17
100
AcDbEntity
  8
PERIPHERY
 62
7
420
0
100
AcDbHatch
 10
0.0
 20
0.0
 30
0.0
210
0.0
220
0.0
230
1.0
  2
SOLID
 70
1
 71
0
 91
1
 92
3
 72
0
 73
1
 93
5
 10
646.3199333333332
 20
284.25139999999993
 10
647.9201333333333
 20
284.25139999999993
 10
643.9196333333333
 20
244.24922222222224
 10
642.3208444444444
 20
244.24922222222224
 10
646.3199333333332
 20
284.25139999999993
 97
0
 75
1
 76
1
 98
0
  0
HATCH
  5
32B
330
17
100
AcDbEntity
  8
PERIPHERY
 62
7
420
0
100
AcDbHatch
 10
0.0
 20
0.0
 30
0.0
210
0.0
220
0.0
230
1.0
  2
SOLID
 70
1
 71
0
 91
1
 92
3
 72
0
 73
1
 93
5
 10
649.5203333333333
 20
284.25139999999993
 10
651.1219444444444
 20
284.25139999999993
 10
647.1200333333333
 20
244.24922222222224
 10
645.5212444444444
 20
244.24922222222224
 10
649.5203333333333
 20
284.25139999999993
 97
0
 75
1
 76
1
 98
0
  0
HATCH
  5
32C
330
17
100
AcDbEntity
  8
PERIPHERY
 62
7
420
0
100
AcDbHatch
 10
0.0
 20
0.0
 30
0.0
210
0.0
220
0.0
230
1.0
  2
SOLID
 70
1
 71
0
 91
1
 92
3
 72
0
 73
1
 93
5
 10
652.7193222222222
 20
284.25139999999993
 10
654.3209333333333
 20
284.25139999999993
 10
650.3190222222222
 20
244.24922222222224
 10
648.7202333333333
 20
244.24922222222224
 10
652.7193222222222
 20
284.25139999999993
 97
0
 75
1
 76
1
 98
0
  0
HATCH
  5
32D
330
17
100
AcDbEntity
  8
PERIPHERY
 62
7
420
0
100
AcDbHatch
 10
0.0
 20
0.0
 30
0.0
210
0.0
220
0.0
230
1.0
  2
SOLID
 70
1
 71
0
 91
1
 92
3
 72
0
 73
1
 93
5
 10
655.9197222222222
 20
284.25139999999993
 10
657.5213333333332
 20
284.25139999999993
 10
653.5208333333333
 20
244.24922222222224
 10
651.9206333333333
 20
244.24922222222224
 10
655.9197222222222
 20
284.25139999999993
 97
0
 75
1
 76
1
 98
0
  0
HATCH
  5
32E
330
17
100
AcDbEntity
  8
PERIPHERY
 62
7
420
0
100
AcDbHatch
 10
0.0
 20
0.0
 30
0.0
210
0.0
220
0.0
230
1.0
  2
SOLID
 70
1
 71
0
 91
1
 92
3
 72
0
 73
1
 93
5
 10
659.118711111111
 20
284.25139999999993
 10
660.7203222222221
 20
284.25139999999993
 10
656.7198222222222
 20
244.24922222222224
 10
655.1196222222221
 20
244.24922222222224
 10
659.118711111111
 20
284.25139999999993
 97
0
 75
1
 76
1
 98
0
  0
HATCH
  5
32F
330
17
100
AcDbEntity
  8
PERIPHERY
 62
7
420
0
100
AcDbHatch
 10
0.0
 20
0.0
 30
0.0
210
0.0
220
0.0
230
1.0
  2
SOLID
 70
1
 71
0
 91
1
 92
3
 72
0
 73
1
 93
5
 10
662.3205222222222
 20
284.25139999999993
 10
663.9207222222221
 20
284.25139999999993
 10
659.9202222222222
 20
244.24922222222224
 10
658.3200222222222
 20
244.24922222222224
 10
662.3205222222222
 20
284.25139999999993
 97
0
 75
1
 76
1
 98
0
  0
HATCH
  5
330
330
17
100
AcDbEntity
  8
PERIPHERY
 62
7
420
0
100
AcDbHatch
 10
0.0
 20
0.0
 30
0.0
210
0.0
220
0.0
230
1.0
  2
SOLID
 70
1
 71
0
 91
1
 92
3
 72
0
 73
1
 93
5
 10
665.519511111111
 20
284.25139999999993
 10
667.1197111111111
 20
284.25139999999993
 10
663.1192111111111
 20
244.24922222222224
 10
661.519011111111
 20
244.24922222222224
 10
665.519511111111
 20
284.25139999999993
 97
0
 75
1
 76
1
 98
0
  0
HATCH
  5
331
330
17
100
AcDbEntity
  8
PERIPHERY
 62
7
420
0
100
AcDbHatch
 10
0.0
 20
0.0
 30
0.0
210
0.0
220
0.0
230
1.0
  2
SOLID
 70
1
 71
0
 91
1
 92
3
 72
0
 73
1
 93
5
 10
668.7199111111111
 20
284.25139999999993
 10
670.3201111111111
 20
284.25139999999993
 10
666.3210222222222
 20
244.24922222222224
 10
664.7194111111111
 20
244.24922222222224
 10
668.7199111111111
 20
284.25139999999993
 97
0
 75
1
 76
1
 98
0
  0
HATCH
  5
332
330
17
100
AcDbEntity
  8
PERIPHERY
 62
7
420
0
100
AcDbHatch
 10
0.0
 20
0.0
 30
0.0
210
0.0
220
0.0
230
1.0
  2
SOLID
 70
1
 71
0
 91
1
 92
3
 72
0
 73
1
 93
5
 10
671.920311111111
 20
284.25139999999993
 10
673.5205111111111
 20
284.25139999999993
 10
669.5214222222222
 20
244.24922222222224
 10
667.919811111111
 20
244.24922222222224
 10
671.920311111111
 20
284.25139999999993
 97
0
 75
1
 76
1
 98
0
  0
HATCH
  5
333
330
17
100
AcDbEntity
  8
PERIPHERY
 62
7
420
0
100
AcDbHatch
 10
0.0
 20
0.0
 30
0.0
210
0.0
220
0.0
230
1.0
  2
SOLID
 70
1
 71
0
 91
1
 92
3
 72
0
 73
1
 93
5
 10
675.1207111111111
 20
284.25139999999993
 10
676.7194999999999
 20
284.25139999999993
 10
672.720411111111
 20
244.24922222222224
 10
671.1188
 20
244.24922222222224
 10
675.1207111111111
 20
284.25139999999993
 97
0
 75
1
 76
1
 98
0
  0
HATCH
  5
334
330
17
100
AcDbEntity
  8
PERIPHERY
 62
7
420
0
100
AcDbHatch
 10
0.0
 20
0.0
 30
0.0
210
0.0
220
0.0
230
1.0
  2
SOLID
 70
1
 71
0
 91
1
 92
3
 72
0
 73
1
 93
5
 10
678.321111111111
 20
284.25139999999993
 10
679.9198999999999
 20
284.25139999999993
 10
675.920811111111
 20
244.24922222222224
 10
674.320611111111
 20
244.24922222222224
 10
678.321111111111
 20
284.25139999999993
 97
0
 75
1
 76
1
 98
0
  0
HATCH
  5
335
330
17
100
AcDbEntity
  8
PERIPHERY
 62
7
420
0
100
AcDbHatch
 10
0.0
 20
0.0
 30
0.0
210
0.0
220
0.0
230
1.0
  2
SOLID
 70
1
 71
0
 91
1
 92
3
 72
0
 73
1
 93
5
 10
683.1188888888888
 20
284.25139999999993
 10
684.2633
 20
284.25139999999993
 10
680.2642111111111
 20
244.24922222222224
 10
679.1197999999999
 20
244.24922222222224
 10
683.1188888888888
 20
284.25139999999993
 97
0
 75
1
 76
1
 98
0
  0
HATCH
  5
336
330
17
100
AcDbEntity
  8
PERIPHERY
 62
7
420
0
100
AcDbHatch
 10
0.0
 20
0.0
 30
0.0
210
0.0
220
0.0
230
1.0
  2
SOLID
 70
1
 71
0
 91
1
 92
3
 72
0
 73
1
 93
5
 10
685.4048888888889
 20
284.25139999999993
 10
686.5478888888889
 20
284.25139999999993
 10
682.5488
 20
244.24922222222224
 10
681.4043888888889
 20
244.24922222222224
 10
685.4048888888889
 20
284.25139999999993
 97
0
 75
1
 76
1
 98
0
  0
HATCH
  5
337
330
17
100
AcDbEntity
  8
PERIPHERY
 62
7
420
0
100
AcDbHatch
 10
0.0
 20
0.0
 30
0.0
210
0.0
220
0.0
230
1.0
  2
SOLID
 70
1
 71
0
 91
1
 92
3
 72
0
 73
1
 93
5
 10
687.6908888888888
 20
284.25139999999993
 10
688.8338888888889
 20
284.25139999999993
 10
684.8333888888889
 20
244.24922222222224
 10
683.6903888888888
 20
244.24922222222224
 10
687.6908888888888
 20
284.25139999999993
 97
0
 75
1
 76
1
 98
0
  0
HATCH
  5
338
330
17
100
AcDbEntity
  8
PERIPHERY
 62
7
420
0
100
AcDbHatch
 10
0.0
 20
0.0
 30
0.0
210
0.0
220
0.0
230
1.0
  2
SOLID
 70
1
 71
0
 91
1
 92
3
 72
0
 73
1
 93
5
 10
689.9754777777778
 20
284.25139999999993
 10
691.1198888888888
 20
284.25139999999993
 10
687.1193888888888
 20
244.24922222222224
 10
685.9763888888888
 20
244.24922222222224
 10
689.9754777777778
 20
284.25139999999993
 97
0
 75
1
 76
1
 98
0
  0
HATCH
  5
339
330
17
100
AcDbEntity
  8
PERIPHERY
 62
7
420
0
100
AcDbHatch
 10
0.0
 20
0.0
 30
0.0
210
0.0
220
0.0
230
1.0
  2
SOLID
 70
1
 71
0
 91
1
 92
3
 72
0
 73
1
 93
5
 10
692.2628888888888
 20
284.25139999999993
 10
693.4058888888889
 20
284.25139999999993
 10
689.4067999999999
 20
244.24922222222224
 10
688.2623888888888
 20
244.24922222222224
 10
692.2628888888888
 20
284.25139999999993
 97
0
 75
1
 76
1
 98
0
  0
HATCH
  5
33A
330
17
100
AcDbEntity
  8
PERIPHERY
 62
7
420
0
100
AcDbHatch
 10
0.0
 20
0.0
 30
0.0
210
0.0
220
0.0
230
1.0
  2
SOLID
 70
1
 71
0
 91
1
 92
3
 72
0
 73
1
 93
5
 10
694.5488888888888
 20
284.25139999999993
 10
695.6918888888888
 20
284.25139999999993
 10
691.6913888888888
 20
244.24922222222224
 10
690.5483888888889
 20
244.24922222222224
 10
694.5488888888888
 20
284.25139999999993
 97
0
 75
1
 76
1
 98
0
  0
HATCH
  5
33B
330
17
100
AcDbEntity
  8
PERIPHERY
 62
7
420
0
100
AcDbHatch
 10
0.0
 20
0.0
 30
0.0
210
0.0
220
0.0
230
1.0
  2
SOLID
 70
1
 71
0
 91
1
 92
3
 72
0
 73
1
 93
5
 10
696.8334777777777
 20
284.25139999999993
 10
697.9778888888889
 20
284.25139999999993
 10
693.9773888888889
 20
244.24922222222224
 10
692.8343888888888
 20
244.24922222222224
 10
696.8334777777777
 20
284.25139999999993
 97
0
 75
1
 76
1
 98
0
  0
HATCH
  5
33C
330
17
100
AcDbEntity
  8
PERIPHERY
 62
7
420
0
100
AcDbHatch
 10
0.0
 20
0.0
 30
0.0
210
0.0
220
0.0
230
1.0
  2
SOLID
 70
1
 71
0
 91
1
 92
3
 72
0
 73
1
 93
5
 10
699.1194777777778
 20
284.25139999999993
 10
700.2624777777778
 20
284.25139999999993
 10
696.2633888888888
 20
244.24922222222224
 10
695.1189777777778
 20
244.24922222222224
 10
699.1194777777778
 20
284.25139999999993
 97
0
 75
1
 76
1
 98
0
  0
HATCH
  5
33D
330
17
100
AcDbEntity
  8
PERIPHERY
 62
7
420
0
100
AcDbHatch
 10
0.0
 20
0.0
 30
0.0
210
0.0
220
0.0
230
1.0
  2
SOLID
 70
1
 71
0
 91
1
 92
3
 72
0
 73
1
 93
5
 10
701.4054777777777
 20
284.25139999999993
 10
702.5470666666666
 20
284.25139999999993
 10
698.5479777777778
 20
244.24922222222224
 10
697.4049777777777
 20
244.24922222222224
 10
701.4054777777777
 20
284.25139999999993
 97
0
 75
1
 76
1
 98
0
  0
HATCH
  5
33E
330
17
100
AcDbEntity
  8
PERIPHERY
 62
7
420
0
100
AcDbHatch
 10
0.0
 20
0.0
 30
0.0
210
0.0
220
0.0
230
1.0
  2
SOLID
 70
1
 71
0
 91
1
 92
3
 72
0
 73
1
 93
5
 10
703.6900666666666
 20
284.25139999999993
 10
704.8344777777777
 20
284.25139999999993
 10
700.8325666666666
 20
244.24922222222224
 10
699.6909777777777
 20
244.24922222222224
 10
703.6900666666666
 20
284.25139999999993
 97
0
 75
1
 76
1
 98
0
  0
HATCH
  5
33F
330
17
100
AcDbEntity
  8
PERIPHERY
 62
7
420
0
100
AcDbHatch
 10
0.0
 20
0.0
 30
0.0
210
0.0
220
0.0
230
1.0
  2
SOLID
 70
1
 71
0
 91
1
 92
3
 72
0
 73
1
 93
5
 10
705.9746555555555
 20
284.25139999999993
 10
707.1190666666666
 20
284.25139999999993
 10
703.1185666666667
 20
244.24922222222224
 10
701.9755666666666
 20
244.24922222222224
 10
705.9746555555555
 20
284.25139999999993
 97
0
 75
1
 76
1
 98
0
  0
HATCH
  5
340
330
17
100
AcDbEntity
  8
PERIPHERY
 62
7
420
0
100
AcDbHatch
 10
0.0
 20
0.0
 30
0.0
210
0.0
220
0.0
230
1.0
  2
SOLID
 70
1
 71
0
 91
1
 92
3
 72
0
 73
1
 93
5
 10
708.2606555555554
 20
284.25139999999993
 10
709.4036555555555
 20
284.25139999999993
 10
705.4045666666666
 20
244.24922222222224
 10
704.2601555555555
 20
244.24922222222224
 10
708.2606555555554
 20
284.25139999999993
 97
0
 75
1
 76
1
 98
0
  0
HATCH
  5
341
330
17
100
AcDbEntity
  8
PERIPHERY
 62
7
420
0
100
AcDbHatch
 10
0.0
 20
0.0
 30
0.0
210
0.0
220
0.0
230
1.0
  2
SOLID
 70
1
 71
0
 91
1
 92
3
 72
0
 73
1
 93
5
 10
710.5480666666666
 20
284.25139999999993
 10
711.6910666666666
 20
284.25139999999993
 10
707.6905666666667
 20
244.24922222222224
 10
706.5475666666666
 20
244.24922222222224
 10
710.5480666666666
 20
284.25139999999993
 97
0
 75
1
 76
1
 98
0
  0
HATCH
  5
342
330
17
100
AcDbEntity
  8
PERIPHERY
 62
7
420
0
100
AcDbHatch
 10
0.0
 20
0.0
 30
0.0
210
0.0
220
0.0
230
1.0
  2
SOLID
 70
1
 71
0
 91
1
 92
3
 72
0
 73
1
 93
5
 10
712.8326555555554
 20
284.25139999999993
 10
713.9770666666666
 20
284.25139999999993
 10
709.9765666666666
 20
244.24922222222224
 10
708.8335666666666
 20
244.24922222222224
 10
712.8326555555554
 20
284.25139999999993
 97
0
 75
1
 76
1
 98
0
  0
HATCH
  5
343
330
17
100
AcDbEntity
  8
PERIPHERY
 62
7
420
0
100
AcDbHatch
 10
0.0
 20
0.0
 30
0.0
210
0.0
220
0.0
230
1.0
  2
SOLID
 70
1
 71
0
 91
1
 92
3
 72
0
 73
1
 93
5
 10
715.1186555555555
 20
284.25139999999993
 10
716.2616555555554
 20
284.25139999999993
 10
712.2625666666665
 20
244.24922222222224
 10
711.1181555555555
 20
244.24922222222224
 10
715.1186555555555
 20
284.25139999999993
 97
0
 75
1
 76
1
 98
0
  0
HATCH
  5
344
330
17
100
AcDbEntity
  8
PERIPHERY
 62
7
420
0
100
AcDbHatch
 10
0.0
 20
0.0
 30
0.0
210
0.0
220
0.0
230
1.0
  2
SOLID
 70
1
 71
0
 91
1
 92
3
 72
0
 73
1
 93
5
 10
717.4046555555555
 20
284.25139999999993
 10
718.5476555555555
 20
284.25139999999993
 10
714.5471555555555
 20
244.24922222222224
 10
713.4041555555555
 20
244.24922222222224
 10
717.4046555555555
 20
284.25139999999993
 97
0
 75
1
 76
1
 98
0
  0
HATCH
  5
345
330
17
100
AcDbEntity
  8
PERIPHERY
 62
7
420
0
100
AcDbHatch
 10
0.0
 20
0.0
 30
0.0
210
0.0
220
0.0
230
1.0
  2
SOLID
 70
1
 71
0
 91
1
 92
3
 72
0
 73
1
 93
5
 10
719.6892444444444
 20
284.25139999999993
 10
720.8336555555555
 20
284.25139999999993
 10
716.8331555555555
 20
244.24922222222224
 10
715.6901555555555
 20
244.24922222222224
 10
719.6892444444444
 20
284.25139999999993
 97
0
 75
1
 76
1
 98
0
  0
HATCH
  5
346
330
17
100
AcDbEntity
  8
PERIPHERY
 62
7
420
0
100
AcDbHatch
 10
0.0
 20
0.0
 30
0.0
210
0.0
220
0.0
230
1.0
  2
SOLID
 70
1
 71
0
 91
1
 92
3
 72
0
 73
1
 93
5
 10
721.9738333333332
 20
284.25139999999993
 10
723.1182444444444
 20
284.25139999999993
 10
719.1191555555555
 20
244.24922222222224
 10
717.9747444444445
 20
244.24922222222224
 10
721.9738333333332
 20
284.25139999999993
 97
0
 75
1
 76
1
 98
0
  0
HATCH
  5
347
330
17
100
AcDbEntity
  8
PERIPHERY
 62
7
420
0
100
AcDbHatch
 10
0.0
 20
0.0
 30
0.0
210
0.0
220
0.0
230
1.0
  2
SOLID
 70
1
 71
0
 91
1
 92
3
 72
0
 73
1
 93
5
 10
724.2612444444443
 20
284.25139999999993
 10
725.4028333333332
 20
284.25139999999993
 10
721.4037444444443
 20
244.24922222222224
 10
720.2593333333332
 20
244.24922222222224
 10
724.2612444444443
 20
284.25139999999993
 97
0
 75
1
 76
1
 98
0
  0
HATCH
  5
348
330
17
100
AcDbEntity
  8
PERIPHERY
 62
7
420
0
100
AcDbHatch
 10
0.0
 20
0.0
 30
0.0
210
0.0
220
0.0
230
1.0
  2
SOLID
 70
1
 71
0
 91
1
 92
3
 72
0
 73
1
 93
5
 10
726.5458333333332
 20
284.25139999999993
 10
727.6888333333332
 20
284.25139999999993
 10
723.6883333333332
 20
244.24922222222224
 10
722.5453333333332
 20
244.24922222222224
 10
726.5458333333332
 20
284.25139999999993
 97
0
 75
1
 76
1
 98
0
  0
HATCH
  5
349
330
17
100
AcDbEntity
  8
PERIPHERY
 62
7
420
0
100
AcDbHatch
 10
0.0
 20
0.0
 30
0.0
210
0.0
220
0.0
230
1.0
  2
SOLID
 70
1
 71
0
 91
1
 92
3
 72
0
 73
1
 93
5
 10
728.8318333333333
 20
284.25139999999993
 10
729.9762444444444
 20
284.25139999999993
 10
725.9757444444443
 20
244.24922222222224
 10
724.8327444444444
 20
244.24922222222224
 10
728.8318333333333
 20
284.25139999999993
 97
0
 75
1
 76
1
 98
0
  0
HATCH
  5
34A
330
17
100
AcDbEntity
  8
PERIPHERY
 62
7
420
0
100
AcDbHatch
 10
0.0
 20
0.0
 30
0.0
210
0.0
220
0.0
230
1.0
  2
SOLID
 70
1
 71
0
 91
1
 92
3
 72
0
 73
1
 93
5
 10
731.1178333333332
 20
284.25139999999993
 10
732.2608333333332
 20
284.25139999999993
 10
728.2617444444444
 20
244.24922222222224
 10
727.1173333333332
 20
244.24922222222224
 10
731.1178333333332
 20
284.25139999999993
 97
0
 75
1
 76
1
 98
0
  0
HATCH
  5
34B
330
17
100
AcDbEntity
  8
PERIPHERY
 62
7
420
0
100
AcDbHatch
 10
0.0
 20
0.0
 30
0.0
210
0.0
220
0.0
230
1.0
  2
SOLID
 70
1
 71
0
 91
1
 92
3
 72
0
 73
1
 93
5
 10
733.4038333333333
 20
284.25139999999993
 10
734.5468333333332
 20
284.25139999999993
 10
730.5463333333331
 20
244.24922222222224
 10
729.4033333333332
 20
244.24922222222224
 10
733.4038333333333
 20
284.25139999999993
 97
0
 75
1
 76
1
 98
0
  0
HATCH
  5
34C
330
17
100
AcDbEntity
  8
PERIPHERY
 62
7
420
0
100
AcDbHatch
 10
0.0
 20
0.0
 30
0.0
210
0.0
220
0.0
230
1.0
  2
SOLID
 70
1
 71
0
 91
1
 92
3
 72
0
 73
1
 93
5
 10
739.1202444444443
 20
284.25139999999993
 10
740.0092444444443
 20
284.25139999999993
 10
736.0087444444442
 20
244.24922222222224
 10
735.1211555555553
 20
244.24922222222224
 10
739.1202444444443
 20
284.25139999999993
 97
0
 75
1
 76
1
 98
0
  0
HATCH
  5
34D
330
17
100
AcDbEntity
  8
PERIPHERY
 62
7
420
0
100
AcDbHatch
 10
0.0
 20
0.0
 30
0.0
210
0.0
220
0.0
230
1.0
  2
SOLID
 70
1
 71
0
 91
1
 92
3
 72
0
 73
1
 93
5
 10
740.8968333333332
 20
284.25139999999993
 10
741.7858333333332
 20
284.25139999999993
 10
737.7853333333331
 20
244.24922222222224
 10
736.8977444444442
 20
244.24922222222224
 10
740.8968333333332
 20
284.25139999999993
 97
0
 75
1
 76
1
 98
0
  0
HATCH
  5
34E
330
17
100
AcDbEntity
  8
PERIPHERY
 62
7
420
0
100
AcDbHatch
 10
0.0
 20
0.0
 30
0.0
210
0.0
220
0.0
230
1.0
  2
SOLID
 70
1
 71
0
 91
1
 92
3
 72
0
 73
1
 93
5
 10
742.6748333333331
 20
284.25139999999993
 10
743.5638333333332
 20
284.25139999999993
 10
739.5633333333333
 20
244.24922222222224
 10
738.6757444444444
 20
244.24922222222224
 10
742.6748333333331
 20
284.25139999999993
 97
0
 75
1
 76
1
 98
0
  0
HATCH
  5
34F
330
17
100
AcDbEntity
  8
PERIPHERY
 62
7
420
0
100
AcDbHatch
 10
0.0
 20
0.0
 30
0.0
210
0.0
220
0.0
230
1.0
  2
SOLID
 70
1
 71
0
 91
1
 92
3
 72
0
 73
1
 93
5
 10
744.4528333333334
 20
284.25139999999993
 10
745.3418333333333
 20
284.25139999999993
 10
741.3413333333333
 20
244.24922222222224
 10
740.4537444444444
 20
244.24922222222224
 10
744.4528333333334
 20
284.25139999999993
 97
0
 75
1
 76
1
 98
0
  0
HATCH
  5
350
330
17
100
AcDbEntity
  8
PERIPHERY
 62
7
420
0
100
AcDbHatch
 10
0.0
 20
0.0
 30
0.0
210
0.0
220
0.0
230
1.0
  2
SOLID
 70
1
 71
0
 91
1
 92
3
 72
0
 73
1
 93
5
 10
746.2308333333333
 20
284.25139999999993
 10
747.1198333333333
 20
284.25139999999993
 10
743.1193333333333
 20
244.24922222222224
 10
742.2303333333333
 20
244.24922222222224
 10
746.2308333333333
 20
284.25139999999993
 97
0
 75
1
 76
1
 98
0
  0
HATCH
  5
351
330
17
100
AcDbEntity
  8
PERIPHERY
 62
7
420
0
100
AcDbHatch
 10
0.0
 20
0.0
 30
0.0
210
0.0
220
0.0
230
1.0
  2
SOLID
 70
1
 71
0
 91
1
 92
3
 72
0
 73
1
 93
5
 10
748.0074222222221
 20
284.25139999999993
 10
748.8964222222221
 20
284.25139999999993
 10
744.895922222222
 20
244.24922222222224
 10
744.006922222222
 20
244.24922222222224
 10
748.0074222222221
 20
284.25139999999993
 97
0
 75
1
 76
1
 98
0
  0
HATCH
  5
352
330
17
100
AcDbEntity
  8
PERIPHERY
 62
7
420
0
100
AcDbHatch
 10
0.0
 20
0.0
 30
0.0
210
0.0
220
0.0
230
1.0
  2
SOLID
 70
1
 71
0
 91
1
 92
3
 72
0
 73
1
 93
5
 10
749.7854222222222
 20
284.25139999999993
 10
750.6744222222222
 20
284.25139999999993
 10
746.6739222222221
 20
244.24922222222224
 10
745.7849222222221
 20
244.24922222222224
 10
749.7854222222222
 20
284.25139999999993
 97
0
 75
1
 76
1
 98
0
  0
HATCH
  5
353
330
17
100
AcDbEntity
  8
PERIPHERY
 62
7
420
0
100
AcDbHatch
 10
0.0
 20
0.0
 30
0.0
210
0.0
220
0.0
230
1.0
  2
SOLID
 70
1
 71
0
 91
1
 92
3
 72
0
 73
1
 93
5
 10
751.5634222222222
 20
284.25139999999993
 10
752.4524222222223
 20
284.25139999999993
 10
748.4519222222222
 20
244.24922222222224
 10
747.5629222222221
 20
244.24922222222224
 10
751.5634222222222
 20
284.25139999999993
 97
0
 75
1
 76
1
 98
0
  0
HATCH
  5
354
330
17
100
AcDbEntity
  8
PERIPHERY
 62
7
420
0
100
AcDbHatch
 10
0.0
 20
0.0
 30
0.0
210
0.0
220
0.0
230
1.0
  2
SOLID
 70
1
 71
0
 91
1
 92
3
 72
0
 73
1
 93
5
 10
753.3414222222221
 20
284.25139999999993
 10
754.2290111111112
 20
284.25139999999993
 10
750.2299222222223
 20
244.24922222222224
 10
749.3409222222223
 20
244.24922222222224
 10
753.3414222222221
 20
284.25139999999993
 97
0
 75
1
 76
1
 98
0
  0
HATCH
  5
355
330
17
100
AcDbEntity
  8
PERIPHERY
 62
7
420
0
100
AcDbHatch
 10
0.0
 20
0.0
 30
0.0
210
0.0
220
0.0
230
1.0
  2
SOLID
 70
1
 71
0
 91
1
 92
3
 72
0
 73
1
 93
5
 10
755.1194222222222
 20
284.25139999999993
 10
756.0070111111111
 20
284.25139999999993
 10
752.0079222222223
 20
244.24922222222224
 10
751.1189222222223
 20
244.24922222222224
 10
755.1194222222222
 20
284.25139999999993
 97
0
 75
1
 76
1
 98
0
  0
HATCH
  5
356
330
17
100
AcDbEntity
  8
PERIPHERY
 62
7
420
0
100
AcDbHatch
 10
0.0
 20
0.0
 30
0.0
210
0.0
220
0.0
230
1.0
  2
SOLID
 70
1
 71
0
 91
1
 92
3
 72
0
 73
1
 93
5
 10
756.8960111111111
 20
284.25139999999993
 10
757.7836
 20
284.25139999999993
 10
753.7845111111112
 20
244.24922222222224
 10
752.8955111111112
 20
244.24922222222224
 10
756.8960111111111
 20
284.25139999999993
 97
0
 75
1
 76
1
 98
0
  0
HATCH
  5
357
330
17
100
AcDbEntity
  8
PERIPHERY
 62
7
420
0
100
AcDbHatch
 10
0.0
 20
0.0
 30
0.0
210
0.0
220
0.0
230
1.0
  2
SOLID
 70
1
 71
0
 91
1
 92
3
 72
0
 73
1
 93
5
 10
758.6740111111111
 20
284.25139999999993
 10
759.5616
 20
284.25139999999993
 10
755.5625111111112
 20
244.24922222222224
 10
754.6735111111112
 20
244.24922222222224
 10
758.6740111111111
 20
284.25139999999993
 97
0
 75
1
 76
1
 98
0
  0
HATCH
  5
358
330
17
100
AcDbEntity
  8
PERIPHERY
 62
7
420
0
100
AcDbHatch
 10
0.0
 20
0.0
 30
0.0
210
0.0
220
0.0
230
1.0
  2
SOLID
 70
1
 71
0
 91
1
 92
3
 72
0
 73
1
 93
5
 10
760.4520111111111
 20
284.25139999999993
 10
761.3396
 20
284.25139999999993
 10
757.3405111111111
 20
244.24922222222224
 10
756.4515111111111
 20
244.24922222222224
 10
760.4520111111111
 20
284.25139999999993
 97
0
 75
1
 76
1
 98
0
  0
HATCH
  5
359
330
17
100
AcDbEntity
  8
PERIPHERY
 62
7
420
0
100
AcDbHatch
 10
0.0
 20
0.0
 30
0.0
210
0.0
220
0.0
230
1.0
  2
SOLID
 70
1
 71
0
 91
1
 92
3
 72
0
 73
1
 93
5
 10
762.230011111111
 20
284.25139999999993
 10
763.1175999999999
 20
284.25139999999993
 10
759.1185111111112
 20
244.24922222222224
 10
758.2295111111112
 20
244.24922222222224
 10
762.230011111111
 20
284.25139999999993
 97
0
 75
1
 76
1
 98
0
  0
HATCH
  5
35A
330
17
100
AcDbEntity
  8
PERIPHERY
 62
7
420
0
100
AcDbHatch
 10
0.0
 20
0.0
 30
0.0
210
0.0
220
0.0
230
1.0
  2
SOLID
 70
1
 71
0
 91
1
 92
3
 72
0
 73
1
 93
5
 10
764.0065999999999
 20
284.25139999999993
 10
764.8941888888888
 20
284.25139999999993
 10
760.8951000000001
 20
244.24922222222224
 10
760.0061000000001
 20
244.24922222222224
 10
764.0065999999999
 20
284.25139999999993
 97
0
 75
1
 76
1
 98
0
  0
HATCH
  5
35B
330
17
100
AcDbEntity
  8
PERIPHERY
 62
7
420
0
100
AcDbHatch
 10
0.0
 20
0.0
 30
0.0
210
0.0
220
0.0
230
1.0
  2
SOLID
 70
1
 71
0
 91
1
 92
3
 72
0
 73
1
 93
5
 10
765.7846
 20
284.25139999999993
 10
766.6721888888889
 20
284.25139999999993
 10
762.6731000000001
 20
244.24922222222224
 10
761.7841000000001
 20
244.24922222222224
 10
765.7846
 20
284.25139999999993
 97
0
 75
1
 76
1
 98
0
  0
HATCH
  5
35C
330
17
100
AcDbEntity
  8
PERIPHERY
 62
7
420
0
100
AcDbHatch
 10
0.0
 20
0.0
 30
0.0
210
0.0
220
0.0
230
1.0
  2
SOLID
 70
1
 71
0
 91
1
 92
3
 72
0
 73
1
 93
5
 10
767.5626
 20
284.25139999999993
 10
768.4501888888889
 20
284.25139999999993
 10
764.4511
 20
244.24922222222224
 10
763.5621000000001
 20
244.24922222222224
 10
767.5626
 20
284.25139999999993
 97
0
 75
1
 76
1
 98
0
  0
HATCH
  5
35D
330
17
100
AcDbEntity
  8
PERIPHERY
 62
7
420
0
100
AcDbHatch
 10
0.0
 20
0.0
 30
0.0
210
0.0
220
0.0
230
1.0
  2
SOLID
 70
1
 71
0
 91
1
 92
3
 72
0
 73
1
 93
5
 10
769.3405999999999
 20
284.25139999999993
 10
770.2281888888889
 20
284.25139999999993
 10
766.2291
 20
244.24922222222224
 10
765.338688888889
 20
244.24922222222224
 10
769.3405999999999
 20
284.25139999999993
 97
0
 75
1
 76
1
 98
0
  0
HATCH
  5
35E
330
17
100
AcDbEntity
  8
PERIPHERY
 62
7
420
0
100
AcDbHatch
 10
0.0
 20
0.0
 30
0.0
210
0.0
220
0.0
230
1.0
  2
SOLID
 70
1
 71
0
 91
1
 92
3
 72
0
 73
1
 93
5
 10
771.1157777777778
 20
284.25139999999993
 10
772.0047777777778
 20
284.25139999999993
 10
768.0056888888889
 20
244.24922222222224
 10
767.1152777777779
 20
244.24922222222224
 10
771.1157777777778
 20
284.25139999999993
 97
0
 75
1
 76
1
 98
0
  0
HATCH
  5
35F
330
17
100
AcDbEntity
  8
PERIPHERY
 62
7
420
0
100
AcDbHatch
 10
0.0
 20
0.0
 30
0.0
210
0.0
220
0.0
230
1.0
  2
SOLID
 70
1
 71
0
 91
1
 92
3
 72
0
 73
1
 93
5
 10
772.8937777777777
 20
284.25139999999993
 10
773.7827777777777
 20
284.25139999999993
 10
769.783688888889
 20
244.24922222222224
 10
768.8932777777778
 20
244.24922222222224
 10
772.8937777777777
 20
284.25139999999993
 97
0
 75
1
 76
1
 98
0
  0
HATCH
  5
360
330
17
100
AcDbEntity
  8
PERIPHERY
 62
7
420
0
100
AcDbHatch
 10
0.0
 20
0.0
 30
0.0
210
0.0
220
0.0
230
1.0
  2
SOLID
 70
1
 71
0
 91
1
 92
3
 72
0
 73
1
 93
5
 10
774.6717777777777
 20
284.25139999999993
 10
775.5607777777777
 20
284.25139999999993
 10
771.561688888889
 20
244.24922222222224
 10
770.6712777777778
 20
244.24922222222224
 10
774.6717777777777
 20
284.25139999999993
 97
0
 75
1
 76
1
 98
0
  0
HATCH
  5
361
330
17
100
AcDbEntity
  8
PERIPHERY
 62
7
420
0
100
AcDbHatch
 10
0.0
 20
0.0
 30
0.0
210
0.0
220
0.0
230
1.0
  2
SOLID
 70
1
 71
0
 91
1
 92
3
 72
0
 73
1
 93
5
 10
776.4483666666666
 20
284.25139999999993
 10
777.3387777777778
 20
284.25139999999993
 10
773.3396888888889
 20
244.24922222222224
 10
772.4492777777779
 20
244.24922222222224
 10
776.4483666666666
 20
284.25139999999993
 97
0
 75
1
 76
1
 98
0
  0
HATCH
  5
362
330
17
100
AcDbEntity
  8
PERIPHERY
 62
7
420
0
100
AcDbHatch
 10
0.0
 20
0.0
 30
0.0
210
0.0
220
0.0
230
1.0
  2
SOLID
 70
1
 71
0
 91
1
 92
3
 72
0
 73
1
 93
5
 10
778.2263666666666
 20
284.25139999999993
 10
779.1167777777777
 20
284.25139999999993
 10
775.1176888888889
 20
244.24922222222224
 10
774.2272777777778
 20
244.24922222222224
 10
778.2263666666666
 20
284.25139999999993
 97
0
 75
1
 76
1
 98
0
  0
HATCH
  5
363
330
17
100
AcDbEntity
  8
PERIPHERY
 62
7
420
0
100
AcDbHatch
 10
0.0
 20
0.0
 30
0.0
210
0.0
220
0.0
230
1.0
  2
SOLID
 70
1
 71
0
 91
1
 92
3
 72
0
 73
1
 93
5
 10
780.0043666666667
 20
284.25139999999993
 10
780.8947777777777
 20
284.25139999999993
 10
776.8956888888889
 20
244.24922222222224
 10
776.0052777777778
 20
244.24922222222224
 10
780.0043666666667
 20
284.25139999999993
 97
0
 75
1
 76
1
 98
0
  0
HATCH
  5
364
330
17
100
AcDbEntity
  8
PERIPHERY
 62
7
420
0
100
AcDbHatch
 10
0.0
 20
0.0
 30
0.0
210
0.0
220
0.0
230
1.0
  2
SOLID
 70
1
 71
0
 91
1
 92
3
 72
0
 73
1
 93
5
 10
781.7823666666666
 20
284.25139999999993
 10
782.6727777777777
 20
284.25139999999993
 10
778.6708666666666
 20
244.24922222222224
 10
777.7832777777776
 20
244.24922222222224
 10
781.7823666666666
 20
284.25139999999993
 97
0
 75
1
 76
1
 98
0
  0
HATCH
  5
365
330
17
100
AcDbEntity
  8
PERIPHERY
 62
7
420
0
100
AcDbHatch
 10
0.0
 20
0.0
 30
0.0
210
0.0
220
0.0
230
1.0
  2
SOLID
 70
1
 71
0
 91
1
 92
3
 72
0
 73
1
 93
5
 10
783.5589555555555
 20
284.25139999999993
 10
784.4493666666666
 20
284.25139999999993
 10
780.4474555555555
 20
244.24922222222224
 10
779.5598666666665
 20
244.24922222222224
 10
783.5589555555555
 20
284.25139999999993
 97
0
 75
1
 76
1
 98
0
  0
HATCH
  5
366
330
17
100
AcDbEntity
  8
PERIPHERY
 62
7
420
0
100
AcDbHatch
 10
0.0
 20
0.0
 30
0.0
210
0.0
220
0.0
230
1.0
  2
SOLID
 70
1
 71
0
 91
1
 92
3
 72
0
 73
1
 93
5
 10
785.3369555555555
 20
284.25139999999993
 10
786.2273666666666
 20
284.25139999999993
 10
782.2254555555554
 20
244.24922222222224
 10
781.3378666666665
 20
244.24922222222224
 10
785.3369555555555
 20
284.25139999999993
 97
0
 75
1
 76
1
 98
0
  0
HATCH
  5
367
330
17
100
AcDbEntity
  8
PERIPHERY
 62
7
420
0
100
AcDbHatch
 10
0.0
 20
0.0
 30
0.0
210
0.0
220
0.0
230
1.0
  2
SOLID
 70
1
 71
0
 91
1
 92
3
 72
0
 73
1
 93
5
 10
787.1149555555555
 20
284.25139999999993
 10
788.0053666666665
 20
284.25139999999993
 10
784.0034555555554
 20
244.24922222222224
 10
783.1158666666665
 20
244.24922222222224
 10
787.1149555555555
 20
284.25139999999993
 97
0
 75
1
 76
1
 98
0
  0
HATCH
  5
368
330
17
100
AcDbEntity
  8
PERIPHERY
 62
7
420
0
100
AcDbHatch
 10
0.0
 20
0.0
 30
0.0
210
0.0
220
0.0
230
1.0
  2
SOLID
 70
1
 71
0
 91
1
 92
3
 72
0
 73
1
 93
5
 10
788.8929555555554
 20
284.25139999999993
 10
789.7833666666666
 20
284.25139999999993
 10
785.7814555555555
 20
244.24922222222224
 10
784.8938666666666
 20
244.24922222222224
 10
788.8929555555554
 20
284.25139999999993
 97
0
 75
1
 76
1
 98
0
  0
HATCH
  5
369
330
17
100
AcDbEntity
  8
PERIPHERY
 62
7
420
0
100
AcDbHatch
 10
0.0
 20
0.0
 30
0.0
210
0.0
220
0.0
230
1.0
  2
SOLID
 70
1
 71
0
 91
1
 92
3
 72
0
 73
1
 93
5
 10
790.6695444444443
 20
284.25139999999993
 10
791.5599555555555
 20
284.25139999999993
 10
787.5580444444444
 20
244.24922222222224
 10
786.6704555555555
 20
244.24922222222224
 10
790.6695444444443
 20
284.25139999999993
 97
0
 75
1
 76
1
 98
0
  0
HATCH
  5
36A
330
17
100
AcDbEntity
  8
PERIPHERY
 62
7
420
0
100
AcDbHatch
 10
0.0
 20
0.0
 30
0.0
210
0.0
220
0.0
230
1.0
  2
SOLID
 70
1
 71
0
 91
1
 92
3
 72
0
 73
1
 93
5
 10
795.1216
 20
284.25139999999993
 10
795.9202888888889
 20
284.25139999999993
 10
791.9212
 20
244.24922222222224
 10
791.119688888889
 20
244.24922222222224
 10
795.1216
 20
284.25139999999993
 97
0
 75
1
 76
1
 98
0
  0
HATCH
  5
36B
330
17
100
AcDbEntity
  8
PERIPHERY
 62
7
420
0
100
AcDbHatch
 10
0.0
 20
0.0
 30
0.0
210
0.0
220
0.0
230
1.0
  2
SOLID
 70
1
 71
0
 91
1
 92
3
 72
0
 73
1
 93
5
 10
796.7189777777778
 20
284.25139999999993
 10
797.5176666666667
 20
284.25139999999993
 10
793.5185777777779
 20
244.24922222222224
 10
792.7198888888889
 20
244.24922222222224
 10
796.7189777777778
 20
284.25139999999993
 97
0
 75
1
 76
1
 98
0
  0
HATCH
  5
36C
330
17
100
AcDbEntity
  8
PERIPHERY
 62
7
420
0
100
AcDbHatch
 10
0.0
 20
0.0
 30
0.0
210
0.0
220
0.0
230
1.0
  2
SOLID
 70
1
 71
0
 91
1
 92
3
 72
0
 73
1
 93
5
 10
798.3205888888889
 20
284.25139999999993
 10
799.1192777777778
 20
284.25139999999993
 10
795.120188888889
 20
244.24922222222224
 10
794.3186777777779
 20
244.24922222222224
 10
798.3205888888889
 20
284.25139999999993
 97
0
 75
1
 76
1
 98
0
  0
HATCH
  5
36D
330
17
100
AcDbEntity
  8
PERIPHERY
 62
7
420
0
100
AcDbHatch
 10
0.0
 20
0.0
 30
0.0
210
0.0
220
0.0
230
1.0
  2
SOLID
 70
1
 71
0
 91
1
 92
3
 72
0
 73
1
 93
5
 10
799.9193777777776
 20
284.25139999999993
 10
800.7180666666666
 20
284.25139999999993
 10
796.7189777777778
 20
244.24922222222224
 10
795.9202888888889
 20
244.24922222222224
 10
799.9193777777776
 20
284.25139999999993
 97
0
 75
1
 76
1
 98
0
  0
HATCH
  5
36E
330
17
100
AcDbEntity
  8
PERIPHERY
 62
7
420
0
100
AcDbHatch
 10
0.0
 20
0.0
 30
0.0
210
0.0
220
0.0
230
1.0
  2
SOLID
 70
1
 71
0
 91
1
 92
3
 72
0
 73
1
 93
5
 10
801.5209888888887
 20
284.25139999999993
 10
802.3196777777777
 20
284.25139999999993
 10
798.3205888888889
 20
244.24922222222224
 10
797.5190777777777
 20
244.24922222222224
 10
801.5209888888887
 20
284.25139999999993
 97
0
 75
1
 76
1
 98
0
  0
HATCH
  5
36F
330
17
100
AcDbEntity
  8
PERIPHERY
 62
7
420
0
100
AcDbHatch
 10
0.0
 20
0.0
 30
0.0
210
0.0
220
0.0
230
1.0
  2
SOLID
 70
1
 71
0
 91
1
 92
3
 72
0
 73
1
 93
5
 10
803.1197777777777
 20
284.25139999999993
 10
803.9184666666666
 20
284.25139999999993
 10
799.9193777777778
 20
244.24922222222224
 10
799.1206888888888
 20
244.24922222222224
 10
803.1197777777777
 20
284.25139999999993
 97
0
 75
1
 76
1
 98
0
  0
HATCH
  5
370
330
17
100
AcDbEntity
  8
PERIPHERY
 62
7
420
0
100
AcDbHatch
 10
0.0
 20
0.0
 30
0.0
210
0.0
220
0.0
230
1.0
  2
SOLID
 70
1
 71
0
 91
1
 92
3
 72
0
 73
1
 93
5
 10
804.7199777777777
 20
284.25139999999993
 10
805.5186666666666
 20
284.25139999999993
 10
801.5195777777778
 20
244.24922222222224
 10
800.7180666666667
 20
244.24922222222224
 10
804.7199777777777
 20
284.25139999999993
 97
0
 75
1
 76
1
 98
0
  0
HATCH
  5
371
330
17
100
AcDbEntity
  8
PERIPHERY
 62
7
420
0
100
AcDbHatch
 10
0.0
 20
0.0
 30
0.0
210
0.0
220
0.0
230
1.0
  2
SOLID
 70
1
 71
0
 91
1
 92
3
 72
0
 73
1
 93
5
 10
806.3187666666666
 20
284.25139999999993
 10
807.1202777777777
 20
284.25139999999993
 10
803.1183666666666
 20
244.24922222222224
 10
802.3196777777777
 20
244.24922222222224
 10
806.3187666666666
 20
284.25139999999993
 97
0
 75
1
 76
1
 98
0
  0
HATCH
  5
372
330
17
100
AcDbEntity
  8
PERIPHERY
 62
7
420
0
100
AcDbHatch
 10
0.0
 20
0.0
 30
0.0
210
0.0
220
0.0
230
1.0
  2
SOLID
 70
1
 71
0
 91
1
 92
3
 72
0
 73
1
 93
5
 10
807.9203777777777
 20
284.25139999999993
 10
808.7190666666667
 20
284.25139999999993
 10
804.7199777777779
 20
244.24922222222224
 10
803.9184666666667
 20
244.24922222222224
 10
807.9203777777777
 20
284.25139999999993
 97
0
 75
1
 76
1
 98
0
  0
HATCH
  5
373
330
17
100
AcDbEntity
  8
PERIPHERY
 62
7
420
0
100
AcDbHatch
 10
0.0
 20
0.0
 30
0.0
210
0.0
220
0.0
230
1.0
  2
SOLID
 70
1
 71
0
 91
1
 92
3
 72
0
 73
1
 93
5
 10
809.5191666666665
 20
284.25139999999993
 10
810.3206777777776
 20
284.25139999999993
 10
806.3187666666665
 20
244.24922222222224
 10
805.5200777777776
 20
244.24922222222224
 10
809.5191666666665
 20
284.25139999999993
 97
0
 75
1
 76
1
 98
0
  0
HATCH
  5
374
330
17
100
AcDbEntity
  8
PERIPHERY
 62
7
420
0
100
AcDbHatch
 10
0.0
 20
0.0
 30
0.0
210
0.0
220
0.0
230
1.0
  2
SOLID
 70
1
 71
0
 91
1
 92
3
 72
0
 73
1
 93
5
 10
811.1207777777777
 20
284.25139999999993
 10
811.9194666666666
 20
284.25139999999993
 10
807.9203777777777
 20
244.24922222222224
 10
807.1216888888888
 20
244.24922222222224
 10
811.1207777777777
 20
284.25139999999993
 97
0
 75
1
 76
1
 98
0
  0
HATCH
  5
375
330
17
100
AcDbEntity
  8
PERIPHERY
 62
7
420
0
100
AcDbHatch
 10
0.0
 20
0.0
 30
0.0
210
0.0
220
0.0
230
1.0
  2
SOLID
 70
1
 71
0
 91
1
 92
3
 72
0
 73
1
 93
5
 10
812.7181555555555
 20
284.25139999999993
 10
813.5196666666666
 20
284.25139999999993
 10
809.5177555555555
 20
244.24922222222224
 10
808.7190666666665
 20
244.24922222222224
 10
812.7181555555555
 20
284.25139999999993
 97
0
 75
1
 76
1
 98
0
  0
HATCH
  5
376
330
17
100
AcDbEntity
  8
PERIPHERY
 62
7
420
0
100
AcDbHatch
 10
0.0
 20
0.0
 30
0.0
210
0.0
220
0.0
230
1.0
  2
SOLID
 70
1
 71
0
 91
1
 92
3
 72
0
 73
1
 93
5
 10
814.3197666666666
 20
284.25139999999993
 10
815.1184555555556
 20
284.25139999999993
 10
811.1193666666667
 20
244.24922222222224
 10
810.3206777777777
 20
244.24922222222224
 10
814.3197666666666
 20
284.25139999999993
 97
0
 75
1
 76
1
 98
0
  0
HATCH
  5
377
330
17
100
AcDbEntity
  8
PERIPHERY
 62
7
420
0
100
AcDbHatch
 10
0.0
 20
0.0
 30
0.0
210
0.0
220
0.0
230
1.0
  2
SOLID
 70
1
 71
0
 91
1
 92
3
 72
0
 73
1
 93
5
 10
815.9213777777777
 20
284.25139999999993
 10
816.7200666666666
 20
284.25139999999993
 10
812.7181555555555
 20
244.24922222222224
 10
811.9194666666666
 20
244.24922222222224
 10
815.9213777777777
 20
284.25139999999993
 97
0
 75
1
 76
1
 98
0
  0
HATCH
  5
378
330
17
100
AcDbEntity
  8
PERIPHERY
 62
7
420
0
100
AcDbHatch
 10
0.0
 20
0.0
 30
0.0
210
0.0
220
0.0
230
1.0
  2
SOLID
 70
1
 71
0
 91
1
 92
3
 72
0
 73
1
 93
5
 10
817.5201666666667
 20
284.25139999999993
 10
818.3188555555556
 20
284.25139999999993
 10
814.3197666666667
 20
244.24922222222224
 10
813.5210777777778
 20
244.24922222222224
 10
817.5201666666667
 20
284.25139999999993
 97
0
 75
1
 76
1
 98
0
  0
HATCH
  5
379
330
17
100
AcDbEntity
  8
PERIPHERY
 62
7
420
0
100
AcDbHatch
 10
0.0
 20
0.0
 30
0.0
210
0.0
220
0.0
230
1.0
  2
SOLID
 70
1
 71
0
 91
1
 92
3
 72
0
 73
1
 93
5
 10
819.1203666666667
 20
284.25139999999993
 10
819.9190555555556
 20
284.25139999999993
 10
815.9199666666668
 20
244.24922222222224
 10
815.1184555555557
 20
244.24922222222224
 10
819.1203666666667
 20
284.25139999999993
 97
0
 75
1
 76
1
 98
0
  0
HATCH
  5
37A
330
17
100
AcDbEntity
  8
PERIPHERY
 62
7
420
0
100
AcDbHatch
 10
0.0
 20
0.0
 30
0.0
210
0.0
220
0.0
230
1.0
  2
SOLID
 70
1
 71
0
 91
1
 92
3
 72
0
 73
1
 93
5
 10
820.7191555555554
 20
284.25139999999993
 10
821.5178444444443
 20
284.25139999999993
 10
817.5187555555556
 20
244.24922222222224
 10
816.7200666666666
 20
244.24922222222224
 10
820.7191555555554
 20
284.25139999999993
 97
0
 75
1
 76
1
 98
0
  0
HATCH
  5
37B
330
17
100
AcDbEntity
  8
PERIPHERY
 62
7
420
0
100
AcDbHatch
 10
0.0
 20
0.0
 30
0.0
210
0.0
220
0.0
230
1.0
  2
SOLID
 70
1
 71
0
 91
1
 92
3
 72
0
 73
1
 93
5
 10
822.3207666666665
 20
284.25139999999993
 10
823.1194555555554
 20
284.25139999999993
 10
819.1203666666667
 20
244.24922222222224
 10
818.3188555555556
 20
244.24922222222224
 10
822.3207666666665
 20
284.25139999999993
 97
0
 75
1
 76
1
 98
0
  0
HATCH
  5
37C
330
17
100
AcDbEntity
  8
PERIPHERY
 62
7
420
0
100
AcDbHatch
 10
0.0
 20
0.0
 30
0.0
210
0.0
220
0.0
230
1.0
  2
SOLID
 70
1
 71
0
 91
1
 92
3
 72
0
 73
1
 93
5
 10
823.9195555555555
 20
284.25139999999993
 10
824.7182444444444
 20
284.25139999999993
 10
820.7191555555556
 20
244.24922222222224
 10
819.9204666666667
 20
244.24922222222224
 10
823.9195555555555
 20
284.25139999999993
 97
0
 75
1
 76
1
 98
0
  0
HATCH
  5
37D
330
17
100
AcDbEntity
  8
PERIPHERY
 62
7
420
0
100
AcDbHatch
 10
0.0
 20
0.0
 30
0.0
210
0.0
220
0.0
230
1.0
  2
SOLID
 70
1
 71
0
 91
1
 92
3
 72
0
 73
1
 93
5
 10
825.5211666666665
 20
284.25139999999993
 10
826.3198555555555
 20
284.25139999999993
 10
822.3207666666667
 20
244.24922222222224
 10
821.5192555555556
 20
244.24922222222224
 10
825.5211666666665
 20
284.25139999999993
 97
0
 75
1
 76
1
 98
0
  0
HATCH
  5
37E
330
17
100
AcDbEntity
  8
PERIPHERY
 62
7
420
0
100
AcDbHatch
 10
0.0
 20
0.0
 30
0.0
210
0.0
220
0.0
230
1.0
  2
SOLID
 70
1
 71
0
 91
1
 92
3
 72
0
 73
1
 93
5
 10
827.1185444444444
 20
284.25139999999993
 10
827.9200555555556
 20
284.25139999999993
 10
823.9181444444444
 20
244.24922222222224
 10
823.1194555555554
 20
244.24922222222224
 10
827.1185444444444
 20
284.25139999999993
 97
0
 75
1
 76
1
 98
0
  0
HATCH
  5
37F
330
17
100
AcDbEntity
  8
PERIPHERY
 62
7
420
0
100
AcDbHatch
 10
0.0
 20
0.0
 30
0.0
210
0.0
220
0.0
230
1.0
  2
SOLID
 70
1
 71
0
 91
1
 92
3
 72
0
 73
1
 93
5
 10
828.7201555555555
 20
284.25139999999993
 10
829.5188444444444
 20
284.25139999999993
 10
825.5197555555557
 20
244.24922222222224
 10
824.7182444444446
 20
244.24922222222224
 10
828.7201555555555
 20
284.25139999999993
 97
0
 75
1
 76
1
 98
0
  0
HATCH
  5
380
330
17
100
AcDbEntity
  8
PERIPHERY
 62
7
420
0
100
AcDbHatch
 10
0.0
 20
0.0
 30
0.0
210
0.0
220
0.0
230
1.0
  2
SOLID
 70
1
 71
0
 91
1
 92
3
 72
0
 73
1
 93
5
 10
830.3189444444444
 20
284.25139999999993
 10
831.1204555555554
 20
284.25139999999993
 10
827.1185444444443
 20
244.24922222222224
 10
826.3198555555554
 20
244.24922222222224
 10
830.3189444444444
 20
284.25139999999993
 97
0
 75
1
 76
1
 98
0
  0
HATCH
  5
381
330
17
100
AcDbEntity
  8
PERIPHERY
 62
7
420
0
100
AcDbHatch
 10
0.0
 20
0.0
 30
0.0
210
0.0
220
0.0
230
1.0
  2
SOLID
 70
1
 71
0
 91
1
 92
3
 72
0
 73
1
 93
5
 10
831.9205555555554
 20
284.25139999999993
 10
832.7192444444444
 20
284.25139999999993
 10
828.7201555555555
 20
244.24922222222224
 10
827.9214666666666
 20
244.24922222222224
 10
831.9205555555554
 20
284.25139999999993
 97
0
 75
1
 76
1
 98
0
  0
HATCH
  5
382
330
17
100
AcDbEntity
  8
PERIPHERY
 62
7
420
0
100
AcDbHatch
 10
0.0
 20
0.0
 30
0.0
210
0.0
220
0.0
230
1.0
  2
SOLID
 70
1
 71
0
 91
1
 92
3
 72
0
 73
1
 93
5
 10
833.5193444444444
 20
284.25139999999993
 10
834.3208555555555
 20
284.25139999999993
 10
830.3189444444444
 20
244.24922222222224
 10
829.5202555555554
 20
244.24922222222224
 10
833.5193444444444
 20
284.25139999999993
 97
0
 75
1
 76
1
 98
0
  0
HATCH
  5
383
330
17
100
AcDbEntity
  8
PERIPHERY
 62
7
420
0
100
AcDbHatch
 10
0.0
 20
0.0
 30
0.0
210
0.0
220
0.0
230
1.0
  2
SOLID
 70
1
 71
0
 91
1
 92
3
 72
0
 73
1
 93
5
 10
835.1195444444444
 20
284.25139999999993
 10
835.9182333333333
 20
284.25139999999993
 10
831.9191444444446
 20
244.24922222222224
 10
831.1204555555556
 20
244.24922222222224
 10
835.1195444444444
 20
284.25139999999993
 97
0
 75
1
 76
1
 98
0
  0
HATCH
  5
384
330
17
100
AcDbEntity
  8
PERIPHERY
 62
7
420
0
100
AcDbHatch
 10
0.0
 20
0.0
 30
0.0
210
0.0
220
0.0
230
1.0
  2
SOLID
 70
1
 71
0
 91
1
 92
3
 72
0
 73
1
 93
5
 10
836.7183333333334
 20
284.25139999999993
 10
837.5198444444444
 20
284.25139999999993
 10
833.5179333333333
 20
244.24922222222224
 10
832.7192444444444
 20
244.24922222222224
 10
836.7183333333334
 20
284.25139999999993
 97
0
 75
1
 76
1
 98
0
  0
HATCH
  5
385
330
17
100
AcDbEntity
  8
PERIPHERY
 62
7
420
0
100
AcDbHatch
 10
0.0
 20
0.0
 30
0.0
210
0.0
220
0.0
230
1.0
  2
SOLID
 70
1
 71
0
 91
1
 92
3
 72
0
 73
1
 93
5
 10
838.3199444444444
 20
284.25139999999993
 10
839.1186333333334
 20
284.25139999999993
 10
835.1195444444445
 20
244.24922222222224
 10
834.3208555555556
 20
244.24922222222224
 10
838.3199444444444
 20
284.25139999999993
 97
0
 75
1
 76
1
 98
0
  0
HATCH
  5
386
330
17
100
AcDbEntity
  8
PERIPHERY
 62
7
420
0
100
AcDbHatch
 10
0.0
 20
0.0
 30
0.0
210
0.0
220
0.0
230
1.0
  2
SOLID
 70
1
 71
0
 91
1
 92
3
 72
0
 73
1
 93
5
 10
839.9215555555555
 20
284.25139999999993
 10
840.7202444444445
 20
284.25139999999993
 10
836.7183333333334
 20
244.24922222222224
 10
835.9196444444444
 20
244.24922222222224
 10
839.9215555555555
 20
284.25139999999993
 97
0
 75
1
 76
1
 98
0
  0
HATCH
  5
387
330
17
100
AcDbEntity
  8
PERIPHERY
 62
7
420
0
100
AcDbHatch
 10
0.0
 20
0.0
 30
0.0
210
0.0
220
0.0
230
1.0
  2
SOLID
 70
1
 71
0
 91
1
 92
3
 72
0
 73
1
 93
5
 10
841.5203444444443
 20
284.25139999999993
 10
842.3190333333332
 20
284.25139999999993
 10
838.3199444444444
 20
244.24922222222224
 10
837.5212555555555
 20
244.24922222222224
 10
841.5203444444443
 20
284.25139999999993
 97
0
 75
1
 76
1
 98
0
  0
HATCH
  5
388
330
17
100
AcDbEntity
  8
PERIPHERY
 62
7
420
0
100
AcDbHatch
 10
0.0
 20
0.0
 30
0.0
210
0.0
220
0.0
230
1.0
  2
SOLID
 70
1
 71
0
 91
1
 92
3
 72
0
 73
1
 93
5
 10
843.1205444444444
 20
284.25139999999993
 10
843.9192333333333
 20
284.25139999999993
 10
839.9201444444444
 20
244.24922222222224
 10
839.1186333333334
 20
244.24922222222224
 10
843.1205444444444
 20
284.25139999999993
 97
0
 75
1
 76
1
 98
0
  0
HATCH
  5
389
330
17
100
AcDbEntity
  8
PERIPHERY
 62
7
420
0
100
AcDbHatch
 10
0.0
 20
0.0
 30
0.0
210
0.0
220
0.0
230
1.0
  2
SOLID
 70
1
 71
0
 91
1
 92
3
 72
0
 73
1
 93
5
 10
844.7193333333332
 20
284.25139999999993
 10
845.5180222222222
 20
284.25139999999993
 10
841.5189333333334
 20
244.24922222222224
 10
840.7202444444445
 20
244.24922222222224
 10
844.7193333333332
 20
284.25139999999993
 97
0
 75
1
 76
1
 98
0
  0
HATCH
  5
38A
330
17
100
AcDbEntity
  8
PERIPHERY
 62
7
420
0
100
AcDbHatch
 10
0.0
 20
0.0
 30
0.0
210
0.0
220
0.0
230
1.0
  2
SOLID
 70
1
 71
0
 91
1
 92
3
 72
0
 73
1
 93
5
 10
846.3209444444443
 20
284.25139999999993
 10
847.1196333333332
 20
284.25139999999993
 10
843.1205444444445
 20
244.24922222222224
 10
842.3190333333334
 20
244.24922222222224
 10
846.3209444444443
 20
284.25139999999993
 97
0
 75
1
 76
1
 98
0
  0
HATCH
  5
38B
330
17
100
AcDbEntity
  8
PERIPHERY
 62
7
420
0
100
AcDbHatch
 10
0.0
 20
0.0
 30
0.0
210
0.0
220
0.0
230
1.0
  2
SOLID
 70
1
 71
0
 91
1
 92
3
 72
0
 73
1
 93
5
 10
851.1187222222221
 20
284.25139999999993
 10
852.1191999999999
 20
284.25139999999993
 10
848.120111111111
 20
244.24922222222224
 10
847.1196333333332
 20
244.24922222222224
 10
851.1187222222221
 20
284.25139999999993
 97
0
 75
1
 76
1
 98
0
  0
HATCH
  5
38C
330
17
100
AcDbEntity
  8
PERIPHERY
 62
7
420
0
100
AcDbHatch
 10
0.0
 20
0.0
 30
0.0
210
0.0
220
0.0
230
1.0
  2
SOLID
 70
1
 71
0
 91
1
 92
3
 72
0
 73
1
 93
5
 10
853.1196777777777
 20
284.25139999999993
 10
854.1201555555554
 20
284.25139999999993
 10
850.1182444444443
 20
244.24922222222224
 10
849.1205888888887
 20
244.24922222222224
 10
853.1196777777777
 20
284.25139999999993
 97
0
 75
1
 76
1
 98
0
  0
HATCH
  5
38D
330
17
100
AcDbEntity
  8
PERIPHERY
 62
7
420
0
100
AcDbHatch
 10
0.0
 20
0.0
 30
0.0
210
0.0
220
0.0
230
1.0
  2
SOLID
 70
1
 71
0
 91
1
 92
3
 72
0
 73
1
 93
5
 10
855.1206333333332
 20
284.25139999999993
 10
856.1182888888887
 20
284.25139999999993
 10
852.1192
 20
244.24922222222224
 10
851.1187222222222
 20
244.24922222222224
 10
855.1206333333332
 20
284.25139999999993
 97
0
 75
1
 76
1
 98
0
  0
HATCH
  5
38E
330
17
100
AcDbEntity
  8
PERIPHERY
 62
7
420
0
100
AcDbHatch
 10
0.0
 20
0.0
 30
0.0
210
0.0
220
0.0
230
1.0
  2
SOLID
 70
1
 71
0
 91
1
 92
3
 72
0
 73
1
 93
5
 10
857.1187666666666
 20
284.25139999999993
 10
858.1192444444443
 20
284.25139999999993
 10
854.1201555555556
 20
244.24922222222224
 10
853.1196777777778
 20
244.24922222222224
 10
857.1187666666666
 20
284.25139999999993
 97
0
 75
1
 76
1
 98
0
  0
HATCH
  5
38F
330
17
100
AcDbEntity
  8
PERIPHERY
 62
7
420
0
100
AcDbHatch
 10
0.0
 20
0.0
 30
0.0
210
0.0
220
0.0
230
1.0
  2
SOLID
 70
1
 71
0
 91
1
 92
3
 72
0
 73
1
 93
5
 10
859.1197222222222
 20
284.25139999999993
 10
860.1202
 20
284.25139999999993
 10
856.1182888888887
 20
244.24922222222224
 10
855.1206333333332
 20
244.24922222222224
 10
859.1197222222222
 20
284.25139999999993
 97
0
 75
1
 76
1
 98
0
  0
HATCH
  5
390
330
17
100
AcDbEntity
  8
PERIPHERY
 62
7
420
0
100
AcDbHatch
 10
0.0
 20
0.0
 30
0.0
210
0.0
220
0.0
230
1.0
  2
SOLID
 70
1
 71
0
 91
1
 92
3
 72
0
 73
1
 93
5
 10
861.1206777777778
 20
284.25139999999993
 10
862.1183333333333
 20
284.25139999999993
 10
858.1192444444445
 20
244.24922222222224
 10
857.1187666666668
 20
244.24922222222224
 10
861.1206777777778
 20
284.25139999999993
 97
0
 75
1
 76
1
 98
0
  0
HATCH
  5
391
330
17
100
AcDbEntity
  8
PERIPHERY
 62
7
420
0
100
AcDbHatch
 10
0.0
 20
0.0
 30
0.0
210
0.0
220
0.0
230
1.0
  2
SOLID
 70
1
 71
0
 91
1
 92
3
 72
0
 73
1
 93
5
 10
863.118811111111
 20
284.25139999999993
 10
864.1192888888887
 20
284.25139999999993
 10
860.1202
 20
244.24922222222224
 10
859.1197222222222
 20
244.24922222222224
 10
863.118811111111
 20
284.25139999999993
 97
0
 75
1
 76
1
 98
0
  0
HATCH
  5
392
330
17
100
AcDbEntity
  8
PERIPHERY
 62
7
420
0
100
AcDbHatch
 10
0.0
 20
0.0
 30
0.0
210
0.0
220
0.0
230
1.0
  2
SOLID
 70
1
 71
0
 91
1
 92
3
 72
0
 73
1
 93
5
 10
865.1197666666666
 20
284.25139999999993
 10
866.1202444444443
 20
284.25139999999993
 10
862.1183333333331
 20
244.24922222222224
 10
861.1206777777776
 20
244.24922222222224
 10
865.1197666666666
 20
284.25139999999993
 97
0
 75
1
 76
1
 98
0
  0
HATCH
  5
393
330
17
100
AcDbEntity
  8
PERIPHERY
 62
7
420
0
100
AcDbHatch
 10
0.0
 20
0.0
 30
0.0
210
0.0
220
0.0
230
1.0
  2
SOLID
 70
1
 71
0
 91
1
 92
3
 72
0
 73
1
 93
5
 10
867.1207222222222
 20
284.25139999999993
 10
868.1183777777777
 20
284.25139999999993
 10
864.1192888888888
 20
244.24922222222224
 10
863.1188111111112
 20
244.24922222222224
 10
867.1207222222222
 20
284.25139999999993
 97
0
 75
1
 76
1
 98
0
  0
HATCH
  5
394
330
17
100
AcDbEntity
  8
PERIPHERY
 62
7
420
0
100
AcDbHatch
 10
0.0
 20
0.0
 30
0.0
210
0.0
220
0.0
230
1.0
  2
SOLID
 70
1
 71
0
 91
1
 92
3
 72
0
 73
1
 93
5
 10
869.1188555555553
 20
284.25139999999993
 10
870.1193333333331
 20
284.25139999999993
 10
866.1202444444443
 20
244.24922222222224
 10
865.1197666666666
 20
244.24922222222224
 10
869.1188555555553
 20
284.25139999999993
 97
0
 75
1
 76
1
 98
0
  0
HATCH
  5
395
330
17
100
AcDbEntity
  8
PERIPHERY
 62
7
420
0
100
AcDbHatch
 10
0.0
 20
0.0
 30
0.0
210
0.0
220
0.0
230
1.0
  2
SOLID
 70
1
 71
0
 91
1
 92
3
 72
0
 73
1
 93
5
 10
871.119811111111
 20
284.25139999999993
 10
872.1202888888887
 20
284.25139999999993
 10
868.1183777777775
 20
244.24922222222224
 10
867.120722222222
 20
244.24922222222224
 10
871.119811111111
 20
284.25139999999993
 97
0
 75
1
 76
1
 98
0
  0
HATCH
  5
396
330
17
100
AcDbEntity
  8
PERIPHERY
 62
7
420
0
100
AcDbHatch
 10
0.0
 20
0.0
 30
0.0
210
0.0
220
0.0
230
1.0
  2
SOLID
 70
1
 71
0
 91
1
 92
3
 72
0
 73
1
 93
5
 10
873.1207666666666
 20
284.25139999999993
 10
874.1212444444442
 20
284.25139999999993
 10
870.1193333333331
 20
244.24922222222224
 10
869.1188555555553
 20
244.24922222222224
 10
873.1207666666666
 20
284.25139999999993
 97
0
 75
1
 76
1
 98
0
  0
HATCH
  5
397
330
17
100
AcDbEntity
  8
PERIPHERY
 62
7
420
0
100
AcDbHatch
 10
0.0
 20
0.0
 30
0.0
210
0.0
220
0.0
230
1.0
  2
SOLID
 70
1
 71
0
 91
1
 92
3
 72
0
 73
1
 93
5
 10
875.1188999999999
 20
284.25139999999993
 10
876.1193777777777
 20
284.25139999999993
 10
872.1202888888888
 20
244.24922222222224
 10
871.1198111111112
 20
244.24922222222224
 10
875.1188999999999
 20
284.25139999999993
 97
0
 75
1
 76
1
 98
0
  0
HATCH
  5
398
330
17
100
AcDbEntity
  8
PERIPHERY
 62
7
420
0
100
AcDbHatch
 10
0.0
 20
0.0
 30
0.0
210
0.0
220
0.0
230
1.0
  2
SOLID
 70
1
 71
0
 91
1
 92
3
 72
0
 73
1
 93
5
 10
877.1198555555555
 20
284.25139999999993
 10
878.1203333333332
 20
284.25139999999993
 10
874.1212444444444
 20
244.24922222222224
 10
873.1207666666667
 20
244.24922222222224
 10
877.1198555555555
 20
284.25139999999993
 97
0
 75
1
 76
1
 98
0
  0
HATCH
  5
399
330
17
100
AcDbEntity
  8
PERIPHERY
 62
7
420
0
100
AcDbHatch
 10
0.0
 20
0.0
 30
0.0
210
0.0
220
0.0
230
1.0
  2
SOLID
 70
1
 71
0
 91
1
 92
3
 72
0
 73
1
 93
5
 10
879.120811111111
 20
284.25139999999993
 10
880.1212888888888
 20
284.25139999999993
 10
876.1193777777777
 20
244.24922222222224
 10
875.1188999999999
 20
244.24922222222224
 10
879.120811111111
 20
284.25139999999993
 97
0
 75
1
 76
1
 98
0
  0
HATCH
  5
39A
330
17
100
AcDbEntity
  8
PERIPHERY
 62
7
420
0
100
AcDbHatch
 10
0.0
 20
0.0
 30
0.0
210
0.0
220
0.0
230
1.0
  2
SOLID
 70
1
 71
0
 91
1
 92
3
 72
0
 73
1
 93
5
 10
881.1189444444443
 20
284.25139999999993
 10
882.119422222222
 20
284.25139999999993
 10
878.1203333333332
 20
244.24922222222224
 10
877.1198555555555
 20
244.24922222222224
 10
881.1189444444443
 20
284.25139999999993
 97
0
 75
1
 76
1
 98
0
  0
HATCH
  5
39B
330
17
100
AcDbEntity
  8
PERIPHERY
 62
7
420
0
100
AcDbHatch
 10
0.0
 20
0.0
 30
0.0
210
0.0
220
0.0
230
1.0
  2
SOLID
 70
1
 71
0
 91
1
 92
3
 72
0
 73
1
 93
5
 10
883.1198999999999
 20
284.25139999999993
 10
884.1203777777775
 20
284.25139999999993
 10
880.1212888888888
 20
244.24922222222224
 10
879.120811111111
 20
244.24922222222224
 10
883.1198999999999
 20
284.25139999999993
 97
0
 75
1
 76
1
 98
0
  0
HATCH
  5
39C
330
17
100
AcDbEntity
  8
PERIPHERY
 62
7
420
0
100
AcDbHatch
 10
0.0
 20
0.0
 30
0.0
210
0.0
220
0.0
230
1.0
  2
SOLID
 70
1
 71
0
 91
1
 92
3
 72
0
 73
1
 93
5
 10
885.1208555555554
 20
284.25139999999993
 10
886.1213333333332
 20
284.25139999999993
 10
882.119422222222
 20
244.24922222222224
 10
881.1189444444443
 20
244.24922222222224
 10
885.1208555555554
 20
284.25139999999993
 97
0
 75
1
 76
1
 98
0
  0
HATCH
  5
39D
330
17
100
AcDbEntity
  8
PERIPHERY
 62
7
420
0
100
AcDbHatch
 10
0.0
 20
0.0
 30
0.0
210
0.0
220
0.0
230
1.0
  2
SOLID
 70
1
 71
0
 91
1
 92
3
 72
0
 73
1
 93
5
 10
887.1189888888889
 20
284.25139999999993
 10
888.1194666666665
 20
284.25139999999993
 10
884.1203777777778
 20
244.24922222222224
 10
883.1199
 20
244.24922222222224
 10
887.1189888888889
 20
284.25139999999993
 97
0
 75
1
 76
1
 98
0
  0
HATCH
  5
39E
330
17
100
AcDbEntity
  8
PERIPHERY
 62
7
420
0
100
AcDbHatch
 10
0.0
 20
0.0
 30
0.0
210
0.0
220
0.0
230
1.0
  2
SOLID
 70
1
 71
0
 91
1
 92
3
 72
0
 73
1
 93
5
 10
889.1199444444444
 20
284.25139999999993
 10
890.1204222222221
 20
284.25139999999993
 10
886.1213333333333
 20
244.24922222222224
 10
885.1208555555556
 20
244.24922222222224
 10
889.1199444444444
 20
284.25139999999993
 97
0
 75
1
 76
1
 98
0
  0
HATCH
  5
39F
330
17
100
AcDbEntity
  8
PERIPHERY
 62
7
420
0
100
AcDbHatch
 10
0.0
 20
0.0
 30
0.0
210
0.0
220
0.0
230
1.0
  2
SOLID
 70
1
 71
0
 91
1
 92
3
 72
0
 73
1
 93
5
 10
891.1209
 20
284.25139999999993
 10
892.1213777777776
 20
284.25139999999993
 10
888.1194666666665
 20
244.24922222222224
 10
887.1189888888889
 20
244.24922222222224
 10
891.1209
 20
284.25139999999993
 97
0
 75
1
 76
1
 98
0
  0
HATCH
  5
3A0
330
17
100
AcDbEntity
  8
PERIPHERY
 62
7
420
0
100
AcDbHatch
 10
0.0
 20
0.0
 30
0.0
210
0.0
220
0.0
230
1.0
  2
SOLID
 70
1
 71
0
 91
1
 92
3
 72
0
 73
1
 93
5
 10
893.1190333333333
 20
284.25139999999993
 10
894.1195111111109
 20
284.25139999999993
 10
890.1204222222221
 20
244.24922222222224
 10
889.1199444444444
 20
244.24922222222224
 10
893.1190333333333
 20
284.25139999999993
 97
0
 75
1
 76
1
 98
0
  0
HATCH
  5
3A1
330
17
100
AcDbEntity
  8
PERIPHERY
 62
7
420
0
100
AcDbHatch
 10
0.0
 20
0.0
 30
0.0
210
0.0
220
0.0
230
1.0
  2
SOLID
 70
1
 71
0
 91
1
 92
3
 72
0
 73
1
 93
5
 10
895.1199888888888
 20
284.25139999999993
 10
896.1204666666665
 20
284.25139999999993
 10
892.1213777777776
 20
244.24922222222224
 10
891.1209
 20
244.24922222222224
 10
895.1199888888888
 20
284.25139999999993
 97
0
 75
1
 76
1
 98
0
  0
HATCH
  5
3A2
330
17
100
AcDbEntity
  8
PERIPHERY
 62
7
420
0
100
AcDbHatch
 10
0.0
 20
0.0
 30
0.0
210
0.0
220
0.0
230
1.0
  2
SOLID
 70
1
 71
0
 91
1
 92
3
 72
0
 73
1
 93
5
 10
897.1209444444444
 20
284.25139999999993
 10
898.121422222222
 20
284.25139999999993
 10
894.1195111111109
 20
244.24922222222224
 10
893.1190333333333
 20
244.24922222222224
 10
897.1209444444444
 20
284.25139999999993
 97
0
 75
1
 76
1
 98
0
  0
HATCH
  5
3A3
330
17
100
AcDbEntity
  8
PERIPHERY
 62
7
420
0
100
AcDbHatch
 10
0.0
 20
0.0
 30
0.0
210
0.0
220
0.0
230
1.0
  2
SOLID
 70
1
 71
0
 91
1
 92
3
 72
0
 73
1
 93
5
 10
899.1190777777778
 20
284.25139999999993
 10
900.1195555555555
 20
284.25139999999993
 10
896.1204666666666
 20
244.24922222222224
 10
895.119988888889
 20
244.24922222222224
 10
899.1190777777778
 20
284.25139999999993
 97
0
 75
1
 76
1
 98
0
  0
HATCH
  5
3A4
330
17
100
AcDbEntity
  8
PERIPHERY
 62
7
420
0
100
AcDbHatch
 10
0.0
 20
0.0
 30
0.0
210
0.0
220
0.0
230
1.0
  2
SOLID
 70
1
 71
0
 91
1
 92
3
 72
0
 73
1
 93
5
 10
901.1200333333334
 20
284.25139999999993
 10
902.120511111111
 20
284.25139999999993
 10
898.1214222222222
 20
244.24922222222224
 10
897.1209444444445
 20
244.24922222222224
 10
901.1200333333334
 20
284.25139999999993
 97
0
 75
1
 76
1
 98
0
  0
HATCH
  5
3A5
330
17
100
AcDbEntity
  8
PERIPHERY
 62
7
420
0
100
AcDbHatch
 10
0.0
 20
0.0
 30
0.0
210
0.0
220
0.0
230
1.0
  2
SOLID
 70
1
 71
0
 91
1
 92
3
 72
0
 73
1
 93
5
 10
907.1200777777777
 20
284.25139999999993
 10
908.4535777777778
 20
284.25139999999993
 10
904.4516666666666
 20
244.24922222222224
 10
903.1209888888889
 20
244.24922222222224
 10
907.1200777777777
 20
284.25139999999993
 97
0
 75
1
 76
1
 98
0
  0
HATCH
  5
3A6
330
17
100
AcDbEntity
  8
PERIPHERY
 62
7
420
0
100
AcDbHatch
 10
0.0
 20
0.0
 30
0.0
210
0.0
220
0.0
230
1.0
  2
SOLID
 70
1
 71
0
 91
1
 92
3
 72
0
 73
1
 93
5
 10
909.7842555555555
 20
284.25139999999993
 10
911.1177555555556
 20
284.25139999999993
 10
907.1186666666667
 20
244.24922222222224
 10
905.7851666666667
 20
244.24922222222224
 10
909.7842555555555
 20
284.25139999999993
 97
0
 75
1
 76
1
 98
0
  0
HATCH
  5
3A7
330
17
100
AcDbEntity
  8
PERIPHERY
 62
7
420
0
100
AcDbHatch
 10
0.0
 20
0.0
 30
0.0
210
0.0
220
0.0
230
1.0
  2
SOLID
 70
1
 71
0
 91
1
 92
3
 72
0
 73
1
 93
5
 10
912.4526666666666
 20
284.25139999999993
 10
913.7861666666666
 20
284.25139999999993
 10
909.7842555555555
 20
244.24922222222224
 10
908.4535777777778
 20
244.24922222222224
 10
912.4526666666666
 20
284.25139999999993
 97
0
 75
1
 76
1
 98
0
  0
HATCH
  5
3A8
330
17
100
AcDbEntity
  8
PERIPHERY
 62
7
420
0
100
AcDbHatch
 10
0.0
 20
0.0
 30
0.0
210
0.0
220
0.0
230
1.0
  2
SOLID
 70
1
 71
0
 91
1
 92
3
 72
0
 73
1
 93
5
 10
915.1182555555555
 20
284.25139999999993
 10
916.4517555555556
 20
284.25139999999993
 10
912.4526666666668
 20
244.24922222222224
 10
911.1191666666667
 20
244.24922222222224
 10
915.1182555555555
 20
284.25139999999993
 97
0
 75
1
 76
1
 98
0
  0
HATCH
  5
3A9
330
17
100
AcDbEntity
  8
PERIPHERY
 62
7
420
0
100
AcDbHatch
 10
0.0
 20
0.0
 30
0.0
210
0.0
220
0.0
230
1.0
  2
SOLID
 70
1
 71
0
 91
1
 92
3
 72
0
 73
1
 93
5
 10
917.7852555555555
 20
284.25139999999993
 10
919.1187555555556
 20
284.25139999999993
 10
915.1168444444444
 20
244.24922222222224
 10
913.7861666666666
 20
244.24922222222224
 10
917.7852555555555
 20
284.25139999999993
 97
0
 75
1
 76
1
 98
0
  0
HATCH
  5
3AA
330
17
100
AcDbEntity
  8
PERIPHERY
 62
7
420
0
100
AcDbHatch
 10
0.0
 20
0.0
 30
0.0
210
0.0
220
0.0
230
1.0
  2
SOLID
 70
1
 71
0
 91
1
 92
3
 72
0
 73
1
 93
5
 10
920.4508444444443
 20
284.25139999999993
 10
921.7843444444444
 20
284.25139999999993
 10
917.7852555555556
 20
244.24922222222224
 10
916.4517555555556
 20
244.24922222222224
 10
920.4508444444443
 20
284.25139999999993
 97
0
 75
1
 76
1
 98
0
  0
HATCH
  5
3AB
330
17
100
AcDbEntity
  8
PERIPHERY
 62
7
420
0
100
AcDbHatch
 10
0.0
 20
0.0
 30
0.0
210
0.0
220
0.0
230
1.0
  2
SOLID
 70
1
 71
0
 91
1
 92
3
 72
0
 73
1
 93
5
 10
923.1192555555555
 20
284.25139999999993
 10
924.4527555555555
 20
284.25139999999993
 10
920.4508444444443
 20
244.24922222222224
 10
919.1173444444443
 20
244.24922222222224
 10
923.1192555555555
 20
284.25139999999993
 97
0
 75
1
 76
1
 98
0
  0
HATCH
  5
3AC
330
17
100
AcDbEntity
  8
PERIPHERY
 62
7
420
0
100
AcDbHatch
 10
0.0
 20
0.0
 30
0.0
210
0.0
220
0.0
230
1.0
  2
SOLID
 70
1
 71
0
 91
1
 92
3
 72
0
 73
1
 93
5
 10
925.7834333333333
 20
284.25139999999993
 10
927.1169333333333
 20
284.25139999999993
 10
923.1178444444445
 20
244.24922222222224
 10
921.7843444444444
 20
244.24922222222224
 10
925.7834333333333
 20
284.25139999999993
 97
0
 75
1
 76
1
 98
0
  0
HATCH
  5
3AD
330
17
100
AcDbEntity
  8
PERIPHERY
 62
7
420
0
100
AcDbHatch
 10
0.0
 20
0.0
 30
0.0
210
0.0
220
0.0
230
1.0
  2
SOLID
 70
1
 71
0
 91
1
 92
3
 72
0
 73
1
 93
5
 10
928.4518444444443
 20
284.25139999999993
 10
929.782522222222
 20
284.25139999999993
 10
925.7834333333333
 20
244.24922222222224
 10
924.4499333333332
 20
244.24922222222224
 10
928.4518444444443
 20
284.25139999999993
 97
0
 75
1
 76
1
 98
0
  0
HATCH
  5
3AE
330
17
100
AcDbEntity
  8
PERIPHERY
 62
7
420
0
100
AcDbHatch
 10
0.0
 20
0.0
 30
0.0
210
0.0
220
0.0
230
1.0
  2
SOLID
 70
1
 71
0
 91
1
 92
3
 72
0
 73
1
 93
5
 10
931.1174333333332
 20
284.25139999999993
 10
932.4509333333333
 20
284.25139999999993
 10
928.4518444444445
 20
244.24922222222224
 10
927.1183444444445
 20
244.24922222222224
 10
931.1174333333332
 20
284.25139999999993
 97
0
 75
1
 76
1
 98
0
  0
HATCH
  5
3AF
330
17
100
AcDbEntity
  8
PERIPHERY
 62
7
420
0
100
AcDbHatch
 10
0.0
 20
0.0
 30
0.0
210
0.0
220
0.0
230
1.0
  2
SOLID
 70
1
 71
0
 91
1
 92
3
 72
0
 73
1
 93
5
 10
933.7844333333333
 20
284.25139999999993
 10
935.115111111111
 20
284.25139999999993
 10
931.1160222222221
 20
244.24922222222224
 10
929.782522222222
 20
244.24922222222224
 10
933.7844333333333
 20
284.25139999999993
 97
0
 75
1
 76
1
 98
0
  0
HATCH
  5
3B0
330
17
100
AcDbEntity
  8
PERIPHERY
 62
7
420
0
100
AcDbHatch
 10
0.0
 20
0.0
 30
0.0
210
0.0
220
0.0
230
1.0
  2
SOLID
 70
1
 71
0
 91
1
 92
3
 72
0
 73
1
 93
5
 10
936.4500222222221
 20
284.25139999999993
 10
937.7835222222221
 20
284.25139999999993
 10
933.7844333333334
 20
244.24922222222224
 10
932.4509333333333
 20
244.24922222222224
 10
936.4500222222221
 20
284.25139999999993
 97
0
 75
1
 76
1
 98
0
  0
HATCH
  5
3B1
330
17
100
AcDbEntity
  8
PERIPHERY
 62
7
420
0
100
AcDbHatch
 10
0.0
 20
0.0
 30
0.0
210
0.0
220
0.0
230
1.0
  2
SOLID
 70
1
 71
0
 91
1
 92
3
 72
0
 73
1
 93
5
 10
939.1184333333333
 20
284.25139999999993
 10
940.449111111111
 20
284.25139999999993
 10
936.4500222222223
 20
244.24922222222224
 10
935.1165222222222
 20
244.24922222222224
 10
939.1184333333333
 20
284.25139999999993
 97
0
 75
1
 76
1
 98
0
  0
HATCH
  5
3B2
330
17
100
AcDbEntity
  8
PERIPHERY
 62
7
420
0
100
AcDbHatch
 10
0.0
 20
0.0
 30
0.0
210
0.0
220
0.0
230
1.0
  2
SOLID
 70
1
 71
0
 91
1
 92
3
 72
0
 73
1
 93
5
 10
941.782611111111
 20
284.25139999999993
 10
943.1161111111111
 20
284.25139999999993
 10
939.1142
 20
244.24922222222224
 10
937.7835222222221
 20
244.24922222222224
 10
941.782611111111
 20
284.25139999999993
 97
0
 75
1
 76
1
 98
0
  0
HATCH
  5
3B3
330
17
100
AcDbEntity
  8
PERIPHERY
 62
7
420
0
100
AcDbHatch
 10
0.0
 20
0.0
 30
0.0
210
0.0
220
0.0
230
1.0
  2
SOLID
 70
1
 71
0
 91
1
 92
3
 72
0
 73
1
 93
5
 10
944.4510222222222
 20
284.25139999999993
 10
945.7817
 20
284.25139999999993
 10
941.7826111111111
 20
244.24922222222224
 10
940.449111111111
 20
244.24922222222224
 10
944.4510222222222
 20
284.25139999999993
 97
0
 75
1
 76
1
 98
0
  0
HATCH
  5
3B4
330
17
100
AcDbEntity
  8
PERIPHERY
 62
7
420
0
100
AcDbHatch
 10
0.0
 20
0.0
 30
0.0
210
0.0
220
0.0
230
1.0
  2
SOLID
 70
1
 71
0
 91
1
 92
3
 72
0
 73
1
 93
5
 10
947.116611111111
 20
284.25139999999993
 10
948.450111111111
 20
284.25139999999993
 10
944.4481999999999
 20
244.24922222222224
 10
943.1175222222222
 20
244.24922222222224
 10
947.116611111111
 20
284.25139999999993
 97
0
 75
1
 76
1
 98
0
  0
HATCH
  5
3B5
330
17
100
AcDbEntity
  8
PERIPHERY
 62
7
420
0
100
AcDbHatch
 10
0.0
 20
0.0
 30
0.0
210
0.0
220
0.0
230
1.0
  2
SOLID
 70
1
 71
0
 91
1
 92
3
 72
0
 73
1
 93
5
 10
949.7807888888888
 20
284.25139999999993
 10
951.1142888888888
 20
284.25139999999993
 10
947.1152000000001
 20
244.24922222222224
 10
945.7817
 20
244.24922222222224
 10
949.7807888888888
 20
284.25139999999993
 97
0
 75
1
 76
1
 98
0
  0
HATCH
  5
3B6
330
17
100
AcDbEntity
  8
PERIPHERY
 62
7
420
0
100
AcDbHatch
 10
0.0
 20
0.0
 30
0.0
210
0.0
220
0.0
230
1.0
  2
SOLID
 70
1
 71
0
 91
1
 92
3
 72
0
 73
1
 93
5
 10
952.4492
 20
284.25139999999993
 10
953.7827000000001
 20
284.25139999999993
 10
949.7807888888889
 20
244.24922222222224
 10
948.4501111111111
 20
244.24922222222224
 10
952.4492
 20
284.25139999999993
 97
0
 75
1
 76
1
 98
0
  0
HATCH
  5
3B7
330
17
100
AcDbEntity
  8
PERIPHERY
 62
7
420
0
100
AcDbHatch
 10
0.0
 20
0.0
 30
0.0
210
0.0
220
0.0
230
1.0
  2
SOLID
 70
1
 71
0
 91
1
 92
3
 72
0
 73
1
 93
5
 10
955.1147888888887
 20
284.25139999999993
 10
956.4482888888888
 20
284.25139999999993
 10
952.4492
 20
244.24922222222224
 10
951.1157
 20
244.24922222222224
 10
955.1147888888887
 20
284.25139999999993
 97
0
 75
1
 76
1
 98
0
  0
HATCH
  5
3B8
330
17
100
AcDbEntity
  8
PERIPHERY
 62
7
420
0
100
AcDbHatch
 10
0.0
 20
0.0
 30
0.0
210
0.0
220
0.0
230
1.0
  2
SOLID
 70
1
 71
0
 91
1
 92
3
 72
0
 73
1
 93
5
 10
957.7817888888889
 20
284.25139999999993
 10
959.1152888888889
 20
284.25139999999993
 10
955.1133777777778
 20
244.24922222222224
 10
953.7798777777778
 20
244.24922222222224
 10
957.7817888888889
 20
284.25139999999993
 97
0
 75
1
 76
1
 98
0
  0
HATCH
  5
3B9
330
17
100
AcDbEntity
  8
PERIPHERY
 62
7
420
0
100
AcDbHatch
 10
0.0
 20
0.0
 30
0.0
210
0.0
220
0.0
230
1.0
  2
SOLID
 70
1
 71
0
 91
1
 92
3
 72
0
 73
1
 93
5
 10
963.120022222222
 20
284.25139999999993
 10
965.1181555555555
 20
284.25139999999993
 10
961.1190666666666
 20
244.24922222222224
 10
959.1181111111111
 20
244.24922222222224
 10
963.120022222222
 20
284.25139999999993
 97
0
 75
1
 76
1
 98
0
  0
HATCH
  5
3BA
330
17
100
AcDbEntity
  8
PERIPHERY
 62
7
420
0
100
AcDbHatch
 10
0.0
 20
0.0
 30
0.0
210
0.0
220
0.0
230
1.0
  2
SOLID
 70
1
 71
0
 91
1
 92
3
 72
0
 73
1
 93
5
 10
967.119111111111
 20
284.25139999999993
 10
969.1200666666666
 20
284.25139999999993
 10
965.1181555555555
 20
244.24922222222224
 10
963.120022222222
 20
244.24922222222224
 10
967.119111111111
 20
284.25139999999993
 97
0
 75
1
 76
1
 98
0
  0
HATCH
  5
3BB
330
17
100
AcDbEntity
  8
PERIPHERY
 62
7
420
0
100
AcDbHatch
 10
0.0
 20
0.0
 30
0.0
210
0.0
220
0.0
230
1.0
  2
SOLID
 70
1
 71
0
 91
1
 92
3
 72
0
 73
1
 93
5
 10
971.1181999999999
 20
284.25139999999993
 10
973.1191555555554
 20
284.25139999999993
 10
969.1200666666666
 20
244.24922222222224
 10
967.119111111111
 20
244.24922222222224
 10
971.1181999999999
 20
284.25139999999993
 97
0
 75
1
 76
1
 98
0
  0
HATCH
  5
3BC
330
17
100
AcDbEntity
  8
PERIPHERY
 62
7
420
0
100
AcDbHatch
 10
0.0
 20
0.0
 30
0.0
210
0.0
220
0.0
230
1.0
  2
SOLID
 70
1
 71
0
 91
1
 92
3
 72
0
 73
1
 93
5
 10
975.120111111111
 20
284.25139999999993
 10
977.1182444444444
 20
284.25139999999993
 10
973.1191555555556
 20
244.24922222222224
 10
971.1182
 20
244.24922222222224
 10
975.120111111111
 20
284.25139999999993
 97
0
 75
1
 76
1
 98
0
  0
HATCH
  5
3BD
330
17
100
AcDbEntity
  8
PERIPHERY
 62
7
420
0
100
AcDbHatch
 10
0.0
 20
0.0
 30
0.0
210
0.0
220
0.0
230
1.0
  2
SOLID
 70
1
 71
0
 91
1
 92
3
 72
0
 73
1
 93
5
 10
979.1192
 20
284.25139999999993
 10
981.1201555555555
 20
284.25139999999993
 10
977.1182444444444
 20
244.24922222222224
 10
975.120111111111
 20
244.24922222222224
 10
979.1192
 20
284.25139999999993
 97
0
 75
1
 76
1
 98
0
  0
HATCH
  5
3BE
330
17
100
AcDbEntity
  8
PERIPHERY
 62
7
420
0
100
AcDbHatch
 10
0.0
 20
0.0
 30
0.0
210
0.0
220
0.0
230
1.0
  2
SOLID
 70
1
 71
0
 91
1
 92
3
 72
0
 73
1
 93
5
 10
983.1182888888887
 20
284.25139999999993
 10
985.1192444444443
 20
284.25139999999993
 10
981.1201555555555
 20
244.24922222222224
 10
979.1192
 20
244.24922222222224
 10
983.1182888888887
 20
284.25139999999993
 97
0
 75
1
 76
1
 98
0
  0
HATCH
  5
3BF
330
17
100
AcDbEntity
  8
PERIPHERY
 62
7
420
0
100
AcDbHatch
 10
0.0
 20
0.0
 30
0.0
210
0.0
220
0.0
230
1.0
  2
SOLID
 70
1
 71
0
 91
1
 92
3
 72
0
 73
1
 93
5
 10
987.1202
 20
284.25139999999993
 10
989.1183333333333
 20
284.25139999999993
 10
985.1192444444445
 20
244.24922222222224
 10
983.118288888889
 20
244.24922222222224
 10
987.1202
 20
284.25139999999993
 97
0
 75
1
 76
1
 98
0
  0
HATCH
  5
3C0
330
17
100
AcDbEntity
  8
PERIPHERY
 62
7
420
0
100
AcDbHatch
 10
0.0
 20
0.0
 30
0.0
210
0.0
220
0.0
230
1.0
  2
SOLID
 70
1
 71
0
 91
1
 92
3
 72
0
 73
1
 93
5
 10
991.1206999999999
 20
284.25139999999993
 10
993.1188333333333
 20
284.25139999999993
 10
989.1183333333333
 20
244.24922222222224
 10
987.1202
 20
244.24922222222224
 10
991.1206999999999
 20
284.25139999999993
 97
0
 75
1
 76
1
 98
0
  0
HATCH
  5
3C1
330
17
100
AcDbEntity
  8
PERIPHERY
 62
7
420
0
100
AcDbHatch
 10
0.0
 20
0.0
 30
0.0
210
0.0
220
0.0
230
1.0
  2
SOLID
 70
1
 71
0
 91
1
 92
3
 72
0
 73
1
 93
5
 10
995.1197888888887
 20
284.25139999999993
 10
997.1207444444443
 20
284.25139999999993
 10
993.1188333333332
 20
244.24922222222224
 10
991.1206999999998
 20
244.24922222222224
 10
995.1197888888887
 20
284.25139999999993
 97
0
 75
1
 76
1
 98
0
  0
HATCH
  5
3C2
330
17
100
AcDbEntity
  8
PERIPHERY
 62
7
420
0
100
AcDbHatch
 10
0.0
 20
0.0
 30
0.0
210
0.0
220
0.0
230
1.0
  2
SOLID
 70
1
 71
0
 91
1
 92
3
 72
0
 73
1
 93
5
 10
999.1188777777777
 20
284.25139999999993
 10
1001.1198333333333
 20
284.25139999999993
 10
997.1207444444445
 20
244.24922222222224
 10
995.1197888888889
 20
244.24922222222224
 10
999.1188777777777
 20
284.25139999999993
 97
0
 75
1
 76
1
 98
0
  0
HATCH
  5
3C3
330
17
100
AcDbEntity
  8
PERIPHERY
 62
7
420
0
100
AcDbHatch
 10
0.0
 20
0.0
 30
0.0
210
0.0
220
0.0
230
1.0
  2
SOLID
 70
1
 71
0
 91
1
 92
3
 72
0
 73
1
 93
5
 10
1003.1207888888889
 20
284.25139999999993
 10
1005.1189222222223
 20
284.25139999999993
 10
1001.1198333333334
 20
244.24922222222224
 10
999.1188777777779
 20
244.24922222222224
 10
1003.1207888888889
 20
284.25139999999993
 97
0
 75
1
 76
1
 98
0
  0
HATCH
  5
3C4
330
17
100
AcDbEntity
  8
PERIPHERY
 62
7
420
0
100
AcDbHatch
 10
0.0
 20
0.0
 30
0.0
210
0.0
220
0.0
230
1.0
  2
SOLID
 70
1
 71
0
 91
1
 92
3
 72
0
 73
1
 93
5
 10
1007.1198777777777
 20
284.25139999999993
 10
1009.1208333333333
 20
284.25139999999993
 10
1005.1189222222221
 20
244.24922222222224
 10
1003.1207888888887
 20
244.24922222222224
 10
1007.1198777777777
 20
284.25139999999993
 97
0
 75
1
 76
1
 98
0
  0
HATCH
  5
3C5
330
17
100
AcDbEntity
  8
PERIPHERY
 62
7
420
0
100
AcDbHatch
 10
0.0
 20
0.0
 30
0.0
210
0.0
220
0.0
230
1.0
  2
SOLID
 70
1
 71
0
 91
1
 92
3
 72
0
 73
1
 93
5
 10
1011.1189666666667
 20
284.25139999999993
 10
1013.1199222222223
 20
284.25139999999993
 10
1009.1208333333334
 20
244.24922222222224
 10
1007.1198777777778
 20
244.24922222222224
 10
1011.1189666666667
 20
284.25139999999993
 97
0
 75
1
 76
1
 98
0
  0
HATCH
  5
3C6
330
17
100
AcDbEntity
  8
PERIPHERY
 62
7
420
0
100
AcDbHatch
 10
0.0
 20
0.0
 30
0.0
210
0.0
220
0.0
230
1.0
  2
SOLID
 70
1
 71
0
 91
1
 92
3
 72
0
 73
1
 93
5
 10
1019.1199666666666
 20
284.25139999999993
 10
1023.1190555555554
 20
284.25139999999993
 10
1019.1199666666666
 20
244.24922222222224
 10
1015.1208777777778
 20
244.24922222222224
 10
1019.1199666666666
 20
284.25139999999993
 97
0
 75
1
 76
1
 98
0
  0
HATCH
  5
3C7
330
17
100
AcDbEntity
  8
PERIPHERY
 62
7
420
0
100
AcDbHatch
 10
0.0
 20
0.0
 30
0.0
210
0.0
220
0.0
230
1.0
  2
SOLID
 70
1
 71
0
 91
1
 92
3
 72
0
 73
1
 93
5
 10
1027.1209666666666
 20
284.25139999999993
 10
1031.1200555555554
 20
284.25139999999993
 10
1027.1209666666666
 20
244.24922222222224
 10
1023.1190555555554
 20
244.24922222222224
 10
1027.1209666666666
 20
284.25139999999993
 97
0
 75
1
 76
1
 98
0
  0
HATCH
  5
3C8
330
17
100
AcDbEntity
  8
PERIPHERY
 62
7
420
0
100
AcDbHatch
 10
0.0
 20
0.0
 30
0.0
210
0.0
220
0.0
230
1.0
  2
SOLID
 70
1
 71
0
 91
1
 92
3
 72
0
 73
1
 93
5
 10
1035.1191444444444
 20
284.25139999999993
 10
1039.1210555555554
 20
284.25139999999993
 10
1035.1191444444444
 20
244.24922222222224
 10
1031.1200555555556
 20
244.24922222222224
 10
1035.1191444444444
 20
284.25139999999993
 97
0
 75
1
 76
1
 98
0
  0
HATCH
  5
3C9
330
17
100
AcDbEntity
  8
PERIPHERY
 62
7
420
0
100
AcDbHatch
 10
0.0
 20
0.0
 30
0.0
210
0.0
220
0.0
230
1.0
  2
SOLID
 70
1
 71
0
 91
1
 92
3
 72
0
 73
1
 93
5
 10
1043.1201444444443
 20
284.25139999999993
 10
1047.1192333333333
 20
284.25139999999993
 10
1043.1201444444443
 20
244.24922222222224
 10
1039.1210555555556
 20
244.24922222222224
 10
1043.1201444444443
 20
284.25139999999993
 97
0
 75
1
 76
1
 98
0
  0
HATCH
  5
3CA
330
17
100
AcDbEntity
  8
PERIPHERY
 62
7
420
0
100
AcDbHatch
 10
0.0
 20
0.0
 30
0.0
210
0.0
220
0.0
230
1.0
  2
SOLID
 70
1
 71
0
 91
1
 92
3
 72
0
 73
1
 93
5
 10
1051.1211444444443
 20
284.25139999999993
 10
1055.120233333333
 20
284.25139999999993
 10
1051.1211444444443
 20
244.24922222222224
 10
1047.1192333333333
 20
244.24922222222224
 10
1051.1211444444443
 20
284.25139999999993
 97
0
 75
1
 76
1
 98
0
  0
HATCH
  5
3CB
330
17
100
AcDbEntity
  8
PERIPHERY
 62
7
420
0
100
AcDbHatch
 10
0.0
 20
0.0
 30
0.0
210
0.0
220
0.0
230
1.0
  2
SOLID
 70
1
 71
0
 91
1
 92
3
 72
0
 73
1
 93
5
 10
1059.119322222222
 20
284.25139999999993
 10
1063.1212333333333
 20
284.25139999999993
 10
1059.119322222222
 20
244.24922222222224
 10
1055.1202333333333
 20
244.24922222222224
 10
1059.119322222222
 20
284.25139999999993
 97
0
 75
1
 76
1
 98
0
  0
HATCH
  5
3CC
330
17
100
AcDbEntity
  8
PERIPHERY
 62
7
420
0
100
AcDbHatch
 10
0.0
 20
0.0
 30
0.0
210
0.0
220
0.0
230
1.0
  2
SOLID
 70
1
 71
0
 91
1
 92
3
 72
0
 73
1
 93
4
 10
1067.120322222222
 20
284.25139999999993
 10
1067.120322222222
 20
244.24922222222224
 10
1063.1212333333333
 20
244.24922222222224
 10
1067.120322222222
 20
284.25139999999993
 97
0
 75
1
 76
1
 98
0
  0
HATCH
  5
3CD
330
17
100
AcDbEntity
  8
PERIPHERY
 62
7
420
0
100
AcDbHatch
 10
0.0
 20
0.0
 30
0.0
210
0.0
220
0.0
230
1.0
  2
SOLID
 70
1
 71
0
 91
1
 92
3
 72
0
 73
1
 93
5
 10
1151.1195333333333
 20
732.2495444444444
 10
1151.1195333333333
 20
724.2499555555555
 10
1111.1173555555556
 20
724.2499555555555
 10
1111.1173555555556
 20
732.2495444444444
 10
1151.1195333333333
 20
732.2495444444444
 97
0
 75
1
 76
1
 98
0
  0
HATCH
  5
3CE
330
17
100
AcDbEntity
  8
PERIPHERY
 62
7
420
0
100
AcDbHatch
 10
0.0
 20
0.0
 30
0.0
210
0.0
220
0.0
230
1.0
  2
SOLID
 70
1
 71
0
 91
1
 92
3
 72
0
 73
1
 93
5
 10
1151.1195333333333
 20
676.2495999999999
 10
1151.1195333333333
 20
668.250011111111
 10
1111.1173555555556
 20
668.250011111111
 10
1111.1173555555556
 20
676.2495999999999
 10
1151.1195333333333
 20
676.2495999999999
 97
0
 75
1
 76
1
 98
0
  0
HATCH
  5
3CF
330
17
100
AcDbEntity
  8
PERIPHERY
 62
7
420
0
100
AcDbHatch
 10
0.0
 20
0.0
 30
0.0
210
0.0
220
0.0
230
1.0
  2
SOLID
 70
1
 71
0
 91
1
 92
3
 72
0
 73
1
 93
5
 10
1151.1195333333333
 20
620.2482444444444
 10
1151.1195333333333
 20
612.2500666666666
 10
1111.1173555555556
 20
612.2500666666666
 10
1111.1173555555556
 20
620.2482444444444
 10
1151.1195333333333
 20
620.2482444444444
 97
0
 75
1
 76
1
 98
0
  0
HATCH
  5
3D0
330
17
100
AcDbEntity
  8
PERIPHERY
 62
7
420
0
100
AcDbHatch
 10
0.0
 20
0.0
 30
0.0
210
0.0
220
0.0
230
1.0
  2
SOLID
 70
1
 71
0
 91
1
 92
3
 72
0
 73
1
 93
5
 10
1151.1195333333333
 20
564.2497111111111
 10
1151.1195333333333
 20
556.2501222222222
 10
1111.1173555555556
 20
556.2501222222222
 10
1111.1173555555556
 20
564.2497111111111
 10
1151.1195333333333
 20
564.2497111111111
 97
0
 75
1
 76
1
 98
0
  0
HATCH
  5
3D1
330
17
100
AcDbEntity
  8
PERIPHERY
 62
7
420
0
100
AcDbHatch
 10
0.0
 20
0.0
 30
0.0
210
0.0
220
0.0
230
1.0
  2
SOLID
 70
1
 71
0
 91
1
 92
3
 72
0
 73
1
 93
5
 10
1151.1195333333333
 20
508.24976666666663
 10
1151.1195333333333
 20
500.24876666666665
 10
1111.1173555555556
 20
500.24876666666665
 10
1111.1173555555556
 20
508.24976666666663
 10
1151.1195333333333
 20
508.24976666666663
 97
0
 75
1
 76
1
 98
0
  0
HATCH
  5
3D2
330
17
100
AcDbEntity
  8
PERIPHERY
 62
7
420
0
100
AcDbHatch
 10
0.0
 20
0.0
 30
0.0
210
0.0
220
0.0
230
1.0
  2
SOLID
 70
1
 71
0
 91
1
 92
3
 72
0
 73
1
 93
5
 10
1151.1195333333333
 20
452.24982222222224
 10
1151.1195333333333
 20
444.25023333333337
 10
1111.1173555555556
 20
444.25023333333337
 10
1111.1173555555556
 20
452.24982222222224
 10
1151.1195333333333
 20
452.24982222222224
 97
0
 75
1
 76
1
 98
0
  0
HATCH
  5
3D3
330
17
100
AcDbEntity
  8
PERIPHERY
 62
7
420
0
100
AcDbHatch
 10
0.0
 20
0.0
 30
0.0
210
0.0
220
0.0
230
1.0
  2
SOLID
 70
1
 71
0
 91
1
 92
3
 72
0
 73
1
 93
5
 10
1151.1195333333333
 20
396.2498777777778
 10
1151.1195333333333
 20
388.24887777777775
 10
1111.1173555555556
 20
388.24887777777775
 10
1111.1173555555556
 20
396.2498777777778
 10
1151.1195333333333
 20
396.2498777777778
 97
0
 75
1
 76
1
 98
0
  0
HATCH
  5
3D4
330
17
100
AcDbEntity
  8
PERIPHERY
 62
7
420
0
100
AcDbHatch
 10
0.0
 20
0.0
 30
0.0
210
0.0
220
0.0
230
1.0
  2
SOLID
 70
1
 71
0
 91
1
 92
3
 72
0
 73
1
 93
5
 10
1151.1195333333333
 20
340.24993333333333
 10
1151.1195333333333
 20
332.25034444444447
 10
1111.1173555555556
 20
332.25034444444447
 10
1111.1173555555556
 20
340.24993333333333
 10
1151.1195333333333
 20
340.24993333333333
 97
0
 75
1
 76
1
 98
0
  0
HATCH
  5
3D5
330
17
100
AcDbEntity
  8
PERIPHERY
 62
7
420
0
100
AcDbHatch
 10
0.0
 20
0.0
 30
0.0
210
0.0
220
0.0
230
1.0
  2
SOLID
 70
1
 71
0
 91
1
 92
3
 72
0
 73
1
 93
5
 10
1151.1195333333333
 20
284.2499888888889
 10
1151.1195333333333
 20
276.24898888888885
 10
1111.1173555555556
 20
276.24898888888885
 10
1111.1173555555556
 20
284.2499888888889
 10
1151.1195333333333
 20
284.2499888888889
 97
0
 75
1
 76
1
 98
0
  0
HATCH
  5
3D6
330
17
100
AcDbEntity
  8
PERIPHERY
 62
7
420
0
100
AcDbHatch
 10
0.0
 20
0.0
 30
0.0
210
0.0
220
0.0
230
1.0
  2
SOLID
 70
1
 71
0
 91
1
 92
3
 72
0
 73
1
 93
5
 10
1151.1195333333333
 20
780.2498999999999
 10
1151.1195333333333
 20
772.250311111111
 10
1111.1173555555556
 20
776.2493999999999
 10
1111.1173555555556
 20
780.2498999999999
 10
1151.1195333333333
 20
780.2498999999999
 97
0
 75
1
 76
1
 98
0
  0
HATCH
  5
3D7
330
17
100
AcDbEntity
  8
PERIPHERY
 62
7
420
0
100
AcDbHatch
 10
0.0
 20
0.0
 30
0.0
210
0.0
220
0.0
230
1.0
  2
SOLID
 70
1
 71
0
 91
1
 92
3
 72
0
 73
1
 93
5
 10
1151.1195333333333
 20
764.2493111111111
 10
1151.1195333333333
 20
756.2497222222221
 10
1111.1173555555556
 20
760.2502222222222
 10
1111.1173555555556
 20
768.2498111111111
 10
1151.1195333333333
 20
764.2493111111111
 97
0
 75
1
 76
1
 98
0
  0
HATCH
  5
3D8
330
17
100
AcDbEntity
  8
PERIPHERY
 62
7
420
0
100
AcDbHatch
 10
0.0
 20
0.0
 30
0.0
210
0.0
220
0.0
230
1.0
  2
SOLID
 70
1
 71
0
 91
1
 92
3
 72
0
 73
1
 93
5
 10
1151.1195333333333
 20
748.2501333333332
 10
1151.1195333333333
 20
740.2505444444444
 10
1111.1173555555556
 20
744.2496333333333
 10
1111.1173555555556
 20
752.2492222222222
 10
1151.1195333333333
 20
748.2501333333332
 97
0
 75
1
 76
1
 98
0
  0
HATCH
  5
3D9
330
17
100
AcDbEntity
  8
PERIPHERY
 62
7
420
0
100
AcDbHatch
 10
0.0
 20
0.0
 30
0.0
210
0.0
220
0.0
230
1.0
  2
SOLID
 70
1
 71
0
 91
1
 92
3
 72
0
 73
1
 93
4
 10
1151.1195333333333
 20
732.2495444444444
 10
1111.1173555555556
 20
732.2495444444444
 10
1111.1173555555556
 20
736.2500444444443
 10
1151.1195333333333
 20
732.2495444444444
 97
0
 75
1
 76
1
 98
0
  0
HATCH
  5
3DA
330
17
100
AcDbEntity
  8
PERIPHERY
 62
7
420
0
100
AcDbHatch
 10
0.0
 20
0.0
 30
0.0
210
0.0
220
0.0
230
1.0
  2
SOLID
 70
1
 71
0
 91
1
 92
3
 72
0
 73
1
 93
5
 10
1151.1195333333333
 20
724.2499555555555
 10
1151.1195333333333
 20
721.5829555555555
 10
1111.1173555555556
 20
725.5834555555555
 10
1111.1173555555556
 20
728.2504555555554
 10
1151.1195333333333
 20
724.2499555555555
 97
0
 75
1
 76
1
 98
0
  0
HATCH
  5
3DB
330
17
100
AcDbEntity
  8
PERIPHERY
 62
7
420
0
100
AcDbHatch
 10
0.0
 20
0.0
 30
0.0
210
0.0
220
0.0
230
1.0
  2
SOLID
 70
1
 71
0
 91
1
 92
3
 72
0
 73
1
 93
5
 10
1151.1195333333333
 20
718.9159555555555
 10
1151.1195333333333
 20
716.2489555555554
 10
1111.1173555555556
 20
720.2494555555555
 10
1111.1173555555556
 20
722.9164555555554
 10
1151.1195333333333
 20
718.9159555555555
 97
0
 75
1
 76
1
 98
0
  0
HATCH
  5
3DC
330
17
100
AcDbEntity
  8
PERIPHERY
 62
7
420
0
100
AcDbHatch
 10
0.0
 20
0.0
 30
0.0
210
0.0
220
0.0
230
1.0
  2
SOLID
 70
1
 71
0
 91
1
 92
3
 72
0
 73
1
 93
5
 10
1151.1195333333333
 20
713.5833666666665
 10
1151.1195333333333
 20
710.9149555555555
 10
1111.1173555555556
 20
714.9154555555556
 10
1111.1173555555556
 20
717.5824555555555
 10
1151.1195333333333
 20
713.5833666666665
 97
0
 75
1
 76
1
 98
0
  0
HATCH
  5
3DD
330
17
100
AcDbEntity
  8
PERIPHERY
 62
7
420
0
100
AcDbHatch
 10
0.0
 20
0.0
 30
0.0
210
0.0
220
0.0
230
1.0
  2
SOLID
 70
1
 71
0
 91
1
 92
3
 72
0
 73
1
 93
5
 10
1151.1195333333333
 20
708.2493666666666
 10
1151.1195333333333
 20
705.5823666666666
 10
1111.1173555555556
 20
709.5828666666666
 10
1111.1173555555556
 20
712.2498666666667
 10
1151.1195333333333
 20
708.2493666666666
 97
0
 75
1
 76
1
 98
0
  0
HATCH
  5
3DE
330
17
100
AcDbEntity
  8
PERIPHERY
 62
7
420
0
100
AcDbHatch
 10
0.0
 20
0.0
 30
0.0
210
0.0
220
0.0
230
1.0
  2
SOLID
 70
1
 71
0
 91
1
 92
3
 72
0
 73
1
 93
5
 10
1151.1195333333333
 20
702.9153666666666
 10
1151.1195333333333
 20
700.2483666666667
 10
1111.1173555555556
 20
704.2474555555555
 10
1111.1173555555556
 20
706.9144555555555
 10
1151.1195333333333
 20
702.9153666666666
 97
0
 75
1
 76
1
 98
0
  0
HATCH
  5
3DF
330
17
100
AcDbEntity
  8
PERIPHERY
 62
7
420
0
100
AcDbHatch
 10
0.0
 20
0.0
 30
0.0
210
0.0
220
0.0
230
1.0
  2
SOLID
 70
1
 71
0
 91
1
 92
3
 72
0
 73
1
 93
5
 10
1151.1195333333333
 20
697.5813666666666
 10
1151.1195333333333
 20
694.9143666666666
 10
1111.1173555555556
 20
698.9148666666666
 10
1111.1173555555556
 20
701.5818666666665
 10
1151.1195333333333
 20
697.5813666666666
 97
0
 75
1
 76
1
 98
0
  0
HATCH
  5
3E0
330
17
100
AcDbEntity
  8
PERIPHERY
 62
7
420
0
100
AcDbHatch
 10
0.0
 20
0.0
 30
0.0
210
0.0
220
0.0
230
1.0
  2
SOLID
 70
1
 71
0
 91
1
 92
3
 72
0
 73
1
 93
5
 10
1151.1195333333333
 20
692.2487777777777
 10
1151.1195333333333
 20
689.5817777777777
 10
1111.1173555555556
 20
693.5808666666666
 10
1111.1173555555556
 20
696.2492777777777
 10
1151.1195333333333
 20
692.2487777777777
 97
0
 75
1
 76
1
 98
0
  0
HATCH
  5
3E1
330
17
100
AcDbEntity
  8
PERIPHERY
 62
7
420
0
100
AcDbHatch
 10
0.0
 20
0.0
 30
0.0
210
0.0
220
0.0
230
1.0
  2
SOLID
 70
1
 71
0
 91
1
 92
3
 72
0
 73
1
 93
5
 10
1151.1195333333333
 20
686.9147777777777
 10
1151.1195333333333
 20
684.2477777777776
 10
1111.1173555555556
 20
688.2482777777777
 10
1111.1173555555556
 20
690.9152777777778
 10
1151.1195333333333
 20
686.9147777777777
 97
0
 75
1
 76
1
 98
0
  0
HATCH
  5
3E2
330
17
100
AcDbEntity
  8
PERIPHERY
 62
7
420
0
100
AcDbHatch
 10
0.0
 20
0.0
 30
0.0
210
0.0
220
0.0
230
1.0
  2
SOLID
 70
1
 71
0
 91
1
 92
3
 72
0
 73
1
 93
5
 10
1151.1195333333333
 20
681.5807777777777
 10
1151.1195333333333
 20
678.9137777777777
 10
1111.1173555555556
 20
682.9142777777778
 10
1111.1173555555556
 20
685.5812777777777
 10
1151.1195333333333
 20
681.5807777777777
 97
0
 75
1
 76
1
 98
0
  0
HATCH
  5
3E3
330
17
100
AcDbEntity
  8
PERIPHERY
 62
7
420
0
100
AcDbHatch
 10
0.0
 20
0.0
 30
0.0
210
0.0
220
0.0
230
1.0
  2
SOLID
 70
1
 71
0
 91
1
 92
3
 72
0
 73
1
 93
5
 10
1151.1195333333333
 20
676.2481888888889
 10
1151.1195333333333
 20
673.5797777777777
 10
1111.1173555555556
 20
677.5802777777777
 10
1111.1173555555556
 20
680.2472777777778
 10
1151.1195333333333
 20
676.2481888888889
 97
0
 75
1
 76
1
 98
0
  0
HATCH
  5
3E4
330
17
100
AcDbEntity
  8
PERIPHERY
 62
7
420
0
100
AcDbHatch
 10
0.0
 20
0.0
 30
0.0
210
0.0
220
0.0
230
1.0
  2
SOLID
 70
1
 71
0
 91
1
 92
3
 72
0
 73
1
 93
5
 10
1151.1195333333333
 20
668.250011111111
 10
1151.1195333333333
 20
666.649811111111
 10
1111.1173555555556
 20
670.650311111111
 10
1111.1173555555556
 20
672.2505111111111
 10
1151.1195333333333
 20
668.250011111111
 97
0
 75
1
 76
1
 98
0
  0
HATCH
  5
3E5
330
17
100
AcDbEntity
  8
PERIPHERY
 62
7
420
0
100
AcDbHatch
 10
0.0
 20
0.0
 30
0.0
210
0.0
220
0.0
230
1.0
  2
SOLID
 70
1
 71
0
 91
1
 92
3
 72
0
 73
1
 93
5
 10
1151.1195333333333
 20
665.049611111111
 10
1151.1195333333333
 20
663.4494111111111
 10
1111.1173555555556
 20
667.4485
 10
1111.1173555555556
 20
669.050111111111
 10
1151.1195333333333
 20
665.049611111111
 97
0
 75
1
 76
1
 98
0
  0
HATCH
  5
3E6
330
17
100
AcDbEntity
  8
PERIPHERY
 62
7
420
0
100
AcDbHatch
 10
0.0
 20
0.0
 30
0.0
210
0.0
220
0.0
230
1.0
  2
SOLID
 70
1
 71
0
 91
1
 92
3
 72
0
 73
1
 93
5
 10
1151.1195333333333
 20
661.849211111111
 10
1151.1195333333333
 20
660.2504222222221
 10
1111.1173555555556
 20
664.249511111111
 10
1111.1173555555556
 20
665.849711111111
 10
1151.1195333333333
 20
661.849211111111
 97
0
 75
1
 76
1
 98
0
  0
HATCH
  5
3E7
330
17
100
AcDbEntity
  8
PERIPHERY
 62
7
420
0
100
AcDbHatch
 10
0.0
 20
0.0
 30
0.0
210
0.0
220
0.0
230
1.0
  2
SOLID
 70
1
 71
0
 91
1
 92
3
 72
0
 73
1
 93
5
 10
1151.1195333333333
 20
658.6488111111111
 10
1151.1195333333333
 20
657.0500222222221
 10
1111.1173555555556
 20
661.0491111111111
 10
1111.1173555555556
 20
662.6493111111109
 10
1151.1195333333333
 20
658.6488111111111
 97
0
 75
1
 76
1
 98
0
  0
HATCH
  5
3E8
330
17
100
AcDbEntity
  8
PERIPHERY
 62
7
420
0
100
AcDbHatch
 10
0.0
 20
0.0
 30
0.0
210
0.0
220
0.0
230
1.0
  2
SOLID
 70
1
 71
0
 91
1
 92
3
 72
0
 73
1
 93
5
 10
1151.1195333333333
 20
655.4498222222221
 10
1151.1195333333333
 20
653.8496222222221
 10
1111.1173555555556
 20
657.8501222222221
 10
1111.1173555555556
 20
659.4503222222222
 10
1151.1195333333333
 20
655.4498222222221
 97
0
 75
1
 76
1
 98
0
  0
HATCH
  5
3E9
330
17
100
AcDbEntity
  8
PERIPHERY
 62
7
420
0
100
AcDbHatch
 10
0.0
 20
0.0
 30
0.0
210
0.0
220
0.0
230
1.0
  2
SOLID
 70
1
 71
0
 91
1
 92
3
 72
0
 73
1
 93
5
 10
1151.1195333333333
 20
652.2494222222222
 10
1151.1195333333333
 20
650.6492222222222
 10
1111.1173555555556
 20
654.6497222222222
 10
1111.1173555555556
 20
656.248511111111
 10
1151.1195333333333
 20
652.2494222222222
 97
0
 75
1
 76
1
 98
0
  0
HATCH
  5
3EA
330
17
100
AcDbEntity
  8
PERIPHERY
 62
7
420
0
100
AcDbHatch
 10
0.0
 20
0.0
 30
0.0
210
0.0
220
0.0
230
1.0
  2
SOLID
 70
1
 71
0
 91
1
 92
3
 72
0
 73
1
 93
5
 10
1151.1195333333333
 20
649.0504333333332
 10
1151.1195333333333
 20
647.4502333333332
 10
1111.1173555555556
 20
651.4507333333333
 10
1111.1173555555556
 20
653.0495222222222
 10
1151.1195333333333
 20
649.0504333333332
 97
0
 75
1
 76
1
 98
0
  0
HATCH
  5
3EB
330
17
100
AcDbEntity
  8
PERIPHERY
 62
7
420
0
100
AcDbHatch
 10
0.0
 20
0.0
 30
0.0
210
0.0
220
0.0
230
1.0
  2
SOLID
 70
1
 71
0
 91
1
 92
3
 72
0
 73
1
 93
5
 10
1151.1195333333333
 20
645.8500333333333
 10
1151.1195333333333
 20
644.2484222222221
 10
1111.1173555555556
 20
648.2503333333333
 10
1111.1173555555556
 20
649.8491222222221
 10
1151.1195333333333
 20
645.8500333333333
 97
0
 75
1
 76
1
 98
0
  0
HATCH
  5
3EC
330
17
100
AcDbEntity
  8
PERIPHERY
 62
7
420
0
100
AcDbHatch
 10
0.0
 20
0.0
 30
0.0
210
0.0
220
0.0
230
1.0
  2
SOLID
 70
1
 71
0
 91
1
 92
3
 72
0
 73
1
 93
5
 10
1151.1195333333333
 20
642.6496333333332
 10
1151.1195333333333
 20
641.0480222222221
 10
1111.1173555555556
 20
645.0499333333333
 10
1111.1173555555556
 20
646.6487222222222
 10
1151.1195333333333
 20
642.6496333333332
 97
0
 75
1
 76
1
 98
0
  0
HATCH
  5
3ED
330
17
100
AcDbEntity
  8
PERIPHERY
 62
7
420
0
100
AcDbHatch
 10
0.0
 20
0.0
 30
0.0
210
0.0
220
0.0
230
1.0
  2
SOLID
 70
1
 71
0
 91
1
 92
3
 72
0
 73
1
 93
5
 10
1151.1195333333333
 20
639.4506444444444
 10
1151.1195333333333
 20
637.8490333333333
 10
1111.1173555555556
 20
641.8495333333333
 10
1111.1173555555556
 20
643.4497333333333
 10
1151.1195333333333
 20
639.4506444444444
 97
0
 75
1
 76
1
 98
0
  0
HATCH
  5
3EE
330
17
100
AcDbEntity
  8
PERIPHERY
 62
7
420
0
100
AcDbHatch
 10
0.0
 20
0.0
 30
0.0
210
0.0
220
0.0
230
1.0
  2
SOLID
 70
1
 71
0
 91
1
 92
3
 72
0
 73
1
 93
5
 10
1151.1195333333333
 20
636.2502444444443
 10
1151.1195333333333
 20
634.6486333333332
 10
1111.1173555555556
 20
638.6491333333333
 10
1111.1173555555556
 20
640.2493333333333
 10
1151.1195333333333
 20
636.2502444444443
 97
0
 75
1
 76
1
 98
0
  0
HATCH
  5
3EF
330
17
100
AcDbEntity
  8
PERIPHERY
 62
7
420
0
100
AcDbHatch
 10
0.0
 20
0.0
 30
0.0
210
0.0
220
0.0
230
1.0
  2
SOLID
 70
1
 71
0
 91
1
 92
3
 72
0
 73
1
 93
5
 10
1151.1195333333333
 20
633.0498444444444
 10
1151.1195333333333
 20
631.4496444444444
 10
1111.1173555555556
 20
635.4501444444444
 10
1111.1173555555556
 20
637.0503444444444
 10
1151.1195333333333
 20
633.0498444444444
 97
0
 75
1
 76
1
 98
0
  0
HATCH
  5
3F0
330
17
100
AcDbEntity
  8
PERIPHERY
 62
7
420
0
100
AcDbHatch
 10
0.0
 20
0.0
 30
0.0
210
0.0
220
0.0
230
1.0
  2
SOLID
 70
1
 71
0
 91
1
 92
3
 72
0
 73
1
 93
5
 10
1151.1195333333333
 20
629.8494444444444
 10
1151.1195333333333
 20
628.2492444444443
 10
1111.1173555555556
 20
632.2497444444444
 10
1111.1173555555556
 20
633.8499444444444
 10
1151.1195333333333
 20
629.8494444444444
 97
0
 75
1
 76
1
 98
0
  0
HATCH
  5
3F1
330
17
100
AcDbEntity
  8
PERIPHERY
 62
7
420
0
100
AcDbHatch
 10
0.0
 20
0.0
 30
0.0
210
0.0
220
0.0
230
1.0
  2
SOLID
 70
1
 71
0
 91
1
 92
3
 72
0
 73
1
 93
5
 10
1151.1195333333333
 20
626.6504555555555
 10
1151.1195333333333
 20
625.0502555555555
 10
1111.1173555555556
 20
629.0493444444444
 10
1111.1173555555556
 20
630.6509555555555
 10
1151.1195333333333
 20
626.6504555555555
 97
0
 75
1
 76
1
 98
0
  0
HATCH
  5
3F2
330
17
100
AcDbEntity
  8
PERIPHERY
 62
7
420
0
100
AcDbHatch
 10
0.0
 20
0.0
 30
0.0
210
0.0
220
0.0
230
1.0
  2
SOLID
 70
1
 71
0
 91
1
 92
3
 72
0
 73
1
 93
5
 10
1151.1195333333333
 20
623.4500555555555
 10
1151.1195333333333
 20
621.8498555555555
 10
1111.1173555555556
 20
625.8489444444443
 10
1111.1173555555556
 20
627.4505555555554
 10
1151.1195333333333
 20
623.4500555555555
 97
0
 75
1
 76
1
 98
0
  0
HATCH
  5
3F3
330
17
100
AcDbEntity
  8
PERIPHERY
 62
7
420
0
100
AcDbHatch
 10
0.0
 20
0.0
 30
0.0
210
0.0
220
0.0
230
1.0
  2
SOLID
 70
1
 71
0
 91
1
 92
3
 72
0
 73
1
 93
5
 10
1151.1195333333333
 20
620.2482444444444
 10
1151.1195333333333
 20
618.6494555555555
 10
1111.1173555555556
 20
622.6485444444444
 10
1111.1173555555556
 20
624.2501555555555
 10
1151.1195333333333
 20
620.2482444444444
 97
0
 75
1
 76
1
 98
0
  0
HATCH
  5
3F4
330
17
100
AcDbEntity
  8
PERIPHERY
 62
7
420
0
100
AcDbHatch
 10
0.0
 20
0.0
 30
0.0
210
0.0
220
0.0
230
1.0
  2
SOLID
 70
1
 71
0
 91
1
 92
3
 72
0
 73
1
 93
5
 10
1151.1195333333333
 20
617.0492555555555
 10
1151.1195333333333
 20
615.4504666666667
 10
1111.1173555555556
 20
619.4495555555555
 10
1111.1173555555556
 20
621.0497555555555
 10
1151.1195333333333
 20
617.0492555555555
 97
0
 75
1
 76
1
 98
0
  0
HATCH
  5
3F5
330
17
100
AcDbEntity
  8
PERIPHERY
 62
7
420
0
100
AcDbHatch
 10
0.0
 20
0.0
 30
0.0
210
0.0
220
0.0
230
1.0
  2
SOLID
 70
1
 71
0
 91
1
 92
3
 72
0
 73
1
 93
5
 10
1151.1195333333333
 20
612.2500666666666
 10
1151.1195333333333
 20
611.1056555555555
 10
1111.1173555555556
 20
615.1047444444443
 10
1111.1173555555556
 20
616.2491555555555
 10
1151.1195333333333
 20
612.2500666666666
 97
0
 75
1
 76
1
 98
0
  0
HATCH
  5
3F6
330
17
100
AcDbEntity
  8
PERIPHERY
 62
7
420
0
100
AcDbHatch
 10
0.0
 20
0.0
 30
0.0
210
0.0
220
0.0
230
1.0
  2
SOLID
 70
1
 71
0
 91
1
 92
3
 72
0
 73
1
 93
5
 10
1151.1195333333333
 20
609.9640666666666
 10
1151.1195333333333
 20
608.8210666666666
 10
1111.1173555555556
 20
612.8201555555555
 10
1111.1173555555556
 20
613.9645666666665
 10
1151.1195333333333
 20
609.9640666666666
 97
0
 75
1
 76
1
 98
0
  0
HATCH
  5
3F7
330
17
100
AcDbEntity
  8
PERIPHERY
 62
7
420
0
100
AcDbHatch
 10
0.0
 20
0.0
 30
0.0
210
0.0
220
0.0
230
1.0
  2
SOLID
 70
1
 71
0
 91
1
 92
3
 72
0
 73
1
 93
5
 10
1151.1195333333333
 20
607.6780666666666
 10
1151.1195333333333
 20
606.5350666666666
 10
1111.1173555555556
 20
610.5355666666666
 10
1111.1173555555556
 20
611.6785666666666
 10
1151.1195333333333
 20
607.6780666666666
 97
0
 75
1
 76
1
 98
0
  0
HATCH
  5
3F8
330
17
100
AcDbEntity
  8
PERIPHERY
 62
7
420
0
100
AcDbHatch
 10
0.0
 20
0.0
 30
0.0
210
0.0
220
0.0
230
1.0
  2
SOLID
 70
1
 71
0
 91
1
 92
3
 72
0
 73
1
 93
5
 10
1151.1195333333333
 20
605.3934777777778
 10
1151.1195333333333
 20
604.2490666666666
 10
1111.1173555555556
 20
608.2495666666666
 10
1111.1173555555556
 20
609.3925666666667
 10
1151.1195333333333
 20
605.3934777777778
 97
0
 75
1
 76
1
 98
0
  0
HATCH
  5
3F9
330
17
100
AcDbEntity
  8
PERIPHERY
 62
7
420
0
100
AcDbHatch
 10
0.0
 20
0.0
 30
0.0
210
0.0
220
0.0
230
1.0
  2
SOLID
 70
1
 71
0
 91
1
 92
3
 72
0
 73
1
 93
5
 10
1151.1195333333333
 20
603.1074777777777
 10
1151.1195333333333
 20
601.9644777777777
 10
1111.1173555555556
 20
605.9635666666666
 10
1111.1173555555556
 20
607.1079777777777
 10
1151.1195333333333
 20
603.1074777777777
 97
0
 75
1
 76
1
 98
0
  0
HATCH
  5
3FA
330
17
100
AcDbEntity
  8
PERIPHERY
 62
7
420
0
100
AcDbHatch
 10
0.0
 20
0.0
 30
0.0
210
0.0
220
0.0
230
1.0
  2
SOLID
 70
1
 71
0
 91
1
 92
3
 72
0
 73
1
 93
5
 10
1151.1195333333333
 20
600.8214777777778
 10
1151.1195333333333
 20
599.6784777777777
 10
1111.1173555555556
 20
603.6789777777777
 10
1111.1173555555556
 20
604.8219777777776
 10
1151.1195333333333
 20
600.8214777777778
 97
0
 75
1
 76
1
 98
0
  0
HATCH
  5
3FB
330
17
100
AcDbEntity
  8
PERIPHERY
 62
7
420
0
100
AcDbHatch
 10
0.0
 20
0.0
 30
0.0
210
0.0
220
0.0
230
1.0
  2
SOLID
 70
1
 71
0
 91
1
 92
3
 72
0
 73
1
 93
5
 10
1151.1195333333333
 20
598.5368888888888
 10
1151.1195333333333
 20
597.3924777777778
 10
1111.1173555555556
 20
601.3929777777778
 10
1111.1173555555556
 20
602.5359777777778
 10
1151.1195333333333
 20
598.5368888888888
 97
0
 75
1
 76
1
 98
0
  0
HATCH
  5
3FC
330
17
100
AcDbEntity
  8
PERIPHERY
 62
7
420
0
100
AcDbHatch
 10
0.0
 20
0.0
 30
0.0
210
0.0
220
0.0
230
1.0
  2
SOLID
 70
1
 71
0
 91
1
 92
3
 72
0
 73
1
 93
5
 10
1151.1195333333333
 20
596.2508888888889
 10
1151.1195333333333
 20
595.1078888888889
 10
1111.1173555555556
 20
599.1069777777777
 10
1111.1173555555556
 20
600.2513888888889
 10
1151.1195333333333
 20
596.2508888888889
 97
0
 75
1
 76
1
 98
0
  0
HATCH
  5
3FD
330
17
100
AcDbEntity
  8
PERIPHERY
 62
7
420
0
100
AcDbHatch
 10
0.0
 20
0.0
 30
0.0
210
0.0
220
0.0
230
1.0
  2
SOLID
 70
1
 71
0
 91
1
 92
3
 72
0
 73
1
 93
5
 10
1151.1195333333333
 20
593.9634777777777
 10
1151.1195333333333
 20
592.8218888888888
 10
1111.1173555555556
 20
596.8209777777777
 10
1111.1173555555556
 20
597.9639777777777
 10
1151.1195333333333
 20
593.9634777777777
 97
0
 75
1
 76
1
 98
0
  0
HATCH
  5
3FE
330
17
100
AcDbEntity
  8
PERIPHERY
 62
7
420
0
100
AcDbHatch
 10
0.0
 20
0.0
 30
0.0
210
0.0
220
0.0
230
1.0
  2
SOLID
 70
1
 71
0
 91
1
 92
3
 72
0
 73
1
 93
5
 10
1151.1195333333333
 20
591.6788888888889
 10
1151.1195333333333
 20
590.5344777777777
 10
1111.1173555555556
 20
594.536388888889
 10
1111.1173555555556
 20
595.6779777777779
 10
1151.1195333333333
 20
591.6788888888889
 97
0
 75
1
 76
1
 98
0
  0
HATCH
  5
3FF
330
17
100
AcDbEntity
  8
PERIPHERY
 62
7
420
0
100
AcDbHatch
 10
0.0
 20
0.0
 30
0.0
210
0.0
220
0.0
230
1.0
  2
SOLID
 70
1
 71
0
 91
1
 92
3
 72
0
 73
1
 93
5
 10
1151.1195333333333
 20
589.3942999999999
 10
1151.1195333333333
 20
588.2498888888888
 10
1111.1173555555556
 20
592.2503888888888
 10
1111.1173555555556
 20
593.3933888888888
 10
1151.1195333333333
 20
589.3942999999999
 97
0
 75
1
 76
1
 98
0
  0
HATCH
  5
400
330
17
100
AcDbEntity
  8
PERIPHERY
 62
7
420
0
100
AcDbHatch
 10
0.0
 20
0.0
 30
0.0
210
0.0
220
0.0
230
1.0
  2
SOLID
 70
1
 71
0
 91
1
 92
3
 72
0
 73
1
 93
5
 10
1151.1195333333333
 20
587.1082999999999
 10
1151.1195333333333
 20
585.9653
 10
1111.1173555555556
 20
589.9643888888888
 10
1111.1173555555556
 20
591.1087999999999
 10
1151.1195333333333
 20
587.1082999999999
 97
0
 75
1
 76
1
 98
0
  0
HATCH
  5
401
330
17
100
AcDbEntity
  8
PERIPHERY
 62
7
420
0
100
AcDbHatch
 10
0.0
 20
0.0
 30
0.0
210
0.0
220
0.0
230
1.0
  2
SOLID
 70
1
 71
0
 91
1
 92
3
 72
0
 73
1
 93
5
 10
1151.1195333333333
 20
584.8222999999999
 10
1151.1195333333333
 20
583.6792999999999
 10
1111.1173555555556
 20
587.6797999999999
 10
1111.1173555555556
 20
588.8227999999999
 10
1151.1195333333333
 20
584.8222999999999
 97
0
 75
1
 76
1
 98
0
  0
HATCH
  5
402
330
17
100
AcDbEntity
  8
PERIPHERY
 62
7
420
0
100
AcDbHatch
 10
0.0
 20
0.0
 30
0.0
210
0.0
220
0.0
230
1.0
  2
SOLID
 70
1
 71
0
 91
1
 92
3
 72
0
 73
1
 93
5
 10
1151.1195333333333
 20
582.5377111111111
 10
1151.1195333333333
 20
581.3933
 10
1111.1173555555556
 20
585.3937999999999
 10
1111.1173555555556
 20
586.5368
 10
1151.1195333333333
 20
582.5377111111111
 97
0
 75
1
 76
1
 98
0
  0
HATCH
  5
403
330
17
100
AcDbEntity
  8
PERIPHERY
 62
7
420
0
100
AcDbHatch
 10
0.0
 20
0.0
 30
0.0
210
0.0
220
0.0
230
1.0
  2
SOLID
 70
1
 71
0
 91
1
 92
3
 72
0
 73
1
 93
5
 10
1151.1195333333333
 20
580.251711111111
 10
1151.1195333333333
 20
579.108711111111
 10
1111.1173555555556
 20
583.1078
 10
1111.1173555555556
 20
584.252211111111
 10
1151.1195333333333
 20
580.251711111111
 97
0
 75
1
 76
1
 98
0
  0
HATCH
  5
404
330
17
100
AcDbEntity
  8
PERIPHERY
 62
7
420
0
100
AcDbHatch
 10
0.0
 20
0.0
 30
0.0
210
0.0
220
0.0
230
1.0
  2
SOLID
 70
1
 71
0
 91
1
 92
3
 72
0
 73
1
 93
5
 10
1151.1195333333333
 20
577.9657111111111
 10
1151.1195333333333
 20
576.8227111111111
 10
1111.1173555555556
 20
580.823211111111
 10
1111.1173555555556
 20
581.966211111111
 10
1151.1195333333333
 20
577.9657111111111
 97
0
 75
1
 76
1
 98
0
  0
HATCH
  5
405
330
17
100
AcDbEntity
  8
PERIPHERY
 62
7
420
0
100
AcDbHatch
 10
0.0
 20
0.0
 30
0.0
210
0.0
220
0.0
230
1.0
  2
SOLID
 70
1
 71
0
 91
1
 92
3
 72
0
 73
1
 93
5
 10
1151.1195333333333
 20
575.679711111111
 10
1151.1195333333333
 20
574.5353
 10
1111.1173555555556
 20
578.5357999999999
 10
1111.1173555555556
 20
579.6787999999999
 10
1151.1195333333333
 20
575.679711111111
 97
0
 75
1
 76
1
 98
0
  0
HATCH
  5
406
330
17
100
AcDbEntity
  8
PERIPHERY
 62
7
420
0
100
AcDbHatch
 10
0.0
 20
0.0
 30
0.0
210
0.0
220
0.0
230
1.0
  2
SOLID
 70
1
 71
0
 91
1
 92
3
 72
0
 73
1
 93
5
 10
1151.1195333333333
 20
573.3951222222222
 10
1151.1195333333333
 20
572.2507111111111
 10
1111.1173555555556
 20
576.2498
 10
1111.1173555555556
 20
577.3942111111111
 10
1151.1195333333333
 20
573.3951222222222
 97
0
 75
1
 76
1
 98
0
  0
HATCH
  5
407
330
17
100
AcDbEntity
  8
PERIPHERY
 62
7
420
0
100
AcDbHatch
 10
0.0
 20
0.0
 30
0.0
210
0.0
220
0.0
230
1.0
  2
SOLID
 70
1
 71
0
 91
1
 92
3
 72
0
 73
1
 93
5
 10
1151.1195333333333
 20
571.107711111111
 10
1151.1195333333333
 20
569.9661222222221
 10
1111.1173555555556
 20
573.965211111111
 10
1111.1173555555556
 20
575.1096222222221
 10
1151.1195333333333
 20
571.107711111111
 97
0
 75
1
 76
1
 98
0
  0
HATCH
  5
408
330
17
100
AcDbEntity
  8
PERIPHERY
 62
7
420
0
100
AcDbHatch
 10
0.0
 20
0.0
 30
0.0
210
0.0
220
0.0
230
1.0
  2
SOLID
 70
1
 71
0
 91
1
 92
3
 72
0
 73
1
 93
5
 10
1151.1195333333333
 20
568.8231222222222
 10
1151.1195333333333
 20
567.6801222222222
 10
1111.1173555555556
 20
571.6806222222222
 10
1111.1173555555556
 20
572.8236222222222
 10
1151.1195333333333
 20
568.8231222222222
 97
0
 75
1
 76
1
 98
0
  0
HATCH
  5
409
330
17
100
AcDbEntity
  8
PERIPHERY
 62
7
420
0
100
AcDbHatch
 10
0.0
 20
0.0
 30
0.0
210
0.0
220
0.0
230
1.0
  2
SOLID
 70
1
 71
0
 91
1
 92
3
 72
0
 73
1
 93
5
 10
1151.1195333333333
 20
566.5385333333332
 10
1151.1195333333333
 20
565.3941222222222
 10
1111.1173555555556
 20
569.3946222222221
 10
1111.1173555555556
 20
570.5376222222221
 10
1151.1195333333333
 20
566.5385333333332
 97
0
 75
1
 76
1
 98
0
  0
HATCH
  5
40A
330
17
100
AcDbEntity
  8
PERIPHERY
 62
7
420
0
100
AcDbHatch
 10
0.0
 20
0.0
 30
0.0
210
0.0
220
0.0
230
1.0
  2
SOLID
 70
1
 71
0
 91
1
 92
3
 72
0
 73
1
 93
5
 10
1151.1195333333333
 20
564.2525333333333
 10
1151.1195333333333
 20
563.1095333333333
 10
1111.1173555555556
 20
567.1086222222222
 10
1111.1173555555556
 20
568.2530333333332
 10
1151.1195333333333
 20
564.2525333333333
 97
0
 75
1
 76
1
 98
0
  0
HATCH
  5
40B
330
17
100
AcDbEntity
  8
PERIPHERY
 62
7
420
0
100
AcDbHatch
 10
0.0
 20
0.0
 30
0.0
210
0.0
220
0.0
230
1.0
  2
SOLID
 70
1
 71
0
 91
1
 92
3
 72
0
 73
1
 93
5
 10
1151.1195333333333
 20
561.9665333333334
 10
1151.1195333333333
 20
560.8235333333333
 10
1111.1173555555556
 20
564.8240333333333
 10
1111.1173555555556
 20
565.9670333333333
 10
1151.1195333333333
 20
561.9665333333334
 97
0
 75
1
 76
1
 98
0
  0
HATCH
  5
40C
330
17
100
AcDbEntity
  8
PERIPHERY
 62
7
420
0
100
AcDbHatch
 10
0.0
 20
0.0
 30
0.0
210
0.0
220
0.0
230
1.0
  2
SOLID
 70
1
 71
0
 91
1
 92
3
 72
0
 73
1
 93
5
 10
1151.1195333333333
 20
556.2501222222221
 10
1151.1195333333333
 20
555.3611222222222
 10
1111.1173555555556
 20
559.3616222222221
 10
1111.1173555555556
 20
560.2492111111111
 10
1151.1195333333333
 20
556.2501222222221
 97
0
 75
1
 76
1
 98
0
  0
HATCH
  5
40D
330
17
100
AcDbEntity
  8
PERIPHERY
 62
7
420
0
100
AcDbHatch
 10
0.0
 20
0.0
 30
0.0
210
0.0
220
0.0
230
1.0
  2
SOLID
 70
1
 71
0
 91
1
 92
3
 72
0
 73
1
 93
5
 10
1151.1195333333333
 20
554.4721222222222
 10
1151.1195333333333
 20
553.5831222222222
 10
1111.1173555555556
 20
557.5836222222222
 10
1111.1173555555556
 20
558.4712111111111
 10
1151.1195333333333
 20
554.4721222222222
 97
0
 75
1
 76
1
 98
0
  0
HATCH
  5
40E
330
17
100
AcDbEntity
  8
PERIPHERY
 62
7
420
0
100
AcDbHatch
 10
0.0
 20
0.0
 30
0.0
210
0.0
220
0.0
230
1.0
  2
SOLID
 70
1
 71
0
 91
1
 92
3
 72
0
 73
1
 93
5
 10
1151.1195333333333
 20
552.6941222222222
 10
1151.1195333333333
 20
551.8051222222222
 10
1111.1173555555556
 20
555.8056222222222
 10
1111.1173555555556
 20
556.693211111111
 10
1151.1195333333333
 20
552.6941222222222
 97
0
 75
1
 76
1
 98
0
  0
HATCH
  5
40F
330
17
100
AcDbEntity
  8
PERIPHERY
 62
7
420
0
100
AcDbHatch
 10
0.0
 20
0.0
 30
0.0
210
0.0
220
0.0
230
1.0
  2
SOLID
 70
1
 71
0
 91
1
 92
3
 72
0
 73
1
 93
5
 10
1151.1195333333333
 20
550.9175333333333
 10
1151.1195333333333
 20
550.0285333333333
 10
1111.1173555555556
 20
554.0290333333332
 10
1111.1173555555556
 20
554.9166222222221
 10
1151.1195333333333
 20
550.9175333333333
 97
0
 75
1
 76
1
 98
0
  0
HATCH
  5
410
330
17
100
AcDbEntity
  8
PERIPHERY
 62
7
420
0
100
AcDbHatch
 10
0.0
 20
0.0
 30
0.0
210
0.0
220
0.0
230
1.0
  2
SOLID
 70
1
 71
0
 91
1
 92
3
 72
0
 73
1
 93
5
 10
1151.1195333333333
 20
549.1395333333332
 10
1151.1195333333333
 20
548.2505333333332
 10
1111.1173555555556
 20
552.2510333333332
 10
1111.1173555555556
 20
553.1400333333332
 10
1151.1195333333333
 20
549.1395333333332
 97
0
 75
1
 76
1
 98
0
  0
HATCH
  5
411
330
17
100
AcDbEntity
  8
PERIPHERY
 62
7
420
0
100
AcDbHatch
 10
0.0
 20
0.0
 30
0.0
210
0.0
220
0.0
230
1.0
  2
SOLID
 70
1
 71
0
 91
1
 92
3
 72
0
 73
1
 93
5
 10
1151.1195333333333
 20
547.3615333333333
 10
1151.1195333333333
 20
546.4725333333333
 10
1111.1173555555556
 20
550.4730333333333
 10
1111.1173555555556
 20
551.3620333333332
 10
1151.1195333333333
 20
547.3615333333333
 97
0
 75
1
 76
1
 98
0
  0
HATCH
  5
412
330
17
100
AcDbEntity
  8
PERIPHERY
 62
7
420
0
100
AcDbHatch
 10
0.0
 20
0.0
 30
0.0
210
0.0
220
0.0
230
1.0
  2
SOLID
 70
1
 71
0
 91
1
 92
3
 72
0
 73
1
 93
5
 10
1151.1195333333333
 20
545.5835333333333
 10
1151.1195333333333
 20
544.6945333333333
 10
1111.1173555555556
 20
548.6950333333333
 10
1111.1173555555556
 20
549.5840333333333
 10
1151.1195333333333
 20
545.5835333333333
 97
0
 75
1
 76
1
 98
0
  0
HATCH
  5
413
330
17
100
AcDbEntity
  8
PERIPHERY
 62
7
420
0
100
AcDbHatch
 10
0.0
 20
0.0
 30
0.0
210
0.0
220
0.0
230
1.0
  2
SOLID
 70
1
 71
0
 91
1
 92
3
 72
0
 73
1
 93
5
 10
1151.1195333333333
 20
543.8069444444444
 10
1151.1195333333333
 20
542.9179444444444
 10
1111.1173555555556
 20
546.9184444444444
 10
1111.1173555555556
 20
547.8074444444444
 10
1151.1195333333333
 20
543.8069444444444
 97
0
 75
1
 76
1
 98
0
  0
HATCH
  5
414
330
17
100
AcDbEntity
  8
PERIPHERY
 62
7
420
0
100
AcDbHatch
 10
0.0
 20
0.0
 30
0.0
210
0.0
220
0.0
230
1.0
  2
SOLID
 70
1
 71
0
 91
1
 92
3
 72
0
 73
1
 93
5
 10
1151.1195333333333
 20
542.0289444444444
 10
1151.1195333333333
 20
541.1413555555555
 10
1111.1173555555556
 20
545.1404444444444
 10
1111.1173555555556
 20
546.0294444444444
 10
1151.1195333333333
 20
542.0289444444444
 97
0
 75
1
 76
1
 98
0
  0
HATCH
  5
415
330
17
100
AcDbEntity
  8
PERIPHERY
 62
7
420
0
100
AcDbHatch
 10
0.0
 20
0.0
 30
0.0
210
0.0
220
0.0
230
1.0
  2
SOLID
 70
1
 71
0
 91
1
 92
3
 72
0
 73
1
 93
5
 10
1151.1195333333333
 20
540.2509444444444
 10
1151.1195333333333
 20
539.3633555555555
 10
1111.1173555555556
 20
543.3624444444443
 10
1111.1173555555556
 20
544.2514444444444
 10
1151.1195333333333
 20
540.2509444444444
 97
0
 75
1
 76
1
 98
0
  0
HATCH
  5
416
330
17
100
AcDbEntity
  8
PERIPHERY
 62
7
420
0
100
AcDbHatch
 10
0.0
 20
0.0
 30
0.0
210
0.0
220
0.0
230
1.0
  2
SOLID
 70
1
 71
0
 91
1
 92
3
 72
0
 73
1
 93
5
 10
1151.1195333333333
 20
538.4729444444445
 10
1151.1195333333333
 20
537.5853555555556
 10
1111.1173555555556
 20
541.5844444444444
 10
1111.1173555555556
 20
542.4734444444445
 10
1151.1195333333333
 20
538.4729444444445
 97
0
 75
1
 76
1
 98
0
  0
HATCH
  5
417
330
17
100
AcDbEntity
  8
PERIPHERY
 62
7
420
0
100
AcDbHatch
 10
0.0
 20
0.0
 30
0.0
210
0.0
220
0.0
230
1.0
  2
SOLID
 70
1
 71
0
 91
1
 92
3
 72
0
 73
1
 93
5
 10
1151.1195333333333
 20
536.6949444444443
 10
1151.1195333333333
 20
535.8073555555554
 10
1111.1173555555556
 20
539.8064444444443
 10
1111.1173555555556
 20
540.6954444444443
 10
1151.1195333333333
 20
536.6949444444443
 97
0
 75
1
 76
1
 98
0
  0
HATCH
  5
418
330
17
100
AcDbEntity
  8
PERIPHERY
 62
7
420
0
100
AcDbHatch
 10
0.0
 20
0.0
 30
0.0
210
0.0
220
0.0
230
1.0
  2
SOLID
 70
1
 71
0
 91
1
 92
3
 72
0
 73
1
 93
5
 10
1151.1195333333333
 20
534.9183555555555
 10
1151.1195333333333
 20
534.0307666666666
 10
1111.1173555555556
 20
538.0298555555555
 10
1111.1173555555556
 20
538.9188555555555
 10
1151.1195333333333
 20
534.9183555555555
 97
0
 75
1
 76
1
 98
0
  0
HATCH
  5
419
330
17
100
AcDbEntity
  8
PERIPHERY
 62
7
420
0
100
AcDbHatch
 10
0.0
 20
0.0
 30
0.0
210
0.0
220
0.0
230
1.0
  2
SOLID
 70
1
 71
0
 91
1
 92
3
 72
0
 73
1
 93
5
 10
1151.1195333333333
 20
533.1403555555555
 10
1151.1195333333333
 20
532.2527666666665
 10
1111.1173555555556
 20
536.2518555555555
 10
1111.1173555555556
 20
537.1408555555554
 10
1151.1195333333333
 20
533.1403555555555
 97
0
 75
1
 76
1
 98
0
  0
HATCH
  5
41A
330
17
100
AcDbEntity
  8
PERIPHERY
 62
7
420
0
100
AcDbHatch
 10
0.0
 20
0.0
 30
0.0
210
0.0
220
0.0
230
1.0
  2
SOLID
 70
1
 71
0
 91
1
 92
3
 72
0
 73
1
 93
5
 10
1151.1195333333333
 20
531.3623555555555
 10
1151.1195333333333
 20
530.4747666666666
 10
1111.1173555555556
 20
534.4738555555555
 10
1111.1173555555556
 20
535.3628555555555
 10
1151.1195333333333
 20
531.3623555555555
 97
0
 75
1
 76
1
 98
0
  0
HATCH
  5
41B
330
17
100
AcDbEntity
  8
PERIPHERY
 62
7
420
0
100
AcDbHatch
 10
0.0
 20
0.0
 30
0.0
210
0.0
220
0.0
230
1.0
  2
SOLID
 70
1
 71
0
 91
1
 92
3
 72
0
 73
1
 93
5
 10
1151.1195333333333
 20
529.5843555555555
 10
1151.1195333333333
 20
528.6967666666666
 10
1111.1173555555556
 20
532.6958555555555
 10
1111.1173555555556
 20
533.5848555555555
 10
1151.1195333333333
 20
529.5843555555555
 97
0
 75
1
 76
1
 98
0
  0
HATCH
  5
41C
330
17
100
AcDbEntity
  8
PERIPHERY
 62
7
420
0
100
AcDbHatch
 10
0.0
 20
0.0
 30
0.0
210
0.0
220
0.0
230
1.0
  2
SOLID
 70
1
 71
0
 91
1
 92
3
 72
0
 73
1
 93
5
 10
1151.1195333333333
 20
527.8077666666666
 10
1151.1195333333333
 20
526.9201777777777
 10
1111.1173555555556
 20
530.9192666666665
 10
1111.1173555555556
 20
531.8082666666666
 10
1151.1195333333333
 20
527.8077666666666
 97
0
 75
1
 76
1
 98
0
  0
HATCH
  5
41D
330
17
100
AcDbEntity
  8
PERIPHERY
 62
7
420
0
100
AcDbHatch
 10
0.0
 20
0.0
 30
0.0
210
0.0
220
0.0
230
1.0
  2
SOLID
 70
1
 71
0
 91
1
 92
3
 72
0
 73
1
 93
5
 10
1151.1195333333333
 20
526.0297666666665
 10
1151.1195333333333
 20
525.1421777777776
 10
1111.1173555555556
 20
529.1412666666665
 10
1111.1173555555556
 20
530.0316777777776
 10
1151.1195333333333
 20
526.0297666666665
 97
0
 75
1
 76
1
 98
0
  0
HATCH
  5
41E
330
17
100
AcDbEntity
  8
PERIPHERY
 62
7
420
0
100
AcDbHatch
 10
0.0
 20
0.0
 30
0.0
210
0.0
220
0.0
230
1.0
  2
SOLID
 70
1
 71
0
 91
1
 92
3
 72
0
 73
1
 93
5
 10
1151.1195333333333
 20
524.2531777777776
 10
1151.1195333333333
 20
523.3641777777777
 10
1111.1173555555556
 20
527.3632666666666
 10
1111.1173555555556
 20
528.2536777777776
 10
1151.1195333333333
 20
524.2531777777776
 97
0
 75
1
 76
1
 98
0
  0
HATCH
  5
41F
330
17
100
AcDbEntity
  8
PERIPHERY
 62
7
420
0
100
AcDbHatch
 10
0.0
 20
0.0
 30
0.0
210
0.0
220
0.0
230
1.0
  2
SOLID
 70
1
 71
0
 91
1
 92
3
 72
0
 73
1
 93
5
 10
1151.1195333333333
 20
522.4751777777777
 10
1151.1195333333333
 20
521.5861777777777
 10
1111.1173555555556
 20
525.5852666666666
 10
1111.1173555555556
 20
526.4756777777777
 10
1151.1195333333333
 20
522.4751777777777
 97
0
 75
1
 76
1
 98
0
  0
HATCH
  5
420
330
17
100
AcDbEntity
  8
PERIPHERY
 62
7
420
0
100
AcDbHatch
 10
0.0
 20
0.0
 30
0.0
210
0.0
220
0.0
230
1.0
  2
SOLID
 70
1
 71
0
 91
1
 92
3
 72
0
 73
1
 93
5
 10
1151.1195333333333
 20
520.6985888888888
 10
1151.1195333333333
 20
519.8095888888889
 10
1111.1173555555556
 20
523.8086777777778
 10
1111.1173555555556
 20
524.6990888888888
 10
1151.1195333333333
 20
520.6985888888888
 97
0
 75
1
 76
1
 98
0
  0
HATCH
  5
421
330
17
100
AcDbEntity
  8
PERIPHERY
 62
7
420
0
100
AcDbHatch
 10
0.0
 20
0.0
 30
0.0
210
0.0
220
0.0
230
1.0
  2
SOLID
 70
1
 71
0
 91
1
 92
3
 72
0
 73
1
 93
5
 10
1151.1195333333333
 20
518.9205888888888
 10
1151.1195333333333
 20
518.0315888888888
 10
1111.1173555555556
 20
522.0306777777777
 10
1111.1173555555556
 20
522.9210888888888
 10
1151.1195333333333
 20
518.9205888888888
 97
0
 75
1
 76
1
 98
0
  0
HATCH
  5
422
330
17
100
AcDbEntity
  8
PERIPHERY
 62
7
420
0
100
AcDbHatch
 10
0.0
 20
0.0
 30
0.0
210
0.0
220
0.0
230
1.0
  2
SOLID
 70
1
 71
0
 91
1
 92
3
 72
0
 73
1
 93
5
 10
1151.1195333333333
 20
517.1425888888888
 10
1151.1195333333333
 20
516.2535888888888
 10
1111.1173555555556
 20
520.2526777777778
 10
1111.1173555555556
 20
521.1430888888888
 10
1151.1195333333333
 20
517.1425888888888
 97
0
 75
1
 76
1
 98
0
  0
HATCH
  5
423
330
17
100
AcDbEntity
  8
PERIPHERY
 62
7
420
0
100
AcDbHatch
 10
0.0
 20
0.0
 30
0.0
210
0.0
220
0.0
230
1.0
  2
SOLID
 70
1
 71
0
 91
1
 92
3
 72
0
 73
1
 93
5
 10
1151.1195333333333
 20
515.3645888888889
 10
1151.1195333333333
 20
514.4755888888889
 10
1111.1173555555556
 20
518.4746777777777
 10
1111.1173555555556
 20
519.3650888888887
 10
1151.1195333333333
 20
515.3645888888889
 97
0
 75
1
 76
1
 98
0
  0
HATCH
  5
424
330
17
100
AcDbEntity
  8
PERIPHERY
 62
7
420
0
100
AcDbHatch
 10
0.0
 20
0.0
 30
0.0
210
0.0
220
0.0
230
1.0
  2
SOLID
 70
1
 71
0
 91
1
 92
3
 72
0
 73
1
 93
5
 10
1151.1195333333333
 20
513.5865888888889
 10
1151.1195333333333
 20
512.6975888888888
 10
1111.1173555555556
 20
516.6980888888888
 10
1111.1173555555556
 20
517.5870888888888
 10
1151.1195333333333
 20
513.5865888888889
 97
0
 75
1
 76
1
 98
0
  0
HATCH
  5
425
330
17
100
AcDbEntity
  8
PERIPHERY
 62
7
420
0
100
AcDbHatch
 10
0.0
 20
0.0
 30
0.0
210
0.0
220
0.0
230
1.0
  2
SOLID
 70
1
 71
0
 91
1
 92
3
 72
0
 73
1
 93
5
 10
1151.1195333333333
 20
511.80999999999995
 10
1151.1195333333333
 20
510.92099999999994
 10
1111.1173555555556
 20
514.9214999999999
 10
1111.1173555555556
 20
515.8104999999999
 10
1151.1195333333333
 20
511.80999999999995
 97
0
 75
1
 76
1
 98
0
  0
HATCH
  5
426
330
17
100
AcDbEntity
  8
PERIPHERY
 62
7
420
0
100
AcDbHatch
 10
0.0
 20
0.0
 30
0.0
210
0.0
220
0.0
230
1.0
  2
SOLID
 70
1
 71
0
 91
1
 92
3
 72
0
 73
1
 93
5
 10
1151.1195333333333
 20
510.0319999999999
 10
1151.1195333333333
 20
509.143
 10
1111.1173555555556
 20
513.1434999999999
 10
1111.1173555555556
 20
514.0324999999999
 10
1151.1195333333333
 20
510.0319999999999
 97
0
 75
1
 76
1
 98
0
  0
HATCH
  5
427
330
17
100
AcDbEntity
  8
PERIPHERY
 62
7
420
0
100
AcDbHatch
 10
0.0
 20
0.0
 30
0.0
210
0.0
220
0.0
230
1.0
  2
SOLID
 70
1
 71
0
 91
1
 92
3
 72
0
 73
1
 93
5
 10
1151.1195333333333
 20
508.25399999999996
 10
1151.1195333333333
 20
507.36499999999995
 10
1111.1173555555556
 20
511.36549999999994
 10
1111.1173555555556
 20
512.2544999999999
 10
1151.1195333333333
 20
508.25399999999996
 97
0
 75
1
 76
1
 98
0
  0
HATCH
  5
428
330
17
100
AcDbEntity
  8
PERIPHERY
 62
7
420
0
100
AcDbHatch
 10
0.0
 20
0.0
 30
0.0
210
0.0
220
0.0
230
1.0
  2
SOLID
 70
1
 71
0
 91
1
 92
3
 72
0
 73
1
 93
5
 10
1151.1195333333333
 20
506.476
 10
1151.1195333333333
 20
505.587
 10
1111.1173555555556
 20
509.5875
 10
1111.1173555555556
 20
510.47649999999993
 10
1151.1195333333333
 20
506.476
 97
0
 75
1
 76
1
 98
0
  0
HATCH
  5
429
330
17
100
AcDbEntity
  8
PERIPHERY
 62
7
420
0
100
AcDbHatch
 10
0.0
 20
0.0
 30
0.0
210
0.0
220
0.0
230
1.0
  2
SOLID
 70
1
 71
0
 91
1
 92
3
 72
0
 73
1
 93
5
 10
1151.1195333333333
 20
504.70082222222214
 10
1151.1195333333333
 20
503.8104111111111
 10
1111.1173555555556
 20
507.81091111111107
 10
1111.1173555555556
 20
508.699911111111
 10
1151.1195333333333
 20
504.70082222222214
 97
0
 75
1
 76
1
 98
0
  0
HATCH
  5
42A
330
17
100
AcDbEntity
  8
PERIPHERY
 62
7
420
0
100
AcDbHatch
 10
0.0
 20
0.0
 30
0.0
210
0.0
220
0.0
230
1.0
  2
SOLID
 70
1
 71
0
 91
1
 92
3
 72
0
 73
1
 93
5
 10
1151.1195333333333
 20
500.24876666666665
 10
1151.1195333333333
 20
499.4500777777778
 10
1111.1173555555556
 20
503.44916666666666
 10
1111.1173555555556
 20
504.2492666666667
 10
1151.1195333333333
 20
500.24876666666665
 97
0
 75
1
 76
1
 98
0
  0
HATCH
  5
42B
330
17
100
AcDbEntity
  8
PERIPHERY
 62
7
420
0
100
AcDbHatch
 10
0.0
 20
0.0
 30
0.0
210
0.0
220
0.0
230
1.0
  2
SOLID
 70
1
 71
0
 91
1
 92
3
 72
0
 73
1
 93
5
 10
1151.1195333333333
 20
498.6485666666666
 10
1151.1195333333333
 20
497.84987777777775
 10
1111.1173555555556
 20
501.8489666666666
 10
1111.1173555555556
 20
502.64906666666667
 10
1151.1195333333333
 20
498.6485666666666
 97
0
 75
1
 76
1
 98
0
  0
HATCH
  5
42C
330
17
100
AcDbEntity
  8
PERIPHERY
 62
7
420
0
100
AcDbHatch
 10
0.0
 20
0.0
 30
0.0
210
0.0
220
0.0
230
1.0
  2
SOLID
 70
1
 71
0
 91
1
 92
3
 72
0
 73
1
 93
5
 10
1151.1195333333333
 20
497.0483666666666
 10
1151.1195333333333
 20
496.2496777777777
 10
1111.1173555555556
 20
500.24876666666665
 10
1111.1173555555556
 20
501.04886666666664
 10
1151.1195333333333
 20
497.0483666666666
 97
0
 75
1
 76
1
 98
0
  0
HATCH
  5
42D
330
17
100
AcDbEntity
  8
PERIPHERY
 62
7
420
0
100
AcDbHatch
 10
0.0
 20
0.0
 30
0.0
210
0.0
220
0.0
230
1.0
  2
SOLID
 70
1
 71
0
 91
1
 92
3
 72
0
 73
1
 93
5
 10
1151.1195333333333
 20
495.4481666666666
 10
1151.1195333333333
 20
494.6494777777778
 10
1111.1173555555556
 20
498.6485666666667
 10
1111.1173555555556
 20
499.4486666666667
 10
1151.1195333333333
 20
495.4481666666666
 97
0
 75
1
 76
1
 98
0
  0
HATCH
  5
42E
330
17
100
AcDbEntity
  8
PERIPHERY
 62
7
420
0
100
AcDbHatch
 10
0.0
 20
0.0
 30
0.0
210
0.0
220
0.0
230
1.0
  2
SOLID
 70
1
 71
0
 91
1
 92
3
 72
0
 73
1
 93
5
 10
1151.1195333333333
 20
493.8493777777777
 10
1151.1195333333333
 20
493.0492777777777
 10
1111.1173555555556
 20
497.0483666666666
 10
1111.1173555555556
 20
497.8484666666666
 10
1151.1195333333333
 20
493.8493777777777
 97
0
 75
1
 76
1
 98
0
  0
HATCH
  5
42F
330
17
100
AcDbEntity
  8
PERIPHERY
 62
7
420
0
100
AcDbHatch
 10
0.0
 20
0.0
 30
0.0
210
0.0
220
0.0
230
1.0
  2
SOLID
 70
1
 71
0
 91
1
 92
3
 72
0
 73
1
 93
5
 10
1151.1195333333333
 20
492.2491777777778
 10
1151.1195333333333
 20
491.4504888888889
 10
1111.1173555555556
 20
495.44816666666674
 10
1111.1173555555556
 20
496.2482666666667
 10
1151.1195333333333
 20
492.2491777777778
 97
0
 75
1
 76
1
 98
0
  0
HATCH
  5
430
330
17
100
AcDbEntity
  8
PERIPHERY
 62
7
420
0
100
AcDbHatch
 10
0.0
 20
0.0
 30
0.0
210
0.0
220
0.0
230
1.0
  2
SOLID
 70
1
 71
0
 91
1
 92
3
 72
0
 73
1
 93
5
 10
1151.1195333333333
 20
490.6503888888888
 10
1151.1195333333333
 20
489.8502888888888
 10
1111.1173555555556
 20
493.8493777777777
 10
1111.1173555555556
 20
494.6494777777777
 10
1151.1195333333333
 20
490.6503888888888
 97
0
 75
1
 76
1
 98
0
  0
HATCH
  5
431
330
17
100
AcDbEntity
  8
PERIPHERY
 62
7
420
0
100
AcDbHatch
 10
0.0
 20
0.0
 30
0.0
210
0.0
220
0.0
230
1.0
  2
SOLID
 70
1
 71
0
 91
1
 92
3
 72
0
 73
1
 93
5
 10
1151.1195333333333
 20
489.0501888888889
 10
1151.1195333333333
 20
488.25008888888885
 10
1111.1173555555556
 20
492.25058888888884
 10
1111.1173555555556
 20
493.0492777777777
 10
1151.1195333333333
 20
489.0501888888889
 97
0
 75
1
 76
1
 98
0
  0
HATCH
  5
432
330
17
100
AcDbEntity
  8
PERIPHERY
 62
7
420
0
100
AcDbHatch
 10
0.0
 20
0.0
 30
0.0
210
0.0
220
0.0
230
1.0
  2
SOLID
 70
1
 71
0
 91
1
 92
3
 72
0
 73
1
 93
5
 10
1151.1195333333333
 20
487.44998888888887
 10
1151.1195333333333
 20
486.6498888888888
 10
1111.1173555555556
 20
490.6503888888888
 10
1111.1173555555556
 20
491.45048888888886
 10
1151.1195333333333
 20
487.44998888888887
 97
0
 75
1
 76
1
 98
0
  0
HATCH
  5
433
330
17
100
AcDbEntity
  8
PERIPHERY
 62
7
420
0
100
AcDbHatch
 10
0.0
 20
0.0
 30
0.0
210
0.0
220
0.0
230
1.0
  2
SOLID
 70
1
 71
0
 91
1
 92
3
 72
0
 73
1
 93
5
 10
1151.1195333333333
 20
485.84978888888884
 10
1151.1195333333333
 20
485.04968888888885
 10
1111.1173555555556
 20
489.0501888888888
 10
1111.1173555555556
 20
489.84887777777766
 10
1151.1195333333333
 20
485.84978888888884
 97
0
 75
1
 76
1
 98
0
  0
HATCH
  5
434
330
17
100
AcDbEntity
  8
PERIPHERY
 62
7
420
0
100
AcDbHatch
 10
0.0
 20
0.0
 30
0.0
210
0.0
220
0.0
230
1.0
  2
SOLID
 70
1
 71
0
 91
1
 92
3
 72
0
 73
1
 93
5
 10
1151.1195333333333
 20
484.2495888888888
 10
1151.1195333333333
 20
483.4494888888888
 10
1111.1173555555556
 20
487.44998888888875
 10
1111.1173555555556
 20
488.24867777777763
 10
1151.1195333333333
 20
484.2495888888888
 97
0
 75
1
 76
1
 98
0
  0
HATCH
  5
435
330
17
100
AcDbEntity
  8
PERIPHERY
 62
7
420
0
100
AcDbHatch
 10
0.0
 20
0.0
 30
0.0
210
0.0
220
0.0
230
1.0
  2
SOLID
 70
1
 71
0
 91
1
 92
3
 72
0
 73
1
 93
5
 10
1151.1195333333333
 20
482.65079999999995
 10
1151.1195333333333
 20
481.85069999999996
 10
1111.1173555555556
 20
485.8511999999999
 10
1111.1173555555556
 20
486.64988888888877
 10
1151.1195333333333
 20
482.65079999999995
 97
0
 75
1
 76
1
 98
0
  0
HATCH
  5
436
330
17
100
AcDbEntity
  8
PERIPHERY
 62
7
420
0
100
AcDbHatch
 10
0.0
 20
0.0
 30
0.0
210
0.0
220
0.0
230
1.0
  2
SOLID
 70
1
 71
0
 91
1
 92
3
 72
0
 73
1
 93
5
 10
1151.1195333333333
 20
481.04918888888886
 10
1151.1195333333333
 20
480.2505
 10
1111.1173555555556
 20
484.251
 10
1111.1173555555556
 20
485.04968888888885
 10
1151.1195333333333
 20
481.04918888888886
 97
0
 75
1
 76
1
 98
0
  0
HATCH
  5
437
330
17
100
AcDbEntity
  8
PERIPHERY
 62
7
420
0
100
AcDbHatch
 10
0.0
 20
0.0
 30
0.0
210
0.0
220
0.0
230
1.0
  2
SOLID
 70
1
 71
0
 91
1
 92
3
 72
0
 73
1
 93
5
 10
1151.1195333333333
 20
479.44898888888883
 10
1151.1195333333333
 20
478.6503
 10
1111.1173555555556
 20
482.65079999999995
 10
1111.1173555555556
 20
483.4494888888888
 10
1151.1195333333333
 20
479.44898888888883
 97
0
 75
1
 76
1
 98
0
  0
HATCH
  5
438
330
17
100
AcDbEntity
  8
PERIPHERY
 62
7
420
0
100
AcDbHatch
 10
0.0
 20
0.0
 30
0.0
210
0.0
220
0.0
230
1.0
  2
SOLID
 70
1
 71
0
 91
1
 92
3
 72
0
 73
1
 93
5
 10
1151.1195333333333
 20
477.8487888888888
 10
1151.1195333333333
 20
477.0501
 10
1111.1173555555556
 20
481.04918888888886
 10
1111.1173555555556
 20
481.84928888888885
 10
1151.1195333333333
 20
477.8487888888888
 97
0
 75
1
 76
1
 98
0
  0
HATCH
  5
439
330
17
100
AcDbEntity
  8
PERIPHERY
 62
7
420
0
100
AcDbHatch
 10
0.0
 20
0.0
 30
0.0
210
0.0
220
0.0
230
1.0
  2
SOLID
 70
1
 71
0
 91
1
 92
3
 72
0
 73
1
 93
5
 10
1151.1195333333333
 20
476.24999999999994
 10
1151.1195333333333
 20
475.4513111111111
 10
1111.1173555555556
 20
479.4504
 10
1111.1173555555556
 20
480.2505
 10
1151.1195333333333
 20
476.24999999999994
 97
0
 75
1
 76
1
 98
0
  0
HATCH
  5
43A
330
17
100
AcDbEntity
  8
PERIPHERY
 62
7
420
0
100
AcDbHatch
 10
0.0
 20
0.0
 30
0.0
210
0.0
220
0.0
230
1.0
  2
SOLID
 70
1
 71
0
 91
1
 92
3
 72
0
 73
1
 93
5
 10
1151.1195333333333
 20
474.6497999999999
 10
1151.1195333333333
 20
473.8511111111111
 10
1111.1173555555556
 20
477.8502
 10
1111.1173555555556
 20
478.6503
 10
1151.1195333333333
 20
474.6497999999999
 97
0
 75
1
 76
1
 98
0
  0
HATCH
  5
43B
330
17
100
AcDbEntity
  8
PERIPHERY
 62
7
420
0
100
AcDbHatch
 10
0.0
 20
0.0
 30
0.0
210
0.0
220
0.0
230
1.0
  2
SOLID
 70
1
 71
0
 91
1
 92
3
 72
0
 73
1
 93
5
 10
1151.1195333333333
 20
473.0496
 10
1151.1195333333333
 20
472.2509111111111
 10
1111.1173555555554
 20
476.24999999999994
 10
1111.1173555555554
 20
477.0501
 10
1151.1195333333333
 20
473.0496
 97
0
 75
1
 76
1
 98
0
  0
HATCH
  5
43C
330
17
100
AcDbEntity
  8
PERIPHERY
 62
7
420
0
100
AcDbHatch
 10
0.0
 20
0.0
 30
0.0
210
0.0
220
0.0
230
1.0
  2
SOLID
 70
1
 71
0
 91
1
 92
3
 72
0
 73
1
 93
5
 10
1151.1195333333333
 20
471.44939999999997
 10
1151.1195333333333
 20
470.65071111111115
 10
1111.1173555555556
 20
474.6498
 10
1111.1173555555556
 20
475.4499
 10
1151.1195333333333
 20
471.44939999999997
 97
0
 75
1
 76
1
 98
0
  0
HATCH
  5
43D
330
17
100
AcDbEntity
  8
PERIPHERY
 62
7
420
0
100
AcDbHatch
 10
0.0
 20
0.0
 30
0.0
210
0.0
220
0.0
230
1.0
  2
SOLID
 70
1
 71
0
 91
1
 92
3
 72
0
 73
1
 93
5
 10
1151.1195333333333
 20
469.84919999999994
 10
1151.1195333333333
 20
469.04909999999995
 10
1111.1173555555556
 20
473.04959999999994
 10
1111.1173555555556
 20
473.8496999999999
 10
1151.1195333333333
 20
469.84919999999994
 97
0
 75
1
 76
1
 98
0
  0
HATCH
  5
43E
330
17
100
AcDbEntity
  8
PERIPHERY
 62
7
420
0
100
AcDbHatch
 10
0.0
 20
0.0
 30
0.0
210
0.0
220
0.0
230
1.0
  2
SOLID
 70
1
 71
0
 91
1
 92
3
 72
0
 73
1
 93
5
 10
1151.1195333333333
 20
468.2504111111111
 10
1151.1195333333333
 20
467.4503111111111
 10
1111.1173555555556
 20
471.4508111111111
 10
1111.1173555555556
 20
472.25091111111107
 10
1151.1195333333333
 20
468.2504111111111
 97
0
 75
1
 76
1
 98
0
  0
HATCH
  5
43F
330
17
100
AcDbEntity
  8
PERIPHERY
 62
7
420
0
100
AcDbHatch
 10
0.0
 20
0.0
 30
0.0
210
0.0
220
0.0
230
1.0
  2
SOLID
 70
1
 71
0
 91
1
 92
3
 72
0
 73
1
 93
5
 10
1151.1195333333333
 20
466.65021111111105
 10
1151.1195333333333
 20
465.85011111111106
 10
1111.1173555555556
 20
469.85061111111105
 10
1111.1173555555556
 20
470.65071111111104
 10
1151.1195333333333
 20
466.65021111111105
 97
0
 75
1
 76
1
 98
0
  0
HATCH
  5
440
330
17
100
AcDbEntity
  8
PERIPHERY
 62
7
420
0
100
AcDbHatch
 10
0.0
 20
0.0
 30
0.0
210
0.0
220
0.0
230
1.0
  2
SOLID
 70
1
 71
0
 91
1
 92
3
 72
0
 73
1
 93
5
 10
1151.1195333333333
 20
465.0500111111111
 10
1151.1195333333333
 20
464.24991111111103
 10
1111.1173555555556
 20
468.250411111111
 10
1111.1173555555556
 20
469.04909999999984
 10
1151.1195333333333
 20
465.0500111111111
 97
0
 75
1
 76
1
 98
0
  0
HATCH
  5
441
330
17
100
AcDbEntity
  8
PERIPHERY
 62
7
420
0
100
AcDbHatch
 10
0.0
 20
0.0
 30
0.0
210
0.0
220
0.0
230
1.0
  2
SOLID
 70
1
 71
0
 91
1
 92
3
 72
0
 73
1
 93
5
 10
1151.1195333333333
 20
463.44981111111105
 10
1151.1195333333333
 20
462.649711111111
 10
1111.1173555555556
 20
466.650211111111
 10
1111.1173555555556
 20
467.44889999999987
 10
1151.1195333333333
 20
463.44981111111105
 97
0
 75
1
 76
1
 98
0
  0
HATCH
  5
442
330
17
100
AcDbEntity
  8
PERIPHERY
 62
7
420
0
100
AcDbHatch
 10
0.0
 20
0.0
 30
0.0
210
0.0
220
0.0
230
1.0
  2
SOLID
 70
1
 71
0
 91
1
 92
3
 72
0
 73
1
 93
5
 10
1151.1195333333333
 20
461.8496111111111
 10
1151.1195333333333
 20
461.0495111111111
 10
1111.1173555555556
 20
465.0500111111111
 10
1111.1173555555556
 20
465.8486999999999
 10
1151.1195333333333
 20
461.8496111111111
 97
0
 75
1
 76
1
 98
0
  0
HATCH
  5
443
330
17
100
AcDbEntity
  8
PERIPHERY
 62
7
420
0
100
AcDbHatch
 10
0.0
 20
0.0
 30
0.0
210
0.0
220
0.0
230
1.0
  2
SOLID
 70
1
 71
0
 91
1
 92
3
 72
0
 73
1
 93
5
 10
1151.1195333333333
 20
460.25082222222215
 10
1151.1195333333333
 20
459.4507222222221
 10
1111.1173555555556
 20
463.4512222222221
 10
1111.1173555555556
 20
464.249911111111
 10
1151.1195333333333
 20
460.25082222222215
 97
0
 75
1
 76
1
 98
0
  0
HATCH
  5
444
330
17
100
AcDbEntity
  8
PERIPHERY
 62
7
420
0
100
AcDbHatch
 10
0.0
 20
0.0
 30
0.0
210
0.0
220
0.0
230
1.0
  2
SOLID
 70
1
 71
0
 91
1
 92
3
 72
0
 73
1
 93
5
 10
1151.1195333333333
 20
458.6506222222222
 10
1151.1195333333333
 20
457.8505222222222
 10
1111.1173555555556
 20
461.8510222222222
 10
1111.1173555555556
 20
462.649711111111
 10
1151.1195333333333
 20
458.6506222222222
 97
0
 75
1
 76
1
 98
0
  0
HATCH
  5
445
330
17
100
AcDbEntity
  8
PERIPHERY
 62
7
420
0
100
AcDbHatch
 10
0.0
 20
0.0
 30
0.0
210
0.0
220
0.0
230
1.0
  2
SOLID
 70
1
 71
0
 91
1
 92
3
 72
0
 73
1
 93
5
 10
1151.1195333333333
 20
457.04901111111104
 10
1151.1195333333333
 20
456.25032222222217
 10
1111.1173555555556
 20
460.25082222222215
 10
1111.1173555555556
 20
461.049511111111
 10
1151.1195333333333
 20
457.04901111111104
 97
0
 75
1
 76
1
 98
0
  0
HATCH
  5
446
330
17
100
AcDbEntity
  8
PERIPHERY
 62
7
420
0
100
AcDbHatch
 10
0.0
 20
0.0
 30
0.0
210
0.0
220
0.0
230
1.0
  2
SOLID
 70
1
 71
0
 91
1
 92
3
 72
0
 73
1
 93
5
 10
1151.1195333333333
 20
455.44881111111107
 10
1151.1195333333333
 20
454.65012222222225
 10
1111.1173555555556
 20
458.6506222222222
 10
1111.1173555555556
 20
459.44931111111106
 10
1151.1195333333333
 20
455.44881111111107
 97
0
 75
1
 76
1
 98
0
  0
HATCH
  5
447
330
17
100
AcDbEntity
  8
PERIPHERY
 62
7
420
0
100
AcDbHatch
 10
0.0
 20
0.0
 30
0.0
210
0.0
220
0.0
230
1.0
  2
SOLID
 70
1
 71
0
 91
1
 92
3
 72
0
 73
1
 93
5
 10
1151.1195333333333
 20
453.8486111111111
 10
1151.1195333333333
 20
453.0499222222222
 10
1111.1173555555556
 20
457.0490111111111
 10
1111.1173555555556
 20
457.84911111111114
 10
1151.1195333333333
 20
453.8486111111111
 97
0
 75
1
 76
1
 98
0
  0
HATCH
  5
448
330
17
100
AcDbEntity
  8
PERIPHERY
 62
7
420
0
100
AcDbHatch
 10
0.0
 20
0.0
 30
0.0
210
0.0
220
0.0
230
1.0
  2
SOLID
 70
1
 71
0
 91
1
 92
3
 72
0
 73
1
 93
5
 10
1151.1195333333333
 20
452.24982222222224
 10
1151.1195333333333
 20
451.45113333333336
 10
1111.1173555555556
 20
455.45022222222224
 10
1111.1173555555556
 20
456.2503222222223
 10
1151.1195333333333
 20
452.24982222222224
 97
0
 75
1
 76
1
 98
0
  0
HATCH
  5
449
330
17
100
AcDbEntity
  8
PERIPHERY
 62
7
420
0
100
AcDbHatch
 10
0.0
 20
0.0
 30
0.0
210
0.0
220
0.0
230
1.0
  2
SOLID
 70
1
 71
0
 91
1
 92
3
 72
0
 73
1
 93
5
 10
1151.1195333333333
 20
450.6496222222222
 10
1151.1195333333333
 20
449.85093333333333
 10
1111.1173555555556
 20
453.8500222222222
 10
1111.1173555555556
 20
454.65012222222225
 10
1151.1195333333333
 20
450.6496222222222
 97
0
 75
1
 76
1
 98
0
  0
HATCH
  5
44A
330
17
100
AcDbEntity
  8
PERIPHERY
 62
7
420
0
100
AcDbHatch
 10
0.0
 20
0.0
 30
0.0
210
0.0
220
0.0
230
1.0
  2
SOLID
 70
1
 71
0
 91
1
 92
3
 72
0
 73
1
 93
5
 10
1151.1195333333333
 20
449.0494222222222
 10
1151.1195333333333
 20
448.2507333333333
 10
1111.1173555555556
 20
452.24982222222224
 10
1111.1173555555556
 20
453.0499222222222
 10
1151.1195333333333
 20
449.0494222222222
 97
0
 75
1
 76
1
 98
0
  0
HATCH
  5
44B
330
17
100
AcDbEntity
  8
PERIPHERY
 62
7
420
0
100
AcDbHatch
 10
0.0
 20
0.0
 30
0.0
210
0.0
220
0.0
230
1.0
  2
SOLID
 70
1
 71
0
 91
1
 92
3
 72
0
 73
1
 93
5
 10
1151.1195333333333
 20
444.25023333333326
 10
1151.1195333333333
 20
443.2497555555555
 10
1111.1173555555556
 20
447.25025555555544
 10
1111.1173555555556
 20
448.25073333333324
 10
1151.1195333333333
 20
444.25023333333326
 97
0
 75
1
 76
1
 98
0
  0
HATCH
  5
44C
330
17
100
AcDbEntity
  8
PERIPHERY
 62
7
420
0
100
AcDbHatch
 10
0.0
 20
0.0
 30
0.0
210
0.0
220
0.0
230
1.0
  2
SOLID
 70
1
 71
0
 91
1
 92
3
 72
0
 73
1
 93
5
 10
1151.1195333333333
 20
442.2506888888889
 10
1151.1195333333333
 20
441.25021111111107
 10
1111.1173555555556
 20
445.25071111111106
 10
1111.1173555555556
 20
446.24977777777775
 10
1151.1195333333333
 20
442.2506888888889
 97
0
 75
1
 76
1
 98
0
  0
HATCH
  5
44D
330
17
100
AcDbEntity
  8
PERIPHERY
 62
7
420
0
100
AcDbHatch
 10
0.0
 20
0.0
 30
0.0
210
0.0
220
0.0
230
1.0
  2
SOLID
 70
1
 71
0
 91
1
 92
3
 72
0
 73
1
 93
5
 10
1151.1195333333333
 20
440.24973333333327
 10
1151.1195333333333
 20
439.2506666666666
 10
1111.1173555555556
 20
443.2497555555555
 10
1111.1173555555556
 20
444.25023333333326
 10
1151.1195333333333
 20
440.24973333333327
 97
0
 75
1
 76
1
 98
0
  0
HATCH
  5
44E
330
17
100
AcDbEntity
  8
PERIPHERY
 62
7
420
0
100
AcDbHatch
 10
0.0
 20
0.0
 30
0.0
210
0.0
220
0.0
230
1.0
  2
SOLID
 70
1
 71
0
 91
1
 92
3
 72
0
 73
1
 93
5
 10
1151.1195333333333
 20
438.2501888888889
 10
1151.1195333333333
 20
437.2497111111111
 10
1111.1173555555556
 20
441.25021111111107
 10
1111.1173555555556
 20
442.2506888888889
 10
1151.1195333333333
 20
438.2501888888889
 97
0
 75
1
 76
1
 98
0
  0
HATCH
  5
44F
330
17
100
AcDbEntity
  8
PERIPHERY
 62
7
420
0
100
AcDbHatch
 10
0.0
 20
0.0
 30
0.0
210
0.0
220
0.0
230
1.0
  2
SOLID
 70
1
 71
0
 91
1
 92
3
 72
0
 73
1
 93
5
 10
1151.1195333333333
 20
436.24923333333334
 10
1151.1195333333333
 20
435.25016666666664
 10
1111.1173555555556
 20
439.2506666666666
 10
1111.1173555555556
 20
440.24973333333327
 10
1151.1195333333333
 20
436.24923333333334
 97
0
 75
1
 76
1
 98
0
  0
HATCH
  5
450
330
17
100
AcDbEntity
  8
PERIPHERY
 62
7
420
0
100
AcDbHatch
 10
0.0
 20
0.0
 30
0.0
210
0.0
220
0.0
230
1.0
  2
SOLID
 70
1
 71
0
 91
1
 92
3
 72
0
 73
1
 93
5
 10
1151.1195333333333
 20
434.24968888888884
 10
1151.1195333333333
 20
433.25062222222215
 10
1111.1173555555556
 20
437.249711111111
 10
1111.1173555555556
 20
438.25018888888883
 10
1151.1195333333333
 20
434.24968888888884
 97
0
 75
1
 76
1
 98
0
  0
HATCH
  5
451
330
17
100
AcDbEntity
  8
PERIPHERY
 62
7
420
0
100
AcDbHatch
 10
0.0
 20
0.0
 30
0.0
210
0.0
220
0.0
230
1.0
  2
SOLID
 70
1
 71
0
 91
1
 92
3
 72
0
 73
1
 93
5
 10
1151.1195333333333
 20
432.2501444444444
 10
1151.1195333333333
 20
431.24966666666666
 10
1111.1173555555556
 20
435.25016666666664
 10
1111.1173555555556
 20
436.24923333333334
 10
1151.1195333333333
 20
432.2501444444444
 97
0
 75
1
 76
1
 98
0
  0
HATCH
  5
452
330
17
100
AcDbEntity
  8
PERIPHERY
 62
7
420
0
100
AcDbHatch
 10
0.0
 20
0.0
 30
0.0
210
0.0
220
0.0
230
1.0
  2
SOLID
 70
1
 71
0
 91
1
 92
3
 72
0
 73
1
 93
5
 10
1151.1195333333333
 20
430.24918888888885
 10
1151.1195333333333
 20
429.25012222222216
 10
1111.1173555555556
 20
433.25062222222215
 10
1111.1173555555556
 20
434.24968888888884
 10
1151.1195333333333
 20
430.24918888888885
 97
0
 75
1
 76
1
 98
0
  0
HATCH
  5
453
330
17
100
AcDbEntity
  8
PERIPHERY
 62
7
420
0
100
AcDbHatch
 10
0.0
 20
0.0
 30
0.0
210
0.0
220
0.0
230
1.0
  2
SOLID
 70
1
 71
0
 91
1
 92
3
 72
0
 73
1
 93
5
 10
1151.1195333333333
 20
428.24964444444436
 10
1151.1195333333333
 20
427.25057777777766
 10
1111.1173555555556
 20
431.24966666666654
 10
1111.1173555555556
 20
432.25014444444435
 10
1151.1195333333333
 20
428.24964444444436
 97
0
 75
1
 76
1
 98
0
  0
HATCH
  5
454
330
17
100
AcDbEntity
  8
PERIPHERY
 62
7
420
0
100
AcDbHatch
 10
0.0
 20
0.0
 30
0.0
210
0.0
220
0.0
230
1.0
  2
SOLID
 70
1
 71
0
 91
1
 92
3
 72
0
 73
1
 93
5
 10
1151.1195333333333
 20
426.2501
 10
1151.1195333333333
 20
425.2496222222222
 10
1111.1173555555556
 20
429.25012222222216
 10
1111.1173555555556
 20
430.24918888888885
 10
1151.1195333333333
 20
426.2501
 97
0
 75
1
 76
1
 98
0
  0
HATCH
  5
455
330
17
100
AcDbEntity
  8
PERIPHERY
 62
7
420
0
100
AcDbHatch
 10
0.0
 20
0.0
 30
0.0
210
0.0
220
0.0
230
1.0
  2
SOLID
 70
1
 71
0
 91
1
 92
3
 72
0
 73
1
 93
5
 10
1151.1195333333333
 20
424.2491444444444
 10
1151.1195333333333
 20
423.2500777777777
 10
1111.1173555555556
 20
427.25057777777766
 10
1111.1173555555556
 20
428.24964444444436
 10
1151.1195333333333
 20
424.2491444444444
 97
0
 75
1
 76
1
 98
0
  0
HATCH
  5
456
330
17
100
AcDbEntity
  8
PERIPHERY
 62
7
420
0
100
AcDbHatch
 10
0.0
 20
0.0
 30
0.0
210
0.0
220
0.0
230
1.0
  2
SOLID
 70
1
 71
0
 91
1
 92
3
 72
0
 73
1
 93
5
 10
1151.1195333333333
 20
422.2496
 10
1151.1195333333333
 20
421.24912222222224
 10
1111.1173555555556
 20
425.2496222222222
 10
1111.1173555555556
 20
426.2501
 10
1151.1195333333333
 20
422.2496
 97
0
 75
1
 76
1
 98
0
  0
HATCH
  5
457
330
17
100
AcDbEntity
  8
PERIPHERY
 62
7
420
0
100
AcDbHatch
 10
0.0
 20
0.0
 30
0.0
210
0.0
220
0.0
230
1.0
  2
SOLID
 70
1
 71
0
 91
1
 92
3
 72
0
 73
1
 93
5
 10
1151.1195333333333
 20
420.2500555555555
 10
1151.1195333333333
 20
419.24957777777774
 10
1111.1173555555556
 20
423.2500777777777
 10
1111.1173555555556
 20
424.2491444444444
 10
1151.1195333333333
 20
420.2500555555555
 97
0
 75
1
 76
1
 98
0
  0
HATCH
  5
458
330
17
100
AcDbEntity
  8
PERIPHERY
 62
7
420
0
100
AcDbHatch
 10
0.0
 20
0.0
 30
0.0
210
0.0
220
0.0
230
1.0
  2
SOLID
 70
1
 71
0
 91
1
 92
3
 72
0
 73
1
 93
5
 10
1151.1195333333333
 20
418.24909999999994
 10
1151.1195333333333
 20
417.25003333333325
 10
1111.1173555555556
 20
421.2491222222221
 10
1111.1173555555556
 20
422.24959999999993
 10
1151.1195333333333
 20
418.24909999999994
 97
0
 75
1
 76
1
 98
0
  0
HATCH
  5
459
330
17
100
AcDbEntity
  8
PERIPHERY
 62
7
420
0
100
AcDbHatch
 10
0.0
 20
0.0
 30
0.0
210
0.0
220
0.0
230
1.0
  2
SOLID
 70
1
 71
0
 91
1
 92
3
 72
0
 73
1
 93
5
 10
1151.1195333333333
 20
416.24955555555556
 10
1151.1195333333333
 20
415.24907777777776
 10
1111.1173555555556
 20
419.24957777777774
 10
1111.1173555555556
 20
420.2500555555555
 10
1151.1195333333333
 20
416.24955555555556
 97
0
 75
1
 76
1
 98
0
  0
HATCH
  5
45A
330
17
100
AcDbEntity
  8
PERIPHERY
 62
7
420
0
100
AcDbHatch
 10
0.0
 20
0.0
 30
0.0
210
0.0
220
0.0
230
1.0
  2
SOLID
 70
1
 71
0
 91
1
 92
3
 72
0
 73
1
 93
5
 10
1151.1195333333333
 20
414.25001111111106
 10
1151.1195333333333
 20
413.24953333333326
 10
1111.1173555555556
 20
417.25003333333325
 10
1111.1173555555556
 20
418.24909999999994
 10
1151.1195333333333
 20
414.25001111111106
 97
0
 75
1
 76
1
 98
0
  0
HATCH
  5
45B
330
17
100
AcDbEntity
  8
PERIPHERY
 62
7
420
0
100
AcDbHatch
 10
0.0
 20
0.0
 30
0.0
210
0.0
220
0.0
230
1.0
  2
SOLID
 70
1
 71
0
 91
1
 92
3
 72
0
 73
1
 93
5
 10
1151.1195333333333
 20
412.2490555555555
 10
1151.1195333333333
 20
411.24998888888877
 10
1111.1173555555556
 20
415.2490777777777
 10
1111.1173555555556
 20
416.24955555555545
 10
1151.1195333333333
 20
412.2490555555555
 97
0
 75
1
 76
1
 98
0
  0
HATCH
  5
45C
330
17
100
AcDbEntity
  8
PERIPHERY
 62
7
420
0
100
AcDbHatch
 10
0.0
 20
0.0
 30
0.0
210
0.0
220
0.0
230
1.0
  2
SOLID
 70
1
 71
0
 91
1
 92
3
 72
0
 73
1
 93
5
 10
1151.1195333333333
 20
410.2495111111111
 10
1151.1195333333333
 20
409.24903333333333
 10
1111.1173555555556
 20
413.24953333333326
 10
1111.1173555555556
 20
414.25001111111106
 10
1151.1195333333333
 20
410.2495111111111
 97
0
 75
1
 76
1
 98
0
  0
HATCH
  5
45D
330
17
100
AcDbEntity
  8
PERIPHERY
 62
7
420
0
100
AcDbHatch
 10
0.0
 20
0.0
 30
0.0
210
0.0
220
0.0
230
1.0
  2
SOLID
 70
1
 71
0
 91
1
 92
3
 72
0
 73
1
 93
5
 10
1151.1195333333333
 20
408.2499666666666
 10
1151.1195333333333
 20
407.24948888888883
 10
1111.1173555555556
 20
411.24998888888877
 10
1111.1173555555556
 20
412.2490555555555
 10
1151.1195333333333
 20
408.2499666666666
 97
0
 75
1
 76
1
 98
0
  0
HATCH
  5
45E
330
17
100
AcDbEntity
  8
PERIPHERY
 62
7
420
0
100
AcDbHatch
 10
0.0
 20
0.0
 30
0.0
210
0.0
220
0.0
230
1.0
  2
SOLID
 70
1
 71
0
 91
1
 92
3
 72
0
 73
1
 93
5
 10
1151.1195333333333
 20
406.24901111111103
 10
1151.1195333333333
 20
405.24994444444434
 10
1111.1173555555556
 20
409.2490333333332
 10
1111.1173555555556
 20
410.249511111111
 10
1151.1195333333333
 20
406.24901111111103
 97
0
 75
1
 76
1
 98
0
  0
HATCH
  5
45F
330
17
100
AcDbEntity
  8
PERIPHERY
 62
7
420
0
100
AcDbHatch
 10
0.0
 20
0.0
 30
0.0
210
0.0
220
0.0
230
1.0
  2
SOLID
 70
1
 71
0
 91
1
 92
3
 72
0
 73
1
 93
5
 10
1151.1195333333333
 20
404.24946666666665
 10
1151.1195333333333
 20
403.24898888888885
 10
1111.1173555555556
 20
407.24948888888883
 10
1111.1173555555556
 20
408.2499666666666
 10
1151.1195333333333
 20
404.24946666666665
 97
0
 75
1
 76
1
 98
0
  0
HATCH
  5
460
330
17
100
AcDbEntity
  8
PERIPHERY
 62
7
420
0
100
AcDbHatch
 10
0.0
 20
0.0
 30
0.0
210
0.0
220
0.0
230
1.0
  2
SOLID
 70
1
 71
0
 91
1
 92
3
 72
0
 73
1
 93
5
 10
1151.1195333333333
 20
402.2499222222222
 10
1151.1195333333333
 20
401.24944444444446
 10
1111.1173555555556
 20
405.2499444444444
 10
1111.1173555555556
 20
406.2490111111111
 10
1151.1195333333333
 20
402.2499222222222
 97
0
 75
1
 76
1
 98
0
  0
HATCH
  5
461
330
17
100
AcDbEntity
  8
PERIPHERY
 62
7
420
0
100
AcDbHatch
 10
0.0
 20
0.0
 30
0.0
210
0.0
220
0.0
230
1.0
  2
SOLID
 70
1
 71
0
 91
1
 92
3
 72
0
 73
1
 93
5
 10
1151.1195333333333
 20
400.24896666666666
 10
1151.1195333333333
 20
399.24989999999997
 10
1111.1173555555556
 20
403.24898888888885
 10
1111.1173555555556
 20
404.24946666666665
 10
1151.1195333333333
 20
400.24896666666666
 97
0
 75
1
 76
1
 98
0
  0
HATCH
  5
462
330
17
100
AcDbEntity
  8
PERIPHERY
 62
7
420
0
100
AcDbHatch
 10
0.0
 20
0.0
 30
0.0
210
0.0
220
0.0
230
1.0
  2
SOLID
 70
1
 71
0
 91
1
 92
3
 72
0
 73
1
 93
5
 10
1151.1195333333333
 20
398.24942222222217
 10
1151.1195333333333
 20
397.24894444444436
 10
1111.1173555555556
 20
401.24944444444435
 10
1111.1173555555556
 20
402.24992222222215
 10
1151.1195333333333
 20
398.24942222222217
 97
0
 75
1
 76
1
 98
0
  0
HATCH
  5
463
330
17
100
AcDbEntity
  8
PERIPHERY
 62
7
420
0
100
AcDbHatch
 10
0.0
 20
0.0
 30
0.0
210
0.0
220
0.0
230
1.0
  2
SOLID
 70
1
 71
0
 91
1
 92
3
 72
0
 73
1
 93
5
 10
1151.1195333333333
 20
396.2498777777778
 10
1151.1195333333333
 20
395.2494
 10
1111.1173555555556
 20
399.24989999999997
 10
1111.1173555555556
 20
400.24896666666666
 10
1151.1195333333333
 20
396.2498777777778
 97
0
 75
1
 76
1
 98
0
  0
HATCH
  5
464
330
17
100
AcDbEntity
  8
PERIPHERY
 62
7
420
0
100
AcDbHatch
 10
0.0
 20
0.0
 30
0.0
210
0.0
220
0.0
230
1.0
  2
SOLID
 70
1
 71
0
 91
1
 92
3
 72
0
 73
1
 93
5
 10
1151.1195333333333
 20
394.2489222222222
 10
1151.1195333333333
 20
393.2498555555555
 10
1111.1173555555556
 20
397.24894444444436
 10
1111.1173555555556
 20
398.24942222222217
 10
1151.1195333333333
 20
394.2489222222222
 97
0
 75
1
 76
1
 98
0
  0
HATCH
  5
465
330
17
100
AcDbEntity
  8
PERIPHERY
 62
7
420
0
100
AcDbHatch
 10
0.0
 20
0.0
 30
0.0
210
0.0
220
0.0
230
1.0
  2
SOLID
 70
1
 71
0
 91
1
 92
3
 72
0
 73
1
 93
5
 10
1151.1195333333333
 20
388.24887777777775
 10
1151.1195333333333
 20
386.91678888888885
 10
1111.1173555555556
 20
390.9172888888888
 10
1111.1173555555556
 20
392.24937777777774
 10
1151.1195333333333
 20
388.24887777777775
 97
0
 75
1
 76
1
 98
0
  0
HATCH
  5
466
330
17
100
AcDbEntity
  8
PERIPHERY
 62
7
420
0
100
AcDbHatch
 10
0.0
 20
0.0
 30
0.0
210
0.0
220
0.0
230
1.0
  2
SOLID
 70
1
 71
0
 91
1
 92
3
 72
0
 73
1
 93
5
 10
1151.1195333333333
 20
385.5847
 10
1151.1195333333333
 20
384.2512
 10
1111.1173555555556
 20
388.25169999999997
 10
1111.1173555555556
 20
389.5837888888889
 10
1151.1195333333333
 20
385.5847
 97
0
 75
1
 76
1
 98
0
  0
HATCH
  5
467
330
17
100
AcDbEntity
  8
PERIPHERY
 62
7
420
0
100
AcDbHatch
 10
0.0
 20
0.0
 30
0.0
210
0.0
220
0.0
230
1.0
  2
SOLID
 70
1
 71
0
 91
1
 92
3
 72
0
 73
1
 93
5
 10
1151.1195333333333
 20
382.9176999999999
 10
1151.1195333333333
 20
381.58419999999995
 10
1111.1173555555556
 20
385.58469999999994
 10
1111.1173555555556
 20
386.91678888888885
 10
1151.1195333333333
 20
382.9176999999999
 97
0
 75
1
 76
1
 98
0
  0
HATCH
  5
468
330
17
100
AcDbEntity
  8
PERIPHERY
 62
7
420
0
100
AcDbHatch
 10
0.0
 20
0.0
 30
0.0
210
0.0
220
0.0
230
1.0
  2
SOLID
 70
1
 71
0
 91
1
 92
3
 72
0
 73
1
 93
5
 10
1151.1195333333333
 20
380.25069999999994
 10
1151.1195333333333
 20
378.9172
 10
1111.1173555555556
 20
382.9176999999999
 10
1111.1173555555556
 20
384.2497888888889
 10
1151.1195333333333
 20
380.25069999999994
 97
0
 75
1
 76
1
 98
0
  0
HATCH
  5
469
330
17
100
AcDbEntity
  8
PERIPHERY
 62
7
420
0
100
AcDbHatch
 10
0.0
 20
0.0
 30
0.0
210
0.0
220
0.0
230
1.0
  2
SOLID
 70
1
 71
0
 91
1
 92
3
 72
0
 73
1
 93
5
 10
1151.1195333333333
 20
377.5851111111111
 10
1151.1195333333333
 20
376.25161111111106
 10
1111.1173555555556
 20
380.25211111111105
 10
1111.1173555555556
 20
381.58419999999995
 10
1151.1195333333333
 20
377.5851111111111
 97
0
 75
1
 76
1
 98
0
  0
HATCH
  5
46A
330
17
100
AcDbEntity
  8
PERIPHERY
 62
7
420
0
100
AcDbHatch
 10
0.0
 20
0.0
 30
0.0
210
0.0
220
0.0
230
1.0
  2
SOLID
 70
1
 71
0
 91
1
 92
3
 72
0
 73
1
 93
5
 10
1151.1195333333333
 20
374.9181111111111
 10
1151.1195333333333
 20
373.5846111111111
 10
1111.1173555555556
 20
377.5851111111111
 10
1111.1173555555556
 20
378.9172
 10
1151.1195333333333
 20
374.9181111111111
 97
0
 75
1
 76
1
 98
0
  0
HATCH
  5
46B
330
17
100
AcDbEntity
  8
PERIPHERY
 62
7
420
0
100
AcDbHatch
 10
0.0
 20
0.0
 30
0.0
210
0.0
220
0.0
230
1.0
  2
SOLID
 70
1
 71
0
 91
1
 92
3
 72
0
 73
1
 93
5
 10
1151.1195333333333
 20
372.2511111111111
 10
1151.1195333333333
 20
370.9176111111111
 10
1111.1173555555556
 20
374.9181111111111
 10
1111.1173555555556
 20
376.25161111111106
 10
1151.1195333333333
 20
372.2511111111111
 97
0
 75
1
 76
1
 98
0
  0
HATCH
  5
46C
330
17
100
AcDbEntity
  8
PERIPHERY
 62
7
420
0
100
AcDbHatch
 10
0.0
 20
0.0
 30
0.0
210
0.0
220
0.0
230
1.0
  2
SOLID
 70
1
 71
0
 91
1
 92
3
 72
0
 73
1
 93
5
 10
1151.1195333333333
 20
369.5855222222222
 10
1151.1195333333333
 20
368.2520222222222
 10
1111.1173555555556
 20
372.2525222222222
 10
1111.1173555555556
 20
373.58602222222214
 10
1151.1195333333333
 20
369.5855222222222
 97
0
 75
1
 76
1
 98
0
  0
HATCH
  5
46D
330
17
100
AcDbEntity
  8
PERIPHERY
 62
7
420
0
100
AcDbHatch
 10
0.0
 20
0.0
 30
0.0
210
0.0
220
0.0
230
1.0
  2
SOLID
 70
1
 71
0
 91
1
 92
3
 72
0
 73
1
 93
5
 10
1151.1195333333333
 20
366.91852222222224
 10
1151.1195333333333
 20
365.5864333333333
 10
1111.1173555555556
 20
369.5855222222222
 10
1111.1173555555556
 20
370.91902222222217
 10
1151.1195333333333
 20
366.91852222222224
 97
0
 75
1
 76
1
 98
0
  0
HATCH
  5
46E
330
17
100
AcDbEntity
  8
PERIPHERY
 62
7
420
0
100
AcDbHatch
 10
0.0
 20
0.0
 30
0.0
210
0.0
220
0.0
230
1.0
  2
SOLID
 70
1
 71
0
 91
1
 92
3
 72
0
 73
1
 93
5
 10
1151.1195333333333
 20
364.25152222222215
 10
1151.1195333333333
 20
362.91943333333325
 10
1111.1173555555556
 20
366.9185222222221
 10
1111.1173555555556
 20
368.25202222222214
 10
1151.1195333333333
 20
364.25152222222215
 97
0
 75
1
 76
1
 98
0
  0
HATCH
  5
46F
330
17
100
AcDbEntity
  8
PERIPHERY
 62
7
420
0
100
AcDbHatch
 10
0.0
 20
0.0
 30
0.0
210
0.0
220
0.0
230
1.0
  2
SOLID
 70
1
 71
0
 91
1
 92
3
 72
0
 73
1
 93
5
 10
1151.1195333333333
 20
361.58593333333334
 10
1151.1195333333333
 20
360.25384444444444
 10
1111.1173555555556
 20
364.2529333333333
 10
1111.1173555555556
 20
365.5864333333333
 10
1151.1195333333333
 20
361.58593333333334
 97
0
 75
1
 76
1
 98
0
  0
HATCH
  5
470
330
17
100
AcDbEntity
  8
PERIPHERY
 62
7
420
0
100
AcDbHatch
 10
0.0
 20
0.0
 30
0.0
210
0.0
220
0.0
230
1.0
  2
SOLID
 70
1
 71
0
 91
1
 92
3
 72
0
 73
1
 93
5
 10
1151.1195333333333
 20
358.91893333333326
 10
1151.1195333333333
 20
357.58684444444435
 10
1111.1173555555556
 20
361.58593333333323
 10
1111.1173555555556
 20
362.91943333333325
 10
1151.1195333333333
 20
358.91893333333326
 97
0
 75
1
 76
1
 98
0
  0
HATCH
  5
471
330
17
100
AcDbEntity
  8
PERIPHERY
 62
7
420
0
100
AcDbHatch
 10
0.0
 20
0.0
 30
0.0
210
0.0
220
0.0
230
1.0
  2
SOLID
 70
1
 71
0
 91
1
 92
3
 72
0
 73
1
 93
5
 10
1151.1195333333333
 20
356.2519333333333
 10
1151.1195333333333
 20
354.9198444444444
 10
1111.1173555555556
 20
358.91893333333326
 10
1111.1173555555556
 20
360.2524333333333
 10
1151.1195333333333
 20
356.2519333333333
 97
0
 75
1
 76
1
 98
0
  0
HATCH
  5
472
330
17
100
AcDbEntity
  8
PERIPHERY
 62
7
420
0
100
AcDbHatch
 10
0.0
 20
0.0
 30
0.0
210
0.0
220
0.0
230
1.0
  2
SOLID
 70
1
 71
0
 91
1
 92
3
 72
0
 73
1
 93
5
 10
1151.1195333333333
 20
353.58634444444436
 10
1151.1195333333333
 20
352.25425555555546
 10
1111.1173555555556
 20
356.25475555555545
 10
1111.1173555555556
 20
357.58684444444435
 10
1151.1195333333333
 20
353.58634444444436
 97
0
 75
1
 76
1
 98
0
  0
HATCH
  5
473
330
17
100
AcDbEntity
  8
PERIPHERY
 62
7
420
0
100
AcDbHatch
 10
0.0
 20
0.0
 30
0.0
210
0.0
220
0.0
230
1.0
  2
SOLID
 70
1
 71
0
 91
1
 92
3
 72
0
 73
1
 93
5
 10
1151.1195333333333
 20
350.9193444444444
 10
1151.1195333333333
 20
349.5872555555555
 10
1111.1173555555556
 20
353.5877555555555
 10
1111.1173555555556
 20
354.9198444444444
 10
1151.1195333333333
 20
350.9193444444444
 97
0
 75
1
 76
1
 98
0
  0
HATCH
  5
474
330
17
100
AcDbEntity
  8
PERIPHERY
 62
7
420
0
100
AcDbHatch
 10
0.0
 20
0.0
 30
0.0
210
0.0
220
0.0
230
1.0
  2
SOLID
 70
1
 71
0
 91
1
 92
3
 72
0
 73
1
 93
5
 10
1151.1195333333333
 20
348.2523444444444
 10
1151.1195333333333
 20
346.9202555555555
 10
1111.1173555555556
 20
350.9207555555555
 10
1111.1173555555556
 20
352.2528444444444
 10
1151.1195333333333
 20
348.2523444444444
 97
0
 75
1
 76
1
 98
0
  0
HATCH
  5
475
330
17
100
AcDbEntity
  8
PERIPHERY
 62
7
420
0
100
AcDbHatch
 10
0.0
 20
0.0
 30
0.0
210
0.0
220
0.0
230
1.0
  2
SOLID
 70
1
 71
0
 91
1
 92
3
 72
0
 73
1
 93
5
 10
1151.1195333333333
 20
345.5881666666666
 10
1151.1195333333333
 20
344.2546666666666
 10
1111.1173555555556
 20
348.2551666666666
 10
1111.1173555555556
 20
349.5872555555555
 10
1151.1195333333333
 20
345.5881666666666
 97
0
 75
1
 76
1
 98
0
  0
HATCH
  5
476
330
17
100
AcDbEntity
  8
PERIPHERY
 62
7
420
0
100
AcDbHatch
 10
0.0
 20
0.0
 30
0.0
210
0.0
220
0.0
230
1.0
  2
SOLID
 70
1
 71
0
 91
1
 92
3
 72
0
 73
1
 93
5
 10
1151.1195333333333
 20
342.92116666666664
 10
1151.1195333333333
 20
341.5876666666666
 10
1111.1173555555556
 20
345.5881666666666
 10
1111.1173555555556
 20
346.9202555555555
 10
1151.1195333333333
 20
342.92116666666664
 97
0
 75
1
 76
1
 98
0
  0
HATCH
  5
477
330
17
100
AcDbEntity
  8
PERIPHERY
 62
7
420
0
100
AcDbHatch
 10
0.0
 20
0.0
 30
0.0
210
0.0
220
0.0
230
1.0
  2
SOLID
 70
1
 71
0
 91
1
 92
3
 72
0
 73
1
 93
5
 10
1151.1195333333333
 20
340.25416666666666
 10
1151.1195333333333
 20
338.92066666666665
 10
1111.1173555555556
 20
342.92116666666664
 10
1111.1173555555556
 20
344.25325555555554
 10
1151.1195333333333
 20
340.25416666666666
 97
0
 75
1
 76
1
 98
0
  0
HATCH
  5
478
330
17
100
AcDbEntity
  8
PERIPHERY
 62
7
420
0
100
AcDbHatch
 10
0.0
 20
0.0
 30
0.0
210
0.0
220
0.0
230
1.0
  2
SOLID
 70
1
 71
0
 91
1
 92
3
 72
0
 73
1
 93
5
 10
1151.1195333333333
 20
337.58857777777774
 10
1151.1195333333333
 20
336.25507777777773
 10
1111.1173555555556
 20
340.2555777777777
 10
1111.1173555555556
 20
341.58907777777773
 10
1151.1195333333333
 20
337.58857777777774
 97
0
 75
1
 76
1
 98
0
  0
HATCH
  5
479
330
17
100
AcDbEntity
  8
PERIPHERY
 62
7
420
0
100
AcDbHatch
 10
0.0
 20
0.0
 30
0.0
210
0.0
220
0.0
230
1.0
  2
SOLID
 70
1
 71
0
 91
1
 92
3
 72
0
 73
1
 93
5
 10
1151.1195333333333
 20
332.25034444444435
 10
1151.1195333333333
 20
330.25079999999997
 10
1111.1173555555556
 20
334.24988888888885
 10
1111.1173555555556
 20
336.25084444444445
 10
1151.1195333333333
 20
332.25034444444435
 97
0
 75
1
 76
1
 98
0
  0
HATCH
  5
47A
330
17
100
AcDbEntity
  8
PERIPHERY
 62
7
420
0
100
AcDbHatch
 10
0.0
 20
0.0
 30
0.0
210
0.0
220
0.0
230
1.0
  2
SOLID
 70
1
 71
0
 91
1
 92
3
 72
0
 73
1
 93
5
 10
1151.1195333333333
 20
328.2498444444444
 10
1151.1195333333333
 20
326.2503
 10
1111.1173555555556
 20
330.25079999999997
 10
1111.1173555555556
 20
332.25034444444435
 10
1151.1195333333333
 20
328.2498444444444
 97
0
 75
1
 76
1
 98
0
  0
HATCH
  5
47B
330
17
100
AcDbEntity
  8
PERIPHERY
 62
7
420
0
100
AcDbHatch
 10
0.0
 20
0.0
 30
0.0
210
0.0
220
0.0
230
1.0
  2
SOLID
 70
1
 71
0
 91
1
 92
3
 72
0
 73
1
 93
5
 10
1151.1195333333333
 20
324.25075555555554
 10
1151.1195333333333
 20
322.24979999999994
 10
1111.1173555555556
 20
326.2502999999999
 10
1111.1173555555556
 20
328.2498444444443
 10
1151.1195333333333
 20
324.25075555555554
 97
0
 75
1
 76
1
 98
0
  0
HATCH
  5
47C
330
17
100
AcDbEntity
  8
PERIPHERY
 62
7
420
0
100
AcDbHatch
 10
0.0
 20
0.0
 30
0.0
210
0.0
220
0.0
230
1.0
  2
SOLID
 70
1
 71
0
 91
1
 92
3
 72
0
 73
1
 93
5
 10
1151.1195333333333
 20
320.25025555555555
 10
1151.1195333333333
 20
318.2507111111111
 10
1111.1173555555556
 20
322.24980000000005
 10
1111.1173555555556
 20
324.2507555555556
 10
1151.1195333333333
 20
320.25025555555555
 97
0
 75
1
 76
1
 98
0
  0
HATCH
  5
47D
330
17
100
AcDbEntity
  8
PERIPHERY
 62
7
420
0
100
AcDbHatch
 10
0.0
 20
0.0
 30
0.0
210
0.0
220
0.0
230
1.0
  2
SOLID
 70
1
 71
0
 91
1
 92
3
 72
0
 73
1
 93
5
 10
1151.1195333333333
 20
316.2497555555555
 10
1151.1195333333333
 20
314.25021111111107
 10
1111.1173555555556
 20
318.25071111111106
 10
1111.1173555555556
 20
320.25025555555544
 10
1151.1195333333333
 20
316.2497555555555
 97
0
 75
1
 76
1
 98
0
  0
HATCH
  5
47E
330
17
100
AcDbEntity
  8
PERIPHERY
 62
7
420
0
100
AcDbHatch
 10
0.0
 20
0.0
 30
0.0
210
0.0
220
0.0
230
1.0
  2
SOLID
 70
1
 71
0
 91
1
 92
3
 72
0
 73
1
 93
5
 10
1151.1195333333333
 20
312.2506666666666
 10
1151.1195333333333
 20
310.249711111111
 10
1111.1173555555556
 20
314.250211111111
 10
1111.1173555555556
 20
316.2497555555554
 10
1151.1195333333333
 20
312.2506666666666
 97
0
 75
1
 76
1
 98
0
  0
HATCH
  5
47F
330
17
100
AcDbEntity
  8
PERIPHERY
 62
7
420
0
100
AcDbHatch
 10
0.0
 20
0.0
 30
0.0
210
0.0
220
0.0
230
1.0
  2
SOLID
 70
1
 71
0
 91
1
 92
3
 72
0
 73
1
 93
5
 10
1151.1195333333333
 20
308.25016666666664
 10
1151.1195333333333
 20
306.2506222222222
 10
1111.1173555555556
 20
310.24971111111114
 10
1111.1173555555556
 20
312.2506666666667
 10
1151.1195333333333
 20
308.25016666666664
 97
0
 75
1
 76
1
 98
0
  0
HATCH
  5
480
330
17
100
AcDbEntity
  8
PERIPHERY
 62
7
420
0
100
AcDbHatch
 10
0.0
 20
0.0
 30
0.0
210
0.0
220
0.0
230
1.0
  2
SOLID
 70
1
 71
0
 91
1
 92
3
 72
0
 73
1
 93
5
 10
1151.1195333333333
 20
304.24966666666666
 10
1151.1195333333333
 20
302.2501222222223
 10
1111.1173555555556
 20
306.2506222222222
 10
1111.1173555555556
 20
308.25016666666664
 10
1151.1195333333333
 20
304.24966666666666
 97
0
 75
1
 76
1
 98
0
  0
HATCH
  5
481
330
17
100
AcDbEntity
  8
PERIPHERY
 62
7
420
0
100
AcDbHatch
 10
0.0
 20
0.0
 30
0.0
210
0.0
220
0.0
230
1.0
  2
SOLID
 70
1
 71
0
 91
1
 92
3
 72
0
 73
1
 93
5
 10
1151.1195333333333
 20
300.2491666666666
 10
1151.1195333333333
 20
298.24962222222223
 10
1111.1173555555556
 20
302.25012222222216
 10
1111.1173555555556
 20
304.2496666666666
 10
1151.1195333333333
 20
300.2491666666666
 97
0
 75
1
 76
1
 98
0
  0
HATCH
  5
482
330
17
100
AcDbEntity
  8
PERIPHERY
 62
7
420
0
100
AcDbHatch
 10
0.0
 20
0.0
 30
0.0
210
0.0
220
0.0
230
1.0
  2
SOLID
 70
1
 71
0
 91
1
 92
3
 72
0
 73
1
 93
5
 10
1151.1195333333333
 20
296.25007777777773
 10
1151.1195333333333
 20
294.2505333333333
 10
1111.1173555555556
 20
298.24962222222223
 10
1111.1173555555556
 20
300.2491666666666
 10
1151.1195333333333
 20
296.25007777777773
 97
0
 75
1
 76
1
 98
0
  0
HATCH
  5
483
330
17
100
AcDbEntity
  8
PERIPHERY
 62
7
420
0
100
AcDbHatch
 10
0.0
 20
0.0
 30
0.0
210
0.0
220
0.0
230
1.0
  2
SOLID
 70
1
 71
0
 91
1
 92
3
 72
0
 73
1
 93
5
 10
1151.1195333333333
 20
292.24957777777774
 10
1151.1195333333333
 20
290.25003333333336
 10
1111.1173555555556
 20
294.2505333333333
 10
1111.1173555555556
 20
296.25007777777773
 10
1151.1195333333333
 20
292.24957777777774
 97
0
 75
1
 76
1
 98
0
  0
HATCH
  5
484
330
17
100
AcDbEntity
  8
PERIPHERY
 62
7
420
0
100
AcDbHatch
 10
0.0
 20
0.0
 30
0.0
210
0.0
220
0.0
230
1.0
  2
SOLID
 70
1
 71
0
 91
1
 92
3
 72
0
 73
1
 93
5
 10
1151.1195333333333
 20
288.25048888888887
 10
1151.1195333333333
 20
286.24953333333326
 10
1111.1173555555556
 20
290.25003333333325
 10
1111.1173555555556
 20
292.2495777777777
 10
1151.1195333333333
 20
288.25048888888887
 97
0
 75
1
 76
1
 98
0
  0
HATCH
  5
485
330
17
100
AcDbEntity
  8
PERIPHERY
 62
7
420
0
100
AcDbHatch
 10
0.0
 20
0.0
 30
0.0
210
0.0
220
0.0
230
1.0
  2
SOLID
 70
1
 71
0
 91
1
 92
3
 72
0
 73
1
 93
5
 10
1151.1195333333333
 20
284.2499888888889
 10
1151.1195333333333
 20
282.24903333333333
 10
1111.1173555555556
 20
286.24953333333326
 10
1111.1173555555556
 20
288.25048888888887
 10
1151.1195333333333
 20
284.2499888888889
 97
0
 75
1
 76
1
 98
0
  0
HATCH
  5
486
330
17
100
AcDbEntity
  8
PERIPHERY
 62
7
420
0
100
AcDbHatch
 10
0.0
 20
0.0
 30
0.0
210
0.0
220
0.0
230
1.0
  2
SOLID
 70
1
 71
0
 91
1
 92
3
 72
0
 73
1
 93
5
 10
1151.1195333333333
 20
276.24898888888885
 10
1151.1195333333333
 20
272.24989999999997
 10
1111.1173555555556
 20
276.24898888888885
 10
1111.1173555555556
 20
280.24948888888883
 10
1151.1195333333333
 20
276.24898888888885
 97
0
 75
1
 76
1
 98
0
  0
HATCH
  5
487
330
17
100
AcDbEntity
  8
PERIPHERY
 62
7
420
0
100
AcDbHatch
 10
0.0
 20
0.0
 30
0.0
210
0.0
220
0.0
230
1.0
  2
SOLID
 70
1
 71
0
 91
1
 92
3
 72
0
 73
1
 93
5
 10
1151.1195333333333
 20
268.2494
 10
1151.1195333333333
 20
264.24890000000005
 10
1111.1173555555556
 20
268.2494
 10
1111.1173555555556
 20
272.24989999999997
 10
1151.1195333333333
 20
268.2494
 97
0
 75
1
 76
1
 98
0
  0
HATCH
  5
488
330
17
100
AcDbEntity
  8
PERIPHERY
 62
7
420
0
100
AcDbHatch
 10
0.0
 20
0.0
 30
0.0
210
0.0
220
0.0
230
1.0
  2
SOLID
 70
1
 71
0
 91
1
 92
3
 72
0
 73
1
 93
5
 10
1151.1195333333333
 20
260.2512222222221
 10
1151.1195333333333
 20
256.249311111111
 10
1111.1173555555556
 20
260.2512222222221
 10
1111.1173555555556
 20
264.24889999999994
 10
1151.1195333333333
 20
260.2512222222221
 97
0
 75
1
 76
1
 98
0
  0
HATCH
  5
489
330
17
100
AcDbEntity
  8
PERIPHERY
 62
7
420
0
100
AcDbHatch
 10
0.0
 20
0.0
 30
0.0
210
0.0
220
0.0
230
1.0
  2
SOLID
 70
1
 71
0
 91
1
 92
3
 72
0
 73
1
 93
5
 10
1151.1195333333333
 20
252.2502222222222
 10
1151.1195333333333
 20
248.25113333333337
 10
1111.1173555555556
 20
252.2502222222222
 10
1111.1173555555556
 20
256.249311111111
 10
1151.1195333333333
 20
252.2502222222222
 97
0
 75
1
 76
1
 98
0
  0
HATCH
  5
48A
330
17
100
AcDbEntity
  8
PERIPHERY
 62
7
420
0
100
AcDbHatch
 10
0.0
 20
0.0
 30
0.0
210
0.0
220
0.0
230
1.0
  2
SOLID
 70
1
 71
0
 91
1
 92
3
 72
0
 73
1
 93
5
 10
1151.1195333333333
 20
244.24922222222224
 10
1151.1195333333333
 20
240.25013333333342
 10
1111.1173555555556
 20
244.24922222222224
 10
1111.1173555555556
 20
248.25113333333337
 10
1151.1195333333333
 20
244.24922222222224
 97
0
 75
1
 76
1
 98
0
  0
HATCH
  5
48B
330
17
100
AcDbEntity
  8
PERIPHERY
 62
7
420
0
100
AcDbHatch
 10
0.0
 20
0.0
 30
0.0
210
0.0
220
0.0
230
1.0
  2
SOLID
 70
1
 71
0
 91
1
 92
3
 72
0
 73
1
 93
5
 10
1151.1195333333333
 20
236.25104444444446
 10
1151.1195333333333
 20
232.24913333333333
 10
1111.1173555555556
 20
236.25104444444446
 10
1111.1173555555556
 20
240.25013333333328
 10
1151.1195333333333
 20
236.25104444444446
 97
0
 75
1
 76
1
 98
0
  0
HATCH
  5
48C
330
17
100
AcDbEntity
  8
PERIPHERY
 62
7
420
0
100
AcDbHatch
 10
0.0
 20
0.0
 30
0.0
210
0.0
220
0.0
230
1.0
  2
SOLID
 70
1
 71
0
 91
1
 92
3
 72
0
 73
1
 93
4
 10
1151.1195333333333
 20
228.25004444444437
 10
1111.1173555555556
 20
228.25004444444437
 10
1111.1173555555556
 20
232.24913333333316
 10
1151.1195333333333
 20
228.25004444444437
 97
0
 75
1
 76
1
 98
0
  0
TEXT
  5
48D
330
17
100
AcDbEntity
  8
LABELS
 62
250
100
AcDbText
 10
534.7766799999999
 20
287.88670444444443
 30
0.0
 40
16.93333333333333
  1
1
 11
534.7766799999999
 21
287.88670444444443
 31
0.0
100
AcDbText
  0
TEXT
  5
48E
330
17
100
AcDbEntity
  8
LABELS
 62
250
100
AcDbText
 10
590.7766244444443
 20
287.88670444444443
 30
0.0
 40
16.93333333333333
  1
3
 11
590.7766244444443
 21
287.88670444444443
 31
0.0
100
AcDbText
  0
TEXT
  5
48F
330
17
100
AcDbEntity
  8
LABELS
 62
250
100
AcDbText
 10
646.77671
 20
287.88670444444443
 30
0.0
 40
16.93333333333333
  1
5
 11
646.77671
 21
287.88670444444443
 31
0.0
100
AcDbText
  0
TEXT
  5
490
330
17
100
AcDbEntity
  8
LABELS
 62
250
100
AcDbText
 10
702.7767955555555
 20
287.88670444444443
 30
0.0
 40
16.93333333333333
  1
7
 11
702.7767955555555
 21
287.88670444444443
 31
0.0
100
AcDbText
  0
TEXT
  5
491
330
17
100
AcDbEntity
  8
LABELS
 62
250
100
AcDbText
 10
758.7767399999999
 20
287.88670444444443
 30
0.0
 40
16.93333333333333
  1
9
 11
758.7767399999999
 21
287.88670444444443
 31
0.0
100
AcDbText
  0
TEXT
  5
492
330
17
100
AcDbEntity
  8
LABELS
 62
250
100
AcDbText
 10
810.4325788888889
 20
287.88670444444443
 30
0.0
 40
16.93333333333333
  1
10
 11
810.4325788888889
 21
287.88670444444443
 31
0.0
100
AcDbText
  0
TEXT
  5
493
330
17
100
AcDbEntity
  8
LABELS
 62
250
100
AcDbText
 10
870.7767699999999
 20
287.88670444444443
 30
0.0
 40
16.93333333333333
  1
8
 11
870.7767699999999
 21
287.88670444444443
 31
0.0
100
AcDbText
  0
TEXT
  5
494
330
17
100
AcDbEntity
  8
LABELS
 62
250
100
AcDbText
 10
926.7761499999999
 20
287.88670444444443
 30
0.0
 40
16.93333333333333
  1
6
 11
926.7761499999999
 21
287.88670444444443
 31
0.0
100
AcDbText
  0
TEXT
  5
495
330
17
100
AcDbEntity
  8
LABELS
 62
250
100
AcDbText
 10
982.776941111111
 20
287.88670444444443
 30
0.0
 40
16.93333333333333
  1
4
 11
982.776941111111
 21
287.88670444444443
 31
0.0
100
AcDbText
  0
TEXT
  5
496
330
17
100
AcDbEntity
  8
LABELS
 62
250
100
AcDbText
 10
1038.7761799999998
 20
287.88670444444443
 30
0.0
 40
16.93333333333333
  1
2
 11
1038.7761799999998
 21
287.88670444444443
 31
0.0
100
AcDbText
  0
TEXT
  5
497
330
17
100
AcDbEntity
  8
LABELS
 62
250
100
AcDbText
 10
1157.9724533333333
 20
751.3312944444443
 30
0.0
 40
16.93333333333333
  1
1
 11
1157.9724533333333
 21
751.3312944444443
 31
0.0
100
AcDbText
  0
TEXT
  5
498
330
17
100
AcDbEntity
  8
LABELS
 62
250
100
AcDbText
 10
1157.9724533333333
 20
695.3312088888889
 30
0.0
 40
16.93333333333333
  1
3
 11
1157.9724533333333
 21
695.3312088888889
 31
0.0
100
AcDbText
  0
TEXT
  5
499
330
17
100
AcDbEntity
  8
LABELS
 62
250
100
AcDbText
 10
1157.9724533333333
 20
639.3311233333333
 30
0.0
 40
16.93333333333333
  1
5
 11
1157.9724533333333
 21
639.3311233333333
 31
0.0
100
AcDbText
  0
TEXT
  5
49A
330
17
100
AcDbEntity
  8
LABELS
 62
250
100
AcDbText
 10
1157.9724533333333
 20
583.3311788888889
 30
0.0
 40
16.93333333333333
  1
7
 11
1157.9724533333333
 21
583.3311788888889
 31
0.0
100
AcDbText
  0
TEXT
  5
49B
330
17
100
AcDbEntity
  8
LABELS
 62
250
100
AcDbText
 10
1157.9724533333333
 20
527.3310933333333
 30
0.0
 40
16.93333333333333
  1
9
 11
1157.9724533333333
 21
527.3310933333333
 31
0.0
100
AcDbText
  0
TEXT
  5
49C
330
17
100
AcDbEntity
  8
LABELS
 62
250
100
AcDbText
 10
1153.628771111111
 20
471.33241888888887
 30
0.0
 40
16.93333333333333
  1
10
 11
1153.628771111111
 21
471.33241888888887
 31
0.0
100
AcDbText
  0
TEXT
  5
49D
330
17
100
AcDbEntity
  8
LABELS
 62
250
100
AcDbText
 10
1157.9724533333333
 20
415.3317688888889
 30
0.0
 40
16.93333333333333
  1
8
 11
1157.9724533333333
 21
415.3317688888889
 31
0.0
100
AcDbText
  0
TEXT
  5
49E
330
17
100
AcDbEntity
  8
LABELS
 62
250
100
AcDbText
 10
1157.9724533333333
 20
359.33238888888883
 30
0.0
 40
16.93333333333333
  1
6
 11
1157.9724533333333
 21
359.33238888888883
 31
0.0
100
AcDbText
  0
TEXT
  5
49F
330
17
100
AcDbEntity
  8
LABELS
 62
250
100
AcDbText
 10
1157.9724533333333
 20
303.3317388888888
 30
0.0
 40
16.93333333333333
  1
4
 11
1157.9724533333333
 21
303.3317388888888
 31
0.0
100
AcDbText
  0
TEXT
  5
4A0
330
17
100
AcDbEntity
  8
LABELS
 62
250
100
AcDbText
 10
1157.9724533333333
 20
247.33235888888888
 30
0.0
 40
16.93333333333333
  1
2
 11
1157.9724533333333
 21
247.33235888888888
 31
0.0
100
AcDbText
  0
LWPOLYLINE
  5
4A1
330
17
100
AcDbEntity
  8
PERIPHERY
370
25
420
0
100
AcDbPolyline
 90
2
 70
0
 43
3.999935555555555
 10
511.11996666666664
 20
220.2504555555555
 10
511.11996666666664
 20
196.25027777777765
  0
LWPOLYLINE
  5
4A2
330
17
100
AcDbEntity
  8
PERIPHERY
370
25
420
0
100
AcDbPolyline
 90
2
 70
0
 43
3.999935555555555
 10
573.342911111111
 20
220.2504555555555
 10
573.342911111111
 20
196.25027777777765
  0
LWPOLYLINE
  5
4A3
330
17
100
AcDbEntity
  8
PERIPHERY
370
25
420
0
100
AcDbPolyline
 90
2
 70
0
 43
3.999935555555555
 10
635.5630333333332
 20
220.2504555555555
 10
635.5630333333332
 20
196.25027777777765
  0
LWPOLYLINE
  5
4A4
330
17
100
AcDbEntity
  8
PERIPHERY
370
25
420
0
100
AcDbPolyline
 90
2
 70
0
 43
3.999935555555555
 10
697.7873888888888
 20
220.2504555555555
 10
697.7873888888888
 20
196.25027777777765
  0
LWPOLYLINE
  5
4A5
330
17
100
AcDbEntity
  8
PERIPHERY
370
25
420
0
100
AcDbPolyline
 90
2
 70
0
 43
3.999935555555555
 10
760.007511111111
 20
220.2504555555555
 10
760.007511111111
 20
196.25027777777765
  0
LWPOLYLINE
  5
4A6
330
17
100
AcDbEntity
  8
PERIPHERY
370
25
420
0
100
AcDbPolyline
 90
2
 70
0
 43
3.999935555555555
 10
822.2290444444444
 20
220.2504555555555
 10
822.2290444444444
 20
196.25027777777765
  0
LWPOLYLINE
  5
4A7
330
17
100
AcDbEntity
  8
PERIPHERY
370
25
420
0
100
AcDbPolyline
 90
2
 70
0
 43
3.999935555555555
 10
884.4519888888889
 20
220.2504555555555
 10
884.4519888888889
 20
196.25027777777765
  0
LWPOLYLINE
  5
4A8
330
17
100
AcDbEntity
  8
PERIPHERY
370
25
420
0
100
AcDbPolyline
 90
2
 70
0
 43
3.999935555555555
 10
946.6735222222221
 20
220.2504555555555
 10
946.6735222222221
 20
196.25027777777765
  0
LWPOLYLINE
  5
4A9
330
17
100
AcDbEntity
  8
PERIPHERY
370
25
420
0
100
AcDbPolyline
 90
2
 70
0
 43
3.999935555555555
 10
1008.8978777777777
 20
220.2504555555555
 10
1008.8978777777777
 20
196.25027777777765
  0
LWPOLYLINE
  5
4AA
330
17
100
AcDbEntity
  8
PERIPHERY
370
25
420
0
100
AcDbPolyline
 90
2
 70
0
 43
3.999935555555555
 10
1071.119411111111
 20
220.2504555555555
 10
1071.119411111111
 20
196.25027777777765
  0
LWPOLYLINE
  5
4AB
330
17
100
AcDbEntity
  8
PERIPHERY
370
25
420
0
100
AcDbPolyline
 90
2
 70
0
 43
8.000012222222221
 10
515.1190555555555
 20
244.24922222222224
 10
515.1190555555555
 20
204.2498666666667
  0
LWPOLYLINE
  5
4AC
330
17
100
AcDbEntity
  8
PERIPHERY
370
25
420
0
100
AcDbPolyline
 90
2
 70
0
 43
6.438617777777777
 10
529.4277222222222
 20
244.24922222222224
 10
529.4277222222222
 20
204.2498666666667
  0
LWPOLYLINE
  5
4AD
330
17
100
AcDbEntity
  8
PERIPHERY
370
25
420
0
100
AcDbPolyline
 90
2
 70
0
 43
5.5497588888888885
 10
541.3657222222222
 20
244.24922222222224
 10
541.3657222222222
 20
204.2498666666667
  0
LWPOLYLINE
  5
4AE
330
17
100
AcDbEntity
  8
PERIPHERY
370
25
420
0
100
AcDbPolyline
 90
2
 70
0
 43
4.954552222222222
 10
551.8446333333334
 20
244.24922222222224
 10
551.8446333333334
 20
204.2498666666667
  0
LWPOLYLINE
  5
4AF
330
17
100
AcDbEntity
  8
PERIPHERY
370
25
420
0
100
AcDbPolyline
 90
2
 70
0
 43
4.519224444444444
 10
561.303311111111
 20
244.24922222222224
 10
561.303311111111
 20
204.2498666666667
  0
LWPOLYLINE
  5
4B0
330
17
100
AcDbEntity
  8
PERIPHERY
370
25
420
0
100
AcDbPolyline
 90
2
 70
0
 43
4.182815555555555
 10
569.9957555555555
 20
244.24922222222224
 10
569.9957555555555
 20
204.2498666666667
  0
LWPOLYLINE
  5
4B1
330
17
100
AcDbEntity
  8
PERIPHERY
370
25
420
0
100
AcDbPolyline
 90
2
 70
0
 43
3.9124466666666664
 10
578.0842444444444
 20
244.24922222222224
 10
578.0842444444444
 20
204.2498666666667
  0
LWPOLYLINE
  5
4B2
330
17
100
AcDbEntity
  8
PERIPHERY
370
25
420
0
100
AcDbPolyline
 90
2
 70
0
 43
3.6889266666666662
 10
585.6802555555555
 20
244.24922222222224
 10
585.6802555555555
 20
204.2498666666667
  0
LWPOLYLINE
  5
4B3
330
17
100
AcDbEntity
  8
PERIPHERY
370
25
420
0
100
AcDbPolyline
 90
2
 70
0
 43
3.5001199999999995
 10
592.8656333333333
 20
244.24922222222224
 10
592.8656333333333
 20
204.2498666666667
  0
LWPOLYLINE
  5
4B4
330
17
100
AcDbEntity
  8
PERIPHERY
370
25
420
0
100
AcDbPolyline
 90
2
 70
0
 43
3.337842222222222
 10
599.6996444444444
 20
244.24922222222224
 10
599.6996444444444
 20
204.2498666666667
  0
LWPOLYLINE
  5
4B5
330
17
100
AcDbEntity
  8
PERIPHERY
370
25
420
0
100
AcDbPolyline
 90
2
 70
0
 43
3.1963077777777773
 10
606.2316777777777
 20
244.24922222222224
 10
606.2316777777777
 20
204.2498666666667
  0
LWPOLYLINE
  5
4B6
330
17
100
AcDbEntity
  8
PERIPHERY
370
25
420
0
100
AcDbPolyline
 90
2
 70
0
 43
3.0714244444444443
 10
612.4984222222221
 20
244.24922222222224
 10
612.4984222222221
 20
204.2498666666667
  0
LWPOLYLINE
  5
4B7
330
17
100
AcDbEntity
  8
PERIPHERY
370
25
420
0
100
AcDbPolyline
 90
2
 70
0
 43
2.9603699999999997
 10
618.5281
 20
244.24922222222224
 10
618.5281
 20
204.2498666666667
  0
LWPOLYLINE
  5
4B8
330
17
100
AcDbEntity
  8
PERIPHERY
370
25
420
0
100
AcDbPolyline
 90
2
 70
0
 43
2.8604633333333327
 10
624.3475222222222
 20
244.24922222222224
 10
624.3475222222222
 20
204.2498666666667
  0
LWPOLYLINE
  5
4B9
330
17
100
AcDbEntity
  8
PERIPHERY
370
25
420
0
100
AcDbPolyline
 90
2
 70
0
 43
2.770152222222222
 10
629.9764444444444
 20
244.24922222222224
 10
629.9764444444444
 20
204.2498666666667
  0
LWPOLYLINE
  5
4BA
330
17
100
AcDbEntity
  8
PERIPHERY
370
25
420
0
100
AcDbPolyline
 90
2
 70
0
 43
2.6878844444444443
 10
635.4346222222222
 20
244.24922222222224
 10
635.4346222222222
 20
204.2498666666667
  0
LWPOLYLINE
  5
4BB
330
17
100
AcDbEntity
  8
PERIPHERY
370
25
420
0
100
AcDbPolyline
 90
2
 70
0
 43
2.6125311111111107
 10
640.7333444444444
 20
244.24922222222224
 10
640.7333444444444
 20
204.2498666666667
  0
LWPOLYLINE
  5
4BC
330
17
100
AcDbEntity
  8
PERIPHERY
370
25
420
0
100
AcDbPolyline
 90
2
 70
0
 43
2.5433866666666662
 10
645.8895444444444
 20
244.24922222222224
 10
645.8895444444444
 20
204.2498666666667
  0
LWPOLYLINE
  5
4BD
330
17
100
AcDbEntity
  8
PERIPHERY
370
25
420
0
100
AcDbPolyline
 90
2
 70
0
 43
2.4793222222222218
 10
650.9102777777777
 20
244.24922222222224
 10
650.9102777777777
 20
204.2498666666667
  0
LWPOLYLINE
  5
4BE
330
17
100
AcDbEntity
  8
PERIPHERY
370
25
420
0
100
AcDbPolyline
 90
2
 70
0
 43
2.4199144444444443
 10
655.8096555555555
 20
244.24922222222224
 10
655.8096555555555
 20
204.2498666666667
  0
LWPOLYLINE
  5
4BF
330
17
100
AcDbEntity
  8
PERIPHERY
370
25
420
0
100
AcDbPolyline
 90
2
 70
0
 43
2.3645988888888887
 10
660.5947333333332
 20
244.24922222222224
 10
660.5947333333332
 20
204.2498666666667
  0
LWPOLYLINE
  5
4C0
330
17
100
AcDbEntity
  8
PERIPHERY
370
25
420
0
100
AcDbPolyline
 90
2
 70
0
 43
2.312952222222222
 10
665.2711555555555
 20
244.24922222222224
 10
665.2711555555555
 20
204.2498666666667
  0
LWPOLYLINE
  5
4C1
330
17
100
AcDbEntity
  8
PERIPHERY
370
25
420
0
100
AcDbPolyline
 90
2
 70
0
 43
2.264551111111111
 10
669.8473888888889
 20
244.24922222222224
 10
669.8473888888889
 20
204.2498666666667
  0
LWPOLYLINE
  5
4C2
330
17
100
AcDbEntity
  8
PERIPHERY
370
25
420
0
100
AcDbPolyline
 90
2
 70
0
 43
2.218972222222222
 10
674.3304888888888
 20
244.24922222222224
 10
674.3304888888888
 20
204.2498666666667
  0
LWPOLYLINE
  5
4C3
330
17
100
AcDbEntity
  8
PERIPHERY
370
25
420
0
100
AcDbPolyline
 90
2
 70
0
 43
2.1762155555555553
 10
678.7261
 20
244.24922222222224
 10
678.7261
 20
204.2498666666667
  0
LWPOLYLINE
  5
4C4
330
17
100
AcDbEntity
  8
PERIPHERY
370
25
420
0
100
AcDbPolyline
 90
2
 70
0
 43
2.1357166666666667
 10
683.0370444444443
 20
244.24922222222224
 10
683.0370444444443
 20
204.2498666666667
  0
LWPOLYLINE
  5
4C5
330
17
100
AcDbEntity
  8
PERIPHERY
370
25
420
0
100
AcDbPolyline
 90
2
 70
0
 43
2.097475555555555
 10
687.2703777777776
 20
244.24922222222224
 10
687.2703777777776
 20
204.2498666666667
  0
LWPOLYLINE
  5
4C6
330
17
100
AcDbEntity
  8
PERIPHERY
370
25
420
0
100
AcDbPolyline
 90
2
 70
0
 43
2.06121
 10
691.4289222222221
 20
244.24922222222224
 10
691.4289222222221
 20
204.2498666666667
  0
LWPOLYLINE
  5
4C7
330
17
100
AcDbEntity
  8
PERIPHERY
370
25
420
0
100
AcDbPolyline
 90
2
 70
0
 43
2.0267788888888885
 10
695.5169111111111
 20
244.24922222222224
 10
695.5169111111111
 20
204.2498666666667
  0
LWPOLYLINE
  5
4C8
330
17
100
AcDbEntity
  8
PERIPHERY
370
25
420
0
100
AcDbPolyline
 90
2
 70
0
 43
1.9938999999999998
 10
699.5371666666666
 20
244.24922222222224
 10
699.5371666666666
 20
204.2498666666667
  0
LWPOLYLINE
  5
4C9
330
17
100
AcDbEntity
  8
PERIPHERY
370
25
420
0
100
AcDbPolyline
 90
2
 70
0
 43
1.9627144444444442
 10
703.4925111111111
 20
244.24922222222224
 10
703.4925111111111
 20
204.2498666666667
  0
LWPOLYLINE
  5
4CA
330
17
100
AcDbEntity
  8
PERIPHERY
370
25
420
0
100
AcDbPolyline
 90
2
 70
0
 43
1.9329399999999997
 10
707.3885888888888
 20
244.24922222222224
 10
707.3885888888888
 20
204.2498666666667
  0
LWPOLYLINE
  5
4CB
330
17
100
AcDbEntity
  8
PERIPHERY
370
25
420
0
100
AcDbPolyline
 90
2
 70
0
 43
1.9044355555555552
 10
711.2253999999999
 20
244.24922222222224
 10
711.2253999999999
 20
204.2498666666667
  0
LWPOLYLINE
  5
4CC
330
17
100
AcDbEntity
  8
PERIPHERY
370
25
420
0
100
AcDbPolyline
 90
2
 70
0
 43
1.8772011111111109
 10
715.0071777777777
 20
244.24922222222224
 10
715.0071777777777
 20
204.2498666666667
  0
LWPOLYLINE
  5
4CD
330
17
100
AcDbEntity
  8
PERIPHERY
370
25
420
0
100
AcDbPolyline
 90
2
 70
0
 43
1.8510955555555555
 10
718.7353333333332
 20
244.24922222222224
 10
718.7353333333332
 20
204.2498666666667
  0
LWPOLYLINE
  5
4CE
330
17
100
AcDbEntity
  8
PERIPHERY
370
25
420
0
100
AcDbPolyline
 90
2
 70
0
 43
1.8259777777777777
 10
722.4126888888889
 20
244.24922222222224
 10
722.4126888888889
 20
204.2498666666667
  0
LWPOLYLINE
  5
4CF
330
17
100
AcDbEntity
  8
PERIPHERY
370
25
420
0
100
AcDbPolyline
 90
2
 70
0
 43
1.8019888888888886
 10
726.0392444444443
 20
244.24922222222224
 10
726.0392444444443
 20
204.2498666666667
  0
LWPOLYLINE
  5
4D0
330
17
100
AcDbEntity
  8
PERIPHERY
370
25
420
0
100
AcDbPolyline
 90
2
 70
0
 43
1.7788466666666665
 10
729.6220555555554
 20
244.24922222222224
 10
729.6220555555554
 20
204.2498666666667
  0
LWPOLYLINE
  5
4D1
330
17
100
AcDbEntity
  8
PERIPHERY
370
25
420
0
100
AcDbPolyline
 90
2
 70
0
 43
1.7565511111111107
 10
733.1554777777777
 20
244.24922222222224
 10
733.1554777777777
 20
204.2498666666667
  0
LWPOLYLINE
  5
4D2
330
17
100
AcDbEntity
  8
PERIPHERY
370
25
420
0
100
AcDbPolyline
 90
2
 70
0
 43
1.735102222222222
 10
736.6479777777777
 20
244.24922222222224
 10
736.6479777777777
 20
204.2498666666667
  0
LWPOLYLINE
  5
4D3
330
17
100
AcDbEntity
  8
PERIPHERY
370
25
420
0
100
AcDbPolyline
 90
2
 70
0
 43
1.7145
 10
740.0981444444444
 20
244.24922222222224
 10
740.0981444444444
 20
204.2498666666667
  0
LWPOLYLINE
  5
4D4
330
17
100
AcDbEntity
  8
PERIPHERY
370
25
420
0
100
AcDbPolyline
 90
2
 70
0
 43
1.694462222222222
 10
743.5073888888888
 20
244.24922222222224
 10
743.5073888888888
 20
204.2498666666667
  0
LWPOLYLINE
  5
4D5
330
17
100
AcDbEntity
  8
PERIPHERY
370
25
420
0
100
AcDbPolyline
 90
2
 70
0
 43
1.675271111111111
 10
746.8757111111111
 20
244.24922222222224
 10
746.8757111111111
 20
204.2498666666667
  0
LWPOLYLINE
  5
4D6
330
17
100
AcDbEntity
  8
PERIPHERY
370
25
420
0
100
AcDbPolyline
 90
2
 70
0
 43
1.6566444444444441
 10
750.2073444444444
 20
244.24922222222224
 10
750.2073444444444
 20
204.2498666666667
  0
LWPOLYLINE
  5
4D7
330
17
100
AcDbEntity
  8
PERIPHERY
370
25
420
0
100
AcDbPolyline
 90
2
 70
0
 43
1.6385822222222222
 10
753.5037
 20
244.24922222222224
 10
753.5037
 20
204.2498666666667
  0
LWPOLYLINE
  5
4D8
330
17
100
AcDbEntity
  8
PERIPHERY
370
25
420
0
100
AcDbPolyline
 90
2
 70
0
 43
1.6210844444444443
 10
756.7619555555555
 20
244.24922222222224
 10
756.7619555555555
 20
204.2498666666667
  0
LWPOLYLINE
  5
4D9
330
17
100
AcDbEntity
  8
PERIPHERY
370
25
420
0
100
AcDbPolyline
 90
2
 70
0
 43
1.604292222222222
 10
759.9891666666666
 20
244.24922222222224
 10
759.9891666666666
 20
204.2498666666667
  0
LWPOLYLINE
  5
4DA
330
17
100
AcDbEntity
  8
PERIPHERY
370
25
420
0
100
AcDbPolyline
 90
2
 70
0
 43
1.5879233333333331
 10
763.1796888888888
 20
244.24922222222224
 10
763.1796888888888
 20
204.2498666666667
  0
LWPOLYLINE
  5
4DB
330
17
100
AcDbEntity
  8
PERIPHERY
370
25
420
0
100
AcDbPolyline
 90
2
 70
0
 43
1.5719777777777777
 10
766.3391666666666
 20
244.24922222222224
 10
766.3391666666666
 20
204.2498666666667
  0
LWPOLYLINE
  5
4DC
330
17
100
AcDbEntity
  8
PERIPHERY
370
25
420
0
100
AcDbPolyline
 90
2
 70
0
 43
1.5565966666666664
 10
769.4676
 20
244.24922222222224
 10
769.4676
 20
204.2498666666667
  0
LWPOLYLINE
  5
4DD
330
17
100
AcDbEntity
  8
PERIPHERY
370
25
420
0
100
AcDbPolyline
 90
2
 70
0
 43
1.5416388888888888
 10
772.567811111111
 20
244.24922222222224
 10
772.567811111111
 20
204.2498666666667
  0
LWPOLYLINE
  5
4DE
330
17
100
AcDbEntity
  8
PERIPHERY
370
25
420
0
100
AcDbPolyline
 90
2
 70
0
 43
1.5271044444444444
 10
775.6355666666666
 20
244.24922222222224
 10
775.6355666666666
 20
204.2498666666667
  0
LWPOLYLINE
  5
4DF
330
17
100
AcDbEntity
  8
PERIPHERY
370
25
420
0
100
AcDbPolyline
 90
2
 70
0
 43
1.512852222222222
 10
778.6750999999999
 20
244.24922222222224
 10
778.6750999999999
 20
204.2498666666667
  0
LWPOLYLINE
  5
4E0
330
17
100
AcDbEntity
  8
PERIPHERY
370
25
420
0
100
AcDbPolyline
 90
2
 70
0
 43
1.4991644444444443
 10
781.6878222222222
 20
244.24922222222224
 10
781.6878222222222
 20
204.2498666666667
  0
LWPOLYLINE
  5
4E1
330
17
100
AcDbEntity
  8
PERIPHERY
370
25
420
0
100
AcDbPolyline
 90
2
 70
0
 43
1.4857588888888886
 10
784.6723222222222
 20
244.24922222222224
 10
784.6723222222222
 20
204.2498666666667
  0
LWPOLYLINE
  5
4E2
330
17
100
AcDbEntity
  8
PERIPHERY
370
25
420
0
100
AcDbPolyline
 90
2
 70
0
 43
1.4727766666666666
 10
787.630011111111
 20
244.24922222222224
 10
787.630011111111
 20
204.2498666666667
  0
LWPOLYLINE
  5
4E3
330
17
100
AcDbEntity
  8
PERIPHERY
370
25
420
0
100
AcDbPolyline
 90
2
 70
0
 43
1.4600766666666665
 10
790.5622999999999
 20
244.24922222222224
 10
790.5622999999999
 20
204.2498666666667
  0
LWPOLYLINE
  5
4E4
330
17
100
AcDbEntity
  8
PERIPHERY
370
25
420
0
100
AcDbPolyline
 90
2
 70
0
 43
1.4476588888888888
 10
793.4691888888889
 20
244.24922222222224
 10
793.4691888888889
 20
204.2498666666667
  0
LWPOLYLINE
  5
4E5
330
17
100
AcDbEntity
  8
PERIPHERY
370
25
420
0
100
AcDbPolyline
 90
2
 70
0
 43
1.4356644444444444
 10
796.3520888888889
 20
244.24922222222224
 10
796.3520888888889
 20
204.2498666666667
  0
LWPOLYLINE
  5
4E6
330
17
100
AcDbEntity
  8
PERIPHERY
370
25
420
0
100
AcDbPolyline
 90
2
 70
0
 43
1.423811111111111
 10
799.212411111111
 20
244.24922222222224
 10
799.212411111111
 20
204.2498666666667
  0
LWPOLYLINE
  5
4E7
330
17
100
AcDbEntity
  8
PERIPHERY
370
25
420
0
100
AcDbPolyline
 90
2
 70
0
 43
1.4123811111111109
 10
802.0487444444443
 20
244.24922222222224
 10
802.0487444444443
 20
204.2498666666667
  0
LWPOLYLINE
  5
4E8
330
17
100
AcDbEntity
  8
PERIPHERY
370
25
420
0
100
AcDbPolyline
 90
2
 70
0
 43
1.4010922222222222
 10
804.8625
 20
244.24922222222224
 10
804.8625
 20
204.2498666666667
  0
LWPOLYLINE
  5
4E9
330
17
100
AcDbEntity
  8
PERIPHERY
370
25
420
0
100
AcDbPolyline
 90
2
 70
0
 43
1.3902266666666665
 10
807.6522666666666
 20
244.24922222222224
 10
807.6522666666666
 20
204.2498666666667
  0
LWPOLYLINE
  5
4EA
330
17
100
AcDbEntity
  8
PERIPHERY
370
25
420
0
100
AcDbPolyline
 90
2
 70
0
 43
1.3795022222222222
 10
810.4208666666666
 20
244.24922222222224
 10
810.4208666666666
 20
204.2498666666667
  0
LWPOLYLINE
  5
4EB
330
17
100
AcDbEntity
  8
PERIPHERY
370
25
420
0
100
AcDbPolyline
 90
2
 70
0
 43
1.3690599999999997
 10
813.1725333333333
 20
244.24922222222224
 10
813.1725333333333
 20
204.2498666666667
  0
LWPOLYLINE
  5
4EC
330
17
100
AcDbEntity
  8
PERIPHERY
370
25
420
0
100
AcDbPolyline
 90
2
 70
0
 43
1.3588999999999998
 10
815.8973888888889
 20
244.24922222222224
 10
815.8973888888889
 20
204.2498666666667
  0
LWPOLYLINE
  5
4ED
330
17
100
AcDbEntity
  8
PERIPHERY
370
25
420
0
100
AcDbPolyline
 90
2
 70
0
 43
1.348881111111111
 10
818.6067222222222
 20
244.24922222222224
 10
818.6067222222222
 20
204.2498666666667
  0
LWPOLYLINE
  5
4EE
330
17
100
AcDbEntity
  8
PERIPHERY
370
25
420
0
100
AcDbPolyline
 90
2
 70
0
 43
1.3391444444444442
 10
821.2948888888887
 20
244.24922222222224
 10
821.2948888888887
 20
204.2498666666667
  0
LWPOLYLINE
  5
4EF
330
17
100
AcDbEntity
  8
PERIPHERY
370
25
420
0
100
AcDbPolyline
 90
2
 70
0
 43
1.329548888888889
 10
823.9618888888888
 20
244.24922222222224
 10
823.9618888888888
 20
204.2498666666667
  0
LWPOLYLINE
  5
4F0
330
17
100
AcDbEntity
  8
PERIPHERY
370
25
420
0
100
AcDbPolyline
 90
2
 70
0
 43
1.3202355555555554
 10
826.6133666666666
 20
244.24922222222224
 10
826.6133666666666
 20
204.2498666666667
  0
LWPOLYLINE
  5
4F1
330
17
100
AcDbEntity
  8
PERIPHERY
370
25
420
0
100
AcDbPolyline
 90
2
 70
0
 43
1.3110633333333332
 10
829.2422666666666
 20
244.24922222222224
 10
829.2422666666666
 20
204.2498666666667
  0
LWPOLYLINE
  5
4F2
330
17
100
AcDbEntity
  8
PERIPHERY
370
25
420
0
100
AcDbPolyline
 90
2
 70
0
 43
1.302032222222222
 10
831.8584666666666
 20
244.24922222222224
 10
831.8584666666666
 20
204.2498666666667
  0
LWPOLYLINE
  5
4F3
330
17
100
AcDbEntity
  8
PERIPHERY
370
25
420
0
100
AcDbPolyline
 90
2
 70
0
 43
1.2932833333333331
 10
834.4520888888889
 20
244.24922222222224
 10
834.4520888888889
 20
204.2498666666667
  0
LWPOLYLINE
  5
4F4
330
17
100
AcDbEntity
  8
PERIPHERY
370
25
420
0
100
AcDbPolyline
 90
2
 70
0
 43
1.2846755555555553
 10
837.0315999999999
 20
244.24922222222224
 10
837.0315999999999
 20
204.2498666666667
  0
LWPOLYLINE
  5
4F5
330
17
100
AcDbEntity
  8
PERIPHERY
370
25
420
0
100
AcDbPolyline
 90
2
 70
0
 43
1.2762088888888887
 10
839.5913555555554
 20
244.24922222222224
 10
839.5913555555554
 20
204.2498666666667
  0
LWPOLYLINE
  5
4F6
330
17
100
AcDbEntity
  8
PERIPHERY
370
25
420
0
100
AcDbPolyline
 90
2
 70
0
 43
1.2678833333333333
 10
842.1355888888888
 20
244.24922222222224
 10
842.1355888888888
 20
204.2498666666667
  0
LWPOLYLINE
  5
4F7
330
17
100
AcDbEntity
  8
PERIPHERY
370
25
420
0
100
AcDbPolyline
 90
2
 70
0
 43
1.259698888888889
 10
844.6628888888889
 20
244.24922222222224
 10
844.6628888888889
 20
204.2498666666667
  0
LWPOLYLINE
  5
4F8
330
17
100
AcDbEntity
  8
PERIPHERY
370
25
420
0
100
AcDbPolyline
 90
2
 70
0
 43
1.2517966666666664
 10
847.1732555555556
 20
244.24922222222224
 10
847.1732555555556
 20
204.2498666666667
  0
LWPOLYLINE
  5
4F9
330
17
100
AcDbEntity
  8
PERIPHERY
370
25
420
0
100
AcDbPolyline
 90
2
 70
0
 43
1.2440355555555556
 10
849.6709222222222
 20
244.24922222222224
 10
849.6709222222222
 20
204.2498666666667
  0
LWPOLYLINE
  5
4FA
330
17
100
AcDbEntity
  8
PERIPHERY
370
25
420
0
100
AcDbPolyline
 90
2
 70
0
 43
1.2362744444444442
 10
852.1516555555554
 20
244.24922222222224
 10
852.1516555555554
 20
204.2498666666667
  0
LWPOLYLINE
  5
4FB
330
17
100
AcDbEntity
  8
PERIPHERY
370
25
420
0
100
AcDbPolyline
 90
2
 70
0
 43
1.2287955555555554
 10
854.6154555555555
 20
244.24922222222224
 10
854.6154555555555
 20
204.2498666666667
  0
LWPOLYLINE
  5
4FC
330
17
100
AcDbEntity
  8
PERIPHERY
370
25
420
0
100
AcDbPolyline
 90
2
 70
0
 43
1.2213166666666666
 10
857.0651444444444
 20
244.24922222222224
 10
857.0651444444444
 20
204.2498666666667
  0
LWPOLYLINE
  5
4FD
330
17
100
AcDbEntity
  8
PERIPHERY
370
25
420
0
100
AcDbPolyline
 90
2
 70
0
 43
1.2141199999999999
 10
859.5021333333333
 20
244.24922222222224
 10
859.5021333333333
 20
204.2498666666667
  0
LWPOLYLINE
  5
4FE
330
17
100
AcDbEntity
  8
PERIPHERY
370
25
420
0
100
AcDbPolyline
 90
2
 70
0
 43
1.2069233333333331
 10
861.9221888888889
 20
244.24922222222224
 10
861.9221888888889
 20
204.2498666666667
  0
LWPOLYLINE
  5
4FF
330
17
100
AcDbEntity
  8
PERIPHERY
370
25
420
0
100
AcDbPolyline
 90
2
 70
0
 43
1.200008888888889
 10
864.3281333333332
 20
244.24922222222224
 10
864.3281333333332
 20
204.2498666666667
  0
LWPOLYLINE
  5
500
330
17
100
AcDbEntity
  8
PERIPHERY
370
25
420
0
100
AcDbPolyline
 90
2
 70
0
 43
1.1930944444444445
 10
866.7227888888888
 20
244.24922222222224
 10
866.7227888888888
 20
204.2498666666667
  0
LWPOLYLINE
  5
501
330
17
100
AcDbEntity
  8
PERIPHERY
370
25
420
0
100
AcDbPolyline
 90
2
 70
0
 43
1.186321111111111
 10
869.100511111111
 20
244.24922222222224
 10
869.100511111111
 20
204.2498666666667
  0
LWPOLYLINE
  5
502
330
17
100
AcDbEntity
  8
PERIPHERY
370
25
420
0
100
AcDbPolyline
 90
2
 70
0
 43
1.1796888888888888
 10
871.4655333333332
 20
244.24922222222224
 10
871.4655333333332
 20
204.2498666666667
  0
LWPOLYLINE
  5
503
330
17
100
AcDbEntity
  8
PERIPHERY
370
25
420
0
100
AcDbPolyline
 90
2
 70
0
 43
1.1730566666666666
 10
873.8192666666665
 20
244.24922222222224
 10
873.8192666666665
 20
204.2498666666667
  0
LWPOLYLINE
  5
504
330
17
100
AcDbEntity
  8
PERIPHERY
370
25
420
0
100
AcDbPolyline
 90
2
 70
0
 43
1.1665655555555554
 10
876.1588888888888
 20
244.24922222222224
 10
876.1588888888888
 20
204.2498666666667
  0
LWPOLYLINE
  5
505
330
17
100
AcDbEntity
  8
PERIPHERY
370
25
420
0
100
AcDbPolyline
 90
2
 70
0
 43
1.1603566666666665
 10
878.485811111111
 20
244.24922222222224
 10
878.485811111111
 20
204.2498666666667
  0
LWPOLYLINE
  5
506
330
17
100
AcDbEntity
  8
PERIPHERY
370
25
420
0
100
AcDbPolyline
 90
2
 70
0
 43
1.1540066666666664
 10
880.8000333333332
 20
244.24922222222224
 10
880.8000333333332
 20
204.2498666666667
  0
LWPOLYLINE
  5
507
330
17
100
AcDbEntity
  8
PERIPHERY
370
25
420
0
100
AcDbPolyline
 90
2
 70
0
 43
1.1479388888888888
 10
883.1015555555556
 20
244.24922222222224
 10
883.1015555555556
 20
204.2498666666667
  0
LWPOLYLINE
  5
508
330
17
100
AcDbEntity
  8
PERIPHERY
370
25
420
0
100
AcDbPolyline
 90
2
 70
0
 43
1.141871111111111
 10
885.3917888888888
 20
244.24922222222224
 10
885.3917888888888
 20
204.2498666666667
  0
LWPOLYLINE
  5
509
330
17
100
AcDbEntity
  8
PERIPHERY
370
25
420
0
100
AcDbPolyline
 90
2
 70
0
 43
1.1359444444444444
 10
887.6693222222221
 20
244.24922222222224
 10
887.6693222222221
 20
204.2498666666667
  0
LWPOLYLINE
  5
50A
330
17
100
AcDbEntity
  8
PERIPHERY
370
25
420
0
100
AcDbPolyline
 90
2
 70
0
 43
1.1301588888888887
 10
889.9369777777777
 20
244.24922222222224
 10
889.9369777777777
 20
204.2498666666667
  0
LWPOLYLINE
  5
50B
330
17
100
AcDbEntity
  8
PERIPHERY
370
25
420
0
100
AcDbPolyline
 90
2
 70
0
 43
1.1243733333333332
 10
892.1919333333332
 20
244.24922222222224
 10
892.1919333333332
 20
204.2498666666667
  0
LWPOLYLINE
  5
50C
330
17
100
AcDbEntity
  8
PERIPHERY
370
25
420
0
100
AcDbPolyline
 90
2
 70
0
 43
1.1185877777777775
 10
894.4327777777777
 20
244.24922222222224
 10
894.4327777777777
 20
204.2498666666667
  0
LWPOLYLINE
  5
50D
330
17
100
AcDbEntity
  8
PERIPHERY
370
25
420
0
100
AcDbPolyline
 90
2
 70
0
 43
1.1130844444444443
 10
896.6651555555555
 20
244.24922222222224
 10
896.6651555555555
 20
204.2498666666667
  0
LWPOLYLINE
  5
50E
330
17
100
AcDbEntity
  8
PERIPHERY
370
25
420
0
100
AcDbPolyline
 90
2
 70
0
 43
1.1075811111111111
 10
898.8862444444443
 20
244.24922222222224
 10
898.8862444444443
 20
204.2498666666667
  0
LWPOLYLINE
  5
50F
330
17
100
AcDbEntity
  8
PERIPHERY
370
25
420
0
100
AcDbPolyline
 90
2
 70
0
 43
1.1020777777777777
 10
901.0960444444444
 20
244.24922222222224
 10
901.0960444444444
 20
204.2498666666667
  0
LWPOLYLINE
  5
510
330
17
100
AcDbEntity
  8
PERIPHERY
370
25
420
0
100
AcDbPolyline
 90
2
 70
0
 43
1.0968566666666666
 10
903.2959666666666
 20
244.24922222222224
 10
903.2959666666666
 20
204.2498666666667
  0
LWPOLYLINE
  5
511
330
17
100
AcDbEntity
  8
PERIPHERY
370
25
420
0
100
AcDbPolyline
 90
2
 70
0
 43
1.0914944444444443
 10
905.4845999999999
 20
244.24922222222224
 10
905.4845999999999
 20
204.2498666666667
  0
LWPOLYLINE
  5
512
330
17
100
AcDbEntity
  8
PERIPHERY
370
25
420
0
100
AcDbPolyline
 90
2
 70
0
 43
1.0862733333333332
 10
907.6619444444444
 20
244.24922222222224
 10
907.6619444444444
 20
204.2498666666667
  0
LWPOLYLINE
  5
513
330
17
100
AcDbEntity
  8
PERIPHERY
370
25
420
0
100
AcDbPolyline
 90
2
 70
0
 43
1.0811933333333332
 10
909.8279999999999
 20
244.24922222222224
 10
909.8279999999999
 20
204.2498666666667
  0
LWPOLYLINE
  5
514
330
17
100
AcDbEntity
  8
PERIPHERY
370
25
420
0
100
AcDbPolyline
 90
2
 70
0
 43
1.076113333333333
 10
911.9855888888887
 20
244.24922222222224
 10
911.9855888888887
 20
204.2498666666667
  0
LWPOLYLINE
  5
515
330
17
100
AcDbEntity
  8
PERIPHERY
370
25
420
0
100
AcDbPolyline
 90
2
 70
0
 43
1.0711744444444444
 10
914.1333
 20
244.24922222222224
 10
914.1333
 20
204.2498666666667
  0
LWPOLYLINE
  5
516
330
17
100
AcDbEntity
  8
PERIPHERY
370
25
420
0
100
AcDbPolyline
 90
2
 70
0
 43
1.0662355555555556
 10
916.2711333333333
 20
244.24922222222224
 10
916.2711333333333
 20
204.2498666666667
  0
LWPOLYLINE
  5
517
330
17
100
AcDbEntity
  8
PERIPHERY
370
25
420
0
100
AcDbPolyline
 90
2
 70
0
 43
1.0614377777777777
 10
918.3990888888887
 20
244.24922222222224
 10
918.3990888888887
 20
204.2498666666667
  0
LWPOLYLINE
  5
518
330
17
100
AcDbEntity
  8
PERIPHERY
370
25
420
0
100
AcDbPolyline
 90
2
 70
0
 43
1.05664
 10
920.5157555555554
 20
244.24922222222224
 10
920.5157555555554
 20
204.2498666666667
  0
LWPOLYLINE
  5
519
330
17
100
AcDbEntity
  8
PERIPHERY
370
25
420
0
100
AcDbPolyline
 90
2
 70
0
 43
1.0519833333333333
 10
922.6239555555554
 20
244.24922222222224
 10
922.6239555555554
 20
204.2498666666667
  0
LWPOLYLINE
  5
51A
330
17
100
AcDbEntity
  8
PERIPHERY
370
25
420
0
100
AcDbPolyline
 90
2
 70
0
 43
1.0473266666666665
 10
924.7236888888889
 20
244.24922222222224
 10
924.7236888888889
 20
204.2498666666667
  0
LWPOLYLINE
  5
51B
330
17
100
AcDbEntity
  8
PERIPHERY
370
25
420
0
100
AcDbPolyline
 90
2
 70
0
 43
1.04267
 10
926.8135444444443
 20
244.24922222222224
 10
926.8135444444443
 20
204.2498666666667
  0
LWPOLYLINE
  5
51C
330
17
100
AcDbEntity
  8
PERIPHERY
370
25
420
0
100
AcDbPolyline
 90
2
 70
0
 43
1.0381544444444444
 10
928.893522222222
 20
244.24922222222224
 10
928.893522222222
 20
204.2498666666667
  0
LWPOLYLINE
  5
51D
330
17
100
AcDbEntity
  8
PERIPHERY
370
25
420
0
100
AcDbPolyline
 90
2
 70
0
 43
1.0336388888888888
 10
930.9664444444444
 20
244.24922222222224
 10
930.9664444444444
 20
204.2498666666667
  0
LWPOLYLINE
  5
51E
330
17
100
AcDbEntity
  8
PERIPHERY
370
25
420
0
100
AcDbPolyline
 90
2
 70
0
 43
1.0292644444444443
 10
933.0280777777778
 20
244.24922222222224
 10
933.0280777777778
 20
204.2498666666667
  0
LWPOLYLINE
  5
51F
330
17
100
AcDbEntity
  8
PERIPHERY
370
25
420
0
100
AcDbPolyline
 90
2
 70
0
 43
1.0248899999999999
 10
935.0840666666666
 20
244.24922222222224
 10
935.0840666666666
 20
204.2498666666667
  0
LWPOLYLINE
  5
520
330
17
100
AcDbEntity
  8
PERIPHERY
370
25
420
0
100
AcDbPolyline
 90
2
 70
0
 43
1.0206566666666665
 10
937.1287666666666
 20
244.24922222222224
 10
937.1287666666666
 20
204.2498666666667
  0
LWPOLYLINE
  5
521
330
17
100
AcDbEntity
  8
PERIPHERY
370
25
420
0
100
AcDbPolyline
 90
2
 70
0
 43
1.0164233333333332
 10
939.1664111111111
 20
244.24922222222224
 10
939.1664111111111
 20
204.2498666666667
  0
LWPOLYLINE
  5
522
330
17
100
AcDbEntity
  8
PERIPHERY
370
25
420
0
100
AcDbPolyline
 90
2
 70
0
 43
1.01219
 10
941.1941777777778
 20
244.24922222222224
 10
941.1941777777778
 20
204.2498666666667
  0
LWPOLYLINE
  5
523
330
17
100
AcDbEntity
  8
PERIPHERY
370
25
420
0
100
AcDbPolyline
 90
2
 70
0
 43
1.0079566666666666
 10
943.2148888888887
 20
244.24922222222224
 10
943.2148888888887
 20
204.2498666666667
  0
LWPOLYLINE
  5
524
330
17
100
AcDbEntity
  8
PERIPHERY
370
25
420
0
100
AcDbPolyline
 90
2
 70
0
 43
1.0038644444444444
 10
945.2271333333332
 20
244.24922222222224
 10
945.2271333333332
 20
204.2498666666667
  0
LWPOLYLINE
  5
525
330
17
100
AcDbEntity
  8
PERIPHERY
370
25
420
0
100
AcDbPolyline
 90
2
 70
0
 43
0.9999133333333332
 10
947.230911111111
 20
244.24922222222224
 10
947.230911111111
 20
204.2498666666667
  0
LWPOLYLINE
  5
526
330
17
100
AcDbEntity
  8
PERIPHERY
370
25
420
0
100
AcDbPolyline
 90
2
 70
0
 43
0.995821111111111
 10
949.2262222222221
 20
244.24922222222224
 10
949.2262222222221
 20
204.2498666666667
  0
LWPOLYLINE
  5
527
330
17
100
AcDbEntity
  8
PERIPHERY
370
25
420
0
100
AcDbPolyline
 90
2
 70
0
 43
0.992011111111111
 10
951.2130666666666
 20
244.24922222222224
 10
951.2130666666666
 20
204.2498666666667
  0
LWPOLYLINE
  5
528
330
17
100
AcDbEntity
  8
PERIPHERY
370
25
420
0
100
AcDbPolyline
 90
2
 70
0
 43
0.9880599999999999
 10
953.1942666666665
 20
244.24922222222224
 10
953.1942666666665
 20
204.2498666666667
  0
LWPOLYLINE
  5
529
330
17
100
AcDbEntity
  8
PERIPHERY
370
25
420
0
100
AcDbPolyline
 90
2
 70
0
 43
0.98425
 10
955.1655888888888
 20
244.24922222222224
 10
955.1655888888888
 20
204.2498666666667
  0
LWPOLYLINE
  5
52A
330
17
100
AcDbEntity
  8
PERIPHERY
370
25
420
0
100
AcDbPolyline
 90
2
 70
0
 43
0.9804399999999999
 10
957.1298555555554
 20
244.24922222222224
 10
957.1298555555554
 20
204.2498666666667
  0
LWPOLYLINE
  5
52B
330
17
100
AcDbEntity
  8
PERIPHERY
370
25
420
0
100
AcDbPolyline
 90
2
 70
0
 43
0.97663
 10
959.0870666666666
 20
244.24922222222224
 10
959.0870666666666
 20
204.2498666666667
  0
LWPOLYLINE
  5
52C
330
17
100
AcDbEntity
  8
PERIPHERY
370
25
420
0
100
AcDbPolyline
 90
2
 70
0
 43
0.9728199999999999
 10
961.0386333333333
 20
244.24922222222224
 10
961.0386333333333
 20
204.2498666666667
  0
LWPOLYLINE
  5
52D
330
17
100
AcDbEntity
  8
PERIPHERY
370
25
420
0
100
AcDbPolyline
 90
2
 70
0
 43
0.969151111111111
 10
962.9789111111111
 20
244.24922222222224
 10
962.9789111111111
 20
204.2498666666667
  0
LWPOLYLINE
  5
52E
330
17
100
AcDbEntity
  8
PERIPHERY
370
25
420
0
100
AcDbPolyline
 90
2
 70
0
 43
0.9656233333333333
 10
964.9135444444444
 20
244.24922222222224
 10
964.9135444444444
 20
204.2498666666667
  0
LWPOLYLINE
  5
52F
330
17
100
AcDbEntity
  8
PERIPHERY
370
25
420
0
100
AcDbPolyline
 90
2
 70
0
 43
0.9619544444444443
 10
966.8425333333332
 20
244.24922222222224
 10
966.8425333333332
 20
204.2498666666667
  0
LWPOLYLINE
  5
530
330
17
100
AcDbEntity
  8
PERIPHERY
370
25
420
0
100
AcDbPolyline
 90
2
 70
0
 43
0.9584266666666666
 10
968.7602333333333
 20
244.24922222222224
 10
968.7602333333333
 20
204.2498666666667
  0
LWPOLYLINE
  5
531
330
17
100
AcDbEntity
  8
PERIPHERY
370
25
420
0
100
AcDbPolyline
 90
2
 70
0
 43
0.9548988888888887
 10
970.676522222222
 20
244.24922222222224
 10
970.676522222222
 20
204.2498666666667
  0
LWPOLYLINE
  5
532
330
17
100
AcDbEntity
  8
PERIPHERY
370
25
420
0
100
AcDbPolyline
 90
2
 70
0
 43
0.9513711111111111
 10
972.580111111111
 20
244.24922222222224
 10
972.580111111111
 20
204.2498666666667
  0
LWPOLYLINE
  5
533
330
17
100
AcDbEntity
  8
PERIPHERY
370
25
420
0
100
AcDbPolyline
 90
2
 70
0
 43
0.9479844444444443
 10
974.4794666666666
 20
244.24922222222224
 10
974.4794666666666
 20
204.2498666666667
  0
LWPOLYLINE
  5
534
330
17
100
AcDbEntity
  8
PERIPHERY
370
25
420
0
100
AcDbPolyline
 90
2
 70
0
 43
0.9445977777777776
 10
976.3731777777776
 20
244.24922222222224
 10
976.3731777777776
 20
204.2498666666667
  0
LWPOLYLINE
  5
535
330
17
100
AcDbEntity
  8
PERIPHERY
370
25
420
0
100
AcDbPolyline
 90
2
 70
0
 43
0.9412111111111111
 10
978.2584222222222
 20
244.24922222222224
 10
978.2584222222222
 20
204.2498666666667
  0
LWPOLYLINE
  5
536
330
17
100
AcDbEntity
  8
PERIPHERY
370
25
420
0
100
AcDbPolyline
 90
2
 70
0
 43
0.9378244444444443
 10
980.1380222222222
 20
244.24922222222224
 10
980.1380222222222
 20
204.2498666666667
  0
LWPOLYLINE
  5
537
330
17
100
AcDbEntity
  8
PERIPHERY
370
25
420
0
100
AcDbPolyline
 90
2
 70
0
 43
0.9345788888888887
 10
982.0091555555555
 20
244.24922222222224
 10
982.0091555555555
 20
204.2498666666667
  0
LWPOLYLINE
  5
538
330
17
100
AcDbEntity
  8
PERIPHERY
370
25
420
0
100
AcDbPolyline
 90
2
 70
0
 43
0.9313333333333332
 10
983.8746444444444
 20
244.24922222222224
 10
983.8746444444444
 20
204.2498666666667
  0
LWPOLYLINE
  5
539
330
17
100
AcDbEntity
  8
PERIPHERY
370
25
420
0
100
AcDbPolyline
 90
2
 70
0
 43
0.9280877777777776
 10
985.7358999999999
 20
244.24922222222224
 10
985.7358999999999
 20
204.2498666666667
  0
LWPOLYLINE
  5
53A
330
17
100
AcDbEntity
  8
PERIPHERY
370
25
420
0
100
AcDbPolyline
 90
2
 70
0
 43
0.9248422222222221
 10
987.5872777777777
 20
244.24922222222224
 10
987.5872777777777
 20
204.2498666666667
  0
LWPOLYLINE
  5
53B
330
17
100
AcDbEntity
  8
PERIPHERY
370
25
420
0
100
AcDbPolyline
 90
2
 70
0
 43
0.9217377777777777
 10
989.4344222222221
 20
244.24922222222224
 10
989.4344222222221
 20
204.2498666666667
  0
LWPOLYLINE
  5
53C
330
17
100
AcDbEntity
  8
PERIPHERY
370
25
420
0
100
AcDbPolyline
 90
2
 70
0
 43
0.9184922222222222
 10
991.2759222222222
 20
244.24922222222224
 10
991.2759222222222
 20
204.2498666666667
  0
LWPOLYLINE
  5
53D
330
17
100
AcDbEntity
  8
PERIPHERY
370
25
420
0
100
AcDbPolyline
 90
2
 70
0
 43
0.9153877777777778
 10
993.1075444444444
 20
244.24922222222224
 10
993.1075444444444
 20
204.2498666666667
  0
LWPOLYLINE
  5
53E
330
17
100
AcDbEntity
  8
PERIPHERY
370
25
420
0
100
AcDbPolyline
 90
2
 70
0
 43
0.9124244444444443
 10
994.9377555555554
 20
244.24922222222224
 10
994.9377555555554
 20
204.2498666666667
  0
LWPOLYLINE
  5
53F
330
17
100
AcDbEntity
  8
PERIPHERY
370
25
420
0
100
AcDbPolyline
 90
2
 70
0
 43
0.9093199999999999
 10
996.7594999999999
 20
244.24922222222224
 10
996.7594999999999
 20
204.2498666666667
  0
LWPOLYLINE
  5
540
330
17
100
AcDbEntity
  8
PERIPHERY
370
25
420
0
100
AcDbPolyline
 90
2
 70
0
 43
0.9063566666666666
 10
998.5727777777777
 20
244.24922222222224
 10
998.5727777777777
 20
204.2498666666667
  0
LWPOLYLINE
  5
541
330
17
100
AcDbEntity
  8
PERIPHERY
370
25
420
0
100
AcDbPolyline
 90
2
 70
0
 43
0.9033933333333333
 10
1000.3846444444443
 20
244.24922222222224
 10
1000.3846444444443
 20
204.2498666666667
  0
LWPOLYLINE
  5
542
330
17
100
AcDbEntity
  8
PERIPHERY
370
25
420
0
100
AcDbPolyline
 90
2
 70
0
 43
0.90043
 10
1002.1866333333332
 20
244.24922222222224
 10
1002.1866333333332
 20
204.2498666666667
  0
LWPOLYLINE
  5
543
330
17
100
AcDbEntity
  8
PERIPHERY
370
25
420
0
100
AcDbPolyline
 90
2
 70
0
 43
0.8974666666666666
 10
1003.9857999999999
 20
244.24922222222224
 10
1003.9857999999999
 20
204.2498666666667
  0
LWPOLYLINE
  5
544
330
17
100
AcDbEntity
  8
PERIPHERY
370
25
420
0
100
AcDbPolyline
 90
2
 70
0
 43
0.8946444444444444
 10
1005.7779111111109
 20
244.24922222222224
 10
1005.7779111111109
 20
204.2498666666667
  0
LWPOLYLINE
  5
545
330
17
100
AcDbEntity
  8
PERIPHERY
370
25
420
0
100
AcDbPolyline
 90
2
 70
0
 43
0.891681111111111
 10
1007.5629666666665
 20
244.24922222222224
 10
1007.5629666666665
 20
204.2498666666667
  0
LWPOLYLINE
  5
546
330
17
100
AcDbEntity
  8
PERIPHERY
370
25
420
0
100
AcDbPolyline
 90
2
 70
0
 43
0.8888588888888889
 10
1009.3437888888889
 20
244.24922222222224
 10
1009.3437888888889
 20
204.2498666666667
  0
LWPOLYLINE
  5
547
330
17
100
AcDbEntity
  8
PERIPHERY
370
25
420
0
100
AcDbPolyline
 90
2
 70
0
 43
0.8860366666666666
 10
1011.1189666666667
 20
244.24922222222224
 10
1011.1189666666667
 20
204.2498666666667
  0
LWPOLYLINE
  5
548
330
17
100
AcDbEntity
  8
PERIPHERY
370
25
420
0
100
AcDbPolyline
 90
2
 70
0
 43
0.8833555555555554
 10
1012.8884999999998
 20
244.24922222222224
 10
1012.8884999999998
 20
204.2498666666667
  0
LWPOLYLINE
  5
549
330
17
100
AcDbEntity
  8
PERIPHERY
370
25
420
0
100
AcDbPolyline
 90
2
 70
0
 43
0.8805333333333333
 10
1014.6523888888887
 20
244.24922222222224
 10
1014.6523888888887
 20
204.2498666666667
  0
LWPOLYLINE
  5
54A
330
17
100
AcDbEntity
  8
PERIPHERY
370
25
420
0
100
AcDbPolyline
 90
2
 70
0
 43
0.8778522222222221
 10
1016.4106333333333
 20
244.24922222222224
 10
1016.4106333333333
 20
204.2498666666667
  0
LWPOLYLINE
  5
54B
330
17
100
AcDbEntity
  8
PERIPHERY
370
25
420
0
100
AcDbPolyline
 90
2
 70
0
 43
0.8750299999999999
 10
1018.1632333333332
 20
244.24922222222224
 10
1018.1632333333332
 20
204.2498666666667
  0
LWPOLYLINE
  5
54C
330
17
100
AcDbEntity
  8
PERIPHERY
370
25
420
0
100
AcDbPolyline
 90
2
 70
0
 43
0.8723488888888887
 10
1019.9101888888887
 20
244.24922222222224
 10
1019.9101888888887
 20
204.2498666666667
  0
LWPOLYLINE
  5
54D
330
17
100
AcDbEntity
  8
PERIPHERY
370
25
420
0
100
AcDbPolyline
 90
2
 70
0
 43
0.8698088888888887
 10
1021.6529111111109
 20
244.24922222222224
 10
1021.6529111111109
 20
204.2498666666667
  0
LWPOLYLINE
  5
54E
330
17
100
AcDbEntity
  8
PERIPHERY
370
25
420
0
100
AcDbPolyline
 90
2
 70
0
 43
0.8671277777777777
 10
1023.3885777777776
 20
244.24922222222224
 10
1023.3885777777776
 20
204.2498666666667
  0
LWPOLYLINE
  5
54F
330
17
100
AcDbEntity
  8
PERIPHERY
370
25
420
0
100
AcDbPolyline
 90
2
 70
0
 43
0.8644466666666666
 10
1025.1228333333333
 20
244.24922222222224
 10
1025.1228333333333
 20
204.2498666666667
  0
LWPOLYLINE
  5
550
330
17
100
AcDbEntity
  8
PERIPHERY
370
25
420
0
100
AcDbPolyline
 90
2
 70
0
 43
0.8619066666666666
 10
1026.848622222222
 20
244.24922222222224
 10
1026.848622222222
 20
204.2498666666667
  0
LWPOLYLINE
  5
551
330
17
100
AcDbEntity
  8
PERIPHERY
370
25
420
0
100
AcDbPolyline
 90
2
 70
0
 43
0.8593666666666666
 10
1028.5701777777776
 20
244.24922222222224
 10
1028.5701777777776
 20
204.2498666666667
  0
LWPOLYLINE
  5
552
330
17
100
AcDbEntity
  8
PERIPHERY
370
25
420
0
100
AcDbPolyline
 90
2
 70
0
 43
0.8568266666666665
 10
1030.2846777777777
 20
244.24922222222224
 10
1030.2846777777777
 20
204.2498666666667
  0
LWPOLYLINE
  5
553
330
17
100
AcDbEntity
  8
PERIPHERY
370
25
420
0
100
AcDbPolyline
 90
2
 70
0
 43
0.8542866666666666
 10
1031.9963555555555
 20
244.24922222222224
 10
1031.9963555555555
 20
204.2498666666667
  0
LWPOLYLINE
  5
554
330
17
100
AcDbEntity
  8
PERIPHERY
370
25
420
0
100
AcDbPolyline
 90
2
 70
0
 43
0.8517466666666667
 10
1033.7023888888887
 20
244.24922222222224
 10
1033.7023888888887
 20
204.2498666666667
  0
LWPOLYLINE
  5
555
330
17
100
AcDbEntity
  8
PERIPHERY
370
25
420
0
100
AcDbPolyline
 90
2
 70
0
 43
0.8493477777777777
 10
1035.4055999999998
 20
244.24922222222224
 10
1035.4055999999998
 20
204.2498666666667
  0
LWPOLYLINE
  5
556
330
17
100
AcDbEntity
  8
PERIPHERY
370
25
420
0
100
AcDbPolyline
 90
2
 70
0
 43
0.8468077777777776
 10
1037.1003444444443
 20
244.24922222222224
 10
1037.1003444444443
 20
204.2498666666667
  0
LWPOLYLINE
  5
557
330
17
100
AcDbEntity
  8
PERIPHERY
370
25
420
0
100
AcDbPolyline
 90
2
 70
0
 43
0.8444088888888889
 10
1038.7922666666666
 20
244.24922222222224
 10
1038.7922666666666
 20
204.2498666666667
  0
LWPOLYLINE
  5
558
330
17
100
AcDbEntity
  8
PERIPHERY
370
25
420
0
100
AcDbPolyline
 90
2
 70
0
 43
0.8420099999999999
 10
1040.4799555555553
 20
244.24922222222224
 10
1040.4799555555553
 20
204.2498666666667
  0
LWPOLYLINE
  5
559
330
17
100
AcDbEntity
  8
PERIPHERY
370
25
420
0
100
AcDbPolyline
 90
2
 70
0
 43
0.839611111111111
 10
1042.1605888888887
 20
244.24922222222224
 10
1042.1605888888887
 20
204.2498666666667
  0
LWPOLYLINE
  5
55A
330
17
100
AcDbEntity
  8
PERIPHERY
370
25
420
0
100
AcDbPolyline
 90
2
 70
0
 43
0.8372122222222222
 10
1043.8369888888888
 20
244.24922222222224
 10
1043.8369888888888
 20
204.2498666666667
  0
LWPOLYLINE
  5
55B
330
17
100
AcDbEntity
  8
PERIPHERY
370
25
420
0
100
AcDbPolyline
 90
2
 70
0
 43
0.8349544444444443
 10
1045.5091555555555
 20
244.24922222222224
 10
1045.5091555555555
 20
204.2498666666667
  0
LWPOLYLINE
  5
55C
330
17
100
AcDbEntity
  8
PERIPHERY
370
25
420
0
100
AcDbPolyline
 90
2
 70
0
 43
0.8325555555555554
 10
1047.1770888888889
 20
244.24922222222224
 10
1047.1770888888889
 20
204.2498666666667
  0
LWPOLYLINE
  5
55D
330
17
100
AcDbEntity
  8
PERIPHERY
370
25
420
0
100
AcDbPolyline
 90
2
 70
0
 43
0.8302977777777777
 10
1048.8379666666665
 20
244.24922222222224
 10
1048.8379666666665
 20
204.2498666666667
  0
LWPOLYLINE
  5
55E
330
17
100
AcDbEntity
  8
PERIPHERY
370
25
420
0
100
AcDbPolyline
 90
2
 70
0
 43
0.8280399999999999
 10
1050.4974333333332
 20
244.24922222222224
 10
1050.4974333333332
 20
204.2498666666667
  0
LWPOLYLINE
  5
55F
330
17
100
AcDbEntity
  8
PERIPHERY
370
25
420
0
100
AcDbPolyline
 90
2
 70
0
 43
0.8257822222222222
 10
1052.1512555555555
 20
244.24922222222224
 10
1052.1512555555555
 20
204.2498666666667
  0
LWPOLYLINE
  5
560
330
17
100
AcDbEntity
  8
PERIPHERY
370
25
420
0
100
AcDbPolyline
 90
2
 70
0
 43
0.8235244444444444
 10
1053.7994333333334
 20
244.24922222222224
 10
1053.7994333333334
 20
204.2498666666667
  0
LWPOLYLINE
  5
561
330
17
100
AcDbEntity
  8
PERIPHERY
370
25
420
0
100
AcDbPolyline
 90
2
 70
0
 43
0.8212666666666665
 10
1055.4447888888888
 20
244.24922222222224
 10
1055.4447888888888
 20
204.2498666666667
  0
LWPOLYLINE
  5
562
330
17
100
AcDbEntity
  8
PERIPHERY
370
25
420
0
100
AcDbPolyline
 90
2
 70
0
 43
0.8190088888888889
 10
1057.0845
 20
244.24922222222224
 10
1057.0845
 20
204.2498666666667
  0
LWPOLYLINE
  5
563
330
17
100
AcDbEntity
  8
PERIPHERY
370
25
420
0
100
AcDbPolyline
 90
2
 70
0
 43
0.816751111111111
 10
1058.7213888888887
 20
244.24922222222224
 10
1058.7213888888887
 20
204.2498666666667
  0
LWPOLYLINE
  5
564
330
17
100
AcDbEntity
  8
PERIPHERY
370
25
420
0
100
AcDbPolyline
 90
2
 70
0
 43
0.8146344444444444
 10
1060.3540444444443
 20
244.24922222222224
 10
1060.3540444444443
 20
204.2498666666667
  0
LWPOLYLINE
  5
565
330
17
100
AcDbEntity
  8
PERIPHERY
370
25
420
0
100
AcDbPolyline
 90
2
 70
0
 43
0.8125177777777777
 10
1061.9796444444444
 20
244.24922222222224
 10
1061.9796444444444
 20
204.2498666666667
  0
LWPOLYLINE
  5
566
330
17
100
AcDbEntity
  8
PERIPHERY
370
25
420
0
100
AcDbPolyline
 90
2
 70
0
 43
0.81026
 10
1063.6024222222222
 20
244.24922222222224
 10
1063.6024222222222
 20
204.2498666666667
  0
LWPOLYLINE
  5
567
330
17
100
AcDbEntity
  8
PERIPHERY
370
25
420
0
100
AcDbPolyline
 90
2
 70
0
 43
0.8081433333333332
 10
1065.2209666666665
 20
244.24922222222224
 10
1065.2209666666665
 20
204.2498666666667
  0
LWPOLYLINE
  5
568
330
17
100
AcDbEntity
  8
PERIPHERY
370
25
420
0
100
AcDbPolyline
 90
2
 70
0
 43
0.8060266666666667
 10
1066.8352777777777
 20
244.24922222222224
 10
1066.8352777777777
 20
204.2498666666667
  0
LWPOLYLINE
  5
569
330
17
100
AcDbEntity
  8
PERIPHERY
370
25
420
0
100
AcDbPolyline
 90
2
 70
0
 43
0.8039099999999999
 10
1068.4453555555556
 20
244.24922222222224
 10
1068.4453555555556
 20
204.2498666666667
  0
LWPOLYLINE
  5
56A
330
17
100
AcDbEntity
  8
PERIPHERY
370
25
420
0
100
AcDbPolyline
 90
2
 70
0
 43
0.8019344444444444
 10
1070.052611111111
 20
244.24922222222224
 10
1070.052611111111
 20
204.2498666666667
  0
TEXT
  5
56B
330
17
100
AcDbEntity
  8
LABELS
 62
250
100
AcDbText
 10
506.77628444444434
 20
182.13874333333334
 30
0.0
 40
16.93333333333333
  1
1
 11
506.77628444444434
 21
182.13874333333334
 31
0.0
100
AcDbText
  0
TEXT
  5
56C
330
17
100
AcDbEntity
  8
LABELS
 62
250
100
AcDbText
 10
631.2207622222221
 20
182.13874333333334
 30
0.0
 40
16.93333333333333
  1
3
 11
631.2207622222221
 21
182.13874333333334
 31
0.0
100
AcDbText
  0
TEXT
  5
56D
330
17
100
AcDbEntity
  8
LABELS
 62
250
100
AcDbText
 10
755.6645344444444
 20
182.13874333333334
 30
0.0
 40
16.93333333333333
  1
5
 11
755.6645344444444
 21
182.13874333333334
 31
0.0
100
AcDbText
  0
TEXT
  5
56E
330
17
100
AcDbEntity
  8
LABELS
 62
250
100
AcDbText
 10
880.1088711111111
 20
182.13874333333334
 30
0.0
 40
16.93333333333333
  1
7
 11
880.1088711111111
 21
182.13874333333334
 31
0.0
100
AcDbText
  0
TEXT
  5
56F
330
17
100
AcDbEntity
  8
LABELS
 62
250
100
AcDbText
 10
1004.5526433333332
 20
182.13874333333334
 30
0.0
 40
16.93333333333333
  1
9
 11
1004.5526433333332
 21
182.13874333333334
 31
0.0
100
AcDbText
  0
TEXT
  5
570
330
17
100
AcDbEntity
  8
LABELS
 62
250
100
AcDbText
 10
1062.4316233333334
 20
182.13874333333334
 30
0.0
 40
16.93333333333333
  1
10
 11
1062.4316233333334
 21
182.13874333333334
 31
0.0
100
AcDbText
  0
TEXT
  5
571
330
17
100
AcDbEntity
  8
LABELS
 62
250
100
AcDbText
 10
942.3313922222221
 20
182.13874333333334
 30
0.0
 40
16.93333333333333
  1
8
 11
942.3313922222221
 21
182.13874333333334
 31
0.0
100
AcDbText
  0
TEXT
  5
572
330
17
100
AcDbEntity
  8
LABELS
 62
250
100
AcDbText
 10
817.88635
 20
182.13874333333334
 30
0.0
 40
16.93333333333333
  1
6
 11
817.88635
 21
182.13874333333334
 31
0.0
100
AcDbText
  0
TEXT
  5
573
330
17
100
AcDbEntity
  8
LABELS
 62
250
100
AcDbText
 10
693.4425777777777
 20
182.13874333333334
 30
0.0
 40
16.93333333333333
  1
4
 11
693.4425777777777
 21
182.13874333333334
 31
0.0
100
AcDbText
  0
TEXT
  5
574
330
17
100
AcDbEntity
  8
LABELS
 62
250
100
AcDbText
 10
568.998241111111
 20
182.13874333333334
 30
0.0
 40
16.93333333333333
  1
2
 11
568.998241111111
 21
182.13874333333334
 31
0.0
100
AcDbText
  0
LWPOLYLINE
  5
575
330
17
100
AcDbEntity
  8
PERIPHERY
370
25
420
0
100
AcDbPolyline
 90
2
 70
0
 43
3.999935555555555
 10
447.11902222222216
 20
784.2504
 10
423.11884444444445
 20
784.2504
  0
LWPOLYLINE
  5
576
330
17
100
AcDbEntity
  8
PERIPHERY
370
25
420
0
100
AcDbPolyline
 90
2
 70
0
 43
3.999935555555555
 10
447.11902222222216
 20
722.0274555555555
 10
423.11884444444445
 20
722.0274555555555
  0
LWPOLYLINE
  5
577
330
17
100
AcDbEntity
  8
PERIPHERY
370
25
420
0
100
AcDbPolyline
 90
2
 70
0
 43
3.999935555555555
 10
447.11902222222216
 20
659.8059222222222
 10
423.11884444444445
 20
659.8059222222222
  0
LWPOLYLINE
  5
578
330
17
100
AcDbEntity
  8
PERIPHERY
370
25
420
0
100
AcDbPolyline
 90
2
 70
0
 43
3.999935555555555
 10
447.11902222222216
 20
597.5815666666666
 10
423.11884444444445
 20
597.5815666666666
  0
LWPOLYLINE
  5
579
330
17
100
AcDbEntity
  8
PERIPHERY
370
25
420
0
100
AcDbPolyline
 90
2
 70
0
 43
3.999935555555555
 10
447.11902222222216
 20
535.3614444444444
 10
423.11884444444445
 20
535.3614444444444
  0
LWPOLYLINE
  5
57A
330
17
100
AcDbEntity
  8
PERIPHERY
370
25
420
0
100
AcDbPolyline
 90
2
 70
0
 43
3.999935555555555
 10
447.11902222222216
 20
473.14132222222224
 10
423.11884444444445
 20
473.14132222222224
  0
LWPOLYLINE
  5
57B
330
17
100
AcDbEntity
  8
PERIPHERY
370
25
420
0
100
AcDbPolyline
 90
2
 70
0
 43
3.999935555555555
 10
447.11902222222216
 20
410.9183777777777
 10
423.11884444444445
 20
410.9183777777777
  0
LWPOLYLINE
  5
57C
330
17
100
AcDbEntity
  8
PERIPHERY
370
25
420
0
100
AcDbPolyline
 90
2
 70
0
 43
3.999935555555555
 10
447.11902222222216
 20
348.6968444444444
 10
423.11884444444445
 20
348.6968444444444
  0
LWPOLYLINE
  5
57D
330
17
100
AcDbEntity
  8
PERIPHERY
370
25
420
0
100
AcDbPolyline
 90
2
 70
0
 43
3.999935555555555
 10
447.11902222222216
 20
286.47248888888885
 10
423.11884444444445
 20
286.47248888888885
  0
LWPOLYLINE
  5
57E
330
17
100
AcDbEntity
  8
PERIPHERY
370
25
420
0
100
AcDbPolyline
 90
2
 70
0
 43
3.999935555555555
 10
447.11902222222216
 20
224.25095555555555
 10
423.11884444444445
 20
224.25095555555555
  0
LWPOLYLINE
  5
57F
330
17
100
AcDbEntity
  8
PERIPHERY
370
25
420
0
100
AcDbPolyline
 90
2
 70
0
 43
8.000012222222221
 10
471.1191999999999
 20
780.2498999999999
 10
431.11984444444437
 20
780.2498999999999
  0
LWPOLYLINE
  5
580
330
17
100
AcDbEntity
  8
PERIPHERY
370
25
420
0
100
AcDbPolyline
 90
2
 70
0
 43
6.438617777777777
 10
471.1191999999999
 20
765.9412333333332
 10
431.11984444444437
 20
765.9412333333332
  0
LWPOLYLINE
  5
581
330
17
100
AcDbEntity
  8
PERIPHERY
370
25
420
0
100
AcDbPolyline
 90
2
 70
0
 43
5.5497588888888885
 10
471.1191999999999
 20
754.0032333333332
 10
431.11984444444437
 20
754.0032333333332
  0
LWPOLYLINE
  5
582
330
17
100
AcDbEntity
  8
PERIPHERY
370
25
420
0
100
AcDbPolyline
 90
2
 70
0
 43
4.954552222222222
 10
471.1191999999999
 20
743.5257333333333
 10
431.11984444444437
 20
743.5257333333333
  0
LWPOLYLINE
  5
583
330
17
100
AcDbEntity
  8
PERIPHERY
370
25
420
0
100
AcDbPolyline
 90
2
 70
0
 43
4.519224444444444
 10
471.1191999999999
 20
734.0670555555555
 10
431.11984444444437
 20
734.0670555555555
  0
LWPOLYLINE
  5
584
330
17
100
AcDbEntity
  8
PERIPHERY
370
25
420
0
100
AcDbPolyline
 90
2
 70
0
 43
4.182815555555555
 10
471.1191999999999
 20
725.374611111111
 10
431.11984444444437
 20
725.374611111111
  0
LWPOLYLINE
  5
585
330
17
100
AcDbEntity
  8
PERIPHERY
370
25
420
0
100
AcDbPolyline
 90
2
 70
0
 43
3.9124466666666664
 10
471.1191999999999
 20
717.2861222222222
 10
431.11984444444437
 20
717.2861222222222
  0
LWPOLYLINE
  5
586
330
17
100
AcDbEntity
  8
PERIPHERY
370
25
420
0
100
AcDbPolyline
 90
2
 70
0
 43
3.6889266666666662
 10
471.1191999999999
 20
709.690111111111
 10
431.11984444444437
 20
709.690111111111
  0
LWPOLYLINE
  5
587
330
17
100
AcDbEntity
  8
PERIPHERY
370
25
420
0
100
AcDbPolyline
 90
2
 70
0
 43
3.5001199999999995
 10
471.1191999999999
 20
702.5047333333332
 10
431.11984444444437
 20
702.5047333333332
  0
LWPOLYLINE
  5
588
330
17
100
AcDbEntity
  8
PERIPHERY
370
25
420
0
100
AcDbPolyline
 90
2
 70
0
 43
3.337842222222222
 10
471.1191999999999
 20
695.6693111111111
 10
431.11984444444437
 20
695.6693111111111
  0
LWPOLYLINE
  5
589
330
17
100
AcDbEntity
  8
PERIPHERY
370
25
420
0
100
AcDbPolyline
 90
2
 70
0
 43
3.1963077777777773
 10
471.1191999999999
 20
689.1372777777777
 10
431.11984444444437
 20
689.1372777777777
  0
LWPOLYLINE
  5
58A
330
17
100
AcDbEntity
  8
PERIPHERY
370
25
420
0
100
AcDbPolyline
 90
2
 70
0
 43
3.0714244444444443
 10
471.1191999999999
 20
682.8719444444444
 10
431.11984444444437
 20
682.8719444444444
  0
LWPOLYLINE
  5
58B
330
17
100
AcDbEntity
  8
PERIPHERY
370
25
420
0
100
AcDbPolyline
 90
2
 70
0
 43
2.9603699999999997
 10
471.1191999999999
 20
676.8408555555555
 10
431.11984444444437
 20
676.8408555555555
  0
LWPOLYLINE
  5
58C
330
17
100
AcDbEntity
  8
PERIPHERY
370
25
420
0
100
AcDbPolyline
 90
2
 70
0
 43
2.8604633333333327
 10
471.1191999999999
 20
671.0214333333332
 10
431.11984444444437
 20
671.0214333333332
  0
LWPOLYLINE
  5
58D
330
17
100
AcDbEntity
  8
PERIPHERY
370
25
420
0
100
AcDbPolyline
 90
2
 70
0
 43
2.770152222222222
 10
471.1191999999999
 20
665.392511111111
 10
431.11984444444437
 20
665.392511111111
  0
LWPOLYLINE
  5
58E
330
17
100
AcDbEntity
  8
PERIPHERY
370
25
420
0
100
AcDbPolyline
 90
2
 70
0
 43
2.6878844444444443
 10
471.1191999999999
 20
659.9357444444444
 10
431.11984444444437
 20
659.9357444444444
  0
LWPOLYLINE
  5
58F
330
17
100
AcDbEntity
  8
PERIPHERY
370
25
420
0
100
AcDbPolyline
 90
2
 70
0
 43
2.6125311111111107
 10
471.1191999999999
 20
654.635611111111
 10
431.11984444444437
 20
654.635611111111
  0
LWPOLYLINE
  5
590
330
17
100
AcDbEntity
  8
PERIPHERY
370
25
420
0
100
AcDbPolyline
 90
2
 70
0
 43
2.5433866666666662
 10
471.1191999999999
 20
649.4808222222222
 10
431.11984444444437
 20
649.4808222222222
  0
LWPOLYLINE
  5
591
330
17
100
AcDbEntity
  8
PERIPHERY
370
25
420
0
100
AcDbPolyline
 90
2
 70
0
 43
2.4793222222222218
 10
471.1191999999999
 20
644.4586777777777
 10
431.11984444444437
 20
644.4586777777777
  0
LWPOLYLINE
  5
592
330
17
100
AcDbEntity
  8
PERIPHERY
370
25
420
0
100
AcDbPolyline
 90
2
 70
0
 43
2.4199144444444443
 10
471.1191999999999
 20
639.5592999999999
 10
431.11984444444437
 20
639.5592999999999
  0
LWPOLYLINE
  5
593
330
17
100
AcDbEntity
  8
PERIPHERY
370
25
420
0
100
AcDbPolyline
 90
2
 70
0
 43
2.3645988888888887
 10
471.1191999999999
 20
634.7756333333333
 10
431.11984444444437
 20
634.7756333333333
  0
LWPOLYLINE
  5
594
330
17
100
AcDbEntity
  8
PERIPHERY
370
25
420
0
100
AcDbPolyline
 90
2
 70
0
 43
2.312952222222222
 10
471.1191999999999
 20
630.0978
 10
431.11984444444437
 20
630.0978
  0
LWPOLYLINE
  5
595
330
17
100
AcDbEntity
  8
PERIPHERY
370
25
420
0
100
AcDbPolyline
 90
2
 70
0
 43
2.264551111111111
 10
471.1191999999999
 20
625.5215666666667
 10
431.11984444444437
 20
625.5215666666667
  0
LWPOLYLINE
  5
596
330
17
100
AcDbEntity
  8
PERIPHERY
370
25
420
0
100
AcDbPolyline
 90
2
 70
0
 43
2.218972222222222
 10
471.1191999999999
 20
621.0384666666666
 10
431.11984444444437
 20
621.0384666666666
  0
LWPOLYLINE
  5
597
330
17
100
AcDbEntity
  8
PERIPHERY
370
25
420
0
100
AcDbPolyline
 90
2
 70
0
 43
2.1762155555555553
 10
471.1191999999999
 20
616.6428555555555
 10
431.11984444444437
 20
616.6428555555555
  0
LWPOLYLINE
  5
598
330
17
100
AcDbEntity
  8
PERIPHERY
370
25
420
0
100
AcDbPolyline
 90
2
 70
0
 43
2.1357166666666667
 10
471.1191999999999
 20
612.3333222222221
 10
431.11984444444437
 20
612.3333222222221
  0
LWPOLYLINE
  5
599
330
17
100
AcDbEntity
  8
PERIPHERY
370
25
420
0
100
AcDbPolyline
 90
2
 70
0
 43
2.097475555555555
 10
471.1191999999999
 20
608.0999888888889
 10
431.11984444444437
 20
608.0999888888889
  0
LWPOLYLINE
  5
59A
330
17
100
AcDbEntity
  8
PERIPHERY
370
25
420
0
100
AcDbPolyline
 90
2
 70
0
 43
2.06121
 10
471.1191999999999
 20
603.9400333333332
 10
431.11984444444437
 20
603.9400333333332
  0
LWPOLYLINE
  5
59B
330
17
100
AcDbEntity
  8
PERIPHERY
370
25
420
0
100
AcDbPolyline
 90
2
 70
0
 43
2.0267788888888885
 10
471.1191999999999
 20
599.8534555555556
 10
431.11984444444437
 20
599.8534555555556
  0
LWPOLYLINE
  5
59C
330
17
100
AcDbEntity
  8
PERIPHERY
370
25
420
0
100
AcDbPolyline
 90
2
 70
0
 43
1.9938999999999998
 10
471.1191999999999
 20
595.8317888888888
 10
431.11984444444437
 20
595.8317888888888
  0
LWPOLYLINE
  5
59D
330
17
100
AcDbEntity
  8
PERIPHERY
370
25
420
0
100
AcDbPolyline
 90
2
 70
0
 43
1.9627144444444442
 10
471.1191999999999
 20
591.8778555555555
 10
431.11984444444437
 20
591.8778555555555
  0
LWPOLYLINE
  5
59E
330
17
100
AcDbEntity
  8
PERIPHERY
370
25
420
0
100
AcDbPolyline
 90
2
 70
0
 43
1.9329399999999997
 10
471.1191999999999
 20
587.9817777777778
 10
431.11984444444437
 20
587.9817777777778
  0
LWPOLYLINE
  5
59F
330
17
100
AcDbEntity
  8
PERIPHERY
370
25
420
0
100
AcDbPolyline
 90
2
 70
0
 43
1.9044355555555552
 10
471.1191999999999
 20
584.1449666666666
 10
431.11984444444437
 20
584.1449666666666
  0
LWPOLYLINE
  5
5A0
330
17
100
AcDbEntity
  8
PERIPHERY
370
25
420
0
100
AcDbPolyline
 90
2
 70
0
 43
1.8772011111111109
 10
471.1191999999999
 20
580.3631888888889
 10
431.11984444444437
 20
580.3631888888889
  0
LWPOLYLINE
  5
5A1
330
17
100
AcDbEntity
  8
PERIPHERY
370
25
420
0
100
AcDbPolyline
 90
2
 70
0
 43
1.8510955555555555
 10
471.1191999999999
 20
576.6350333333332
 10
431.11984444444437
 20
576.6350333333332
  0
LWPOLYLINE
  5
5A2
330
17
100
AcDbEntity
  8
PERIPHERY
370
25
420
0
100
AcDbPolyline
 90
2
 70
0
 43
1.8259777777777777
 10
471.1191999999999
 20
572.9576777777778
 10
431.11984444444437
 20
572.9576777777778
  0
LWPOLYLINE
  5
5A3
330
17
100
AcDbEntity
  8
PERIPHERY
370
25
420
0
100
AcDbPolyline
 90
2
 70
0
 43
1.8019888888888886
 10
471.1191999999999
 20
569.3311222222222
 10
431.11984444444437
 20
569.3311222222222
  0
LWPOLYLINE
  5
5A4
330
17
100
AcDbEntity
  8
PERIPHERY
370
25
420
0
100
AcDbPolyline
 90
2
 70
0
 43
1.7788466666666665
 10
471.1191999999999
 20
565.748311111111
 10
431.11984444444437
 20
565.748311111111
  0
LWPOLYLINE
  5
5A5
330
17
100
AcDbEntity
  8
PERIPHERY
370
25
420
0
100
AcDbPolyline
 90
2
 70
0
 43
1.7565511111111107
 10
471.1191999999999
 20
562.2148888888888
 10
431.11984444444437
 20
562.2148888888888
  0
LWPOLYLINE
  5
5A6
330
17
100
AcDbEntity
  8
PERIPHERY
370
25
420
0
100
AcDbPolyline
 90
2
 70
0
 43
1.735102222222222
 10
471.1191999999999
 20
558.7223888888889
 10
431.11984444444437
 20
558.7223888888889
  0
LWPOLYLINE
  5
5A7
330
17
100
AcDbEntity
  8
PERIPHERY
370
25
420
0
100
AcDbPolyline
 90
2
 70
0
 43
1.7145
 10
471.1191999999999
 20
555.2722222222221
 10
431.11984444444437
 20
555.2722222222221
  0
LWPOLYLINE
  5
5A8
330
17
100
AcDbEntity
  8
PERIPHERY
370
25
420
0
100
AcDbPolyline
 90
2
 70
0
 43
1.694462222222222
 10
471.1191999999999
 20
551.8629777777777
 10
431.11984444444437
 20
551.8629777777777
  0
LWPOLYLINE
  5
5A9
330
17
100
AcDbEntity
  8
PERIPHERY
370
25
420
0
100
AcDbPolyline
 90
2
 70
0
 43
1.675271111111111
 10
471.1191999999999
 20
548.4932444444445
 10
431.11984444444437
 20
548.4932444444445
  0
LWPOLYLINE
  5
5AA
330
17
100
AcDbEntity
  8
PERIPHERY
370
25
420
0
100
AcDbPolyline
 90
2
 70
0
 43
1.6566444444444441
 10
471.1191999999999
 20
545.161611111111
 10
431.11984444444437
 20
545.161611111111
  0
LWPOLYLINE
  5
5AB
330
17
100
AcDbEntity
  8
PERIPHERY
370
25
420
0
100
AcDbPolyline
 90
2
 70
0
 43
1.6385822222222222
 10
471.1191999999999
 20
541.8652555555556
 10
431.11984444444437
 20
541.8652555555556
  0
LWPOLYLINE
  5
5AC
330
17
100
AcDbEntity
  8
PERIPHERY
370
25
420
0
100
AcDbPolyline
 90
2
 70
0
 43
1.6210844444444443
 10
471.1191999999999
 20
538.607
 10
431.11984444444437
 20
538.607
  0
LWPOLYLINE
  5
5AD
330
17
100
AcDbEntity
  8
PERIPHERY
370
25
420
0
100
AcDbPolyline
 90
2
 70
0
 43
1.604292222222222
 10
471.1191999999999
 20
535.3797888888889
 10
431.11984444444437
 20
535.3797888888889
  0
LWPOLYLINE
  5
5AE
330
17
100
AcDbEntity
  8
PERIPHERY
370
25
420
0
100
AcDbPolyline
 90
2
 70
0
 43
1.5879233333333331
 10
471.1191999999999
 20
532.1892666666666
 10
431.11984444444437
 20
532.1892666666666
  0
LWPOLYLINE
  5
5AF
330
17
100
AcDbEntity
  8
PERIPHERY
370
25
420
0
100
AcDbPolyline
 90
2
 70
0
 43
1.5719777777777777
 10
471.1191999999999
 20
529.0297888888889
 10
431.11984444444437
 20
529.0297888888889
  0
LWPOLYLINE
  5
5B0
330
17
100
AcDbEntity
  8
PERIPHERY
370
25
420
0
100
AcDbPolyline
 90
2
 70
0
 43
1.5565966666666664
 10
471.1191999999999
 20
525.9027666666666
 10
431.11984444444437
 20
525.9027666666666
  0
LWPOLYLINE
  5
5B1
330
17
100
AcDbEntity
  8
PERIPHERY
370
25
420
0
100
AcDbPolyline
 90
2
 70
0
 43
1.5416388888888888
 10
471.1191999999999
 20
522.8011444444444
 10
431.11984444444437
 20
522.8011444444444
  0
LWPOLYLINE
  5
5B2
330
17
100
AcDbEntity
  8
PERIPHERY
370
25
420
0
100
AcDbPolyline
 90
2
 70
0
 43
1.5271044444444444
 10
471.1191999999999
 20
519.7333888888888
 10
431.11984444444437
 20
519.7333888888888
  0
LWPOLYLINE
  5
5B3
330
17
100
AcDbEntity
  8
PERIPHERY
370
25
420
0
100
AcDbPolyline
 90
2
 70
0
 43
1.512852222222222
 10
471.1191999999999
 20
516.6938555555555
 10
431.11984444444437
 20
516.6938555555555
  0
LWPOLYLINE
  5
5B4
330
17
100
AcDbEntity
  8
PERIPHERY
370
25
420
0
100
AcDbPolyline
 90
2
 70
0
 43
1.4991644444444443
 10
471.1191999999999
 20
513.6811333333333
 10
431.11984444444437
 20
513.6811333333333
  0
LWPOLYLINE
  5
5B5
330
17
100
AcDbEntity
  8
PERIPHERY
370
25
420
0
100
AcDbPolyline
 90
2
 70
0
 43
1.4857588888888886
 10
471.1191999999999
 20
510.6966333333333
 10
431.11984444444437
 20
510.6966333333333
  0
LWPOLYLINE
  5
5B6
330
17
100
AcDbEntity
  8
PERIPHERY
370
25
420
0
100
AcDbPolyline
 90
2
 70
0
 43
1.4727766666666666
 10
471.1191999999999
 20
507.73894444444437
 10
431.11984444444437
 20
507.73894444444437
  0
LWPOLYLINE
  5
5B7
330
17
100
AcDbEntity
  8
PERIPHERY
370
25
420
0
100
AcDbPolyline
 90
2
 70
0
 43
1.4600766666666665
 10
471.1191999999999
 20
504.80665555555555
 10
431.11984444444437
 20
504.80665555555555
  0
LWPOLYLINE
  5
5B8
330
17
100
AcDbEntity
  8
PERIPHERY
370
25
420
0
100
AcDbPolyline
 90
2
 70
0
 43
1.4476588888888888
 10
471.1191999999999
 20
501.9011777777777
 10
431.11984444444437
 20
501.9011777777777
  0
LWPOLYLINE
  5
5B9
330
17
100
AcDbEntity
  8
PERIPHERY
370
25
420
0
100
AcDbPolyline
 90
2
 70
0
 43
1.4356644444444444
 10
471.1191999999999
 20
499.0182777777777
 10
431.11984444444437
 20
499.0182777777777
  0
LWPOLYLINE
  5
5BA
330
17
100
AcDbEntity
  8
PERIPHERY
370
25
420
0
100
AcDbPolyline
 90
2
 70
0
 43
1.423811111111111
 10
471.1191999999999
 20
496.1565444444444
 10
431.11984444444437
 20
496.1565444444444
  0
LWPOLYLINE
  5
5BB
330
17
100
AcDbEntity
  8
PERIPHERY
370
25
420
0
100
AcDbPolyline
 90
2
 70
0
 43
1.4123811111111109
 10
471.1191999999999
 20
493.3216222222222
 10
431.11984444444437
 20
493.3216222222222
  0
LWPOLYLINE
  5
5BC
330
17
100
AcDbEntity
  8
PERIPHERY
370
25
420
0
100
AcDbPolyline
 90
2
 70
0
 43
1.4010922222222222
 10
471.1191999999999
 20
490.5078666666666
 10
431.11984444444437
 20
490.5078666666666
  0
LWPOLYLINE
  5
5BD
330
17
100
AcDbEntity
  8
PERIPHERY
370
25
420
0
100
AcDbPolyline
 90
2
 70
0
 43
1.3902266666666665
 10
471.1191999999999
 20
487.7181
 10
431.11984444444437
 20
487.7181
  0
LWPOLYLINE
  5
5BE
330
17
100
AcDbEntity
  8
PERIPHERY
370
25
420
0
100
AcDbPolyline
 90
2
 70
0
 43
1.3795022222222222
 10
471.1191999999999
 20
484.9495
 10
431.11984444444437
 20
484.9495
  0
LWPOLYLINE
  5
5BF
330
17
100
AcDbEntity
  8
PERIPHERY
370
25
420
0
100
AcDbPolyline
 90
2
 70
0
 43
1.3690599999999997
 10
471.1191999999999
 20
482.1978333333333
 10
431.11984444444437
 20
482.1978333333333
  0
LWPOLYLINE
  5
5C0
330
17
100
AcDbEntity
  8
PERIPHERY
370
25
420
0
100
AcDbPolyline
 90
2
 70
0
 43
1.3588999999999998
 10
471.1191999999999
 20
479.4729777777777
 10
431.11984444444437
 20
479.4729777777777
  0
LWPOLYLINE
  5
5C1
330
17
100
AcDbEntity
  8
PERIPHERY
370
25
420
0
100
AcDbPolyline
 90
2
 70
0
 43
1.348881111111111
 10
471.1191999999999
 20
476.76364444444437
 10
431.11984444444437
 20
476.76364444444437
  0
LWPOLYLINE
  5
5C2
330
17
100
AcDbEntity
  8
PERIPHERY
370
25
420
0
100
AcDbPolyline
 90
2
 70
0
 43
1.3391444444444442
 10
471.1191999999999
 20
474.07547777777773
 10
431.11984444444437
 20
474.07547777777773
  0
LWPOLYLINE
  5
5C3
330
17
100
AcDbEntity
  8
PERIPHERY
370
25
420
0
100
AcDbPolyline
 90
2
 70
0
 43
1.329548888888889
 10
471.1191999999999
 20
471.40847777777776
 10
431.11984444444437
 20
471.40847777777776
  0
LWPOLYLINE
  5
5C4
330
17
100
AcDbEntity
  8
PERIPHERY
370
25
420
0
100
AcDbPolyline
 90
2
 70
0
 43
1.3202355555555554
 10
471.1191999999999
 20
468.75699999999995
 10
431.11984444444437
 20
468.75699999999995
  0
LWPOLYLINE
  5
5C5
330
17
100
AcDbEntity
  8
PERIPHERY
370
25
420
0
100
AcDbPolyline
 90
2
 70
0
 43
1.3110633333333332
 10
471.1191999999999
 20
466.12809999999996
 10
431.11984444444437
 20
466.12809999999996
  0
LWPOLYLINE
  5
5C6
330
17
100
AcDbEntity
  8
PERIPHERY
370
25
420
0
100
AcDbPolyline
 90
2
 70
0
 43
1.302032222222222
 10
471.1191999999999
 20
463.51189999999997
 10
431.11984444444437
 20
463.51189999999997
  0
LWPOLYLINE
  5
5C7
330
17
100
AcDbEntity
  8
PERIPHERY
370
25
420
0
100
AcDbPolyline
 90
2
 70
0
 43
1.2932833333333331
 10
471.1191999999999
 20
460.91827777777775
 10
431.11984444444437
 20
460.91827777777775
  0
LWPOLYLINE
  5
5C8
330
17
100
AcDbEntity
  8
PERIPHERY
370
25
420
0
100
AcDbPolyline
 90
2
 70
0
 43
1.2846755555555553
 10
471.1191999999999
 20
458.33876666666663
 10
431.11984444444437
 20
458.33876666666663
  0
LWPOLYLINE
  5
5C9
330
17
100
AcDbEntity
  8
PERIPHERY
370
25
420
0
100
AcDbPolyline
 90
2
 70
0
 43
1.2762088888888887
 10
471.1191999999999
 20
455.77901111111106
 10
431.11984444444437
 20
455.77901111111106
  0
LWPOLYLINE
  5
5CA
330
17
100
AcDbEntity
  8
PERIPHERY
370
25
420
0
100
AcDbPolyline
 90
2
 70
0
 43
1.2678833333333333
 10
471.1191999999999
 20
453.2347777777777
 10
431.11984444444437
 20
453.2347777777777
  0
LWPOLYLINE
  5
5CB
330
17
100
AcDbEntity
  8
PERIPHERY
370
25
420
0
100
AcDbPolyline
 90
2
 70
0
 43
1.259698888888889
 10
471.1191999999999
 20
450.70747777777774
 10
431.11984444444437
 20
450.70747777777774
  0
LWPOLYLINE
  5
5CC
330
17
100
AcDbEntity
  8
PERIPHERY
370
25
420
0
100
AcDbPolyline
 90
2
 70
0
 43
1.2517966666666664
 10
471.1191999999999
 20
448.1971111111111
 10
431.11984444444437
 20
448.1971111111111
  0
LWPOLYLINE
  5
5CD
330
17
100
AcDbEntity
  8
PERIPHERY
370
25
420
0
100
AcDbPolyline
 90
2
 70
0
 43
1.2440355555555556
 10
471.1191999999999
 20
445.69944444444445
 10
431.11984444444437
 20
445.69944444444445
  0
LWPOLYLINE
  5
5CE
330
17
100
AcDbEntity
  8
PERIPHERY
370
25
420
0
100
AcDbPolyline
 90
2
 70
0
 43
1.2362744444444442
 10
471.1191999999999
 20
443.2187111111111
 10
431.11984444444437
 20
443.2187111111111
  0
LWPOLYLINE
  5
5CF
330
17
100
AcDbEntity
  8
PERIPHERY
370
25
420
0
100
AcDbPolyline
 90
2
 70
0
 43
1.2287955555555554
 10
471.1191999999999
 20
440.7549111111111
 10
431.11984444444437
 20
440.7549111111111
  0
LWPOLYLINE
  5
5D0
330
17
100
AcDbEntity
  8
PERIPHERY
370
25
420
0
100
AcDbPolyline
 90
2
 70
0
 43
1.2213166666666666
 10
471.1191999999999
 20
438.3052222222222
 10
431.11984444444437
 20
438.3052222222222
  0
LWPOLYLINE
  5
5D1
330
17
100
AcDbEntity
  8
PERIPHERY
370
25
420
0
100
AcDbPolyline
 90
2
 70
0
 43
1.2141199999999999
 10
471.1191999999999
 20
435.86823333333325
 10
431.11984444444437
 20
435.86823333333325
  0
LWPOLYLINE
  5
5D2
330
17
100
AcDbEntity
  8
PERIPHERY
370
25
420
0
100
AcDbPolyline
 90
2
 70
0
 43
1.2069233333333331
 10
471.1191999999999
 20
433.44817777777774
 10
431.11984444444437
 20
433.44817777777774
  0
LWPOLYLINE
  5
5D3
330
17
100
AcDbEntity
  8
PERIPHERY
370
25
420
0
100
AcDbPolyline
 90
2
 70
0
 43
1.200008888888889
 10
471.1191999999999
 20
431.04223333333334
 10
431.11984444444437
 20
431.04223333333334
  0
LWPOLYLINE
  5
5D4
330
17
100
AcDbEntity
  8
PERIPHERY
370
25
420
0
100
AcDbPolyline
 90
2
 70
0
 43
1.1930944444444445
 10
471.1191999999999
 20
428.64757777777777
 10
431.11984444444437
 20
428.64757777777777
  0
LWPOLYLINE
  5
5D5
330
17
100
AcDbEntity
  8
PERIPHERY
370
25
420
0
100
AcDbPolyline
 90
2
 70
0
 43
1.186321111111111
 10
471.1191999999999
 20
426.2698555555555
 10
431.11984444444437
 20
426.2698555555555
  0
LWPOLYLINE
  5
5D6
330
17
100
AcDbEntity
  8
PERIPHERY
370
25
420
0
100
AcDbPolyline
 90
2
 70
0
 43
1.1796888888888888
 10
471.1191999999999
 20
423.9048333333333
 10
431.11984444444437
 20
423.9048333333333
  0
LWPOLYLINE
  5
5D7
330
17
100
AcDbEntity
  8
PERIPHERY
370
25
420
0
100
AcDbPolyline
 90
2
 70
0
 43
1.1730566666666666
 10
471.1191999999999
 20
421.5511
 10
431.11984444444437
 20
421.5511
  0
LWPOLYLINE
  5
5D8
330
17
100
AcDbEntity
  8
PERIPHERY
370
25
420
0
100
AcDbPolyline
 90
2
 70
0
 43
1.1665655555555554
 10
471.1191999999999
 20
419.21147777777776
 10
431.11984444444437
 20
419.21147777777776
  0
LWPOLYLINE
  5
5D9
330
17
100
AcDbEntity
  8
PERIPHERY
370
25
420
0
100
AcDbPolyline
 90
2
 70
0
 43
1.1603566666666665
 10
471.1191999999999
 20
416.88455555555555
 10
431.11984444444437
 20
416.88455555555555
  0
LWPOLYLINE
  5
5DA
330
17
100
AcDbEntity
  8
PERIPHERY
370
25
420
0
100
AcDbPolyline
 90
2
 70
0
 43
1.1540066666666664
 10
471.1191999999999
 20
414.57033333333334
 10
431.11984444444437
 20
414.57033333333334
  0
LWPOLYLINE
  5
5DB
330
17
100
AcDbEntity
  8
PERIPHERY
370
25
420
0
100
AcDbPolyline
 90
2
 70
0
 43
1.1479388888888888
 10
471.1191999999999
 20
412.26881111111106
 10
431.11984444444437
 20
412.26881111111106
  0
LWPOLYLINE
  5
5DC
330
17
100
AcDbEntity
  8
PERIPHERY
370
25
420
0
100
AcDbPolyline
 90
2
 70
0
 43
1.141871111111111
 10
471.1191999999999
 20
409.97857777777773
 10
431.11984444444437
 20
409.97857777777773
  0
LWPOLYLINE
  5
5DD
330
17
100
AcDbEntity
  8
PERIPHERY
370
25
420
0
100
AcDbPolyline
 90
2
 70
0
 43
1.1359444444444444
 10
471.1191999999999
 20
407.70104444444445
 10
431.11984444444437
 20
407.70104444444445
  0
LWPOLYLINE
  5
5DE
330
17
100
AcDbEntity
  8
PERIPHERY
370
25
420
0
100
AcDbPolyline
 90
2
 70
0
 43
1.1301588888888887
 10
471.1191999999999
 20
405.4333888888888
 10
431.11984444444437
 20
405.4333888888888
  0
LWPOLYLINE
  5
5DF
330
17
100
AcDbEntity
  8
PERIPHERY
370
25
420
0
100
AcDbPolyline
 90
2
 70
0
 43
1.1243733333333332
 10
471.1191999999999
 20
403.17843333333326
 10
431.11984444444437
 20
403.17843333333326
  0
LWPOLYLINE
  5
5E0
330
17
100
AcDbEntity
  8
PERIPHERY
370
25
420
0
100
AcDbPolyline
 90
2
 70
0
 43
1.1185877777777775
 10
471.1191999999999
 20
400.93758888888885
 10
431.11984444444437
 20
400.93758888888885
  0
LWPOLYLINE
  5
5E1
330
17
100
AcDbEntity
  8
PERIPHERY
370
25
420
0
100
AcDbPolyline
 90
2
 70
0
 43
1.1130844444444443
 10
471.1191999999999
 20
398.7052111111111
 10
431.11984444444437
 20
398.7052111111111
  0
LWPOLYLINE
  5
5E2
330
17
100
AcDbEntity
  8
PERIPHERY
370
25
420
0
100
AcDbPolyline
 90
2
 70
0
 43
1.1075811111111111
 10
471.1191999999999
 20
396.4841222222222
 10
431.11984444444437
 20
396.4841222222222
  0
LWPOLYLINE
  5
5E3
330
17
100
AcDbEntity
  8
PERIPHERY
370
25
420
0
100
AcDbPolyline
 90
2
 70
0
 43
1.1020777777777777
 10
471.1191999999999
 20
394.27432222222217
 10
431.11984444444437
 20
394.27432222222217
  0
LWPOLYLINE
  5
5E4
330
17
100
AcDbEntity
  8
PERIPHERY
370
25
420
0
100
AcDbPolyline
 90
2
 70
0
 43
1.0968566666666666
 10
471.1191999999999
 20
392.07439999999997
 10
431.11984444444437
 20
392.07439999999997
  0
LWPOLYLINE
  5
5E5
330
17
100
AcDbEntity
  8
PERIPHERY
370
25
420
0
100
AcDbPolyline
 90
2
 70
0
 43
1.0914944444444443
 10
471.1191999999999
 20
389.88576666666665
 10
431.11984444444437
 20
389.88576666666665
  0
LWPOLYLINE
  5
5E6
330
17
100
AcDbEntity
  8
PERIPHERY
370
25
420
0
100
AcDbPolyline
 90
2
 70
0
 43
1.0862733333333332
 10
471.1191999999999
 20
387.7084222222222
 10
431.11984444444437
 20
387.7084222222222
  0
LWPOLYLINE
  5
5E7
330
17
100
AcDbEntity
  8
PERIPHERY
370
25
420
0
100
AcDbPolyline
 90
2
 70
0
 43
1.0811933333333332
 10
471.1191999999999
 20
385.5423666666666
 10
431.11984444444437
 20
385.5423666666666
  0
LWPOLYLINE
  5
5E8
330
17
100
AcDbEntity
  8
PERIPHERY
370
25
420
0
100
AcDbPolyline
 90
2
 70
0
 43
1.076113333333333
 10
471.1191999999999
 20
383.38477777777774
 10
431.11984444444437
 20
383.38477777777774
  0
LWPOLYLINE
  5
5E9
330
17
100
AcDbEntity
  8
PERIPHERY
370
25
420
0
100
AcDbPolyline
 90
2
 70
0
 43
1.0711744444444444
 10
471.1191999999999
 20
381.23706666666664
 10
431.11984444444437
 20
381.23706666666664
  0
LWPOLYLINE
  5
5EA
330
17
100
AcDbEntity
  8
PERIPHERY
370
25
420
0
100
AcDbPolyline
 90
2
 70
0
 43
1.0662355555555556
 10
471.1191999999999
 20
379.0992333333333
 10
431.11984444444437
 20
379.0992333333333
  0
LWPOLYLINE
  5
5EB
330
17
100
AcDbEntity
  8
PERIPHERY
370
25
420
0
100
AcDbPolyline
 90
2
 70
0
 43
1.0614377777777777
 10
471.1191999999999
 20
376.97127777777774
 10
431.11984444444437
 20
376.97127777777774
  0
LWPOLYLINE
  5
5EC
330
17
100
AcDbEntity
  8
PERIPHERY
370
25
420
0
100
AcDbPolyline
 90
2
 70
0
 43
1.05664
 10
471.1191999999999
 20
374.85461111111107
 10
431.11984444444437
 20
374.85461111111107
  0
LWPOLYLINE
  5
5ED
330
17
100
AcDbEntity
  8
PERIPHERY
370
25
420
0
100
AcDbPolyline
 90
2
 70
0
 43
1.0519833333333333
 10
471.1191999999999
 20
372.7464111111111
 10
431.11984444444437
 20
372.7464111111111
  0
LWPOLYLINE
  5
5EE
330
17
100
AcDbEntity
  8
PERIPHERY
370
25
420
0
100
AcDbPolyline
 90
2
 70
0
 43
1.0473266666666665
 10
471.1191999999999
 20
370.64667777777777
 10
431.11984444444437
 20
370.64667777777777
  0
LWPOLYLINE
  5
5EF
330
17
100
AcDbEntity
  8
PERIPHERY
370
25
420
0
100
AcDbPolyline
 90
2
 70
0
 43
1.04267
 10
471.1191999999999
 20
368.5568222222222
 10
431.11984444444437
 20
368.5568222222222
  0
LWPOLYLINE
  5
5F0
330
17
100
AcDbEntity
  8
PERIPHERY
370
25
420
0
100
AcDbPolyline
 90
2
 70
0
 43
1.0381544444444444
 10
471.1191999999999
 20
366.47684444444445
 10
431.11984444444437
 20
366.47684444444445
  0
LWPOLYLINE
  5
5F1
330
17
100
AcDbEntity
  8
PERIPHERY
370
25
420
0
100
AcDbPolyline
 90
2
 70
0
 43
1.0336388888888888
 10
471.1191999999999
 20
364.40392222222215
 10
431.11984444444437
 20
364.40392222222215
  0
LWPOLYLINE
  5
5F2
330
17
100
AcDbEntity
  8
PERIPHERY
370
25
420
0
100
AcDbPolyline
 90
2
 70
0
 43
1.0292644444444443
 10
471.1191999999999
 20
362.3422888888889
 10
431.11984444444437
 20
362.3422888888889
  0
LWPOLYLINE
  5
5F3
330
17
100
AcDbEntity
  8
PERIPHERY
370
25
420
0
100
AcDbPolyline
 90
2
 70
0
 43
1.0248899999999999
 10
471.1191999999999
 20
360.2863
 10
431.11984444444437
 20
360.2863
  0
LWPOLYLINE
  5
5F4
330
17
100
AcDbEntity
  8
PERIPHERY
370
25
420
0
100
AcDbPolyline
 90
2
 70
0
 43
1.0206566666666665
 10
471.1191999999999
 20
358.2416
 10
431.11984444444437
 20
358.2416
  0
LWPOLYLINE
  5
5F5
330
17
100
AcDbEntity
  8
PERIPHERY
370
25
420
0
100
AcDbPolyline
 90
2
 70
0
 43
1.0164233333333332
 10
471.1191999999999
 20
356.2039555555555
 10
431.11984444444437
 20
356.2039555555555
  0
LWPOLYLINE
  5
5F6
330
17
100
AcDbEntity
  8
PERIPHERY
370
25
420
0
100
AcDbPolyline
 90
2
 70
0
 43
1.01219
 10
471.1191999999999
 20
354.1761888888888
 10
431.11984444444437
 20
354.1761888888888
  0
LWPOLYLINE
  5
5F7
330
17
100
AcDbEntity
  8
PERIPHERY
370
25
420
0
100
AcDbPolyline
 90
2
 70
0
 43
1.0079566666666666
 10
471.1191999999999
 20
352.1554777777778
 10
431.11984444444437
 20
352.1554777777778
  0
LWPOLYLINE
  5
5F8
330
17
100
AcDbEntity
  8
PERIPHERY
370
25
420
0
100
AcDbPolyline
 90
2
 70
0
 43
1.0038644444444444
 10
471.1191999999999
 20
350.1432333333333
 10
431.11984444444437
 20
350.1432333333333
  0
LWPOLYLINE
  5
5F9
330
17
100
AcDbEntity
  8
PERIPHERY
370
25
420
0
100
AcDbPolyline
 90
2
 70
0
 43
0.9999133333333332
 10
471.1191999999999
 20
348.13945555555557
 10
431.11984444444437
 20
348.13945555555557
  0
LWPOLYLINE
  5
5FA
330
17
100
AcDbEntity
  8
PERIPHERY
370
25
420
0
100
AcDbPolyline
 90
2
 70
0
 43
0.995821111111111
 10
471.1191999999999
 20
346.1441444444444
 10
431.11984444444437
 20
346.1441444444444
  0
LWPOLYLINE
  5
5FB
330
17
100
AcDbEntity
  8
PERIPHERY
370
25
420
0
100
AcDbPolyline
 90
2
 70
0
 43
0.992011111111111
 10
471.1191999999999
 20
344.1573
 10
431.11984444444437
 20
344.1573
  0
LWPOLYLINE
  5
5FC
330
17
100
AcDbEntity
  8
PERIPHERY
370
25
420
0
100
AcDbPolyline
 90
2
 70
0
 43
0.9880599999999999
 10
471.1191999999999
 20
342.1761
 10
431.11984444444437
 20
342.1761
  0
LWPOLYLINE
  5
5FD
330
17
100
AcDbEntity
  8
PERIPHERY
370
25
420
0
100
AcDbPolyline
 90
2
 70
0
 43
0.98425
 10
471.1191999999999
 20
340.20477777777774
 10
431.11984444444437
 20
340.20477777777774
  0
LWPOLYLINE
  5
5FE
330
17
100
AcDbEntity
  8
PERIPHERY
370
25
420
0
100
AcDbPolyline
 90
2
 70
0
 43
0.9804399999999999
 10
471.1191999999999
 20
338.24051111111106
 10
431.11984444444437
 20
338.24051111111106
  0
LWPOLYLINE
  5
5FF
330
17
100
AcDbEntity
  8
PERIPHERY
370
25
420
0
100
AcDbPolyline
 90
2
 70
0
 43
0.97663
 10
471.1191999999999
 20
336.28329999999994
 10
431.11984444444437
 20
336.28329999999994
  0
LWPOLYLINE
  5
600
330
17
100
AcDbEntity
  8
PERIPHERY
370
25
420
0
100
AcDbPolyline
 90
2
 70
0
 43
0.9728199999999999
 10
471.1191999999999
 20
334.3317333333333
 10
431.11984444444437
 20
334.3317333333333
  0
LWPOLYLINE
  5
601
330
17
100
AcDbEntity
  8
PERIPHERY
370
25
420
0
100
AcDbPolyline
 90
2
 70
0
 43
0.969151111111111
 10
471.1191999999999
 20
332.3914555555555
 10
431.11984444444437
 20
332.3914555555555
  0
LWPOLYLINE
  5
602
330
17
100
AcDbEntity
  8
PERIPHERY
370
25
420
0
100
AcDbPolyline
 90
2
 70
0
 43
0.9656233333333333
 10
471.1191999999999
 20
330.45682222222223
 10
431.11984444444437
 20
330.45682222222223
  0
LWPOLYLINE
  5
603
330
17
100
AcDbEntity
  8
PERIPHERY
370
25
420
0
100
AcDbPolyline
 90
2
 70
0
 43
0.9619544444444443
 10
471.1191999999999
 20
328.5278333333333
 10
431.11984444444437
 20
328.5278333333333
  0
LWPOLYLINE
  5
604
330
17
100
AcDbEntity
  8
PERIPHERY
370
25
420
0
100
AcDbPolyline
 90
2
 70
0
 43
0.9584266666666666
 10
471.1191999999999
 20
326.61013333333335
 10
431.11984444444437
 20
326.61013333333335
  0
LWPOLYLINE
  5
605
330
17
100
AcDbEntity
  8
PERIPHERY
370
25
420
0
100
AcDbPolyline
 90
2
 70
0
 43
0.9548988888888887
 10
471.1191999999999
 20
324.69384444444444
 10
431.11984444444437
 20
324.69384444444444
  0
LWPOLYLINE
  5
606
330
17
100
AcDbEntity
  8
PERIPHERY
370
25
420
0
100
AcDbPolyline
 90
2
 70
0
 43
0.9513711111111111
 10
471.1191999999999
 20
322.7902555555556
 10
431.11984444444437
 20
322.7902555555556
  0
LWPOLYLINE
  5
607
330
17
100
AcDbEntity
  8
PERIPHERY
370
25
420
0
100
AcDbPolyline
 90
2
 70
0
 43
0.9479844444444443
 10
471.1191999999999
 20
320.8909
 10
431.11984444444437
 20
320.8909
  0
LWPOLYLINE
  5
608
330
17
100
AcDbEntity
  8
PERIPHERY
370
25
420
0
100
AcDbPolyline
 90
2
 70
0
 43
0.9445977777777776
 10
471.1191999999999
 20
318.99718888888884
 10
431.11984444444437
 20
318.99718888888884
  0
LWPOLYLINE
  5
609
330
17
100
AcDbEntity
  8
PERIPHERY
370
25
420
0
100
AcDbPolyline
 90
2
 70
0
 43
0.9412111111111111
 10
471.1191999999999
 20
317.1119444444445
 10
431.11984444444437
 20
317.1119444444445
  0
LWPOLYLINE
  5
60A
330
17
100
AcDbEntity
  8
PERIPHERY
370
25
420
0
100
AcDbPolyline
 90
2
 70
0
 43
0.9378244444444443
 10
471.1191999999999
 20
315.2323444444444
 10
431.11984444444437
 20
315.2323444444444
  0
LWPOLYLINE
  5
60B
330
17
100
AcDbEntity
  8
PERIPHERY
370
25
420
0
100
AcDbPolyline
 90
2
 70
0
 43
0.9345788888888887
 10
471.1191999999999
 20
313.3612111111111
 10
431.11984444444437
 20
313.3612111111111
  0
LWPOLYLINE
  5
60C
330
17
100
AcDbEntity
  8
PERIPHERY
370
25
420
0
100
AcDbPolyline
 90
2
 70
0
 43
0.9313333333333332
 10
471.1191999999999
 20
311.4957222222222
 10
431.11984444444437
 20
311.4957222222222
  0
LWPOLYLINE
  5
60D
330
17
100
AcDbEntity
  8
PERIPHERY
370
25
420
0
100
AcDbPolyline
 90
2
 70
0
 43
0.9280877777777776
 10
471.1191999999999
 20
309.63446666666664
 10
431.11984444444437
 20
309.63446666666664
  0
LWPOLYLINE
  5
60E
330
17
100
AcDbEntity
  8
PERIPHERY
370
25
420
0
100
AcDbPolyline
 90
2
 70
0
 43
0.9248422222222221
 10
471.1191999999999
 20
307.7830888888888
 10
431.11984444444437
 20
307.7830888888888
  0
LWPOLYLINE
  5
60F
330
17
100
AcDbEntity
  8
PERIPHERY
370
25
420
0
100
AcDbPolyline
 90
2
 70
0
 43
0.9217377777777777
 10
471.1191999999999
 20
305.93594444444443
 10
431.11984444444437
 20
305.93594444444443
  0
LWPOLYLINE
  5
610
330
17
100
AcDbEntity
  8
PERIPHERY
370
25
420
0
100
AcDbPolyline
 90
2
 70
0
 43
0.9184922222222222
 10
471.1191999999999
 20
304.09444444444443
 10
431.11984444444437
 20
304.09444444444443
  0
LWPOLYLINE
  5
611
330
17
100
AcDbEntity
  8
PERIPHERY
370
25
420
0
100
AcDbPolyline
 90
2
 70
0
 43
0.9153877777777778
 10
471.1191999999999
 20
302.2628222222222
 10
431.11984444444437
 20
302.2628222222222
  0
LWPOLYLINE
  5
612
330
17
100
AcDbEntity
  8
PERIPHERY
370
25
420
0
100
AcDbPolyline
 90
2
 70
0
 43
0.9124244444444443
 10
471.1191999999999
 20
300.43261111111104
 10
431.11984444444437
 20
300.43261111111104
  0
LWPOLYLINE
  5
613
330
17
100
AcDbEntity
  8
PERIPHERY
370
25
420
0
100
AcDbPolyline
 90
2
 70
0
 43
0.9093199999999999
 10
471.1191999999999
 20
298.6108666666666
 10
431.11984444444437
 20
298.6108666666666
  0
LWPOLYLINE
  5
614
330
17
100
AcDbEntity
  8
PERIPHERY
370
25
420
0
100
AcDbPolyline
 90
2
 70
0
 43
0.9063566666666666
 10
471.1191999999999
 20
296.79758888888887
 10
431.11984444444437
 20
296.79758888888887
  0
LWPOLYLINE
  5
615
330
17
100
AcDbEntity
  8
PERIPHERY
370
25
420
0
100
AcDbPolyline
 90
2
 70
0
 43
0.9033933333333333
 10
471.1191999999999
 20
294.9857222222222
 10
431.11984444444437
 20
294.9857222222222
  0
LWPOLYLINE
  5
616
330
17
100
AcDbEntity
  8
PERIPHERY
370
25
420
0
100
AcDbPolyline
 90
2
 70
0
 43
0.90043
 10
471.1191999999999
 20
293.1837333333333
 10
431.11984444444437
 20
293.1837333333333
  0
LWPOLYLINE
  5
617
330
17
100
AcDbEntity
  8
PERIPHERY
370
25
420
0
100
AcDbPolyline
 90
2
 70
0
 43
0.8974666666666666
 10
471.1191999999999
 20
291.3845666666666
 10
431.11984444444437
 20
291.3845666666666
  0
LWPOLYLINE
  5
618
330
17
100
AcDbEntity
  8
PERIPHERY
370
25
420
0
100
AcDbPolyline
 90
2
 70
0
 43
0.8946444444444444
 10
471.1191999999999
 20
289.59245555555555
 10
431.11984444444437
 20
289.59245555555555
  0
LWPOLYLINE
  5
619
330
17
100
AcDbEntity
  8
PERIPHERY
370
25
420
0
100
AcDbPolyline
 90
2
 70
0
 43
0.891681111111111
 10
471.1191999999999
 20
287.80740000000003
 10
431.11984444444437
 20
287.80740000000003
  0
LWPOLYLINE
  5
61A
330
17
100
AcDbEntity
  8
PERIPHERY
370
25
420
0
100
AcDbPolyline
 90
2
 70
0
 43
0.8888588888888889
 10
471.1191999999999
 20
286.0265777777778
 10
431.11984444444437
 20
286.0265777777778
  0
LWPOLYLINE
  5
61B
330
17
100
AcDbEntity
  8
PERIPHERY
370
25
420
0
100
AcDbPolyline
 90
2
 70
0
 43
0.8860366666666666
 10
471.1191999999999
 20
284.25139999999993
 10
431.11984444444437
 20
284.25139999999993
  0
LWPOLYLINE
  5
61C
330
17
100
AcDbEntity
  8
PERIPHERY
370
25
420
0
100
AcDbPolyline
 90
2
 70
0
 43
0.8833555555555554
 10
471.1191999999999
 20
282.4818666666667
 10
431.11984444444437
 20
282.4818666666667
  0
LWPOLYLINE
  5
61D
330
17
100
AcDbEntity
  8
PERIPHERY
370
25
420
0
100
AcDbPolyline
 90
2
 70
0
 43
0.8805333333333333
 10
471.1191999999999
 20
280.7179777777778
 10
431.11984444444437
 20
280.7179777777778
  0
LWPOLYLINE
  5
61E
330
17
100
AcDbEntity
  8
PERIPHERY
370
25
420
0
100
AcDbPolyline
 90
2
 70
0
 43
0.8778522222222221
 10
471.1191999999999
 20
278.9597333333333
 10
431.11984444444437
 20
278.9597333333333
  0
LWPOLYLINE
  5
61F
330
17
100
AcDbEntity
  8
PERIPHERY
370
25
420
0
100
AcDbPolyline
 90
2
 70
0
 43
0.8750299999999999
 10
471.1191999999999
 20
277.20713333333333
 10
431.11984444444437
 20
277.20713333333333
  0
LWPOLYLINE
  5
620
330
17
100
AcDbEntity
  8
PERIPHERY
370
25
420
0
100
AcDbPolyline
 90
2
 70
0
 43
0.8723488888888887
 10
471.1191999999999
 20
275.4601777777778
 10
431.11984444444437
 20
275.4601777777778
  0
LWPOLYLINE
  5
621
330
17
100
AcDbEntity
  8
PERIPHERY
370
25
420
0
100
AcDbPolyline
 90
2
 70
0
 43
0.8698088888888887
 10
471.1191999999999
 20
273.71745555555555
 10
431.11984444444437
 20
273.71745555555555
  0
LWPOLYLINE
  5
622
330
17
100
AcDbEntity
  8
PERIPHERY
370
25
420
0
100
AcDbPolyline
 90
2
 70
0
 43
0.8671277777777777
 10
471.1191999999999
 20
271.98178888888884
 10
431.11984444444437
 20
271.98178888888884
  0
LWPOLYLINE
  5
623
330
17
100
AcDbEntity
  8
PERIPHERY
370
25
420
0
100
AcDbPolyline
 90
2
 70
0
 43
0.8644466666666666
 10
471.1191999999999
 20
270.2475333333333
 10
431.11984444444437
 20
270.2475333333333
  0
LWPOLYLINE
  5
624
330
17
100
AcDbEntity
  8
PERIPHERY
370
25
420
0
100
AcDbPolyline
 90
2
 70
0
 43
0.8619066666666666
 10
471.1191999999999
 20
268.5231555555555
 10
431.11984444444437
 20
268.5231555555555
  0
LWPOLYLINE
  5
625
330
17
100
AcDbEntity
  8
PERIPHERY
370
25
420
0
100
AcDbPolyline
 90
2
 70
0
 43
0.8593666666666666
 10
471.1191999999999
 20
266.8001888888889
 10
431.11984444444437
 20
266.8001888888889
  0
LWPOLYLINE
  5
626
330
17
100
AcDbEntity
  8
PERIPHERY
370
25
420
0
100
AcDbPolyline
 90
2
 70
0
 43
0.8568266666666665
 10
471.1191999999999
 20
265.08568888888885
 10
431.11984444444437
 20
265.08568888888885
  0
LWPOLYLINE
  5
627
330
17
100
AcDbEntity
  8
PERIPHERY
370
25
420
0
100
AcDbPolyline
 90
2
 70
0
 43
0.8542866666666666
 10
471.1191999999999
 20
263.37401111111103
 10
431.11984444444437
 20
263.37401111111103
  0
LWPOLYLINE
  5
628
330
17
100
AcDbEntity
  8
PERIPHERY
370
25
420
0
100
AcDbPolyline
 90
2
 70
0
 43
0.8517466666666667
 10
471.1191999999999
 20
261.6679777777777
 10
431.11984444444437
 20
261.6679777777777
  0
LWPOLYLINE
  5
629
330
17
100
AcDbEntity
  8
PERIPHERY
370
25
420
0
100
AcDbPolyline
 90
2
 70
0
 43
0.8493477777777777
 10
471.1191999999999
 20
259.9647666666666
 10
431.11984444444437
 20
259.9647666666666
  0
LWPOLYLINE
  5
62A
330
17
100
AcDbEntity
  8
PERIPHERY
370
25
420
0
100
AcDbPolyline
 90
2
 70
0
 43
0.8468077777777776
 10
471.1191999999999
 20
258.2700222222221
 10
431.11984444444437
 20
258.2700222222221
  0
LWPOLYLINE
  5
62B
330
17
100
AcDbEntity
  8
PERIPHERY
370
25
420
0
100
AcDbPolyline
 90
2
 70
0
 43
0.8444088888888889
 10
471.1191999999999
 20
256.57809999999995
 10
431.11984444444437
 20
256.57809999999995
  0
LWPOLYLINE
  5
62C
330
17
100
AcDbEntity
  8
PERIPHERY
370
25
420
0
100
AcDbPolyline
 90
2
 70
0
 43
0.8420099999999999
 10
471.1191999999999
 20
254.89041111111104
 10
431.11984444444437
 20
254.89041111111104
  0
LWPOLYLINE
  5
62D
330
17
100
AcDbEntity
  8
PERIPHERY
370
25
420
0
100
AcDbPolyline
 90
2
 70
0
 43
0.839611111111111
 10
471.1191999999999
 20
253.20977777777784
 10
431.11984444444437
 20
253.20977777777784
  0
LWPOLYLINE
  5
62E
330
17
100
AcDbEntity
  8
PERIPHERY
370
25
420
0
100
AcDbPolyline
 90
2
 70
0
 43
0.8372122222222222
 10
471.1191999999999
 20
251.5333777777777
 10
431.11984444444437
 20
251.5333777777777
  0
LWPOLYLINE
  5
62F
330
17
100
AcDbEntity
  8
PERIPHERY
370
25
420
0
100
AcDbPolyline
 90
2
 70
0
 43
0.8349544444444443
 10
471.1191999999999
 20
249.8612111111111
 10
431.11984444444437
 20
249.8612111111111
  0
LWPOLYLINE
  5
630
330
17
100
AcDbEntity
  8
PERIPHERY
370
25
420
0
100
AcDbPolyline
 90
2
 70
0
 43
0.8325555555555554
 10
471.1191999999999
 20
248.19327777777775
 10
431.11984444444437
 20
248.19327777777775
  0
LWPOLYLINE
  5
631
330
17
100
AcDbEntity
  8
PERIPHERY
370
25
420
0
100
AcDbPolyline
 90
2
 70
0
 43
0.8302977777777777
 10
471.1191999999999
 20
246.53239999999994
 10
431.11984444444437
 20
246.53239999999994
  0
LWPOLYLINE
  5
632
330
17
100
AcDbEntity
  8
PERIPHERY
370
25
420
0
100
AcDbPolyline
 90
2
 70
0
 43
0.8280399999999999
 10
471.1191999999999
 20
244.87293333333338
 10
431.11984444444437
 20
244.87293333333338
  0
LWPOLYLINE
  5
633
330
17
100
AcDbEntity
  8
PERIPHERY
370
25
420
0
100
AcDbPolyline
 90
2
 70
0
 43
0.8257822222222222
 10
471.1191999999999
 20
243.21911111111112
 10
431.11984444444437
 20
243.21911111111112
  0
LWPOLYLINE
  5
634
330
17
100
AcDbEntity
  8
PERIPHERY
370
25
420
0
100
AcDbPolyline
 90
2
 70
0
 43
0.8235244444444444
 10
471.1191999999999
 20
241.57093333333333
 10
431.11984444444437
 20
241.57093333333333
  0
LWPOLYLINE
  5
635
330
17
100
AcDbEntity
  8
PERIPHERY
370
25
420
0
100
AcDbPolyline
 90
2
 70
0
 43
0.8212666666666665
 10
471.1191999999999
 20
239.9255777777777
 10
431.11984444444437
 20
239.9255777777777
  0
LWPOLYLINE
  5
636
330
17
100
AcDbEntity
  8
PERIPHERY
370
25
420
0
100
AcDbPolyline
 90
2
 70
0
 43
0.8190088888888889
 10
471.1191999999999
 20
238.2858666666667
 10
431.11984444444437
 20
238.2858666666667
  0
LWPOLYLINE
  5
637
330
17
100
AcDbEntity
  8
PERIPHERY
370
25
420
0
100
AcDbPolyline
 90
2
 70
0
 43
0.816751111111111
 10
471.1191999999999
 20
236.64897777777767
 10
431.11984444444437
 20
236.64897777777767
  0
LWPOLYLINE
  5
638
330
17
100
AcDbEntity
  8
PERIPHERY
370
25
420
0
100
AcDbPolyline
 90
2
 70
0
 43
0.8146344444444444
 10
471.1191999999999
 20
235.01632222222224
 10
431.11984444444437
 20
235.01632222222224
  0
LWPOLYLINE
  5
639
330
17
100
AcDbEntity
  8
PERIPHERY
370
25
420
0
100
AcDbPolyline
 90
2
 70
0
 43
0.8125177777777777
 10
471.1191999999999
 20
233.39072222222217
 10
431.11984444444437
 20
233.39072222222217
  0
LWPOLYLINE
  5
63A
330
17
100
AcDbEntity
  8
PERIPHERY
370
25
420
0
100
AcDbPolyline
 90
2
 70
0
 43
0.81026
 10
471.1191999999999
 20
231.76794444444442
 10
431.11984444444437
 20
231.76794444444442
  0
LWPOLYLINE
  5
63B
330
17
100
AcDbEntity
  8
PERIPHERY
370
25
420
0
100
AcDbPolyline
 90
2
 70
0
 43
0.8081433333333332
 10
471.1191999999999
 20
230.14939999999993
 10
431.11984444444437
 20
230.14939999999993
  0
LWPOLYLINE
  5
63C
330
17
100
AcDbEntity
  8
PERIPHERY
370
25
420
0
100
AcDbPolyline
 90
2
 70
0
 43
0.8060266666666667
 10
471.1191999999999
 20
228.5350888888888
 10
431.11984444444437
 20
228.5350888888888
  0
LWPOLYLINE
  5
63D
330
17
100
AcDbEntity
  8
PERIPHERY
370
25
420
0
100
AcDbPolyline
 90
2
 70
0
 43
0.8039099999999999
 10
471.1191999999999
 20
226.92501111111108
 10
431.11984444444437
 20
226.92501111111108
  0
LWPOLYLINE
  5
63E
330
17
100
AcDbEntity
  8
PERIPHERY
370
25
420
0
100
AcDbPolyline
 90
2
 70
0
 43
0.8019344444444444
 10
471.1191999999999
 20
225.3177555555555
 10
431.11984444444437
 20
225.3177555555555
  0
TEXT
  5
63F
330
17
100
AcDbEntity
  8
LABELS
 62
250
100
AcDbText
 10
407.58998999999994
 20
779.658221111111
 30
0.0
 40
16.93333333333333
  1
1
 11
407.58998999999994
 21
779.658221111111
 31
0.0
100
AcDbText
  0
TEXT
  5
640
330
17
100
AcDbEntity
  8
LABELS
 62
250
100
AcDbText
 10
407.58998999999994
 20
655.0098377777778
 30
0.0
 40
16.93333333333333
  1
3
 11
407.58998999999994
 21
655.0098377777778
 31
0.0
100
AcDbText
  0
TEXT
  5
641
330
17
100
AcDbEntity
  8
LABELS
 62
250
100
AcDbText
 10
407.58998999999994
 20
530.3621599999999
 30
0.0
 40
16.93333333333333
  1
5
 11
407.58998999999994
 21
530.3621599999999
 31
0.0
100
AcDbText
  0
TEXT
  5
642
330
17
100
AcDbEntity
  8
LABELS
 62
250
100
AcDbText
 10
407.58998999999994
 20
405.7144822222222
 30
0.0
 40
16.93333333333333
  1
7
 11
407.58998999999994
 21
405.7144822222222
 31
0.0
100
AcDbText
  0
TEXT
  5
643
330
17
100
AcDbEntity
  8
LABELS
 62
250
100
AcDbText
 10
407.58998999999994
 20
281.0668044444444
 30
0.0
 40
16.93333333333333
  1
9
 11
407.58998999999994
 21
281.0668044444444
 31
0.0
100
AcDbText
  0
TEXT
  5
644
330
17
100
AcDbEntity
  8
LABELS
 62
250
100
AcDbText
 10
403.2470133333333
 20
218.74225999999993
 30
0.0
 40
16.93333333333333
  1
10
 11
403.2470133333333
 21
218.74225999999993
 31
0.0
100
AcDbText
  0
TEXT
  5
645
330
17
100
AcDbEntity
  8
LABELS
 62
250
100
AcDbText
 10
407.58998999999994
 20
343.38993777777773
 30
0.0
 40
16.93333333333333
  1
8
 11
407.58998999999994
 21
343.38993777777773
 31
0.0
100
AcDbText
  0
TEXT
  5
646
330
17
100
AcDbEntity
  8
LABELS
 62
250
100
AcDbText
 10
407.58998999999994
 20
468.0390266666666
 30
0.0
 40
16.93333333333333
  1
6
 11
407.58998999999994
 21
468.0390266666666
 31
0.0
100
AcDbText
  0
TEXT
  5
647
330
17
100
AcDbEntity
  8
LABELS
 62
250
100
AcDbText
 10
407.58998999999994
 20
592.6859988888888
 30
0.0
 40
16.93333333333333
  1
4
 11
407.58998999999994
 21
592.6859988888888
 31
0.0
100
AcDbText
  0
TEXT
  5
648
330
17
100
AcDbEntity
  8
LABELS
 62
250
100
AcDbText
 10
407.58998999999994
 20
717.3343822222222
 30
0.0
 40
16.93333333333333
  1
2
 11
407.58998999999994
 21
717.3343822222222
 31
0.0
100
AcDbText
  0
TEXT
  5
649
330
17
100
AcDbEntity
  8
LABELS
 62
250
100
AcDbText
 10
8.514926666666666
 20
4.234038888888872
 30
0.0
 40
14.111111111111109
  1
Drawn by Stephen H. Westin  ©Cornell University
 11
8.514926666666666
 21
4.234038888888872
 31
0.0
100
AcDbText
  0
ENDSEC
  0
SECTION
  2
OBJECTS
  0
DICTIONARY
  5
A
330
0
100
AcDbDictionary
281
1
  3
ACAD_COLOR
350
B
  3
ACAD_GROUP
350
C
  3
ACAD_LAYOUT
350
D
  3
ACAD_MATERIAL
350
E
  3
ACAD_MLEADERSTYLE
350
F
  3
ACAD_MLINESTYLE
350
10
  3
ACAD_PLOTSETTINGS
350
11
  3
ACAD_PLOTSTYLENAME
350
12
  3
ACAD_SCALELIST
350
14
  3
ACAD_TABLESTYLE
350
15
  3
ACAD_VISUALSTYLE
350
16
  3
EZDXF_META
350
2D
  0
DICTIONARY
  5
B
330
A
100
AcDbDictionary
281
1
  0
DICTIONARY
  5
C
330
A
100
AcDbDictionary
281
1
  0
DICTIONARY
  5
D
330
A
100
AcDbDictionary
281
1
  3
Model
350
1A
  3
Layout1
350
1E
  0
DICTIONARY
  5
E
330
A
100
AcDbDictionary
281
1
  3
ByBlock
350
1F
  3
ByLayer
350
20
  3
Global
350
21
  0
DICTIONARY
  5
F
330
A
100
AcDbDictionary
281
1
  3
Standard
350
2C
  0
DICTIONARY
  5
10
330
A
100
AcDbDictionary
281
1
  3
Standard
350
22
  0
DICTIONARY
  5
11
330
A
100
AcDbDictionary
281
1
  0
ACDBDICTIONARYWDFLT
  5
12
330
A
100
AcDbDictionary
281
1
  3
Normal
350
13
100
AcDbDictionaryWithDefault
340
13
  0
ACDBPLACEHOLDER
  5
13
330
12
  0
DICTIONARY
  5
14
330
A
100
AcDbDictionary
281
1
  0
DICTIONARY
  5
15
330
A
100
AcDbDictionary
281
1
  0
DICTIONARY
  5
16
330
A
100
AcDbDictionary
281
1
  3
2dWireframe
350
5A
  3
Basic
350
5B
  3
Brighten
350
5C
  3
ColorChange
350
5D
  3
Conceptual
350
5E
  3
Dim
350
5F
  3
EdgeColorOff
350
60
  3
Facepattern
350
61
  3
Flat
350
62
  3
FlatWithEdges
350
63
  3
Gouraud
350
64
  3
GouraudWithEdges
350
65
  3
Hidden
350
66
  3
JitterOff
350
67
  3
Linepattern
350
68
  3
Modeling
350
69
  3
OverhangOff
350
6A
  3
Realistic
350
6B
  3
Shaded
350
6C
  3
Shaded with edges
350
6D
  3
Shades of Gray
350
6E
  3
Sketchy
350
6F
  3
Thicken
350
70
  3
Wireframe
350
71
  3
X-Ray
350
72
  0
LAYOUT
  5
1A
330
D
100
AcDbPlotSettings
  1

  4
A3
  6

 40
7.5
 41
20.0
 42
7.5
 43
20.0
 44
420.0
 45
297.0
 46
0.0
 47
0.0
 48
0.0
 49
0.0
140
0.0
141
0.0
142
1.0
143
1.0
 70
1024
 72
1
 73
0
 74
5
  7

 75
16
 76
0
 77
2
 78
300
147
1.0
148
0.0
149
0.0
100
AcDbLayout
  1
Model
 70
1
 71
0
 10
0.0
 20
0.0
 11
420.0
 21
297.0
 12
0.0
 22
0.0
 32
0.0
 14
1e+20
 24
1e+20
 34
1e+20
 15
-1e+20
 25
-1e+20
 35
-1e+20
146
0.0
 13
0.0
 23
0.0
 33
0.0
 16
1.0
 26
0.0
 36
0.0
 17
0.0
 27
1.0
 37
0.0
 76
1
330
17
  0
LAYOUT
  5
1E
330
D
100
AcDbPlotSettings
  1

  4
A3
  6

 40
7.5
 41
20.0
 42
7.5
 43
20.0
 44
420.0
 45
297.0
 46
0.0
 47
0.0
 48
0.0
 49
0.0
140
0.0
141
0.0
142
1.0
143
1.0
 70
0
 72
1
 73
0
 74
5
  7

 75
16
 76
0
 77
2
 78
300
147
1.0
148
0.0
149
0.0
100
AcDbLayout
  1
Layout1
 70
1
 71
1
 10
0.0
 20
0.0
 11
420.0
 21
297.0
 12
0.0
 22
0.0
 32
0.0
 14
1e+20
 24
1e+20
 34
1e+20
 15
-1e+20
 25
-1e+20
 35
-1e+20
146
0.0
 13
0.0
 23
0.0
 33
0.0
 16
1.0
 26
0.0
 36
0.0
 17
0.0
 27
1.0
 37
0.0
 76
1
330
1B
  0
MATERIAL
  5
1F
102
{ACAD_REACTORS
330
E
102
}
330
E
100
AcDbMaterial
  1
ByBlock
  2

 70
0
 40
1.0
 71
1
 41
1.0
 91
-1023410177
 42
1.0
 72
1
  3

 73
1
 74
1
 75
1
 44
0.5
 73
0
 45
1.0
 46
1.0
 77
1
  4

 78
1
 79
1
170
1
 48
1.0
171
1
  6

172
1
173
1
174
1
140
1.0
141
1.0
175
1
  7

176
1
177
1
178
1
143
1.0
179
1
  8

270
1
271
1
272
1
145
1.0
146
1.0
273
1
  9

274
1
275
1
276
1
 42
1.0
 72
1
  3

 73
1
 74
1
 75
1
 94
63
  0
MATERIAL
  5
20
102
{ACAD_REACTORS
330
E
102
}
330
E
100
AcDbMaterial
  1
ByLayer
  2

 70
0
 40
1.0
 71
1
 41
1.0
 91
-1023410177
 42
1.0
 72
1
  3

 73
1
 74
1
 75
1
 44
0.5
 73
0
 45
1.0
 46
1.0
 77
1
  4

 78
1
 79
1
170
1
 48
1.0
171
1
  6

172
1
173
1
174
1
140
1.0
141
1.0
175
1
  7

176
1
177
1
178
1
143
1.0
179
1
  8

270
1
271
1
272
1
145
1.0
146
1.0
273
1
  9

274
1
275
1
276
1
 42
1.0
 72
1
  3

 73
1
 74
1
 75
1
 94
63
  0
MATERIAL
  5
21
102
{ACAD_REACTORS
330
E
102
}
330
E
100
AcDbMaterial
  1
Global
  2

 70
0
 40
1.0
 71
1
 41
1.0
 91
-1023410177
 42
1.0
 72
1
  3

 73
1
 74
1
 75
1
 44
0.5
 73
0
 45
1.0
 46
1.0
 77
1
  4

 78
1
 79
1
170
1
 48
1.0
171
1
  6

172
1
173
1
174
1
140
1.0
141
1.0
175
1
  7

176
1
177
1
178
1
143
1.0
179
1
  8

270
1
271
1
272
1
145
1.0
146
1.0
273
1
  9

274
1
275
1
276
1
 42
1.0
 72
1
  3

 73
1
 74
1
 75
1
 94
63
  0
MLINESTYLE
  5
22
102
{ACAD_REACTORS
330
10
102
}
330
10
100
AcDbMlineStyle
  2
Standard
 70
0
  3

 62
256
 51
90.0
 52
90.0
 71
2
 49
0.5
 62
256
  6
BYLAYER
 49
-0.5
 62
256
  6
BYLAYER
  0
MLEADERSTYLE
  5
2C
102
{ACAD_REACTORS
330
F
102
}
330
F
100
AcDbMLeaderStyle
179
2
170
2
171
1
172
0
 90
2
 40
0.0
 41
0.0
173
1
 91
-1056964608
 92
-2
290
1
 42
2.0
291
1
 43
8.0
  3
Standard
 44
4.0
300

342
29
174
1
175
1
176
0
178
1
 93
-1056964608
 45
4.0
292
0
297
0
 46
4.0
 94
-1056964608
 47
1.0
 49
1.0
140
1.0
294
1
141
0.0
177
0
142
1.0
295
0
296
0
143
3.75
271
0
272
9
273
9
  0
DICTIONARY
  5
2D
330
A
100
AcDbDictionary
280
1
281
1
  3
CREATED_BY_EZDXF
350
2E
  3
WRITTEN_BY_EZDXF
350
64C
  0
DICTIONARYVAR
  5
2E
330
2D
100
DictionaryVariables
280
0
  1
1.4.4 @ 2026-08-24T02:36:13.160259+00:00
  0
VISUALSTYLE
  5
5A
102
{ACAD_REACTORS
330
16
102
}
330
16
100
AcDbVisualStyle
  2
2dWireframe
 70
4
177
3
291
0
 70
58
 90
2
176
1
 90
2
176
1
 90
0
176
1
 90
0
176
1
 40
0.6
176
1
 40
30.0
176
1
 62
7
420
16777215
176
1
 90
1
176
1
 90
4
176
1
 62
7
176
1
 62
257
176
1
 90
1
176
1
 90
1
176
1
 40
1.0
176
1
 90
8
176
1
 62
7
176
1
 40
1.0
176
1
 90
1
176
1
 90
6
176
1
 90
2
176
1
 62
7
176
1
 90
5
176
1
 90
0
176
1
 90
0
176
1
290
0
176
1
 90
1
176
1
 40
0.0
176
1
 90
0
176
1
290
1
176
1
290
1
176
1
290
0
176
1
290
0
176
1
290
0
176
1
290
0
176
1
290
0
176
1
290
0
176
1
290
0
176
1
 90
50
176
1
 40
0.0
176
1
 40
1.0
176
1
 90
0
176
1
 62
18
420
0
176
1
 90
50
176
1
 90
3
176
1
 62
5
420
255
176
1
290
0
176
1
 90
50
176
1
 90
50
176
1
 90
50
176
1
290
0
176
1
 90
50
176
1
 62
256
176
0
 40
1.0
176
0
 90
2
176
1
  1
strokes_ogs.tif
176
1
290
0
176
1
 40
1.0
176
1
 40
1.0
176
1
  0
VISUALSTYLE
  5
5B
102
{ACAD_REACTORS
330
16
102
}
330
16
100
AcDbVisualStyle
  2
Basic
 70
7
177
3
291
1
 70
58
 90
2
176
1
 90
2
176
1
 90
0
176
1
 90
1
176
1
 40
0.6
176
1
 40
30.0
176
1
 62
7
420
16777215
176
1
 90
1
176
1
 90
4
176
1
 62
7
176
1
 62
257
176
1
 90
1
176
1
 90
1
176
1
 40
1.0
176
1
 90
8
176
1
 62
7
176
1
 40
1.0
176
1
 90
1
176
1
 90
6
176
1
 90
2
176
1
 62
7
176
1
 90
5
176
1
 90
0
176
1
 90
0
176
1
290
0
176
1
 90
1
176
1
 40
0.0
176
1
 90
0
176
1
290
0
176
1
290
1
176
1
290
1
176
1
290
0
176
1
290
0
176
1
290
0
176
1
290
0
176
1
290
0
176
1
290
0
176
1
 90
50
176
1
 40
0.0
176
1
 40
1.0
176
1
 90
0
176
1
 62
18
420
0
176
1
 90
50
176
1
 90
3
176
1
 62
5
420
255
176
1
290
0
176
1
 90
50
176
1
 90
50
176
1
 90
50
176
1
290
0
176
1
 90
50
176
1
 62
256
176
0
 40
1.0
176
0
 90
2
176
1
  1
strokes_ogs.tif
176
1
290
0
176
1
 40
1.0
176
1
 40
1.0
176
1
  0
VISUALSTYLE
  5
5C
102
{ACAD_REACTORS
330
16
102
}
330
16
100
AcDbVisualStyle
  2
Brighten
 70
12
177
3
291
1
 70
58
 90
2
176
1
 90
2
176
1
 90
0
176
1
 90
2
176
1
 40
0.6
176
1
 40
30.0
176
1
 62
7
420
16777215
176
1
 90
1
176
1
 90
4
176
1
 62
7
176
1
 62
257
176
1
 90
1
176
1
 90
1
176
1
 40
1.0
176
1
 90
8
176
1
 62
7
176
1
 40
1.0
176
1
 90
1
176
1
 90
6
176
1
 90
2
176
1
 62
7
176
1
 90
5
176
1
 90
0
176
1
 90
0
176
1
290
0
176
1
 90
1
176
1
 40
0.0
176
1
 90
0
176
1
290
0
176
1
290
1
176
1
290
1
176
1
290
0
176
1
290
0
176
1
290
0
176
1
290
0
176
1
290
0
176
1
290
0
176
1
 90
50
176
1
 40
0.0
176
1
 40
1.0
176
1
 90
0
176
1
 62
18
420
0
176
1
 90
50
176
1
 90
3
176
1
 62
5
420
255
176
1
290
0
176
1
 90
50
176
1
 90
50
176
1
 90
50
176
1
290
0
176
1
 90
50
176
1
 62
256
176
0
 40
1.0
176
0
 90
2
176
1
  1
strokes_ogs.tif
176
1
290
0
176
1
 40
1.0
176
1
 40
1.0
176
1
  0
VISUALSTYLE
  5
5D
102
{ACAD_REACTORS
330
16
102
}
330
16
100
AcDbVisualStyle
  2
ColorChange
 70
16
177
3
291
1
 70
58
 90
2
176
1
 90
2
176
1
 90
0
176
1
 90
2
176
1
 40
0.6
176
1
 40
30.0
176
1
 62
7
420
16777215
176
1
 90
1
176
1
 90
4
176
1
 62
7
176
1
 62
257
176
1
 90
1
176
1
 90
1
176
1
 40
1.0
176
1
 90
8
176
1
 62
7
176
1
 40
1.0
176
1
 90
1
176
1
 90
6
176
1
 90
2
176
1
 62
7
176
1
 90
5
176
1
 90
0
176
1
 90
0
176
1
290
0
176
1
 90
1
176
1
 40
0.0
176
1
 90
0
176
1
290
0
176
1
290
1
176
1
290
1
176
1
290
0
176
1
290
0
176
1
290
0
176
1
290
0
176
1
290
0
176
1
290
0
176
1
 90
50
176
1
 40
0.0
176
1
 40
1.0
176
1
 90
0
176
1
 62
18
420
0
176
1
 90
50
176
1
 90
3
176
1
 62
5
420
255
176
1
290
0
176
1
 90
50
176
1
 90
50
176
1
 90
50
176
1
290
0
176
1
 90
50
176
1
 62
256
176
0
 40
1.0
176
0
 90
2
176
1
  1
strokes_ogs.tif
176
1
290
0
176
1
 40
1.0
176
1
 40
1.0
176
1
  0
VISUALSTYLE
  5
5E
102
{ACAD_REACTORS
330
16
102
}
330
16
100
AcDbVisualStyle
  2
Conceptual
 70
9
177
3
291
0
 70
58
 90
2
176
1
 90
2
176
1
 90
0
176
1
 90
3
176
1
 40
0.6
176
1
 40
30.0
176
1
 62
7
420
16777215
176
1
 90
1
176
1
 90
4
176
1
 62
7
176
1
 62
257
176
1
 90
1
176
1
 90
1
176
1
 40
1.0
176
1
 90
8
176
1
 62
7
176
1
 40
1.0
176
1
 90
1
176
1
 90
6
176
1
 90
2
176
1
 62
7
176
1
 90
5
176
1
 90
0
176
1
 90
0
176
1
290
0
176
1
 90
1
176
1
 40
0.0
176
1
 90
0
176
1
290
0
176
1
290
1
176
1
290
1
176
1
290
0
176
1
290
0
176
1
290
0
176
1
290
0
176
1
290
0
176
1
290
0
176
1
 90
50
176
1
 40
0.0
176
1
 40
1.0
176
1
 90
0
176
1
 62
18
420
0
176
1
 90
50
176
1
 90
3
176
1
 62
5
420
255
176
1
290
0
176
1
 90
50
176
1
 90
50
176
1
 90
50
176
1
290
0
176
1
 90
50
176
1
 62
256
176
0
 40
1.0
176
0
 90
2
176
1
  1
strokes_ogs.tif
176
1
290
0
176
1
 40
1.0
176
1
 40
1.0
176
1
  0
VISUALSTYLE
  5
5F
102
{ACAD_REACTORS
330
16
102
}
330
16
100
AcDbVisualStyle
  2
Dim
 70
11
177
3
291
1
 70
58
 90
2
176
1
 90
2
176
1
 90
0
176
1
 90
2
176
1
 40
0.6
176
1
 40
30.0
176
1
 62
7
420
16777215
176
1
 90
1
176
1
 90
4
176
1
 62
7
176
1
 62
257
176
1
 90
1
176
1
 90
1
176
1
 40
1.0
176
1
 90
8
176
1
 62
7
176
1
 40
1.0
176
1
 90
1
176
1
 90
6
176
1
 90
2
176
1
 62
7
176
1
 90
5
176
1
 90
0
176
1
 90
0
176
1
290
0
176
1
 90
1
176
1
 40
0.0
176
1
 90
0
176
1
290
0
176
1
290
1
176
1
290
1
176
1
290
0
176
1
290
0
176
1
290
0
176
1
290
0
176
1
290
0
176
1
290
0
176
1
 90
50
176
1
 40
0.0
176
1
 40
1.0
176
1
 90
0
176
1
 62
18
420
0
176
1
 90
50
176
1
 90
3
176
1
 62
5
420
255
176
1
290
0
176
1
 90
50
176
1
 90
50
176
1
 90
50
176
1
290
0
176
1
 90
50
176
1
 62
256
176
0
 40
1.0
176
0
 90
2
176
1
  1
strokes_ogs.tif
176
1
290
0
176
1
 40
1.0
176
1
 40
1.0
176
1
  0
VISUALSTYLE
  5
60
102
{ACAD_REACTORS
330
16
102
}
330
16
100
AcDbVisualStyle
  2
EdgeColorOff
 70
22
177
3
291
1
 70
58
 90
2
176
1
 90
2
176
1
 90
0
176
1
 90
2
176
1
 40
0.6
176
1
 40
30.0
176
1
 62
7
420
16777215
176
1
 90
1
176
1
 90
4
176
1
 62
7
176
1
 62
257
176
1
 90
1
176
1
 90
1
176
1
 40
1.0
176
1
 90
8
176
1
 62
7
176
1
 40
1.0
176
1
 90
1
176
1
 90
6
176
1
 90
2
176
1
 62
7
176
1
 90
5
176
1
 90
0
176
1
 90
0
176
1
290
0
176
1
 90
1
176
1
 40
0.0
176
1
 90
0
176
1
290
0
176
1
290
1
176
1
290
1
176
1
290
0
176
1
290
0
176
1
290
0
176
1
290
0
176
1
290
0
176
1
290
0
176
1
 90
50
176
1
 40
0.0
176
1
 40
1.0
176
1
 90
0
176
1
 62
18
420
0
176
1
 90
50
176
1
 90
3
176
1
 62
5
420
255
176
1
290
0
176
1
 90
50
176
1
 90
50
176
1
 90
50
176
1
290
0
176
1
 90
50
176
1
 62
256
176
0
 40
1.0
176
0
 90
2
176
1
  1
strokes_ogs.tif
176
1
290
0
176
1
 40
1.0
176
1
 40
1.0
176
1
  0
VISUALSTYLE
  5
61
102
{ACAD_REACTORS
330
16
102
}
330
16
100
AcDbVisualStyle
  2
Facepattern
 70
15
177
3
291
1
 70
58
 90
2
176
1
 90
2
176
1
 90
0
176
1
 90
2
176
1
 40
0.6
176
1
 40
30.0
176
1
 62
7
420
16777215
176
1
 90
1
176
1
 90
4
176
1
 62
7
176
1
 62
257
176
1
 90
1
176
1
 90
1
176
1
 40
1.0
176
1
 90
8
176
1
 62
7
176
1
 40
1.0
176
1
 90
1
176
1
 90
6
176
1
 90
2
176
1
 62
7
176
1
 90
5
176
1
 90
0
176
1
 90
0
176
1
290
0
176
1
 90
1
176
1
 40
0.0
176
1
 90
0
176
1
290
0
176
1
290
1
176
1
290
1
176
1
290
0
176
1
290
0
176
1
290
0
176
1
290
0
176
1
290
0
176
1
290
0
176
1
 90
50
176
1
 40
0.0
176
1
 40
1.0
176
1
 90
0
176
1
 62
18
420
0
176
1
 90
50
176
1
 90
3
176
1
 62
5
420
255
176
1
290
0
176
1
 90
50
176
1
 90
50
176
1
 90
50
176
1
290
0
176
1
 90
50
176
1
 62
256
176
0
 40
1.0
176
0
 90
2
176
1
  1
strokes_ogs.tif
176
1
290
0
176
1
 40
1.0
176
1
 40
1.0
176
1
  0
VISUALSTYLE
  5
62
102
{ACAD_REACTORS
330
16
102
}
330
16
100
AcDbVisualStyle
  2
Flat
 70
0
177
3
291
1
 70
58
 90
2
176
1
 90
2
176
1
 90
0
176
1
 90
2
176
1
 40
0.6
176
1
 40
30.0
176
1
 62
7
420
16777215
176
1
 90
1
176
1
 90
4
176
1
 62
7
176
1
 62
257
176
1
 90
1
176
1
 90
1
176
1
 40
1.0
176
1
 90
8
176
1
 62
7
176
1
 40
1.0
176
1
 90
1
176
1
 90
6
176
1
 90
2
176
1
 62
7
176
1
 90
5
176
1
 90
0
176
1
 90
0
176
1
290
0
176
1
 90
1
176
1
 40
0.0
176
1
 90
0
176
1
290
0
176
1
290
1
176
1
290
1
176
1
290
0
176
1
290
0
176
1
290
0
176
1
290
0
176
1
290
0
176
1
290
0
176
1
 90
50
176
1
 40
0.0
176
1
 40
1.0
176
1
 90
0
176
1
 62
18
420
0
176
1
 90
50
176
1
 90
3
176
1
 62
5
420
255
176
1
290
0
176
1
 90
50
176
1
 90
50
176
1
 90
50
176
1
290
0
176
1
 90
50
176
1
 62
256
176
0
 40
1.0
176
0
 90
2
176
1
  1
strokes_ogs.tif
176
1
290
0
176
1
 40
1.0
176
1
 40
1.0
176
1
  0
VISUALSTYLE
  5
63
102
{ACAD_REACTORS
330
16
102
}
330
16
100
AcDbVisualStyle
  2
FlatWithEdges
 70
1
177
3
291
1
 70
58
 90
2
176
1
 90
2
176
1
 90
0
176
1
 90
2
176
1
 40
0.6
176
1
 40
30.0
176
1
 62
7
420
16777215
176
1
 90
1
176
1
 90
4
176
1
 62
7
176
1
 62
257
176
1
 90
1
176
1
 90
1
176
1
 40
1.0
176
1
 90
8
176
1
 62
7
176
1
 40
1.0
176
1
 90
1
176
1
 90
6
176
1
 90
2
176
1
 62
7
176
1
 90
5
176
1
 90
0
176
1
 90
0
176
1
290
0
176
1
 90
1
176
1
 40
0.0
176
1
 90
0
176
1
290
0
176
1
290
1
176
1
290
1
176
1
290
0
176
1
290
0
176
1
290
0
176
1
290
0
176
1
290
0
176
1
290
0
176
1
 90
50
176
1
 40
0.0
176
1
 40
1.0
176
1
 90
0
176
1
 62
18
420
0
176
1
 90
50
176
1
 90
3
176
1
 62
5
420
255
176
1
290
0
176
1
 90
50
176
1
 90
50
176
1
 90
50
176
1
290
0
176
1
 90
50
176
1
 62
256
176
0
 40
1.0
176
0
 90
2
176
1
  1
strokes_ogs.tif
176
1
290
0
176
1
 40
1.0
176
1
 40
1.0
176
1
  0
VISUALSTYLE
  5
64
102
{ACAD_REACTORS
330
16
102
}
330
16
100
AcDbVisualStyle
  2
Gouraud
 70
2
177
3
291
1
 70
58
 90
2
176
1
 90
2
176
1
 90
0
176
1
 90
2
176
1
 40
0.6
176
1
 40
30.0
176
1
 62
7
420
16777215
176
1
 90
1
176
1
 90
4
176
1
 62
7
176
1
 62
257
176
1
 90
1
176
1
 90
1
176
1
 40
1.0
176
1
 90
8
176
1
 62
7
176
1
 40
1.0
176
1
 90
1
176
1
 90
6
176
1
 90
2
176
1
 62
7
176
1
 90
5
176
1
 90
0
176
1
 90
0
176
1
290
0
176
1
 90
1
176
1
 40
0.0
176
1
 90
0
176
1
290
0
176
1
290
1
176
1
290
1
176
1
290
0
176
1
290
0
176
1
290
0
176
1
290
0
176
1
290
0
176
1
290
0
176
1
 90
50
176
1
 40
0.0
176
1
 40
1.0
176
1
 90
0
176
1
 62
18
420
0
176
1
 90
50
176
1
 90
3
176
1
 62
5
420
255
176
1
290
0
176
1
 90
50
176
1
 90
50
176
1
 90
50
176
1
290
0
176
1
 90
50
176
1
 62
256
176
0
 40
1.0
176
0
 90
2
176
1
  1
strokes_ogs.tif
176
1
290
0
176
1
 40
1.0
176
1
 40
1.0
176
1
  0
VISUALSTYLE
  5
65
102
{ACAD_REACTORS
330
16
102
}
330
16
100
AcDbVisualStyle
  2
GouraudWithEdges
 70
3
177
3
291
1
 70
58
 90
2
176
1
 90
2
176
1
 90
0
176
1
 90
2
176
1
 40
0.6
176
1
 40
30.0
176
1
 62
7
420
16777215
176
1
 90
1
176
1
 90
4
176
1
 62
7
176
1
 62
257
176
1
 90
1
176
1
 90
1
176
1
 40
1.0
176
1
 90
8
176
1
 62
7
176
1
 40
1.0
176
1
 90
1
176
1
 90
6
176
1
 90
2
176
1
 62
7
176
1
 90
5
176
1
 90
0
176
1
 90
0
176
1
290
0
176
1
 90
1
176
1
 40
0.0
176
1
 90
0
176
1
290
0
176
1
290
1
176
1
290
1
176
1
290
0
176
1
290
0
176
1
290
0
176
1
290
0
176
1
290
0
176
1
290
0
176
1
 90
50
176
1
 40
0.0
176
1
 40
1.0
176
1
 90
0
176
1
 62
18
420
0
176
1
 90
50
176
1
 90
3
176
1
 62
5
420
255
176
1
290
0
176
1
 90
50
176
1
 90
50
176
1
 90
50
176
1
290
0
176
1
 90
50
176
1
 62
256
176
0
 40
1.0
176
0
 90
2
176
1
  1
strokes_ogs.tif
176
1
290
0
176
1
 40
1.0
176
1
 40
1.0
176
1
  0
VISUALSTYLE
  5
66
102
{ACAD_REACTORS
330
16
102
}
330
16
100
AcDbVisualStyle
  2
Hidden
 70
6
177
3
291
0
 70
58
 90
2
176
1
 90
2
176
1
 90
0
176
1
 90
1
176
1
 40
0.6
176
1
 40
30.0
176
1
 62
7
420
16777215
176
1
 90
1
176
1
 90
4
176
1
 62
7
176
1
 62
257
176
1
 90
1
176
1
 90
1
176
1
 40
1.0
176
1
 90
8
176
1
 62
7
176
1
 40
1.0
176
1
 90
1
176
1
 90
6
176
1
 90
2
176
1
 62
7
176
1
 90
5
176
1
 90
0
176
1
 90
0
176
1
290
0
176
1
 90
1
176
1
 40
0.0
176
1
 90
0
176
1
290
0
176
1
290
1
176
1
290
1
176
1
290
0
176
1
290
0
176
1
290
0
176
1
290
0
176
1
290
0
176
1
290
0
176
1
 90
50
176
1
 40
0.0
176
1
 40
1.0
176
1
 90
0
176
1
 62
18
420
0
176
1
 90
50
176
1
 90
3
176
1
 62
5
420
255
176
1
290
0
176
1
 90
50
176
1
 90
50
176
1
 90
50
176
1
290
0
176
1
 90
50
176
1
 62
256
176
0
 40
1.0
176
0
 90
2
176
1
  1
strokes_ogs.tif
176
1
290
0
176
1
 40
1.0
176
1
 40
1.0
176
1
  0
VISUALSTYLE
  5
67
102
{ACAD_REACTORS
330
16
102
}
330
16
100
AcDbVisualStyle
  2
JitterOff
 70
20
177
3
291
1
 70
58
 90
2
176
1
 90
2
176
1
 90
0
176
1
 90
2
176
1
 40
0.6
176
1
 40
30.0
176
1
 62
7
420
16777215
176
1
 90
1
176
1
 90
4
176
1
 62
7
176
1
 62
257
176
1
 90
1
176
1
 90
1
176
1
 40
1.0
176
1
 90
8
176
1
 62
7
176
1
 40
1.0
176
1
 90
1
176
1
 90
6
176
1
 90
2
176
1
 62
7
176
1
 90
5
176
1
 90
0
176
1
 90
0
176
1
290
0
176
1
 90
1
176
1
 40
0.0
176
1
 90
0
176
1
290
0
176
1
290
1
176
1
290
1
176
1
290
0
176
1
290
0
176
1
290
0
176
1
290
0
176
1
290
0
176
1
290
0
176
1
 90
50
176
1
 40
0.0
176
1
 40
1.0
176
1
 90
0
176
1
 62
18
420
0
176
1
 90
50
176
1
 90
3
176
1
 62
5
420
255
176
1
290
0
176
1
 90
50
176
1
 90
50
176
1
 90
50
176
1
290
0
176
1
 90
50
176
1
 62
256
176
0
 40
1.0
176
0
 90
2
176
1
  1
strokes_ogs.tif
176
1
290
0
176
1
 40
1.0
176
1
 40
1.0
176
1
  0
VISUALSTYLE
  5
68
102
{ACAD_REACTORS
330
16
102
}
330
16
100
AcDbVisualStyle
  2
Linepattern
 70
14
177
3
291
1
 70
58
 90
2
176
1
 90
2
176
1
 90
0
176
1
 90
2
176
1
 40
0.6
176
1
 40
30.0
176
1
 62
7
420
16777215
176
1
 90
1
176
1
 90
4
176
1
 62
7
176
1
 62
257
176
1
 90
1
176
1
 90
1
176
1
 40
1.0
176
1
 90
8
176
1
 62
7
176
1
 40
1.0
176
1
 90
1
176
1
 90
6
176
1
 90
2
176
1
 62
7
176
1
 90
5
176
1
 90
0
176
1
 90
0
176
1
290
0
176
1
 90
1
176
1
 40
0.0
176
1
 90
0
176
1
290
0
176
1
290
1
176
1
290
1
176
1
290
0
176
1
290
0
176
1
290
0
176
1
290
0
176
1
290
0
176
1
290
0
176
1
 90
50
176
1
 40
0.0
176
1
 40
1.0
176
1
 90
0
176
1
 62
18
420
0
176
1
 90
50
176
1
 90
3
176
1
 62
5
420
255
176
1
290
0
176
1
 90
50
176
1
 90
50
176
1
 90
50
176
1
290
0
176
1
 90
50
176
1
 62
256
176
0
 40
1.0
176
0
 90
2
176
1
  1
strokes_ogs.tif
176
1
290
0
176
1
 40
1.0
176
1
 40
1.0
176
1
  0
VISUALSTYLE
  5
69
102
{ACAD_REACTORS
330
16
102
}
330
16
100
AcDbVisualStyle
  2
Modeling
 70
10
177
3
291
0
 70
58
 90
2
176
1
 90
2
176
1
 90
0
176
1
 90
2
176
1
 40
0.6
176
1
 40
30.0
176
1
 62
7
420
16777215
176
1
 90
1
176
1
 90
4
176
1
 62
7
176
1
 62
257
176
1
 90
1
176
1
 90
1
176
1
 40
1.0
176
1
 90
8
176
1
 62
7
176
1
 40
1.0
176
1
 90
1
176
1
 90
6
176
1
 90
2
176
1
 62
7
176
1
 90
5
176
1
 90
0
176
1
 90
0
176
1
290
0
176
1
 90
1
176
1
 40
0.0
176
1
 90
0
176
1
290
0
176
1
290
1
176
1
290
1
176
1
290
0
176
1
290
0
176
1
290
0
176
1
290
0
176
1
290
0
176
1
290
0
176
1
 90
50
176
1
 40
0.0
176
1
 40
1.0
176
1
 90
0
176
1
 62
18
420
0
176
1
 90
50
176
1
 90
3
176
1
 62
5
420
255
176
1
290
0
176
1
 90
50
176
1
 90
50
176
1
 90
50
176
1
290
0
176
1
 90
50
176
1
 62
256
176
0
 40
1.0
176
0
 90
2
176
1
  1
strokes_ogs.tif
176
1
290
0
176
1
 40
1.0
176
1
 40
1.0
176
1
  0
VISUALSTYLE
  5
6A
102
{ACAD_REACTORS
330
16
102
}
330
16
100
AcDbVisualStyle
  2
OverhangOff
 70
21
177
3
291
1
 70
58
 90
2
176
1
 90
2
176
1
 90
0
176
1
 90
2
176
1
 40
0.6
176
1
 40
30.0
176
1
 62
7
420
16777215
176
1
 90
1
176
1
 90
4
176
1
 62
7
176
1
 62
257
176
1
 90
1
176
1
 90
1
176
1
 40
1.0
176
1
 90
8
176
1
 62
7
176
1
 40
1.0
176
1
 90
1
176
1
 90
6
176
1
 90
2
176
1
 62
7
176
1
 90
5
176
1
 90
0
176
1
 90
0
176
1
290
0
176
1
 90
1
176
1
 40
0.0
176
1
 90
0
176
1
290
0
176
1
290
1
176
1
290
1
176
1
290
0
176
1
290
0
176
1
290
0
176
1
290
0
176
1
290
0
176
1
290
0
176
1
 90
50
176
1
 40
0.0
176
1
 40
1.0
176
1
 90
0
176
1
 62
18
420
0
176
1
 90
50
176
1
 90
3
176
1
 62
5
420
255
176
1
290
0
176
1
 90
50
176
1
 90
50
176
1
 90
50
176
1
290
0
176
1
 90
50
176
1
 62
256
176
0
 40
1.0
176
0
 90
2
176
1
  1
strokes_ogs.tif
176
1
290
0
176
1
 40
1.0
176
1
 40
1.0
176
1
  0
VISUALSTYLE
  5
6B
102
{ACAD_REACTORS
330
16
102
}
330
16
100
AcDbVisualStyle
  2
Realistic
 70
8
177
3
291
0
 70
58
 90
2
176
1
 90
2
176
1
 90
0
176
1
 90
2
176
1
 40
0.6
176
1
 40
30.0
176
1
 62
7
420
16777215
176
1
 90
1
176
1
 90
4
176
1
 62
7
176
1
 62
257
176
1
 90
1
176
1
 90
1
176
1
 40
1.0
176
1
 90
8
176
1
 62
7
176
1
 40
1.0
176
1
 90
1
176
1
 90
6
176
1
 90
2
176
1
 62
7
176
1
 90
5
176
1
 90
0
176
1
 90
0
176
1
290
0
176
1
 90
1
176
1
 40
0.0
176
1
 90
0
176
1
290
0
176
1
290
1
176
1
290
1
176
1
290
0
176
1
290
0
176
1
290
0
176
1
290
0
176
1
290
0
176
1
290
0
176
1
 90
50
176
1
 40
0.0
176
1
 40
1.0
176
1
 90
0
176
1
 62
18
420
0
176
1
 90
50
176
1
 90
3
176
1
 62
5
420
255
176
1
290
0
176
1
 90
50
176
1
 90
50
176
1
 90
50
176
1
290
0
176
1
 90
50
176
1
 62
256
176
0
 40
1.0
176
0
 90
2
176
1
  1
strokes_ogs.tif
176
1
290
0
176
1
 40
1.0
176
1
 40
1.0
176
1
  0
VISUALSTYLE
  5
6C
102
{ACAD_REACTORS
330
16
102
}
330
16
100
AcDbVisualStyle
  2
Shaded
 70
27
177
3
291
0
 70
58
 90
2
176
1
 90
2
176
1
 90
0
176
1
 90
2
176
1
 40
0.6
176
1
 40
30.0
176
1
 62
7
420
16777215
176
1
 90
1
176
1
 90
4
176
1
 62
7
176
1
 62
257
176
1
 90
1
176
1
 90
1
176
1
 40
1.0
176
1
 90
8
176
1
 62
7
176
1
 40
1.0
176
1
 90
1
176
1
 90
6
176
1
 90
2
176
1
 62
7
176
1
 90
5
176
1
 90
0
176
1
 90
0
176
1
290
0
176
1
 90
1
176
1
 40
0.0
176
1
 90
0
176
1
290
0
176
1
290
1
176
1
290
1
176
1
290
0
176
1
290
0
176
1
290
0
176
1
290
0
176
1
290
0
176
1
290
0
176
1
 90
50
176
1
 40
0.0
176
1
 40
1.0
176
1
 90
0
176
1
 62
18
420
0
176
1
 90
50
176
1
 90
3
176
1
 62
5
420
255
176
1
290
0
176
1
 90
50
176
1
 90
50
176
1
 90
50
176
1
290
0
176
1
 90
50
176
1
 62
256
176
0
 40
1.0
176
0
 90
2
176
1
  1
strokes_ogs.tif
176
1
290
0
176
1
 40
1.0
176
1
 40
1.0
176
1
  0
VISUALSTYLE
  5
6D
102
{ACAD_REACTORS
330
16
102
}
330
16
100
AcDbVisualStyle
  2
Shaded with edges
 70
26
177
3
291
0
 70
58
 90
2
176
1
 90
2
176
1
 90
0
176
1
 90
2
176
1
 40
0.6
176
1
 40
30.0
176
1
 62
7
420
16777215
176
1
 90
1
176
1
 90
4
176
1
 62
7
176
1
 62
257
176
1
 90
1
176
1
 90
1
176
1
 40
1.0
176
1
 90
8
176
1
 62
7
176
1
 40
1.0
176
1
 90
1
176
1
 90
6
176
1
 90
2
176
1
 62
7
176
1
 90
5
176
1
 90
0
176
1
 90
0
176
1
290
0
176
1
 90
1
176
1
 40
0.0
176
1
 90
0
176
1
290
0
176
1
290
1
176
1
290
1
176
1
290
0
176
1
290
0
176
1
290
0
176
1
290
0
176
1
290
0
176
1
290
0
176
1
 90
50
176
1
 40
0.0
176
1
 40
1.0
176
1
 90
0
176
1
 62
18
420
0
176
1
 90
50
176
1
 90
3
176
1
 62
5
420
255
176
1
290
0
176
1
 90
50
176
1
 90
50
176
1
 90
50
176
1
290
0
176
1
 90
50
176
1
 62
256
176
0
 40
1.0
176
0
 90
2
176
1
  1
strokes_ogs.tif
176
1
290
0
176
1
 40
1.0
176
1
 40
1.0
176
1
  0
VISUALSTYLE
  5
6E
102
{ACAD_REACTORS
330
16
102
}
330
16
100
AcDbVisualStyle
  2
Shades of Gray
 70
23
177
3
291
0
 70
58
 90
2
176
1
 90
2
176
1
 90
0
176
1
 90
2
176
1
 40
0.6
176
1
 40
30.0
176
1
 62
7
420
16777215
176
1
 90
1
176
1
 90
4
176
1
 62
7
176
1
 62
257
176
1
 90
1
176
1
 90
1
176
1
 40
1.0
176
1
 90
8
176
1
 62
7
176
1
 40
1.0
176
1
 90
1
176
1
 90
6
176
1
 90
2
176
1
 62
7
176
1
 90
5
176
1
 90
0
176
1
 90
0
176
1
290
0
176
1
 90
1
176
1
 40
0.0
176
1
 90
0
176
1
290
0
176
1
290
1
176
1
290
1
176
1
290
0
176
1
290
0
176
1
290
0
176
1
290
0
176
1
290
0
176
1
290
0
176
1
 90
50
176
1
 40
0.0
176
1
 40
1.0
176
1
 90
0
176
1
 62
18
420
0
176
1
 90
50
176
1
 90
3
176
1
 62
5
420
255
176
1
290
0
176
1
 90
50
176
1
 90
50
176
1
 90
50
176
1
290
0
176
1
 90
50
176
1
 62
256
176
0
 40
1.0
176
0
 90
2
176
1
  1
strokes_ogs.tif
176
1
290
0
176
1
 40
1.0
176
1
 40
1.0
176
1
  0
VISUALSTYLE
  5
6F
102
{ACAD_REACTORS
330
16
102
}
330
16
100
AcDbVisualStyle
  2
Sketchy
 70
24
177
3
291
0
 70
58
 90
2
176
1
 90
2
176
1
 90
0
176
1
 90
1
176
1
 40
0.6
176
1
 40
30.0
176
1
 62
7
420
16777215
176
1
 90
1
176
1
 90
4
176
1
 62
7
176
1
 62
257
176
1
 90
1
176
1
 90
1
176
1
 40
1.0
176
1
 90
8
176
1
 62
7
176
1
 40
1.0
176
1
 90
1
176
1
 90
6
176
1
 90
2
176
1
 62
7
176
1
 90
5
176
1
 90
0
176
1
 90
0
176
1
290
0
176
1
 90
1
176
1
 40
0.0
176
1
 90
0
176
1
290
0
176
1
290
1
176
1
290
1
176
1
290
0
176
1
290
0
176
1
290
0
176
1
290
0
176
1
290
0
176
1
290
0
176
1
 90
50
176
1
 40
0.0
176
1
 40
1.0
176
1
 90
0
176
1
 62
18
420
0
176
1
 90
50
176
1
 90
3
176
1
 62
5
420
255
176
1
290
0
176
1
 90
50
176
1
 90
50
176
1
 90
50
176
1
290
0
176
1
 90
50
176
1
 62
256
176
0
 40
1.0
176
0
 90
2
176
1
  1
strokes_ogs.tif
176
1
290
0
176
1
 40
1.0
176
1
 40
1.0
176
1
  0
VISUALSTYLE
  5
70
102
{ACAD_REACTORS
330
16
102
}
330
16
100
AcDbVisualStyle
  2
Thicken
 70
13
177
3
291
1
 70
58
 90
2
176
1
 90
2
176
1
 90
0
176
1
 90
2
176
1
 40
0.6
176
1
 40
30.0
176
1
 62
7
420
16777215
176
1
 90
1
176
1
 90
4
176
1
 62
7
176
1
 62
257
176
1
 90
1
176
1
 90
1
176
1
 40
1.0
176
1
 90
8
176
1
 62
7
176
1
 40
1.0
176
1
 90
1
176
1
 90
6
176
1
 90
2
176
1
 62
7
176
1
 90
5
176
1
 90
0
176
1
 90
0
176
1
290
0
176
1
 90
1
176
1
 40
0.0
176
1
 90
0
176
1
290
0
176
1
290
1
176
1
290
1
176
1
290
0
176
1
290
0
176
1
290
0
176
1
290
0
176
1
290
0
176
1
290
0
176
1
 90
50
176
1
 40
0.0
176
1
 40
1.0
176
1
 90
0
176
1
 62
18
420
0
176
1
 90
50
176
1
 90
3
176
1
 62
5
420
255
176
1
290
0
176
1
 90
50
176
1
 90
50
176
1
 90
50
176
1
290
0
176
1
 90
50
176
1
 62
256
176
0
 40
1.0
176
0
 90
2
176
1
  1
strokes_ogs.tif
176
1
290
0
176
1
 40
1.0
176
1
 40
1.0
176
1
  0
VISUALSTYLE
  5
71
102
{ACAD_REACTORS
330
16
102
}
330
16
100
AcDbVisualStyle
  2
Wireframe
 70
5
177
3
291
0
 70
58
 90
2
176
1
 90
2
176
1
 90
0
176
1
 90
0
176
1
 40
0.6
176
1
 40
30.0
176
1
 62
7
420
16777215
176
1
 90
1
176
1
 90
4
176
1
 62
7
176
1
 62
257
176
1
 90
1
176
1
 90
1
176
1
 40
1.0
176
1
 90
8
176
1
 62
7
176
1
 40
1.0
176
1
 90
1
176
1
 90
6
176
1
 90
2
176
1
 62
7
176
1
 90
5
176
1
 90
0
176
1
 90
0
176
1
290
0
176
1
 90
1
176
1
 40
0.0
176
1
 90
0
176
1
290
0
176
1
290
1
176
1
290
1
176
1
290
0
176
1
290
0
176
1
290
0
176
1
290
0
176
1
290
0
176
1
290
0
176
1
 90
50
176
1
 40
0.0
176
1
 40
1.0
176
1
 90
0
176
1
 62
18
420
0
176
1
 90
50
176
1
 90
3
176
1
 62
5
420
255
176
1
290
0
176
1
 90
50
176
1
 90
50
176
1
 90
50
176
1
290
0
176
1
 90
50
176
1
 62
256
176
0
 40
1.0
176
0
 90
2
176
1
  1
strokes_ogs.tif
176
1
290
0
176
1
 40
1.0
176
1
 40
1.0
176
1
  0
VISUALSTYLE
  5
72
102
{ACAD_REACTORS
330
16
102
}
330
16
100
AcDbVisualStyle
  2
X-Ray
 70
25
177
3
291
0
 70
58
 90
2
176
1
 90
2
176
1
 90
0
176
1
 90
2
176
1
 40
0.5
176
1
 40
30.0
176
1
 62
7
420
16777215
176
1
 90
1
176
1
 90
4
176
1
 62
7
176
1
 62
257
176
1
 90
1
176
1
 90
1
176
1
 40
1.0
176
1
 90
8
176
1
 62
7
176
1
 40
1.0
176
1
 90
1
176
1
 90
6
176
1
 90
2
176
1
 62
7
176
1
 90
5
176
1
 90
0
176
1
 90
0
176
1
290
0
176
1
 90
1
176
1
 40
0.0
176
1
 90
0
176
1
290
0
176
1
290
1
176
1
290
1
176
1
290
0
176
1
290
0
176
1
290
0
176
1
290
0
176
1
290
0
176
1
290
0
176
1
 90
50
176
1
 40
0.0
176
1
 40
1.0
176
1
 90
0
176
1
 62
18
420
0
176
1
 90
50
176
1
 90
3
176
1
 62
5
420
255
176
1
290
0
176
1
 90
50
176
1
 90
50
176
1
 90
50
176
1
290
0
176
1
 90
50
176
1
 62
256
176
0
 40
1.0
176
0
 90
2
176
1
  1
strokes_ogs.tif
176
1
290
0
176
1
 40
1.0
176
1
 40
1.0
176
1
  0
DICTIONARYVAR
  5
64C
330
2D
100
DictionaryVariables
280
0
  1
1.4.4 @ 2026-08-24T02:36:13.195759+00:00
  0
ENDSEC
  0
EOF
