  0
SECTION
  2
HEADER
  9
$ACADVER
  1
AC1027
  9
$ACADMAINTVER
 70
105
  9
$DWGCODEPAGE
  3
ANSI_1252
  9
$LASTSAVEDBY
  1
ezdxf
  9
$REQUIREDVERSIONS
160
0
  9
$INSBASE
 10
0.0
 20
0.0
 30
0.0
  9
$EXTMIN
 10
1e+20
 20
1e+20
 30
1e+20
  9
$EXTMAX
 10
-1e+20
 20
-1e+20
 30
-1e+20
  9
$LIMMIN
 10
0.0
 20
0.0
  9
$LIMMAX
 10
420.0
 20
297.0
  9
$ORTHOMODE
 70
0
  9
$REGENMODE
 70
1
  9
$FILLMODE
 70
1
  9
$QTEXTMODE
 70
0
  9
$MIRRTEXT
 70
1
  9
$LTSCALE
 40
1.0
  9
$ATTMODE
 70
1
  9
$TEXTSIZE
 40
2.5
  9
$TRACEWID
 40
1.0
  9
$TEXTSTYLE
  7
OpenSans
  9
$CLAYER
  8
0
  9
$CELTYPE
  6
ByLayer
  9
$CECOLOR
 62
256
  9
$CELTSCALE
 40
1.0
  9
$DISPSILH
 70
0
  9
$DIMSCALE
 40
1.0
  9
$DIMASZ
 40
0.175
  9
$DIMEXO
 40
0.125
  9
$DIMDLI
 40
3.75
  9
$DIMRND
 40
0.0
  9
$DIMDLE
 40
0.0
  9
$DIMEXE
 40
0.375
  9
$DIMTP
 40
0.0
  9
$DIMTM
 40
0.0
  9
$DIMTXT
 40
0.25
  9
$DIMCEN
 40
2.5
  9
$DIMTSZ
 40
0.0
  9
$DIMTOL
 70
0
  9
$DIMLIM
 70
0
  9
$DIMTIH
 70
0
  9
$DIMTOH
 70
0
  9
$DIMSE1
 70
0
  9
$DIMSE2
 70
0
  9
$DIMTAD
 70
1
  9
$DIMZIN
 70
12
  9
$DIMBLK
  1
ARCHTICK
  9
$DIMASO
 70
1
  9
$DIMSHO
 70
1
  9
$DIMPOST
  1

  9
$DIMAPOST
  1

  9
$DIMALT
 70
0
  9
$DIMALTD
 70
3
  9
$DIMALTF
 40
0.03937007874
  9
$DIMLFAC
 40
100.0
  9
$DIMTOFL
 70
1
  9
$DIMTVP
 40
0.0
  9
$DIMTIX
 70
0
  9
$DIMSOXD
 70
0
  9
$DIMSAH
 70
0
  9
$DIMBLK1
  1

  9
$DIMBLK2
  1

  9
$DIMSTYLE
  2
EZDXF
  9
$DIMCLRD
 70
0
  9
$DIMCLRE
 70
0
  9
$DIMCLRT
 70
0
  9
$DIMTFAC
 40
0.5
  9
$DIMGAP
 40
0.1
  9
$DIMJUST
 70
0
  9
$DIMSD1
 70
0
  9
$DIMSD2
 70
0
  9
$DIMTOLJ
 70
0
  9
$DIMTZIN
 70
8
  9
$DIMALTZ
 70
0
  9
$DIMALTTZ
 70
0
  9
$DIMUPT
 70
1
  9
$DIMDEC
 70
2
  9
$DIMTDEC
 70
2
  9
$DIMALTU
 70
2
  9
$DIMALTTD
 70
3
  9
$DIMTXSTY
  7
OpenSansCondensed-Light
  9
$DIMAUNIT
 70
0
  9
$DIMADEC
 70
2
  9
$DIMALTRND
 40
0.0
  9
$DIMAZIN
 70
3
  9
$DIMDSEP
 70
46
  9
$DIMATFIT
 70
3
  9
$DIMFRAC
 70
0
  9
$DIMLDRBLK
  1

  9
$DIMLUNIT
 70
2
  9
$DIMLWD
 70
-2
  9
$DIMLWE
 70
-2
  9
$DIMTMOVE
 70
2
  9
$DIMFXL
 40
1.0
  9
$DIMFXLON
 70
0
  9
$DIMJOGANG
 40
0.785398163397
  9
$DIMTFILL
 70
0
  9
$DIMTFILLCLR
 70
0
  9
$DIMARCSYM
 70
0
  9
$DIMLTYPE
  6

  9
$DIMLTEX1
  6

  9
$DIMLTEX2
  6

  9
$DIMTXTDIRECTION
 70
0
  9
$LUNITS
 70
2
  9
$LUPREC
 70
4
  9
$SKETCHINC
 40
1.0
  9
$FILLETRAD
 40
10.0
  9
$AUNITS
 70
0
  9
$AUPREC
 70
2
  9
$MENU
  1
.
  9
$ELEVATION
 40
0.0
  9
$PELEVATION
 40
0.0
  9
$THICKNESS
 40
0.0
  9
$LIMCHECK
 70
0
  9
$CHAMFERA
 40
0.0
  9
$CHAMFERB
 40
0.0
  9
$CHAMFERC
 40
0.0
  9
$CHAMFERD
 40
0.0
  9
$SKPOLY
 70
0
  9
$TDCREATE
 40
2461277.1084837965
  9
$TDUCREATE
 40
2458532.153996898
  9
$TDUPDATE
 40
2461277.1084837965
  9
$TDUUPDATE
 40
2458532.1544311
  9
$TDINDWG
 40
0.0
  9
$TDUSRTIMER
 40
0.0
  9
$USRTIMER
 70
1
  9
$ANGBASE
 50
0.0
  9
$ANGDIR
 70
0
  9
$PDMODE
 70
0
  9
$PDSIZE
 40
0.0
  9
$PLINEWID
 40
0.0
  9
$SPLFRAME
 70
0
  9
$SPLINETYPE
 70
6
  9
$SPLINESEGS
 70
8
  9
$HANDSEED
  5
4AF
  9
$SURFTAB1
 70
6
  9
$SURFTAB2
 70
6
  9
$SURFTYPE
 70
6
  9
$SURFU
 70
6
  9
$SURFV
 70
6
  9
$UCSBASE
  2

  9
$UCSNAME
  2

  9
$UCSORG
 10
0.0
 20
0.0
 30
0.0
  9
$UCSXDIR
 10
1.0
 20
0.0
 30
0.0
  9
$UCSYDIR
 10
0.0
 20
1.0
 30
0.0
  9
$UCSORTHOREF
  2

  9
$UCSORTHOVIEW
 70
0
  9
$UCSORGTOP
 10
0.0
 20
0.0
 30
0.0
  9
$UCSORGBOTTOM
 10
0.0
 20
0.0
 30
0.0
  9
$UCSORGLEFT
 10
0.0
 20
0.0
 30
0.0
  9
$UCSORGRIGHT
 10
0.0
 20
0.0
 30
0.0
  9
$UCSORGFRONT
 10
0.0
 20
0.0
 30
0.0
  9
$UCSORGBACK
 10
0.0
 20
0.0
 30
0.0
  9
$PUCSBASE
  2

  9
$PUCSNAME
  2

  9
$PUCSORG
 10
0.0
 20
0.0
 30
0.0
  9
$PUCSXDIR
 10
1.0
 20
0.0
 30
0.0
  9
$PUCSYDIR
 10
0.0
 20
1.0
 30
0.0
  9
$PUCSORTHOREF
  2

  9
$PUCSORTHOVIEW
 70
0
  9
$PUCSORGTOP
 10
0.0
 20
0.0
 30
0.0
  9
$PUCSORGBOTTOM
 10
0.0
 20
0.0
 30
0.0
  9
$PUCSORGLEFT
 10
0.0
 20
0.0
 30
0.0
  9
$PUCSORGRIGHT
 10
0.0
 20
0.0
 30
0.0
  9
$PUCSORGFRONT
 10
0.0
 20
0.0
 30
0.0
  9
$PUCSORGBACK
 10
0.0
 20
0.0
 30
0.0
  9
$USERI1
 70
0
  9
$USERI2
 70
0
  9
$USERI3
 70
0
  9
$USERI4
 70
0
  9
$USERI5
 70
0
  9
$USERR1
 40
0.0
  9
$USERR2
 40
0.0
  9
$USERR3
 40
0.0
  9
$USERR4
 40
0.0
  9
$USERR5
 40
0.0
  9
$WORLDVIEW
 70
1
  9
$SHADEDGE
 70
3
  9
$SHADEDIF
 70
70
  9
$TILEMODE
 70
1
  9
$MAXACTVP
 70
64
  9
$PINSBASE
 10
0.0
 20
0.0
 30
0.0
  9
$PLIMCHECK
 70
0
  9
$PEXTMIN
 10
1e+20
 20
1e+20
 30
1e+20
  9
$PEXTMAX
 10
-1e+20
 20
-1e+20
 30
-1e+20
  9
$PLIMMIN
 10
0.0
 20
0.0
  9
$PLIMMAX
 10
420.0
 20
297.0
  9
$UNITMODE
 70
0
  9
$VISRETAIN
 70
1
  9
$PLINEGEN
 70
0
  9
$PSLTSCALE
 70
1
  9
$TREEDEPTH
 70
3020
  9
$CMLSTYLE
  2
Standard
  9
$CMLJUST
 70
0
  9
$CMLSCALE
 40
20.0
  9
$PROXYGRAPHICS
 70
1
  9
$MEASUREMENT
 70
1
  9
$CELWEIGHT
370
-1
  9
$ENDCAPS
280
0
  9
$JOINSTYLE
280
0
  9
$LWDISPLAY
290
0
  9
$INSUNITS
 70
4
  9
$HYPERLINKBASE
  1

  9
$STYLESHEET
  1

  9
$XEDIT
290
1
  9
$CEPSNTYPE
380
0
  9
$PSTYLEMODE
290
1
  9
$FINGERPRINTGUID
  2
{616A2CFE-3F5F-4EBE-9BFB-DF7054CF8779}
  9
$VERSIONGUID
  2
{A5BFC3A5-DE10-4E88-8008-7467C3F78FFE}
  9
$EXTNAMES
290
1
  9
$PSVPSCALE
 40
0.0
  9
$OLESTARTUP
290
0
  9
$SORTENTS
280
127
  9
$INDEXCTL
280
0
  9
$HIDETEXT
280
1
  9
$XCLIPFRAME
280
1
  9
$HALOGAP
280
0
  9
$OBSCOLOR
 70
257
  9
$OBSLTYPE
280
0
  9
$INTERSECTIONDISPLAY
280
0
  9
$INTERSECTIONCOLOR
 70
257
  9
$DIMASSOC
280
2
  9
$PROJECTNAME
  1

  9
$CAMERADISPLAY
290
0
  9
$LENSLENGTH
 40
50.0
  9
$CAMERAHEIGHT
 40
0.0
  9
$STEPSPERSEC
 40
24.0
  9
$STEPSIZE
 40
100.0
  9
$3DDWFPREC
 40
2.0
  9
$PSOLWIDTH
 40
0.005
  9
$PSOLHEIGHT
 40
0.08
  9
$LOFTANG1
 40
1.570796326795
  9
$LOFTANG2
 40
1.570796326795
  9
$LOFTMAG1
 40
0.0
  9
$LOFTMAG2
 40
0.0
  9
$LOFTPARAM
 70
7
  9
$LOFTNORMALS
280
1
  9
$LATITUDE
 40
37.795
  9
$LONGITUDE
 40
-122.394
  9
$NORTHDIRECTION
 40
0.0
  9
$TIMEZONE
 70
-8000
  9
$LIGHTGLYPHDISPLAY
280
1
  9
$TILEMODELIGHTSYNCH
280
1
  9
$CMATERIAL
347
20
  9
$SOLIDHIST
280
0
  9
$SHOWHIST
280
1
  9
$DWFFRAME
280
2
  9
$DGNFRAME
280
2
  9
$REALWORLDSCALE
290
1
  9
$INTERFERECOLOR
 62
256
  9
$CSHADOW
280
0
  9
$SHADOWPLANELOCATION
 40
0.0
  0
ENDSEC
  0
SECTION
  2
CLASSES
  0
CLASS
  1
ACDBDICTIONARYWDFLT
  2
AcDbDictionaryWithDefault
  3
ObjectDBX Classes
 90
0
 91
0
280
0
281
0
  0
CLASS
  1
SUN
  2
AcDbSun
  3
SCENEOE
 90
1153
 91
0
280
0
281
0
  0
CLASS
  1
VISUALSTYLE
  2
AcDbVisualStyle
  3
ObjectDBX Classes
 90
4095
 91
0
280
0
281
0
  0
CLASS
  1
MATERIAL
  2
AcDbMaterial
  3
ObjectDBX Classes
 90
1153
 91
0
280
0
281
0
  0
CLASS
  1
SCALE
  2
AcDbScale
  3
ObjectDBX Classes
 90
1153
 91
0
280
0
281
0
  0
CLASS
  1
TABLESTYLE
  2
AcDbTableStyle
  3
ObjectDBX Classes
 90
4095
 91
0
280
0
281
0
  0
CLASS
  1
MLEADERSTYLE
  2
AcDbMLeaderStyle
  3
ACDB_MLEADERSTYLE_CLASS
 90
4095
 91
0
280
0
281
0
  0
CLASS
  1
DICTIONARYVAR
  2
AcDbDictionaryVar
  3
ObjectDBX Classes
 90
0
 91
0
280
0
281
0
  0
CLASS
  1
CELLSTYLEMAP
  2
AcDbCellStyleMap
  3
ObjectDBX Classes
 90
1152
 91
0
280
0
281
0
  0
CLASS
  1
MENTALRAYRENDERSETTINGS
  2
AcDbMentalRayRenderSettings
  3
SCENEOE
 90
1024
 91
0
280
0
281
0
  0
CLASS
  1
ACDBDETAILVIEWSTYLE
  2
AcDbDetailViewStyle
  3
ObjectDBX Classes
 90
1025
 91
0
280
0
281
0
  0
CLASS
  1
ACDBSECTIONVIEWSTYLE
  2
AcDbSectionViewStyle
  3
ObjectDBX Classes
 90
1025
 91
0
280
0
281
0
  0
CLASS
  1
RASTERVARIABLES
  2
AcDbRasterVariables
  3
ISM
 90
0
 91
0
280
0
281
0
  0
CLASS
  1
ACDBPLACEHOLDER
  2
AcDbPlaceHolder
  3
ObjectDBX Classes
 90
0
 91
0
280
0
281
0
  0
CLASS
  1
LAYOUT
  2
AcDbLayout
  3
ObjectDBX Classes
 90
0
 91
0
280
0
281
0
  0
ENDSEC
  0
SECTION
  2
TABLES
  0
TABLE
  2
VPORT
  5
8
330
0
100
AcDbSymbolTable
 70
1
  0
VPORT
  5
23
330
8
100
AcDbSymbolTableRecord
100
AcDbViewportTableRecord
  2
*Active
 70
0
 10
0.0
 20
0.0
 11
1.0
 21
1.0
 12
0.0
 22
0.0
 13
0.0
 23
0.0
 14
0.5
 24
0.5
 15
0.5
 25
0.5
 16
0.0
 26
0.0
 36
1.0
 17
0.0
 27
0.0
 37
0.0
 40
1000.0
 41
1.34
 42
50.0
 43
0.0
 44
0.0
 50
0.0
 51
0.0
 71
0
 72
1000
 73
1
 74
3
 75
0
 76
0
 77
0
 78
0
281
0
 65
0
146
0.0
  0
ENDTAB
  0
TABLE
  2
LTYPE
  5
2
330
0
100
AcDbSymbolTable
 70
21
  0
LTYPE
  5
24
330
2
100
AcDbSymbolTableRecord
100
AcDbLinetypeTableRecord
  2
ByBlock
 70
0
  3

 72
65
 73
0
 40
0.0
  0
LTYPE
  5
25
330
2
100
AcDbSymbolTableRecord
100
AcDbLinetypeTableRecord
  2
ByLayer
 70
0
  3

 72
65
 73
0
 40
0.0
  0
LTYPE
  5
26
330
2
100
AcDbSymbolTableRecord
100
AcDbLinetypeTableRecord
  2
Continuous
 70
0
  3

 72
65
 73
0
 40
0.0
  0
LTYPE
  5
2F
330
2
100
AcDbSymbolTableRecord
100
AcDbLinetypeTableRecord
  2
CENTER
 70
0
  3
Center ____ _ ____ _ ____ _ ____ _ ____ _ ____
 72
65
 73
4
 40
5.08
 49
3.175
 74
0
 49
-0.635
 74
0
 49
0.635
 74
0
 49
-0.635
 74
0
  0
LTYPE
  5
30
330
2
100
AcDbSymbolTableRecord
100
AcDbLinetypeTableRecord
  2
CENTERX2
 70
0
  3
Center (2x) ________  __  ________  __  ________
 72
65
 73
4
 40
8.89
 49
6.35
 74
0
 49
-0.635
 74
0
 49
1.27
 74
0
 49
-0.635
 74
0
  0
LTYPE
  5
31
330
2
100
AcDbSymbolTableRecord
100
AcDbLinetypeTableRecord
  2
CENTER2
 70
0
  3
Center (.5x) ____ _ ____ _ ____ _ ____ _ ____
 72
65
 73
4
 40
2.54
 49
1.587
 74
0
 49
-0.318
 74
0
 49
0.318
 74
0
 49
-0.318
 74
0
  0
LTYPE
  5
32
330
2
100
AcDbSymbolTableRecord
100
AcDbLinetypeTableRecord
  2
DASHED
 70
0
  3
Dashed __ __ __ __ __ __ __ __ __ __ __ __ __ _
 72
65
 73
2
 40
1.524
 49
1.27
 74
0
 49
-0.254
 74
0
  0
LTYPE
  5
33
330
2
100
AcDbSymbolTableRecord
100
AcDbLinetypeTableRecord
  2
DASHEDX2
 70
0
  3
Dashed (2x) ____  ____  ____  ____  ____  ____
 72
65
 73
2
 40
3.048
 49
2.54
 74
0
 49
-0.508
 74
0
  0
LTYPE
  5
34
330
2
100
AcDbSymbolTableRecord
100
AcDbLinetypeTableRecord
  2
DASHED2
 70
0
  3
Dashed (.5x) _ _ _ _ _ _ _ _ _ _ _ _ _ _
 72
65
 73
2
 40
0.762
 49
0.635
 74
0
 49
-0.127
 74
0
  0
LTYPE
  5
35
330
2
100
AcDbSymbolTableRecord
100
AcDbLinetypeTableRecord
  2
PHANTOM
 70
0
  3
Phantom ______  __  __  ______  __  __  ______
 72
65
 73
6
 40
6.35
 49
3.175
 74
0
 49
-0.635
 74
0
 49
0.635
 74
0
 49
-0.635
 74
0
 49
0.635
 74
0
 49
-0.635
 74
0
  0
LTYPE
  5
36
330
2
100
AcDbSymbolTableRecord
100
AcDbLinetypeTableRecord
  2
PHANTOMX2
 70
0
  3
Phantom (2x)____________    ____    ____    ____________
 72
65
 73
6
 40
10.795
 49
6.35
 74
0
 49
-0.635
 74
0
 49
1.27
 74
0
 49
-0.635
 74
0
 49
1.27
 74
0
 49
-0.635
 74
0
  0
LTYPE
  5
37
330
2
100
AcDbSymbolTableRecord
100
AcDbLinetypeTableRecord
  2
PHANTOM2
 70
0
  3
Phantom (.5x) ___ _ _ ___ _ _ ___ _ _ ___ _ _ ___
 72
65
 73
6
 40
3.175
 49
1.587
 74
0
 49
-0.318
 74
0
 49
0.318
 74
0
 49
-0.318
 74
0
 49
0.318
 74
0
 49
-0.318
 74
0
  0
LTYPE
  5
38
330
2
100
AcDbSymbolTableRecord
100
AcDbLinetypeTableRecord
  2
DASHDOT
 70
0
  3
Dash dot __ . __ . __ . __ . __ . __ . __ . __
 72
65
 73
4
 40
3.556
 49
2.54
 74
0
 49
-0.508
 74
0
 49
0.0
 74
0
 49
-0.508
 74
0
  0
LTYPE
  5
39
330
2
100
AcDbSymbolTableRecord
100
AcDbLinetypeTableRecord
  2
DASHDOTX2
 70
0
  3
Dash dot (2x) ____  .  ____  .  ____  .  ____
 72
65
 73
4
 40
6.096
 49
5.08
 74
0
 49
-0.508
 74
0
 49
0.0
 74
0
 49
-0.508
 74
0
  0
LTYPE
  5
3A
330
2
100
AcDbSymbolTableRecord
100
AcDbLinetypeTableRecord
  2
DASHDOT2
 70
0
  3
Dash dot (.5x) _ . _ . _ . _ . _ . _ . _ . _
 72
65
 73
4
 40
1.778
 49
1.27
 74
0
 49
-0.254
 74
0
 49
0.0
 74
0
 49
-0.254
 74
0
  0
LTYPE
  5
3B
330
2
100
AcDbSymbolTableRecord
100
AcDbLinetypeTableRecord
  2
DOT
 70
0
  3
Dot .  .  .  .  .  .  .  .  .  .  .  .  .  .  .  .
 72
65
 73
2
 40
0.508
 49
0.0
 74
0
 49
-0.508
 74
0
  0
LTYPE
  5
3C
330
2
100
AcDbSymbolTableRecord
100
AcDbLinetypeTableRecord
  2
DOTX2
 70
0
  3
Dot (2x) .    .    .    .    .    .    .    . 
 72
65
 73
2
 40
1.016
 49
0.0
 74
0
 49
-1.016
 74
0
  0
LTYPE
  5
3D
330
2
100
AcDbSymbolTableRecord
100
AcDbLinetypeTableRecord
  2
DOT2
 70
0
  3
Dot (.5) . . . . . . . . . . . . . . . . . . . 
 72
65
 73
2
 40
0.254
 49
0.0
 74
0
 49
-0.254
 74
0
  0
LTYPE
  5
3E
330
2
100
AcDbSymbolTableRecord
100
AcDbLinetypeTableRecord
  2
DIVIDE
 70
0
  3
Divide __ . . __ . . __ . . __ . . __ . . __
 72
65
 73
6
 40
4.064
 49
2.54
 74
0
 49
-0.508
 74
0
 49
0.0
 74
0
 49
-0.508
 74
0
 49
0.0
 74
0
 49
-0.508
 74
0
  0
LTYPE
  5
3F
330
2
100
AcDbSymbolTableRecord
100
AcDbLinetypeTableRecord
  2
DIVIDEX2
 70
0
  3
Divide (2x) ____  . .  ____  . .  ____  . .  ____
 72
65
 73
6
 40
6.604
 49
5.08
 74
0
 49
-0.508
 74
0
 49
0.0
 74
0
 49
-0.508
 74
0
 49
0.0
 74
0
 49
-0.508
 74
0
  0
LTYPE
  5
40
330
2
100
AcDbSymbolTableRecord
100
AcDbLinetypeTableRecord
  2
DIVIDE2
 70
0
  3
Divide(.5x) _ . _ . _ . _ . _ . _ . _ . _
 72
65
 73
6
 40
2.032
 49
1.27
 74
0
 49
-0.254
 74
0
 49
0.0
 74
0
 49
-0.254
 74
0
 49
0.0
 74
0
 49
-0.254
 74
0
  0
ENDTAB
  0
TABLE
  2
LAYER
  5
1
330
0
100
AcDbSymbolTable
 70
8
  0
LAYER
  5
27
330
1
100
AcDbSymbolTableRecord
100
AcDbLayerTableRecord
  2
0
 70
0
 62
7
  6
Continuous
370
-3
390
13
347
21
  0
LAYER
  5
28
330
1
100
AcDbSymbolTableRecord
100
AcDbLayerTableRecord
  2
Defpoints
 70
0
 62
7
  6
Continuous
290
0
370
-3
390
13
347
21
  0
LAYER
  5
8A
330
1
100
AcDbSymbolTableRecord
100
AcDbLayerTableRecord
  2
FRAME
 70
0
 62
8
  6
Continuous
370
-3
390
13
347
21
1001
AcAecLayerStandard
1000

1000
Border, framing arrows, registration
  0
LAYER
  5
8C
330
1
100
AcDbSymbolTableRecord
100
AcDbLayerTableRecord
  2
CENTER
 70
0
 62
7
  6
Continuous
370
-3
390
13
347
21
1001
AcAecLayerStandard
1000

1000
Central wedges, zone plate, pulse bars
  0
LAYER
  5
8D
330
1
100
AcDbSymbolTableRecord
100
AcDbLayerTableRecord
  2
PERIPHERY
 70
0
 62
4
  6
Continuous
370
-3
390
13
347
21
1001
AcAecLayerStandard
1000

1000
Corner wedges, checkerboards, edge patterns
  0
LAYER
  5
8E
330
1
100
AcDbSymbolTableRecord
100
AcDbLayerTableRecord
  2
SFR
 70
0
 62
1
  6
Continuous
370
-3
390
13
347
21
1001
AcAecLayerStandard
1000

1000
Slanted-edge SFR bars, H-bars, corner squares
  0
LAYER
  5
8F
330
1
100
AcDbSymbolTableRecord
100
AcDbLayerTableRecord
  2
LABELS
 70
0
 62
3
  6
Continuous
370
-3
390
13
347
21
1001
AcAecLayerStandard
1000

1000
Frequency and aspect-ratio labels
  0
LAYER
  5
90
330
1
100
AcDbSymbolTableRecord
100
AcDbLayerTableRecord
  2
NOTES
 70
0
 62
2
  6
Continuous
370
-3
390
13
347
21
1001
AcAecLayerStandard
1000

1000
Print notes and picture-height callouts
  0
ENDTAB
  0
TABLE
  2
STYLE
  5
5
330
0
100
AcDbSymbolTable
 70
26
  0
STYLE
  5
29
330
5
100
AcDbSymbolTableRecord
100
AcDbTextStyleTableRecord
  2
Standard
 70
0
 40
0.0
 41
1.0
 50
0.0
 71
0
 42
2.5
  3
txt
  4

  0
STYLE
  5
41
330
5
100
AcDbSymbolTableRecord
100
AcDbTextStyleTableRecord
  2
OpenSans-Light
 70
0
 40
0.0
 41
1.0
 50
0.0
 71
0
 42
2.5
  3
OpenSans-Light.ttf
  4

  0
STYLE
  5
42
330
5
100
AcDbSymbolTableRecord
100
AcDbTextStyleTableRecord
  2
OpenSans-Light-Italic
 70
0
 40
0.0
 41
1.0
 50
0.0
 71
0
 42
2.5
  3
OpenSans-LightItalic.ttf
  4

  0
STYLE
  5
43
330
5
100
AcDbSymbolTableRecord
100
AcDbTextStyleTableRecord
  2
OpenSans
 70
0
 40
0.0
 41
1.0
 50
0.0
 71
0
 42
2.5
  3
OpenSans-Regular.ttf
  4

  0
STYLE
  5
44
330
5
100
AcDbSymbolTableRecord
100
AcDbTextStyleTableRecord
  2
OpenSans-Italic
 70
0
 40
0.0
 41
1.0
 50
0.0
 71
0
 42
2.5
  3
OpenSans-Italic.ttf
  4

  0
STYLE
  5
45
330
5
100
AcDbSymbolTableRecord
100
AcDbTextStyleTableRecord
  2
OpenSans-SemiBold
 70
0
 40
0.0
 41
1.0
 50
0.0
 71
0
 42
2.5
  3
OpenSans-SemiBold.ttf
  4

  0
STYLE
  5
46
330
5
100
AcDbSymbolTableRecord
100
AcDbTextStyleTableRecord
  2
OpenSans-SemiBoldItalic
 70
0
 40
0.0
 41
1.0
 50
0.0
 71
0
 42
2.5
  3
OpenSans-SemiBoldItalic.ttf
  4

  0
STYLE
  5
47
330
5
100
AcDbSymbolTableRecord
100
AcDbTextStyleTableRecord
  2
OpenSans-Bold
 70
0
 40
0.0
 41
1.0
 50
0.0
 71
0
 42
2.5
  3
OpenSans-Bold.ttf
  4

  0
STYLE
  5
48
330
5
100
AcDbSymbolTableRecord
100
AcDbTextStyleTableRecord
  2
OpenSans-BoldItalic
 70
0
 40
0.0
 41
1.0
 50
0.0
 71
0
 42
2.5
  3
OpenSans-BoldItalic.ttf
  4

  0
STYLE
  5
49
330
5
100
AcDbSymbolTableRecord
100
AcDbTextStyleTableRecord
  2
OpenSans-ExtraBold
 70
0
 40
0.0
 41
1.0
 50
0.0
 71
0
 42
2.5
  3
OpenSans-ExtraBold.ttf
  4

  0
STYLE
  5
4A
330
5
100
AcDbSymbolTableRecord
100
AcDbTextStyleTableRecord
  2
OpenSans-ExtraBoldItalic
 70
0
 40
0.0
 41
1.0
 50
0.0
 71
0
 42
2.5
  3
OpenSans-ExtraBoldItalic.ttf
  4

  0
STYLE
  5
4B
330
5
100
AcDbSymbolTableRecord
100
AcDbTextStyleTableRecord
  2
OpenSansCondensed-Bold
 70
0
 40
0.0
 41
1.0
 50
0.0
 71
0
 42
2.5
  3
OpenSansCondensed-Bold.ttf
  4

  0
STYLE
  5
4C
330
5
100
AcDbSymbolTableRecord
100
AcDbTextStyleTableRecord
  2
OpenSansCondensed-Light
 70
0
 40
0.0
 41
1.0
 50
0.0
 71
0
 42
2.5
  3
OpenSansCondensed-Light.ttf
  4

  0
STYLE
  5
4D
330
5
100
AcDbSymbolTableRecord
100
AcDbTextStyleTableRecord
  2
OpenSansCondensed-Italic
 70
0
 40
0.0
 41
1.0
 50
0.0
 71
0
 42
2.5
  3
OpenSansCondensed-LightItalic.ttf
  4

  0
STYLE
  5
4E
330
5
100
AcDbSymbolTableRecord
100
AcDbTextStyleTableRecord
  2
LiberationSans
 70
0
 40
0.0
 41
1.0
 50
0.0
 71
0
 42
2.5
  3
LiberationSans-Regular.ttf
  4

  0
STYLE
  5
4F
330
5
100
AcDbSymbolTableRecord
100
AcDbTextStyleTableRecord
  2
LiberationSans-Bold
 70
0
 40
0.0
 41
1.0
 50
0.0
 71
0
 42
2.5
  3
LiberationSans-Bold.ttf
  4

  0
STYLE
  5
50
330
5
100
AcDbSymbolTableRecord
100
AcDbTextStyleTableRecord
  2
LiberationSans-BoldItalic
 70
0
 40
0.0
 41
1.0
 50
0.0
 71
0
 42
2.5
  3
LiberationSans-BoldItalic.ttf
  4

  0
STYLE
  5
51
330
5
100
AcDbSymbolTableRecord
100
AcDbTextStyleTableRecord
  2
LiberationSans-Italic
 70
0
 40
0.0
 41
1.0
 50
0.0
 71
0
 42
2.5
  3
LiberationSans-Italic.ttf
  4

  0
STYLE
  5
52
330
5
100
AcDbSymbolTableRecord
100
AcDbTextStyleTableRecord
  2
LiberationSerif
 70
0
 40
0.0
 41
1.0
 50
0.0
 71
0
 42
2.5
  3
LiberationSerif-Regular.ttf
  4

  0
STYLE
  5
53
330
5
100
AcDbSymbolTableRecord
100
AcDbTextStyleTableRecord
  2
LiberationSerif-Bold
 70
0
 40
0.0
 41
1.0
 50
0.0
 71
0
 42
2.5
  3
LiberationSerif-Bold.ttf
  4

  0
STYLE
  5
54
330
5
100
AcDbSymbolTableRecord
100
AcDbTextStyleTableRecord
  2
LiberationSerif-BoldItalic
 70
0
 40
0.0
 41
1.0
 50
0.0
 71
0
 42
2.5
  3
LiberationSerif-BoldItalic.ttf
  4

  0
STYLE
  5
55
330
5
100
AcDbSymbolTableRecord
100
AcDbTextStyleTableRecord
  2
LiberationSerif-Italic
 70
0
 40
0.0
 41
1.0
 50
0.0
 71
0
 42
2.5
  3
LiberationSerif-Italic.ttf
  4

  0
STYLE
  5
56
330
5
100
AcDbSymbolTableRecord
100
AcDbTextStyleTableRecord
  2
LiberationMono
 70
0
 40
0.0
 41
1.0
 50
0.0
 71
0
 42
2.5
  3
LiberationMono-Regular.ttf
  4

  0
STYLE
  5
57
330
5
100
AcDbSymbolTableRecord
100
AcDbTextStyleTableRecord
  2
LiberationMono-Bold
 70
0
 40
0.0
 41
1.0
 50
0.0
 71
0
 42
2.5
  3
LiberationMono-Bold.ttf
  4

  0
STYLE
  5
58
330
5
100
AcDbSymbolTableRecord
100
AcDbTextStyleTableRecord
  2
LiberationMono-BoldItalic
 70
0
 40
0.0
 41
1.0
 50
0.0
 71
0
 42
2.5
  3
LiberationMono-BoldItalic.ttf
  4

  0
STYLE
  5
59
330
5
100
AcDbSymbolTableRecord
100
AcDbTextStyleTableRecord
  2
LiberationMono-Italic
 70
0
 40
0.0
 41
1.0
 50
0.0
 71
0
 42
2.5
  3
LiberationMono-Italic.ttf
  4

  0
ENDTAB
  0
TABLE
  2
VIEW
  5
7
330
0
100
AcDbSymbolTable
 70
0
  0
ENDTAB
  0
TABLE
  2
UCS
  5
6
330
0
100
AcDbSymbolTable
 70
0
  0
ENDTAB
  0
TABLE
  2
APPID
  5
3
330
0
100
AcDbSymbolTable
 70
4
  0
APPID
  5
2A
330
3
100
AcDbSymbolTableRecord
100
AcDbRegAppTableRecord
  2
ACAD
 70
0
  0
APPID
  5
8B
330
3
100
AcDbSymbolTableRecord
100
AcDbRegAppTableRecord
  2
AcAecLayerStandard
 70
0
  0
APPID
  5
4AC
330
3
100
AcDbSymbolTableRecord
100
AcDbRegAppTableRecord
  2
HATCHBACKGROUNDCOLOR
 70
0
  0
APPID
  5
4AD
330
3
100
AcDbSymbolTableRecord
100
AcDbRegAppTableRecord
  2
EZDXF
 70
0
  0
ENDTAB
  0
TABLE
  2
DIMSTYLE
  5
4
330
0
100
AcDbSymbolTable
 70
12
100
AcDbDimStyleTable
  0
DIMSTYLE
105
2B
330
4
100
AcDbSymbolTableRecord
100
AcDbDimStyleTableRecord
  2
Standard
 70
0
 40
1.0
 41
2.5
 42
0.625
 43
3.75
 44
1.25
 45
0.0
 46
0.0
 47
0.0
 48
0.0
 49
2.5
140
2.5
141
2.5
142
0.0
143
0.03937007874
144
1.0
145
0.0
146
1.0
147
0.625
148
0.0
 69
0
 70
0
 71
0
 72
0
 73
0
 74
0
 75
0
 76
0
 77
1
 78
8
 79
3
170
0
171
3
172
1
173
0
174
0
175
0
176
0
177
0
178
0
179
2
271
2
272
2
273
2
274
3
275
0
276
0
277
2
278
44
279
0
280
0
281
0
282
0
283
0
284
8
285
0
286
0
288
0
289
3
290
0
371
-2
372
-2
  0
DIMSTYLE
105
73
330
4
100
AcDbSymbolTableRecord
100
AcDbDimStyleTableRecord
  2
EZDXF
 70
0
 40
1.0
 41
0.175
 42
0.125
 43
3.75
 44
0.375
 45
0.0
 46
0.0
 47
0.0
 48
0.0
 49
2.5
140
0.25
141
2.5
142
0.0
143
0.03937007874
144
100.0
145
0.0
146
0.5
147
0.1
148
0.0
 69
0
 70
0
 71
0
 72
0
 73
0
 74
0
 75
0
 76
0
 77
1
 78
12
 79
3
170
0
171
3
172
1
173
0
174
0
175
0
176
0
177
0
178
0
179
2
271
2
272
2
273
2
274
3
275
0
276
0
277
2
278
46
279
2
280
0
281
0
282
0
283
0
284
8
285
0
286
0
288
1
289
3
290
0
340
4C
342
74
371
-2
372
-2
  0
DIMSTYLE
105
7C
330
4
100
AcDbSymbolTableRecord
100
AcDbDimStyleTableRecord
  2
EZ_M_100_H25_CM
 70
0
 40
1.0
 41
0.25
 42
0.125
 43
3.75
 44
0.375
 45
0.0
 46
0.0
 47
0.0
 48
0.0
 49
2.5
140
0.25
141
2.5
142
0.125
143
0.03937007874
144
100.0
145
0.0
146
0.5
147
0.1
148
0.0
 69
0
 70
0
 71
0
 72
0
 73
0
 74
0
 75
0
 76
0
 77
1
 78
12
 79
3
170
0
171
3
172
1
173
0
174
0
175
0
176
0
177
0
178
0
179
2
271
2
272
2
273
2
274
3
275
0
276
0
277
2
278
46
279
2
280
0
281
0
282
0
283
0
284
8
285
0
286
0
288
1
289
3
290
0
340
4C
371
-2
372
-2
  0
DIMSTYLE
105
7D
330
4
100
AcDbSymbolTableRecord
100
AcDbDimStyleTableRecord
  2
EZ_M_50_H25_CM
 70
0
 40
1.0
 41
0.125
 42
0.0625
 43
3.75
 44
0.1875
 45
0.0
 46
0.0
 47
0.0
 48
0.0
 49
2.5
140
0.125
141
2.5
142
0.0625
143
0.03937007874
144
100.0
145
0.0
146
0.5
147
0.05
148
0.0
 69
0
 70
0
 71
0
 72
0
 73
0
 74
0
 75
0
 76
0
 77
1
 78
12
 79
3
170
0
171
3
172
1
173
0
174
0
175
0
176
0
177
0
178
0
179
2
271
2
272
2
273
2
274
3
275
0
276
0
277
2
278
46
279
2
280
0
281
0
282
0
283
0
284
8
285
0
286
0
288
1
289
3
290
0
340
4C
371
-2
372
-2
  0
DIMSTYLE
105
7E
330
4
100
AcDbSymbolTableRecord
100
AcDbDimStyleTableRecord
  2
EZ_M_25_H25_CM
 70
0
 40
1.0
 41
0.0625
 42
0.03125
 43
3.75
 44
0.09375
 45
0.0
 46
0.0
 47
0.0
 48
0.0
 49
2.5
140
0.0625
141
2.5
142
0.03125
143
0.03937007874
144
100.0
145
0.0
146
0.5
147
0.025
148
0.0
 69
0
 70
0
 71
0
 72
0
 73
0
 74
0
 75
0
 76
0
 77
1
 78
12
 79
3
170
0
171
3
172
1
173
0
174
0
175
0
176
0
177
0
178
0
179
2
271
2
272
2
273
2
274
3
275
0
276
0
277
2
278
46
279
2
280
0
281
0
282
0
283
0
284
8
285
0
286
0
288
1
289
3
290
0
340
4C
371
-2
372
-2
  0
DIMSTYLE
105
7F
330
4
100
AcDbSymbolTableRecord
100
AcDbDimStyleTableRecord
  2
EZ_M_20_H25_CM
 70
0
 40
1.0
 41
0.05
 42
0.025
 43
3.75
 44
0.07500000000000001
 45
0.0
 46
0.0
 47
0.0
 48
0.0
 49
2.5
140
0.05
141
2.5
142
0.025
143
0.03937007874
144
100.0
145
0.0
146
0.5
147
0.020000000000000004
148
0.0
 69
0
 70
0
 71
0
 72
0
 73
0
 74
0
 75
0
 76
0
 77
1
 78
12
 79
3
170
0
171
3
172
1
173
0
174
0
175
0
176
0
177
0
178
0
179
2
271
2
272
2
273
2
274
3
275
0
276
0
277
2
278
46
279
2
280
0
281
0
282
0
283
0
284
8
285
0
286
0
288
1
289
3
290
0
340
4C
371
-2
372
-2
  0
DIMSTYLE
105
80
330
4
100
AcDbSymbolTableRecord
100
AcDbDimStyleTableRecord
  2
EZ_M_10_H25_CM
 70
0
 40
1.0
 41
0.025
 42
0.0125
 43
3.75
 44
0.037500000000000006
 45
0.0
 46
0.0
 47
0.0
 48
0.0
 49
2.5
140
0.025
141
2.5
142
0.0125
143
0.03937007874
144
100.0
145
0.0
146
0.5
147
0.010000000000000002
148
0.0
 69
0
 70
0
 71
0
 72
0
 73
0
 74
0
 75
0
 76
0
 77
1
 78
12
 79
3
170
0
171
3
172
1
173
0
174
0
175
0
176
0
177
0
178
0
179
2
271
2
272
2
273
2
274
3
275
0
276
0
277
2
278
46
279
2
280
0
281
0
282
0
283
0
284
8
285
0
286
0
288
1
289
3
290
0
340
4C
371
-2
372
-2
  0
DIMSTYLE
105
81
330
4
100
AcDbSymbolTableRecord
100
AcDbDimStyleTableRecord
  2
EZ_M_5_H25_CM
 70
0
 40
1.0
 41
0.0125
 42
0.00625
 43
3.75
 44
0.018750000000000003
 45
0.0
 46
0.0
 47
0.0
 48
0.0
 49
2.5
140
0.0125
141
2.5
142
0.00625
143
0.03937007874
144
100.0
145
0.0
146
0.5
147
0.005000000000000001
148
0.0
 69
0
 70
0
 71
0
 72
0
 73
0
 74
0
 75
0
 76
0
 77
1
 78
12
 79
3
170
0
171
3
172
1
173
0
174
0
175
0
176
0
177
0
178
0
179
2
271
2
272
2
273
2
274
3
275
0
276
0
277
2
278
46
279
2
280
0
281
0
282
0
283
0
284
8
285
0
286
0
288
1
289
3
290
0
340
4C
371
-2
372
-2
  0
DIMSTYLE
105
82
330
4
100
AcDbSymbolTableRecord
100
AcDbDimStyleTableRecord
  2
EZ_M_1_H25_CM
 70
0
 40
1.0
 41
0.0025
 42
0.00125
 43
3.75
 44
0.00375
 45
0.0
 46
0.0
 47
0.0
 48
0.0
 49
2.5
140
0.0025
141
2.5
142
0.00125
143
0.03937007874
144
100.0
145
0.0
146
0.5
147
0.001
148
0.0
 69
0
 70
0
 71
0
 72
0
 73
0
 74
0
 75
0
 76
0
 77
1
 78
12
 79
3
170
0
171
3
172
1
173
0
174
0
175
0
176
0
177
0
178
0
179
2
271
2
272
2
273
2
274
3
275
0
276
0
277
2
278
46
279
2
280
0
281
0
282
0
283
0
284
8
285
0
286
0
288
1
289
3
290
0
340
4C
371
-2
372
-2
  0
DIMSTYLE
105
83
330
4
100
AcDbSymbolTableRecord
100
AcDbDimStyleTableRecord
  2
EZ_RADIUS
 70
0
 40
1.0
 41
0.25
 42
0.125
 43
3.75
 44
0.375
 45
0.0
 46
0.0
 47
0.0
 48
0.0
 49
2.5
140
0.25
141
0.0
142
0.0
143
0.03937007874
144
100.0
145
0.0
146
0.5
147
0.1
148
0.0
 69
0
 70
0
 71
0
 72
0
 73
0
 74
0
 75
0
 76
0
 77
1
 78
12
 79
3
170
0
171
3
172
0
173
0
174
0
175
0
176
0
177
0
178
0
179
2
271
2
272
2
273
2
274
3
275
0
276
0
277
2
278
46
279
1
280
0
281
0
282
0
283
0
284
8
285
0
286
0
288
1
289
3
290
0
340
4C
342
84
371
-2
372
-2
  0
DIMSTYLE
105
88
330
4
100
AcDbSymbolTableRecord
100
AcDbDimStyleTableRecord
  2
EZ_RADIUS_INSIDE
 70
0
 40
1.0
 41
0.25
 42
0.125
 43
3.75
 44
0.375
 45
0.0
 46
0.0
 47
0.0
 48
0.0
 49
2.5
140
0.25
141
0.0
142
0.0
143
0.03937007874
144
100.0
145
0.0
146
0.5
147
0.1
148
0.0
 69
0
 70
0
 71
0
 72
0
 73
0
 74
0
 75
0
 76
0
 77
0
 78
12
 79
3
170
0
171
3
172
0
173
0
174
1
175
0
176
0
177
0
178
0
179
2
271
2
272
2
273
2
274
3
275
0
276
0
277
2
278
46
279
0
280
0
281
0
282
0
283
0
284
8
285
0
286
0
288
1
289
0
290
0
340
4C
342
84
371
-2
372
-2
  0
DIMSTYLE
105
89
330
4
100
AcDbSymbolTableRecord
100
AcDbDimStyleTableRecord
  2
EZ_CURVED
 70
0
 40
1.0
 41
0.25
 42
0.125
 43
3.75
 44
0.375
 45
0.0
 46
0.0
 47
0.0
 48
0.0
 49
2.5
140
0.25
141
2.5
142
0.0
143
0.03937007874
144
100.0
145
0.0
146
0.5
147
0.1
148
0.0
 69
0
 70
0
 71
0
 72
0
 73
0
 74
0
 75
0
 76
0
 77
1
 78
12
 79
2
 90
2
170
0
171
3
172
1
173
0
174
0
175
0
176
0
177
0
178
0
179
2
271
2
272
2
273
2
274
3
275
0
276
0
277
2
278
46
279
2
280
0
281
0
282
0
283
0
284
8
285
0
286
0
288
1
289
3
290
0
340
4C
371
-2
372
-2
  0
ENDTAB
  0
TABLE
  2
BLOCK_RECORD
  5
9
330
0
100
AcDbSymbolTable
 70
5
  0
BLOCK_RECORD
  5
17
330
9
100
AcDbSymbolTableRecord
100
AcDbBlockTableRecord
  2
*Model_Space
340
1A
 70
0
280
1
281
0
  0
BLOCK_RECORD
  5
1B
330
9
100
AcDbSymbolTableRecord
100
AcDbBlockTableRecord
  2
*Paper_Space
340
1E
 70
0
280
1
281
0
  0
BLOCK_RECORD
  5
74
330
9
100
AcDbSymbolTableRecord
100
AcDbBlockTableRecord
  2
_ARCHTICK
340
0
 70
0
280
1
281
0
  0
BLOCK_RECORD
  5
78
330
9
100
AcDbSymbolTableRecord
100
AcDbBlockTableRecord
  2
_CLOSEDFILLED
340
0
 70
0
280
1
281
0
  0
BLOCK_RECORD
  5
84
330
9
100
AcDbSymbolTableRecord
100
AcDbBlockTableRecord
  2
_CLOSEDBLANK
340
0
 70
0
280
1
281
0
  0
ENDTAB
  0
ENDSEC
  0
SECTION
  2
BLOCKS
  0
BLOCK
  5
18
330
17
100
AcDbEntity
  8
0
100
AcDbBlockBegin
  2
*Model_Space
 70
0
 10
0.0
 20
0.0
 30
0.0
  3
*Model_Space
  1

  0
ENDBLK
  5
19
330
17
100
AcDbEntity
  8
0
100
AcDbBlockEnd
  0
BLOCK
  5
1C
330
1B
100
AcDbEntity
  8
0
100
AcDbBlockBegin
  2
*Paper_Space
 70
0
 10
0.0
 20
0.0
 30
0.0
  3
*Paper_Space
  1

  0
ENDBLK
  5
1D
330
1B
100
AcDbEntity
  8
0
100
AcDbBlockEnd
  0
BLOCK
  5
75
330
74
100
AcDbEntity
  8
0
100
AcDbBlockBegin
  2
_ARCHTICK
 70
0
 10
0.0
 20
0.0
 30
0.0
  3
_ARCHTICK
  1

  0
LWPOLYLINE
  5
77
330
74
100
AcDbEntity
  8
0
  6
BYBLOCK
 62
0
100
AcDbPolyline
 90
2
 70
0
 43
0.15
 10
-0.5
 20
-0.5
 10
0.5
 20
0.5
  0
ENDBLK
  5
76
330
74
100
AcDbEntity
  8
0
100
AcDbBlockEnd
  0
BLOCK
  5
79
330
78
100
AcDbEntity
  8
0
100
AcDbBlockBegin
  2
_CLOSEDFILLED
 70
0
 10
0.0
 20
0.0
 30
0.0
  3
_CLOSEDFILLED
  1

  0
SOLID
  5
7B
330
78
100
AcDbEntity
  8
0
  6
BYBLOCK
 62
0
100
AcDbTrace
 10
-1.0
 20
0.16439898372402537
 30
0.0
 11
0.0
 21
0.0
 31
0.0
 12
-1.0
 22
-0.16439898372402537
 32
0.0
 13
-1.0
 23
-0.16439898372402537
 33
0.0
  0
ENDBLK
  5
7A
330
78
100
AcDbEntity
  8
0
100
AcDbBlockEnd
  0
BLOCK
  5
85
330
84
100
AcDbEntity
  8
0
100
AcDbBlockBegin
  2
_CLOSEDBLANK
 70
0
 10
0.0
 20
0.0
 30
0.0
  3
_CLOSEDBLANK
  1

  0
LWPOLYLINE
  5
87
330
84
100
AcDbEntity
  8
0
  6
BYBLOCK
 62
0
100
AcDbPolyline
 90
3
 70
1
 10
-1.0
 20
0.16439898372402537
 10
0.0
 20
0.0
 10
-1.0
 20
-0.16439898372402537
  0
ENDBLK
  5
86
330
84
100
AcDbEntity
  8
0
100
AcDbBlockEnd
  0
ENDSEC
  0
SECTION
  2
ENTITIES
  0
HATCH
  5
91
330
17
100
AcDbEntity
  8
FRAME
 62
7
420
2565413
100
AcDbHatch
 10
0.0
 20
0.0
 30
0.0
210
0.0
220
0.0
230
1.0
  2
SOLID
 70
1
 71
0
 91
1
 92
3
 72
0
 73
1
 93
5
 10
229.80149055555555
 20
916.2509685555553
 10
1352.4378872222221
 20
916.2509685555553
 10
1352.4378872222221
 20
76.250023888889
 10
229.80149055555555
 20
76.250023888889
 10
229.80149055555555
 20
916.2509685555553
 97
0
 75
1
 76
1
 98
0
  0
HATCH
  5
92
330
17
100
AcDbEntity
  8
FRAME
 62
7
420
16777215
100
AcDbHatch
 10
0.0
 20
0.0
 30
0.0
210
0.0
220
0.0
230
1.0
  2
SOLID
 70
1
 71
0
 91
1
 92
3
 72
0
 73
1
 93
5
 10
257.8015333333333
 20
888.2509257777776
 10
1324.4378444444442
 20
888.2509257777776
 10
1324.4378444444442
 20
104.25006666666671
 10
257.8015333333333
 20
104.25006666666671
 10
257.8015333333333
 20
888.2509257777776
 97
0
 75
1
 76
1
 98
0
  0
HATCH
  5
93
330
17
100
AcDbEntity
  8
PERIPHERY
 62
7
420
0
100
AcDbHatch
 10
0.0
 20
0.0
 30
0.0
210
0.0
220
0.0
230
1.0
  2
SOLID
 70
1
 71
0
 91
1
 92
3
 72
0
 73
1
 93
9
 10
257.8015333333333
 20
481.5814929501854
 10
308.34753333333333
 20
476.5265777777778
 10
303.1193666666666
 20
424.2491444444444
 10
343.1187222222222
 20
424.2491444444444
 10
359.1193111111111
 20
584.2479777777777
 10
319.1185444444444
 20
584.2479777777777
 10
312.30711111111106
 20
516.129411111111
 10
257.8015333333333
 20
521.5803087506816
 10
257.8015333333333
 20
481.5814929501854
 97
0
 75
1
 76
1
 98
0
  0
HATCH
  5
94
330
17
100
AcDbEntity
  8
PERIPHERY
 62
7
420
0
100
AcDbHatch
 10
0.0
 20
0.0
 30
0.0
210
0.0
220
0.0
230
1.0
  2
SOLID
 70
1
 71
0
 91
1
 92
3
 72
0
 73
1
 93
10
 10
1239.1192444444443
 20
584.2493888888889
 10
1223.1200666666666
 20
424.2491444444444
 10
1263.119422222222
 20
424.2491444444444
 10
1269.9322666666665
 20
492.3677111111111
 10
1324.4378444444442
 20
486.91681347154054
 10
1324.4378444444442
 20
526.9171815030577
 10
1273.8932555555552
 20
531.9719555555554
 10
1279.120011111111
 20
584.2479777777776
 10
1239.1192444444443
 20
584.2479777777776
 10
1239.1192444444443
 20
584.2493888888889
 97
0
 75
1
 76
1
 98
0
  0
HATCH
  5
95
330
17
100
AcDbEntity
  8
PERIPHERY
 62
7
420
0
100
AcDbHatch
 10
0.0
 20
0.0
 30
0.0
210
0.0
220
0.0
230
1.0
  2
SOLID
 70
1
 71
0
 91
1
 92
3
 72
0
 73
1
 93
5
 10
355.1216333333333
 20
740.2491333333332
 10
295.11977777777776
 20
744.2482222222222
 10
299.12027777777774
 20
804.2486666666666
 10
359.1221333333333
 20
800.2495777777777
 10
355.1216333333333
 20
740.2491333333332
 97
0
 75
1
 76
1
 98
0
  0
HATCH
  5
96
330
17
100
AcDbEntity
  8
PERIPHERY
 62
7
420
0
100
AcDbHatch
 10
0.0
 20
0.0
 30
0.0
210
0.0
220
0.0
230
1.0
  2
SOLID
 70
1
 71
0
 91
1
 92
3
 72
0
 73
1
 93
5
 10
355.1216333333333
 20
204.2498666666667
 10
295.11977777777776
 20
208.2489555555555
 10
299.12027777777774
 20
268.2508111111111
 10
359.1221333333333
 20
264.24889999999994
 10
355.1216333333333
 20
204.2498666666667
 97
0
 75
1
 76
1
 98
0
  0
HATCH
  5
97
330
17
100
AcDbEntity
  8
PERIPHERY
 62
7
420
0
100
AcDbHatch
 10
0.0
 20
0.0
 30
0.0
210
0.0
220
0.0
230
1.0
  2
SOLID
 70
1
 71
0
 91
1
 92
3
 72
0
 73
1
 93
5
 10
1279.1214222222222
 20
740.2491333333332
 10
1219.1195666666667
 20
744.2482222222222
 10
1223.1200666666668
 20
804.2486666666666
 10
1283.1219222222223
 20
800.2495777777777
 10
1279.1214222222222
 20
740.2491333333332
 97
0
 75
1
 76
1
 98
0
  0
HATCH
  5
98
330
17
100
AcDbEntity
  8
PERIPHERY
 62
7
420
0
100
AcDbHatch
 10
0.0
 20
0.0
 30
0.0
210
0.0
220
0.0
230
1.0
  2
SOLID
 70
1
 71
0
 91
1
 92
3
 72
0
 73
1
 93
5
 10
1279.1214222222222
 20
204.2498666666667
 10
1219.1195666666667
 20
208.2489555555555
 10
1223.1200666666668
 20
268.2508111111111
 10
1283.1219222222223
 20
264.24889999999994
 10
1279.1214222222222
 20
204.2498666666667
 97
0
 75
1
 76
1
 98
0
  0
HATCH
  5
99
330
17
100
AcDbEntity
  8
PERIPHERY
 62
7
420
0
100
AcDbHatch
 10
0.0
 20
0.0
 30
0.0
210
0.0
220
0.0
230
1.0
  2
SOLID
 70
1
 71
0
 91
1
 92
3
 72
0
 73
1
 93
5
 10
1031.1200555555556
 20
664.2509222222222
 10
1091.1205
 20
604.2504777777777
 10
1031.1200555555556
 20
544.2500333333334
 10
971.1196111111111
 20
604.2504777777777
 10
1031.1200555555556
 20
664.2509222222222
 97
0
 75
1
 76
1
 98
0
  0
HATCH
  5
9A
330
17
100
AcDbEntity
  8
PERIPHERY
 62
7
420
0
100
AcDbHatch
 10
0.0
 20
0.0
 30
0.0
210
0.0
220
0.0
230
1.0
  2
SOLID
 70
1
 71
0
 91
1
 92
3
 72
0
 73
1
 93
5
 10
691.122711111111
 20
152.25042222222223
 10
691.122711111111
 20
112.25106666666666
 10
811.1193666666666
 20
112.25106666666666
 10
811.1193666666666
 20
152.25042222222223
 10
691.122711111111
 20
152.25042222222223
 97
0
 75
1
 76
1
 98
0
  0
HATCH
  5
9B
330
17
100
AcDbEntity
  8
PERIPHERY
 62
7
420
0
100
AcDbHatch
 10
0.0
 20
0.0
 30
0.0
210
0.0
220
0.0
230
1.0
  2
SOLID
 70
1
 71
0
 91
1
 92
3
 72
0
 73
1
 93
5
 10
851.1187222222221
 20
152.25042222222223
 10
851.1187222222221
 20
112.25106666666666
 10
891.122311111111
 20
112.25106666666666
 10
891.122311111111
 20
152.25042222222223
 10
851.1187222222221
 20
152.25042222222223
 97
0
 75
1
 76
1
 98
0
  0
HATCH
  5
9C
330
17
100
AcDbEntity
  8
PERIPHERY
 62
7
420
0
100
AcDbHatch
 10
0.0
 20
0.0
 30
0.0
210
0.0
220
0.0
230
1.0
  2
SOLID
 70
1
 71
0
 91
1
 92
3
 72
0
 73
1
 93
5
 10
811.1207777777777
 20
152.25042222222223
 10
811.1207777777777
 20
112.25106666666666
 10
851.1201333333332
 20
112.25106666666666
 10
851.1201333333332
 20
152.25042222222223
 10
811.1207777777777
 20
152.25042222222223
 97
0
 75
1
 76
1
 98
0
  0
HATCH
  5
9D
330
17
100
AcDbEntity
  8
PERIPHERY
 62
7
420
16777215
100
AcDbHatch
 10
0.0
 20
0.0
 30
0.0
210
0.0
220
0.0
230
1.0
  2
SOLID
 70
1
 71
0
 91
1
 92
3
 72
0
 73
1
 93
5
 10
695.1203888888889
 20
116.25015555555547
 10
695.1203888888889
 20
112.25106666666666
 10
691.1198888888889
 20
112.25106666666666
 10
691.1198888888889
 20
116.25015555555547
 10
695.1203888888889
 20
116.25015555555547
 97
0
 75
1
 76
1
 98
0
  0
HATCH
  5
9E
330
17
100
AcDbEntity
  8
PERIPHERY
 62
7
420
16777215
100
AcDbHatch
 10
0.0
 20
0.0
 30
0.0
210
0.0
220
0.0
230
1.0
  2
SOLID
 70
1
 71
0
 91
1
 92
3
 72
0
 73
1
 93
5
 10
699.1208888888888
 20
120.24924444444444
 10
699.1208888888888
 20
116.25015555555564
 10
695.1203888888889
 20
116.25015555555564
 10
695.1203888888889
 20
120.24924444444444
 10
699.1208888888888
 20
120.24924444444444
 97
0
 75
1
 76
1
 98
0
  0
HATCH
  5
9F
330
17
100
AcDbEntity
  8
PERIPHERY
 62
7
420
16777215
100
AcDbHatch
 10
0.0
 20
0.0
 30
0.0
210
0.0
220
0.0
230
1.0
  2
SOLID
 70
1
 71
0
 91
1
 92
3
 72
0
 73
1
 93
5
 10
703.1213888888888
 20
124.24833333333326
 10
703.1213888888888
 20
120.24924444444444
 10
699.1208888888888
 20
120.24924444444444
 10
699.1208888888888
 20
124.24833333333326
 10
703.1213888888888
 20
124.24833333333326
 97
0
 75
1
 76
1
 98
0
  0
HATCH
  5
A0
330
17
100
AcDbEntity
  8
PERIPHERY
 62
7
420
16777215
100
AcDbHatch
 10
0.0
 20
0.0
 30
0.0
210
0.0
220
0.0
230
1.0
  2
SOLID
 70
1
 71
0
 91
1
 92
3
 72
0
 73
1
 93
5
 10
703.1213888888888
 20
116.25015555555547
 10
703.1213888888888
 20
112.25106666666666
 10
699.1208888888888
 20
112.25106666666666
 10
699.1208888888888
 20
116.25015555555547
 10
703.1213888888888
 20
116.25015555555547
 97
0
 75
1
 76
1
 98
0
  0
HATCH
  5
A1
330
17
100
AcDbEntity
  8
PERIPHERY
 62
7
420
16777215
100
AcDbHatch
 10
0.0
 20
0.0
 30
0.0
210
0.0
220
0.0
230
1.0
  2
SOLID
 70
1
 71
0
 91
1
 92
3
 72
0
 73
1
 93
5
 10
695.1203888888889
 20
124.24833333333326
 10
695.1203888888889
 20
120.24924444444444
 10
691.1198888888889
 20
120.24924444444444
 10
691.1198888888889
 20
124.24833333333326
 10
695.1203888888889
 20
124.24833333333326
 97
0
 75
1
 76
1
 98
0
  0
HATCH
  5
A2
330
17
100
AcDbEntity
  8
PERIPHERY
 62
7
420
16777215
100
AcDbHatch
 10
0.0
 20
0.0
 30
0.0
210
0.0
220
0.0
230
1.0
  2
SOLID
 70
1
 71
0
 91
1
 92
3
 72
0
 73
1
 93
5
 10
707.1218888888889
 20
120.24924444444444
 10
707.1218888888889
 20
116.25015555555564
 10
703.1213888888889
 20
116.25015555555564
 10
703.1213888888889
 20
120.24924444444444
 10
707.1218888888889
 20
120.24924444444444
 97
0
 75
1
 76
1
 98
0
  0
HATCH
  5
A3
330
17
100
AcDbEntity
  8
PERIPHERY
 62
7
420
16777215
100
AcDbHatch
 10
0.0
 20
0.0
 30
0.0
210
0.0
220
0.0
230
1.0
  2
SOLID
 70
1
 71
0
 91
1
 92
3
 72
0
 73
1
 93
5
 10
699.1208888888888
 20
128.25024444444438
 10
699.1208888888888
 20
124.24833333333326
 10
695.1203888888889
 20
124.24833333333326
 10
695.1203888888889
 20
128.25024444444438
 10
699.1208888888888
 20
128.25024444444438
 97
0
 75
1
 76
1
 98
0
  0
HATCH
  5
A4
330
17
100
AcDbEntity
  8
PERIPHERY
 62
7
420
16777215
100
AcDbHatch
 10
0.0
 20
0.0
 30
0.0
210
0.0
220
0.0
230
1.0
  2
SOLID
 70
1
 71
0
 91
1
 92
3
 72
0
 73
1
 93
5
 10
707.1218888888889
 20
128.25024444444438
 10
707.1218888888889
 20
124.24833333333326
 10
703.1213888888889
 20
124.24833333333326
 10
703.1213888888889
 20
128.25024444444438
 10
707.1218888888889
 20
128.25024444444438
 97
0
 75
1
 76
1
 98
0
  0
HATCH
  5
A5
330
17
100
AcDbEntity
  8
PERIPHERY
 62
7
420
16777215
100
AcDbHatch
 10
0.0
 20
0.0
 30
0.0
210
0.0
220
0.0
230
1.0
  2
SOLID
 70
1
 71
0
 91
1
 92
3
 72
0
 73
1
 93
5
 10
695.1203888888889
 20
132.24933333333337
 10
695.1203888888889
 20
128.25024444444455
 10
691.1198888888889
 20
128.25024444444455
 10
691.1198888888889
 20
132.24933333333337
 10
695.1203888888889
 20
132.24933333333337
 97
0
 75
1
 76
1
 98
0
  0
HATCH
  5
A6
330
17
100
AcDbEntity
  8
PERIPHERY
 62
7
420
16777215
100
AcDbHatch
 10
0.0
 20
0.0
 30
0.0
210
0.0
220
0.0
230
1.0
  2
SOLID
 70
1
 71
0
 91
1
 92
3
 72
0
 73
1
 93
5
 10
699.1208888888888
 20
136.24842222222216
 10
699.1208888888888
 20
132.24933333333337
 10
695.1203888888889
 20
132.24933333333337
 10
695.1203888888889
 20
136.24842222222216
 10
699.1208888888888
 20
136.24842222222216
 97
0
 75
1
 76
1
 98
0
  0
HATCH
  5
A7
330
17
100
AcDbEntity
  8
PERIPHERY
 62
7
420
16777215
100
AcDbHatch
 10
0.0
 20
0.0
 30
0.0
210
0.0
220
0.0
230
1.0
  2
SOLID
 70
1
 71
0
 91
1
 92
3
 72
0
 73
1
 93
5
 10
703.1213888888888
 20
140.24751111111115
 10
703.1213888888888
 20
136.24842222222233
 10
699.1208888888888
 20
136.24842222222233
 10
699.1208888888888
 20
140.24751111111115
 10
703.1213888888888
 20
140.24751111111115
 97
0
 75
1
 76
1
 98
0
  0
HATCH
  5
A8
330
17
100
AcDbEntity
  8
PERIPHERY
 62
7
420
16777215
100
AcDbHatch
 10
0.0
 20
0.0
 30
0.0
210
0.0
220
0.0
230
1.0
  2
SOLID
 70
1
 71
0
 91
1
 92
3
 72
0
 73
1
 93
5
 10
703.1213888888888
 20
132.24933333333337
 10
703.1213888888888
 20
128.25024444444455
 10
699.1208888888888
 20
128.25024444444455
 10
699.1208888888888
 20
132.24933333333337
 10
703.1213888888888
 20
132.24933333333337
 97
0
 75
1
 76
1
 98
0
  0
HATCH
  5
A9
330
17
100
AcDbEntity
  8
PERIPHERY
 62
7
420
16777215
100
AcDbHatch
 10
0.0
 20
0.0
 30
0.0
210
0.0
220
0.0
230
1.0
  2
SOLID
 70
1
 71
0
 91
1
 92
3
 72
0
 73
1
 93
5
 10
695.1203888888889
 20
140.24751111111115
 10
695.1203888888889
 20
136.24842222222233
 10
691.1198888888889
 20
136.24842222222233
 10
691.1198888888889
 20
140.24751111111115
 10
695.1203888888889
 20
140.24751111111115
 97
0
 75
1
 76
1
 98
0
  0
HATCH
  5
AA
330
17
100
AcDbEntity
  8
PERIPHERY
 62
7
420
16777215
100
AcDbHatch
 10
0.0
 20
0.0
 30
0.0
210
0.0
220
0.0
230
1.0
  2
SOLID
 70
1
 71
0
 91
1
 92
3
 72
0
 73
1
 93
5
 10
707.1218888888889
 20
136.24842222222216
 10
707.1218888888889
 20
132.24933333333337
 10
703.1213888888889
 20
132.24933333333337
 10
703.1213888888889
 20
136.24842222222216
 10
707.1218888888889
 20
136.24842222222216
 97
0
 75
1
 76
1
 98
0
  0
HATCH
  5
AB
330
17
100
AcDbEntity
  8
PERIPHERY
 62
7
420
16777215
100
AcDbHatch
 10
0.0
 20
0.0
 30
0.0
210
0.0
220
0.0
230
1.0
  2
SOLID
 70
1
 71
0
 91
1
 92
3
 72
0
 73
1
 93
5
 10
699.1208888888888
 20
144.24942222222228
 10
699.1208888888888
 20
140.24751111111115
 10
695.1203888888889
 20
140.24751111111115
 10
695.1203888888889
 20
144.24942222222228
 10
699.1208888888888
 20
144.24942222222228
 97
0
 75
1
 76
1
 98
0
  0
HATCH
  5
AC
330
17
100
AcDbEntity
  8
PERIPHERY
 62
7
420
16777215
100
AcDbHatch
 10
0.0
 20
0.0
 30
0.0
210
0.0
220
0.0
230
1.0
  2
SOLID
 70
1
 71
0
 91
1
 92
3
 72
0
 73
1
 93
5
 10
707.1218888888889
 20
144.24942222222228
 10
707.1218888888889
 20
140.24751111111115
 10
703.1213888888889
 20
140.24751111111115
 10
703.1213888888889
 20
144.24942222222228
 10
707.1218888888889
 20
144.24942222222228
 97
0
 75
1
 76
1
 98
0
  0
HATCH
  5
AD
330
17
100
AcDbEntity
  8
PERIPHERY
 62
7
420
16777215
100
AcDbHatch
 10
0.0
 20
0.0
 30
0.0
210
0.0
220
0.0
230
1.0
  2
SOLID
 70
1
 71
0
 91
1
 92
3
 72
0
 73
1
 93
5
 10
711.1223888888888
 20
116.25015555555547
 10
711.1223888888888
 20
112.25106666666666
 10
707.1218888888889
 20
112.25106666666666
 10
707.1218888888889
 20
116.25015555555547
 10
711.1223888888888
 20
116.25015555555547
 97
0
 75
1
 76
1
 98
0
  0
HATCH
  5
AE
330
17
100
AcDbEntity
  8
PERIPHERY
 62
7
420
16777215
100
AcDbHatch
 10
0.0
 20
0.0
 30
0.0
210
0.0
220
0.0
230
1.0
  2
SOLID
 70
1
 71
0
 91
1
 92
3
 72
0
 73
1
 93
5
 10
715.1228888888888
 20
120.24924444444444
 10
715.1228888888888
 20
116.25015555555564
 10
711.1223888888888
 20
116.25015555555564
 10
711.1223888888888
 20
120.24924444444444
 10
715.1228888888888
 20
120.24924444444444
 97
0
 75
1
 76
1
 98
0
  0
HATCH
  5
AF
330
17
100
AcDbEntity
  8
PERIPHERY
 62
7
420
16777215
100
AcDbHatch
 10
0.0
 20
0.0
 30
0.0
210
0.0
220
0.0
230
1.0
  2
SOLID
 70
1
 71
0
 91
1
 92
3
 72
0
 73
1
 93
5
 10
719.1233888888888
 20
124.24833333333326
 10
719.1233888888888
 20
120.24924444444444
 10
715.1228888888888
 20
120.24924444444444
 10
715.1228888888888
 20
124.24833333333326
 10
719.1233888888888
 20
124.24833333333326
 97
0
 75
1
 76
1
 98
0
  0
HATCH
  5
B0
330
17
100
AcDbEntity
  8
PERIPHERY
 62
7
420
16777215
100
AcDbHatch
 10
0.0
 20
0.0
 30
0.0
210
0.0
220
0.0
230
1.0
  2
SOLID
 70
1
 71
0
 91
1
 92
3
 72
0
 73
1
 93
5
 10
719.1233888888888
 20
116.25015555555547
 10
719.1233888888888
 20
112.25106666666666
 10
715.1228888888888
 20
112.25106666666666
 10
715.1228888888888
 20
116.25015555555547
 10
719.1233888888888
 20
116.25015555555547
 97
0
 75
1
 76
1
 98
0
  0
HATCH
  5
B1
330
17
100
AcDbEntity
  8
PERIPHERY
 62
7
420
16777215
100
AcDbHatch
 10
0.0
 20
0.0
 30
0.0
210
0.0
220
0.0
230
1.0
  2
SOLID
 70
1
 71
0
 91
1
 92
3
 72
0
 73
1
 93
5
 10
711.1223888888888
 20
124.24833333333326
 10
711.1223888888888
 20
120.24924444444444
 10
707.1218888888889
 20
120.24924444444444
 10
707.1218888888889
 20
124.24833333333326
 10
711.1223888888888
 20
124.24833333333326
 97
0
 75
1
 76
1
 98
0
  0
HATCH
  5
B2
330
17
100
AcDbEntity
  8
PERIPHERY
 62
7
420
16777215
100
AcDbHatch
 10
0.0
 20
0.0
 30
0.0
210
0.0
220
0.0
230
1.0
  2
SOLID
 70
1
 71
0
 91
1
 92
3
 72
0
 73
1
 93
5
 10
723.1238888888889
 20
120.24924444444444
 10
723.1238888888889
 20
116.25015555555564
 10
719.1233888888889
 20
116.25015555555564
 10
719.1233888888889
 20
120.24924444444444
 10
723.1238888888889
 20
120.24924444444444
 97
0
 75
1
 76
1
 98
0
  0
HATCH
  5
B3
330
17
100
AcDbEntity
  8
PERIPHERY
 62
7
420
16777215
100
AcDbHatch
 10
0.0
 20
0.0
 30
0.0
210
0.0
220
0.0
230
1.0
  2
SOLID
 70
1
 71
0
 91
1
 92
3
 72
0
 73
1
 93
5
 10
715.1228888888888
 20
128.25024444444438
 10
715.1228888888888
 20
124.24833333333326
 10
711.1223888888888
 20
124.24833333333326
 10
711.1223888888888
 20
128.25024444444438
 10
715.1228888888888
 20
128.25024444444438
 97
0
 75
1
 76
1
 98
0
  0
HATCH
  5
B4
330
17
100
AcDbEntity
  8
PERIPHERY
 62
7
420
16777215
100
AcDbHatch
 10
0.0
 20
0.0
 30
0.0
210
0.0
220
0.0
230
1.0
  2
SOLID
 70
1
 71
0
 91
1
 92
3
 72
0
 73
1
 93
5
 10
723.1238888888889
 20
128.25024444444438
 10
723.1238888888889
 20
124.24833333333326
 10
719.1233888888889
 20
124.24833333333326
 10
719.1233888888889
 20
128.25024444444438
 10
723.1238888888889
 20
128.25024444444438
 97
0
 75
1
 76
1
 98
0
  0
HATCH
  5
B5
330
17
100
AcDbEntity
  8
PERIPHERY
 62
7
420
16777215
100
AcDbHatch
 10
0.0
 20
0.0
 30
0.0
210
0.0
220
0.0
230
1.0
  2
SOLID
 70
1
 71
0
 91
1
 92
3
 72
0
 73
1
 93
5
 10
711.1223888888888
 20
132.24933333333337
 10
711.1223888888888
 20
128.25024444444455
 10
707.1218888888889
 20
128.25024444444455
 10
707.1218888888889
 20
132.24933333333337
 10
711.1223888888888
 20
132.24933333333337
 97
0
 75
1
 76
1
 98
0
  0
HATCH
  5
B6
330
17
100
AcDbEntity
  8
PERIPHERY
 62
7
420
16777215
100
AcDbHatch
 10
0.0
 20
0.0
 30
0.0
210
0.0
220
0.0
230
1.0
  2
SOLID
 70
1
 71
0
 91
1
 92
3
 72
0
 73
1
 93
5
 10
715.1228888888888
 20
136.24842222222216
 10
715.1228888888888
 20
132.24933333333337
 10
711.1223888888888
 20
132.24933333333337
 10
711.1223888888888
 20
136.24842222222216
 10
715.1228888888888
 20
136.24842222222216
 97
0
 75
1
 76
1
 98
0
  0
HATCH
  5
B7
330
17
100
AcDbEntity
  8
PERIPHERY
 62
7
420
16777215
100
AcDbHatch
 10
0.0
 20
0.0
 30
0.0
210
0.0
220
0.0
230
1.0
  2
SOLID
 70
1
 71
0
 91
1
 92
3
 72
0
 73
1
 93
5
 10
719.1233888888888
 20
140.24751111111115
 10
719.1233888888888
 20
136.24842222222233
 10
715.1228888888888
 20
136.24842222222233
 10
715.1228888888888
 20
140.24751111111115
 10
719.1233888888888
 20
140.24751111111115
 97
0
 75
1
 76
1
 98
0
  0
HATCH
  5
B8
330
17
100
AcDbEntity
  8
PERIPHERY
 62
7
420
16777215
100
AcDbHatch
 10
0.0
 20
0.0
 30
0.0
210
0.0
220
0.0
230
1.0
  2
SOLID
 70
1
 71
0
 91
1
 92
3
 72
0
 73
1
 93
5
 10
719.1233888888888
 20
132.24933333333337
 10
719.1233888888888
 20
128.25024444444455
 10
715.1228888888888
 20
128.25024444444455
 10
715.1228888888888
 20
132.24933333333337
 10
719.1233888888888
 20
132.24933333333337
 97
0
 75
1
 76
1
 98
0
  0
HATCH
  5
B9
330
17
100
AcDbEntity
  8
PERIPHERY
 62
7
420
16777215
100
AcDbHatch
 10
0.0
 20
0.0
 30
0.0
210
0.0
220
0.0
230
1.0
  2
SOLID
 70
1
 71
0
 91
1
 92
3
 72
0
 73
1
 93
5
 10
711.1223888888888
 20
140.24751111111115
 10
711.1223888888888
 20
136.24842222222233
 10
707.1218888888889
 20
136.24842222222233
 10
707.1218888888889
 20
140.24751111111115
 10
711.1223888888888
 20
140.24751111111115
 97
0
 75
1
 76
1
 98
0
  0
HATCH
  5
BA
330
17
100
AcDbEntity
  8
PERIPHERY
 62
7
420
16777215
100
AcDbHatch
 10
0.0
 20
0.0
 30
0.0
210
0.0
220
0.0
230
1.0
  2
SOLID
 70
1
 71
0
 91
1
 92
3
 72
0
 73
1
 93
5
 10
723.1238888888889
 20
136.24842222222216
 10
723.1238888888889
 20
132.24933333333337
 10
719.1233888888889
 20
132.24933333333337
 10
719.1233888888889
 20
136.24842222222216
 10
723.1238888888889
 20
136.24842222222216
 97
0
 75
1
 76
1
 98
0
  0
HATCH
  5
BB
330
17
100
AcDbEntity
  8
PERIPHERY
 62
7
420
16777215
100
AcDbHatch
 10
0.0
 20
0.0
 30
0.0
210
0.0
220
0.0
230
1.0
  2
SOLID
 70
1
 71
0
 91
1
 92
3
 72
0
 73
1
 93
5
 10
715.1228888888888
 20
144.24942222222228
 10
715.1228888888888
 20
140.24751111111115
 10
711.1223888888888
 20
140.24751111111115
 10
711.1223888888888
 20
144.24942222222228
 10
715.1228888888888
 20
144.24942222222228
 97
0
 75
1
 76
1
 98
0
  0
HATCH
  5
BC
330
17
100
AcDbEntity
  8
PERIPHERY
 62
7
420
16777215
100
AcDbHatch
 10
0.0
 20
0.0
 30
0.0
210
0.0
220
0.0
230
1.0
  2
SOLID
 70
1
 71
0
 91
1
 92
3
 72
0
 73
1
 93
5
 10
723.1238888888889
 20
144.24942222222228
 10
723.1238888888889
 20
140.24751111111115
 10
719.1233888888889
 20
140.24751111111115
 10
719.1233888888889
 20
144.24942222222228
 10
723.1238888888889
 20
144.24942222222228
 97
0
 75
1
 76
1
 98
0
  0
HATCH
  5
BD
330
17
100
AcDbEntity
  8
PERIPHERY
 62
7
420
16777215
100
AcDbHatch
 10
0.0
 20
0.0
 30
0.0
210
0.0
220
0.0
230
1.0
  2
SOLID
 70
1
 71
0
 91
1
 92
3
 72
0
 73
1
 93
5
 10
727.1243888888888
 20
124.24833333333326
 10
727.1243888888888
 20
120.24924444444444
 10
723.1238888888887
 20
120.24924444444444
 10
723.1238888888887
 20
124.24833333333326
 10
727.1243888888888
 20
124.24833333333326
 97
0
 75
1
 76
1
 98
0
  0
HATCH
  5
BE
330
17
100
AcDbEntity
  8
PERIPHERY
 62
7
420
16777215
100
AcDbHatch
 10
0.0
 20
0.0
 30
0.0
210
0.0
220
0.0
230
1.0
  2
SOLID
 70
1
 71
0
 91
1
 92
3
 72
0
 73
1
 93
5
 10
727.1243888888888
 20
116.25015555555547
 10
727.1243888888888
 20
112.25106666666666
 10
723.1238888888887
 20
112.25106666666666
 10
723.1238888888887
 20
116.25015555555547
 10
727.1243888888888
 20
116.25015555555547
 97
0
 75
1
 76
1
 98
0
  0
HATCH
  5
BF
330
17
100
AcDbEntity
  8
PERIPHERY
 62
7
420
16777215
100
AcDbHatch
 10
0.0
 20
0.0
 30
0.0
210
0.0
220
0.0
230
1.0
  2
SOLID
 70
1
 71
0
 91
1
 92
3
 72
0
 73
1
 93
5
 10
731.1248888888888
 20
120.24924444444444
 10
731.1248888888888
 20
116.25015555555564
 10
727.1243888888888
 20
116.25015555555564
 10
727.1243888888888
 20
120.24924444444444
 10
731.1248888888888
 20
120.24924444444444
 97
0
 75
1
 76
1
 98
0
  0
HATCH
  5
C0
330
17
100
AcDbEntity
  8
PERIPHERY
 62
7
420
16777215
100
AcDbHatch
 10
0.0
 20
0.0
 30
0.0
210
0.0
220
0.0
230
1.0
  2
SOLID
 70
1
 71
0
 91
1
 92
3
 72
0
 73
1
 93
5
 10
731.1248888888888
 20
128.25024444444438
 10
731.1248888888888
 20
124.24833333333326
 10
727.1243888888888
 20
124.24833333333326
 10
727.1243888888888
 20
128.25024444444438
 10
731.1248888888888
 20
128.25024444444438
 97
0
 75
1
 76
1
 98
0
  0
HATCH
  5
C1
330
17
100
AcDbEntity
  8
PERIPHERY
 62
7
420
16777215
100
AcDbHatch
 10
0.0
 20
0.0
 30
0.0
210
0.0
220
0.0
230
1.0
  2
SOLID
 70
1
 71
0
 91
1
 92
3
 72
0
 73
1
 93
5
 10
727.1243888888888
 20
140.24751111111115
 10
727.1243888888888
 20
136.24842222222233
 10
723.1238888888887
 20
136.24842222222233
 10
723.1238888888887
 20
140.24751111111115
 10
727.1243888888888
 20
140.24751111111115
 97
0
 75
1
 76
1
 98
0
  0
HATCH
  5
C2
330
17
100
AcDbEntity
  8
PERIPHERY
 62
7
420
16777215
100
AcDbHatch
 10
0.0
 20
0.0
 30
0.0
210
0.0
220
0.0
230
1.0
  2
SOLID
 70
1
 71
0
 91
1
 92
3
 72
0
 73
1
 93
5
 10
727.1243888888888
 20
132.24933333333337
 10
727.1243888888888
 20
128.25024444444455
 10
723.1238888888887
 20
128.25024444444455
 10
723.1238888888887
 20
132.24933333333337
 10
727.1243888888888
 20
132.24933333333337
 97
0
 75
1
 76
1
 98
0
  0
HATCH
  5
C3
330
17
100
AcDbEntity
  8
PERIPHERY
 62
7
420
16777215
100
AcDbHatch
 10
0.0
 20
0.0
 30
0.0
210
0.0
220
0.0
230
1.0
  2
SOLID
 70
1
 71
0
 91
1
 92
3
 72
0
 73
1
 93
5
 10
731.1248888888888
 20
136.24842222222216
 10
731.1248888888888
 20
132.24933333333337
 10
727.1243888888888
 20
132.24933333333337
 10
727.1243888888888
 20
136.24842222222216
 10
731.1248888888888
 20
136.24842222222216
 97
0
 75
1
 76
1
 98
0
  0
HATCH
  5
C4
330
17
100
AcDbEntity
  8
PERIPHERY
 62
7
420
16777215
100
AcDbHatch
 10
0.0
 20
0.0
 30
0.0
210
0.0
220
0.0
230
1.0
  2
SOLID
 70
1
 71
0
 91
1
 92
3
 72
0
 73
1
 93
5
 10
731.1248888888888
 20
144.24942222222228
 10
731.1248888888888
 20
140.24751111111115
 10
727.1243888888888
 20
140.24751111111115
 10
727.1243888888888
 20
144.24942222222228
 10
731.1248888888888
 20
144.24942222222228
 97
0
 75
1
 76
1
 98
0
  0
HATCH
  5
C5
330
17
100
AcDbEntity
  8
PERIPHERY
 62
7
420
16777215
100
AcDbHatch
 10
0.0
 20
0.0
 30
0.0
210
0.0
220
0.0
230
1.0
  2
SOLID
 70
1
 71
0
 91
1
 92
3
 72
0
 73
1
 93
5
 10
703.1213888888888
 20
148.2485111111111
 10
703.1213888888888
 20
144.24942222222228
 10
699.1208888888888
 20
144.24942222222228
 10
699.1208888888888
 20
148.2485111111111
 10
703.1213888888888
 20
148.2485111111111
 97
0
 75
1
 76
1
 98
0
  0
HATCH
  5
C6
330
17
100
AcDbEntity
  8
PERIPHERY
 62
7
420
16777215
100
AcDbHatch
 10
0.0
 20
0.0
 30
0.0
210
0.0
220
0.0
230
1.0
  2
SOLID
 70
1
 71
0
 91
1
 92
3
 72
0
 73
1
 93
5
 10
695.1203888888889
 20
148.2485111111111
 10
695.1203888888889
 20
144.24942222222228
 10
691.1198888888889
 20
144.24942222222228
 10
691.1198888888889
 20
148.2485111111111
 10
695.1203888888889
 20
148.2485111111111
 97
0
 75
1
 76
1
 98
0
  0
HATCH
  5
C7
330
17
100
AcDbEntity
  8
PERIPHERY
 62
7
420
16777215
100
AcDbHatch
 10
0.0
 20
0.0
 30
0.0
210
0.0
220
0.0
230
1.0
  2
SOLID
 70
1
 71
0
 91
1
 92
3
 72
0
 73
1
 93
5
 10
699.1208888888888
 20
152.24760000000006
 10
699.1208888888888
 20
148.24851111111124
 10
695.1203888888889
 20
148.24851111111124
 10
695.1203888888889
 20
152.24760000000006
 10
699.1208888888888
 20
152.24760000000006
 97
0
 75
1
 76
1
 98
0
  0
HATCH
  5
C8
330
17
100
AcDbEntity
  8
PERIPHERY
 62
7
420
16777215
100
AcDbHatch
 10
0.0
 20
0.0
 30
0.0
210
0.0
220
0.0
230
1.0
  2
SOLID
 70
1
 71
0
 91
1
 92
3
 72
0
 73
1
 93
5
 10
707.1218888888889
 20
152.24760000000006
 10
707.1218888888889
 20
148.24851111111124
 10
703.1213888888889
 20
148.24851111111124
 10
703.1213888888889
 20
152.24760000000006
 10
707.1218888888889
 20
152.24760000000006
 97
0
 75
1
 76
1
 98
0
  0
HATCH
  5
C9
330
17
100
AcDbEntity
  8
PERIPHERY
 62
7
420
16777215
100
AcDbHatch
 10
0.0
 20
0.0
 30
0.0
210
0.0
220
0.0
230
1.0
  2
SOLID
 70
1
 71
0
 91
1
 92
3
 72
0
 73
1
 93
5
 10
719.1233888888888
 20
148.2485111111111
 10
719.1233888888888
 20
144.24942222222228
 10
715.1228888888888
 20
144.24942222222228
 10
715.1228888888888
 20
148.2485111111111
 10
719.1233888888888
 20
148.2485111111111
 97
0
 75
1
 76
1
 98
0
  0
HATCH
  5
CA
330
17
100
AcDbEntity
  8
PERIPHERY
 62
7
420
16777215
100
AcDbHatch
 10
0.0
 20
0.0
 30
0.0
210
0.0
220
0.0
230
1.0
  2
SOLID
 70
1
 71
0
 91
1
 92
3
 72
0
 73
1
 93
5
 10
711.1223888888888
 20
148.2485111111111
 10
711.1223888888888
 20
144.24942222222228
 10
707.1218888888889
 20
144.24942222222228
 10
707.1218888888889
 20
148.2485111111111
 10
711.1223888888888
 20
148.2485111111111
 97
0
 75
1
 76
1
 98
0
  0
HATCH
  5
CB
330
17
100
AcDbEntity
  8
PERIPHERY
 62
7
420
16777215
100
AcDbHatch
 10
0.0
 20
0.0
 30
0.0
210
0.0
220
0.0
230
1.0
  2
SOLID
 70
1
 71
0
 91
1
 92
3
 72
0
 73
1
 93
5
 10
715.1228888888888
 20
152.24760000000006
 10
715.1228888888888
 20
148.24851111111124
 10
711.1223888888888
 20
148.24851111111124
 10
711.1223888888888
 20
152.24760000000006
 10
715.1228888888888
 20
152.24760000000006
 97
0
 75
1
 76
1
 98
0
  0
HATCH
  5
CC
330
17
100
AcDbEntity
  8
PERIPHERY
 62
7
420
16777215
100
AcDbHatch
 10
0.0
 20
0.0
 30
0.0
210
0.0
220
0.0
230
1.0
  2
SOLID
 70
1
 71
0
 91
1
 92
3
 72
0
 73
1
 93
5
 10
723.1238888888889
 20
152.24760000000006
 10
723.1238888888889
 20
148.24851111111124
 10
719.1233888888889
 20
148.24851111111124
 10
719.1233888888889
 20
152.24760000000006
 10
723.1238888888889
 20
152.24760000000006
 97
0
 75
1
 76
1
 98
0
  0
HATCH
  5
CD
330
17
100
AcDbEntity
  8
PERIPHERY
 62
7
420
16777215
100
AcDbHatch
 10
0.0
 20
0.0
 30
0.0
210
0.0
220
0.0
230
1.0
  2
SOLID
 70
1
 71
0
 91
1
 92
3
 72
0
 73
1
 93
5
 10
727.1243888888888
 20
148.2485111111111
 10
727.1243888888888
 20
144.24942222222228
 10
723.1238888888887
 20
144.24942222222228
 10
723.1238888888887
 20
148.2485111111111
 10
727.1243888888888
 20
148.2485111111111
 97
0
 75
1
 76
1
 98
0
  0
HATCH
  5
CE
330
17
100
AcDbEntity
  8
PERIPHERY
 62
7
420
16777215
100
AcDbHatch
 10
0.0
 20
0.0
 30
0.0
210
0.0
220
0.0
230
1.0
  2
SOLID
 70
1
 71
0
 91
1
 92
3
 72
0
 73
1
 93
5
 10
731.1248888888888
 20
152.24760000000006
 10
731.1248888888888
 20
148.24851111111124
 10
727.1243888888888
 20
148.24851111111124
 10
727.1243888888888
 20
152.24760000000006
 10
731.1248888888888
 20
152.24760000000006
 97
0
 75
1
 76
1
 98
0
  0
HATCH
  5
CF
330
17
100
AcDbEntity
  8
PERIPHERY
 62
7
420
16777215
100
AcDbHatch
 10
0.0
 20
0.0
 30
0.0
210
0.0
220
0.0
230
1.0
  2
SOLID
 70
1
 71
0
 91
1
 92
3
 72
0
 73
1
 93
5
 10
739.1258888888888
 20
144.24942222222228
 10
731.1248888888888
 20
144.24942222222228
 10
731.1248888888888
 20
152.24760000000006
 10
739.1258888888888
 20
152.24760000000006
 10
739.1258888888888
 20
144.24942222222228
 97
0
 75
1
 76
1
 98
0
  0
HATCH
  5
D0
330
17
100
AcDbEntity
  8
PERIPHERY
 62
7
420
16777215
100
AcDbHatch
 10
0.0
 20
0.0
 30
0.0
210
0.0
220
0.0
230
1.0
  2
SOLID
 70
1
 71
0
 91
1
 92
3
 72
0
 73
1
 93
5
 10
739.1258888888888
 20
128.25024444444438
 10
731.1248888888888
 20
128.25024444444438
 10
731.1248888888888
 20
136.24842222222216
 10
739.1258888888888
 20
136.24842222222216
 10
739.1258888888888
 20
128.25024444444438
 97
0
 75
1
 76
1
 98
0
  0
HATCH
  5
D1
330
17
100
AcDbEntity
  8
PERIPHERY
 62
7
420
16777215
100
AcDbHatch
 10
0.0
 20
0.0
 30
0.0
210
0.0
220
0.0
230
1.0
  2
SOLID
 70
1
 71
0
 91
1
 92
3
 72
0
 73
1
 93
5
 10
739.1258888888888
 20
112.25106666666666
 10
731.1248888888888
 20
112.25106666666666
 10
731.1248888888888
 20
120.24924444444444
 10
739.1258888888888
 20
120.24924444444444
 10
739.1258888888888
 20
112.25106666666666
 97
0
 75
1
 76
1
 98
0
  0
HATCH
  5
D2
330
17
100
AcDbEntity
  8
PERIPHERY
 62
7
420
16777215
100
AcDbHatch
 10
0.0
 20
0.0
 30
0.0
210
0.0
220
0.0
230
1.0
  2
SOLID
 70
1
 71
0
 91
1
 92
3
 72
0
 73
1
 93
5
 10
747.1254777777776
 20
136.24842222222216
 10
739.1244777777777
 20
136.24842222222216
 10
739.1244777777777
 20
144.24659999999997
 10
747.1254777777776
 20
144.24659999999997
 10
747.1254777777776
 20
136.24842222222216
 97
0
 75
1
 76
1
 98
0
  0
HATCH
  5
D3
330
17
100
AcDbEntity
  8
PERIPHERY
 62
7
420
16777215
100
AcDbHatch
 10
0.0
 20
0.0
 30
0.0
210
0.0
220
0.0
230
1.0
  2
SOLID
 70
1
 71
0
 91
1
 92
3
 72
0
 73
1
 93
5
 10
747.1254777777776
 20
120.24924444444444
 10
739.1244777777777
 20
120.24924444444444
 10
739.1244777777777
 20
128.24742222222224
 10
747.1254777777776
 20
128.24742222222224
 10
747.1254777777776
 20
120.24924444444444
 97
0
 75
1
 76
1
 98
0
  0
HATCH
  5
D4
330
17
100
AcDbEntity
  8
PERIPHERY
 62
7
420
16777215
100
AcDbHatch
 10
0.0
 20
0.0
 30
0.0
210
0.0
220
0.0
230
1.0
  2
SOLID
 70
1
 71
0
 91
1
 92
3
 72
0
 73
1
 93
5
 10
755.1264777777777
 20
144.24659999999997
 10
747.1254777777777
 20
144.24659999999997
 10
747.1254777777777
 20
152.24477777777776
 10
755.1264777777777
 20
152.24477777777776
 10
755.1264777777777
 20
144.24659999999997
 97
0
 75
1
 76
1
 98
0
  0
HATCH
  5
D5
330
17
100
AcDbEntity
  8
PERIPHERY
 62
7
420
16777215
100
AcDbHatch
 10
0.0
 20
0.0
 30
0.0
210
0.0
220
0.0
230
1.0
  2
SOLID
 70
1
 71
0
 91
1
 92
3
 72
0
 73
1
 93
5
 10
755.1264777777777
 20
128.24742222222224
 10
747.1254777777777
 20
128.24742222222224
 10
747.1254777777777
 20
136.24560000000002
 10
755.1264777777777
 20
136.24560000000002
 10
755.1264777777777
 20
128.24742222222224
 97
0
 75
1
 76
1
 98
0
  0
HATCH
  5
D6
330
17
100
AcDbEntity
  8
PERIPHERY
 62
7
420
16777215
100
AcDbHatch
 10
0.0
 20
0.0
 30
0.0
210
0.0
220
0.0
230
1.0
  2
SOLID
 70
1
 71
0
 91
1
 92
3
 72
0
 73
1
 93
5
 10
755.1264777777777
 20
112.24824444444451
 10
747.1254777777777
 20
112.24824444444451
 10
747.1254777777777
 20
120.2464222222223
 10
755.1264777777777
 20
120.2464222222223
 10
755.1264777777777
 20
112.24824444444451
 97
0
 75
1
 76
1
 98
0
  0
HATCH
  5
D7
330
17
100
AcDbEntity
  8
PERIPHERY
 62
7
420
16777215
100
AcDbHatch
 10
0.0
 20
0.0
 30
0.0
210
0.0
220
0.0
230
1.0
  2
SOLID
 70
1
 71
0
 91
1
 92
3
 72
0
 73
1
 93
5
 10
763.1274777777777
 20
136.24560000000002
 10
755.1264777777777
 20
136.24560000000002
 10
755.1264777777777
 20
144.2437777777778
 10
763.1274777777777
 20
144.2437777777778
 10
763.1274777777777
 20
136.24560000000002
 97
0
 75
1
 76
1
 98
0
  0
HATCH
  5
D8
330
17
100
AcDbEntity
  8
PERIPHERY
 62
7
420
16777215
100
AcDbHatch
 10
0.0
 20
0.0
 30
0.0
210
0.0
220
0.0
230
1.0
  2
SOLID
 70
1
 71
0
 91
1
 92
3
 72
0
 73
1
 93
5
 10
763.1274777777777
 20
120.2464222222223
 10
755.1264777777777
 20
120.2464222222223
 10
755.1264777777777
 20
128.24460000000008
 10
763.1274777777777
 20
128.24460000000008
 10
763.1274777777777
 20
120.2464222222223
 97
0
 75
1
 76
1
 98
0
  0
HATCH
  5
D9
330
17
100
AcDbEntity
  8
PERIPHERY
 62
7
420
16777215
100
AcDbHatch
 10
0.0
 20
0.0
 30
0.0
210
0.0
220
0.0
230
1.0
  2
SOLID
 70
1
 71
0
 91
1
 92
3
 72
0
 73
1
 93
5
 10
771.1284777777778
 20
144.2437777777778
 10
763.1274777777778
 20
144.2437777777778
 10
763.1274777777778
 20
152.2419555555556
 10
771.1284777777778
 20
152.2419555555556
 10
771.1284777777778
 20
144.2437777777778
 97
0
 75
1
 76
1
 98
0
  0
HATCH
  5
DA
330
17
100
AcDbEntity
  8
PERIPHERY
 62
7
420
16777215
100
AcDbHatch
 10
0.0
 20
0.0
 30
0.0
210
0.0
220
0.0
230
1.0
  2
SOLID
 70
1
 71
0
 91
1
 92
3
 72
0
 73
1
 93
5
 10
771.1284777777778
 20
128.2445999999999
 10
763.1274777777778
 20
128.2445999999999
 10
763.1274777777778
 20
136.2427777777777
 10
771.1284777777778
 20
136.2427777777777
 10
771.1284777777778
 20
128.2445999999999
 97
0
 75
1
 76
1
 98
0
  0
HATCH
  5
DB
330
17
100
AcDbEntity
  8
PERIPHERY
 62
7
420
16777215
100
AcDbHatch
 10
0.0
 20
0.0
 30
0.0
210
0.0
220
0.0
230
1.0
  2
SOLID
 70
1
 71
0
 91
1
 92
3
 72
0
 73
1
 93
5
 10
771.1284777777778
 20
112.24542222222219
 10
763.1274777777778
 20
112.24542222222219
 10
763.1274777777778
 20
120.24359999999997
 10
771.1284777777778
 20
120.24359999999997
 10
771.1284777777778
 20
112.24542222222219
 97
0
 75
1
 76
1
 98
0
  0
HATCH
  5
DC
330
17
100
AcDbEntity
  8
PERIPHERY
 62
7
420
16777215
100
AcDbHatch
 10
0.0
 20
0.0
 30
0.0
210
0.0
220
0.0
230
1.0
  2
SOLID
 70
1
 71
0
 91
1
 92
3
 72
0
 73
1
 93
5
 10
787.1304777777776
 20
112.25106666666666
 10
779.1294777777778
 20
112.25106666666666
 10
779.1294777777778
 20
152.25042222222223
 10
787.1304777777776
 20
152.25042222222223
 10
787.1304777777776
 20
112.25106666666666
 97
0
 75
1
 76
1
 98
0
  0
HATCH
  5
DD
330
17
100
AcDbEntity
  8
PERIPHERY
 62
7
420
16777215
100
AcDbHatch
 10
0.0
 20
0.0
 30
0.0
210
0.0
220
0.0
230
1.0
  2
SOLID
 70
1
 71
0
 91
1
 92
3
 72
0
 73
1
 93
5
 10
803.1310666666666
 20
112.25106666666666
 10
795.1300666666667
 20
112.25106666666666
 10
795.1300666666667
 20
152.25042222222223
 10
803.1310666666666
 20
152.25042222222223
 10
803.1310666666666
 20
112.25106666666666
 97
0
 75
1
 76
1
 98
0
  0
HATCH
  5
DE
330
17
100
AcDbEntity
  8
PERIPHERY
 62
7
420
16777215
100
AcDbHatch
 10
0.0
 20
0.0
 30
0.0
210
0.0
220
0.0
230
1.0
  2
SOLID
 70
1
 71
0
 91
1
 92
3
 72
0
 73
1
 93
5
 10
891.122311111111
 20
128.24177777777777
 10
891.122311111111
 20
120.24077777777782
 10
851.1229555555554
 20
120.24077777777782
 10
851.1229555555554
 20
128.24177777777777
 10
891.122311111111
 20
128.24177777777777
 97
0
 75
1
 76
1
 98
0
  0
HATCH
  5
DF
330
17
100
AcDbEntity
  8
PERIPHERY
 62
7
420
16777215
100
AcDbHatch
 10
0.0
 20
0.0
 30
0.0
210
0.0
220
0.0
230
1.0
  2
SOLID
 70
1
 71
0
 91
1
 92
3
 72
0
 73
1
 93
5
 10
891.122311111111
 20
144.2437777777778
 10
891.122311111111
 20
136.24277777777786
 10
851.1229555555554
 20
136.24277777777786
 10
851.1229555555554
 20
144.2437777777778
 10
891.122311111111
 20
144.2437777777778
 97
0
 75
1
 76
1
 98
0
  0
HATCH
  5
E0
330
17
100
AcDbEntity
  8
PERIPHERY
 62
7
420
16777215
100
AcDbHatch
 10
0.0
 20
0.0
 30
0.0
210
0.0
220
0.0
230
1.0
  2
SOLID
 70
1
 71
0
 91
1
 92
3
 72
0
 73
1
 93
9
 10
851.1187222222221
 20
112.25106666666666
 10
851.1187222222221
 20
117.90821111111113
 10
816.7779222222221
 20
152.25042222222223
 10
811.3267999999998
 20
152.25042222222223
 10
811.1207777777777
 20
152.04440000000005
 10
811.1207777777777
 20
146.59327777777776
 10
845.4629888888887
 20
112.25247777777774
 10
851.1187222222221
 20
112.25247777777774
 10
851.1187222222221
 20
112.25106666666666
 97
0
 75
1
 76
1
 98
0
  0
HATCH
  5
E1
330
17
100
AcDbEntity
  8
PERIPHERY
 62
7
420
16777215
100
AcDbHatch
 10
0.0
 20
0.0
 30
0.0
210
0.0
220
0.0
230
1.0
  2
SOLID
 70
1
 71
0
 91
1
 92
3
 72
0
 73
1
 93
5
 10
839.4050888888888
 20
152.25042222222223
 10
828.0908
 20
152.25042222222223
 10
851.117311111111
 20
129.22250000000005
 10
851.117311111111
 20
140.53961111111113
 10
839.4050888888888
 20
152.25042222222223
 97
0
 75
1
 76
1
 98
0
  0
HATCH
  5
E2
330
17
100
AcDbEntity
  8
PERIPHERY
 62
7
420
16777215
100
AcDbHatch
 10
0.0
 20
0.0
 30
0.0
210
0.0
220
0.0
230
1.0
  2
SOLID
 70
1
 71
0
 91
1
 92
3
 72
0
 73
1
 93
6
 10
811.1207777777777
 20
123.96187777777774
 10
822.8301777777776
 20
112.25106666666666
 10
834.1472888888887
 20
112.25106666666666
 10
811.1221888888887
 20
135.2747555555556
 10
811.1221888888887
 20
123.96187777777774
 10
811.1207777777777
 20
123.96187777777774
 97
0
 75
1
 76
1
 98
0
  0
LWPOLYLINE
  5
E3
330
17
100
AcDbEntity
  8
PERIPHERY
370
25
420
2565413
100
AcDbPolyline
 90
2
 70
0
 43
3.993444444444444
 10
403.1205777777777
 20
824.2497555555556
 10
383.12089999999995
 20
184.2516
  0
LWPOLYLINE
  5
E4
330
17
100
AcDbEntity
  8
PERIPHERY
370
25
420
2565413
100
AcDbPolyline
 90
2
 70
0
 43
3.993444444444444
 10
387.1199888888888
 20
832.2507555555554
 10
1187.1198
 20
856.2509333333333
  0
HATCH
  5
E5
330
17
100
AcDbEntity
  8
PERIPHERY
 62
7
420
0
100
AcDbHatch
 10
0.0
 20
0.0
 30
0.0
210
0.0
220
0.0
230
1.0
  2
SOLID
 70
1
 71
0
 91
1
 92
3
 72
0
 73
1
 93
8
 10
259.1195111111111
 20
832.2507555555554
 10
257.8015333333333
 20
831.014878929315
 10
257.8015333333333
 20
823.8520091803521
 10
259.9196111111112
 20
826.2507111111113
 10
263.83967777777787
 20
829.8504555555556
 10
267.1191000000001
 20
832.2507555555557
 10
259.1195111111111
 20
832.2507555555557
 10
259.1195111111111
 20
832.2507555555554
 97
0
 75
1
 76
1
 98
0
  0
LWPOLYLINE
  5
E6
330
17
100
AcDbEntity
  8
PERIPHERY
370
25
420
0
100
AcDbPolyline
 90
2
 70
0
 43
1.9999677777777776
 10
257.8015333333333
 20
808.2505777777776
 10
269.1214666666666
 20
808.2505777777776
  0
LWPOLYLINE
  5
E7
330
17
100
AcDbEntity
  8
PERIPHERY
370
25
420
0
100
AcDbPolyline
 90
2
 70
0
 43
1.9999677777777776
 10
257.8015333333333
 20
784.2504
 10
263.1214222222222
 20
784.2504
  0
LWPOLYLINE
  5
E8
330
17
100
AcDbEntity
  8
PERIPHERY
370
25
420
0
100
AcDbPolyline
 90
2
 70
0
 43
1.9999677777777776
 10
257.8015333333333
 20
760.2502222222222
 10
260.1214
 20
760.2502222222222
  0
LWPOLYLINE
  5
E9
330
17
100
AcDbEntity
  8
PERIPHERY
370
25
420
0
100
AcDbPolyline
 90
2
 70
0
 43
1.9999677777777776
 10
257.8015333333333
 20
736.2500444444443
 10
258.32082222222215
 20
736.2500444444443
  0
TEXT
  5
EA
330
17
100
AcDbEntity
  8
LABELS
 62
250
100
AcDbText
 10
276.0196833333333
 20
803.33088
 30
0.0
 40
16.93333333333333
  1
2
 11
276.0196833333333
 21
803.33088
 31
0.0
100
AcDbText
  0
TEXT
  5
EB
330
17
100
AcDbEntity
  8
LABELS
 62
250
100
AcDbText
 10
272.2796744444444
 20
779.3308433333333
 30
0.0
 40
16.93333333333333
  1
3
 11
272.2796744444444
 21
779.3308433333333
 31
0.0
100
AcDbText
  0
TEXT
  5
EC
330
17
100
AcDbEntity
  8
LABELS
 62
250
100
AcDbText
 10
265.71603222222217
 20
755.3309477777777
 30
0.0
 40
16.93333333333333
  1
4
 11
265.71603222222217
 21
755.3309477777777
 31
0.0
100
AcDbText
  0
TEXT
  5
ED
330
17
100
AcDbEntity
  8
LABELS
 62
250
100
AcDbText
 10
264.7976811111111
 20
731.3310522222222
 30
0.0
 40
16.93333333333333
  1
5
 11
264.7976811111111
 21
731.3310522222222
 31
0.0
100
AcDbText
  0
HATCH
  5
EE
330
17
100
AcDbEntity
  8
PERIPHERY
 62
7
420
0
100
AcDbHatch
 10
0.0
 20
0.0
 30
0.0
210
0.0
220
0.0
230
1.0
  2
SOLID
 70
1
 71
0
 91
1
 92
3
 72
0
 73
1
 93
53
 10
1106.031711111111
 20
745.3390111111111
 10
1102.0142777777778
 20
745.9599
 10
1096.6958
 20
746.1885000000001
 10
1093.4996333333333
 20
745.9895333333333
 10
1089.0602777777779
 20
745.3390111111111
 10
1086.2874444444444
 20
744.716711111111
 10
1082.3843111111112
 20
743.5285555555555
 10
1079.8937
 20
742.6240333333333
 10
1076.3320555555556
 20
741.0957999999999
 10
1074.040411111111
 20
739.992311111111
 10
1070.6735
 20
738.2679333333333
 10
1065.299988888889
 20
735.1550222222221
 10
1060.1240333333335
 20
731.8459666666665
 10
1055.117411111111
 20
728.3675777777777
 10
1050.223677777778
 20
724.7762999999999
 10
1045.4160222222222
 20
721.0989444444443
 10
1040.6916222222223
 20
717.3369222222223
 10
1036.0236666666667
 20
713.5184555555555
 10
1031.4135666666668
 20
709.6421333333333
 10
1026.8331
 20
705.7389999999999
 10
1022.2780333333335
 20
701.8076444444445
 10
1017.7794111111112
 20
697.8198444444445
 10
1013.2822000000002
 20
693.8306333333334
 10
1008.8414333333334
 20
689.7863888888888
 10
1004.4006666666667
 20
685.7421444444444
 10
999.9613111111112
 20
681.6964888888888
 10
999.0285666666668
 20
682.6306444444444
 10
1003.4114777777779
 20
686.7327444444445
 10
1007.7958000000001
 20
690.8334333333332
 10
1012.2069333333334
 20
694.9059
 10
1016.6477000000001
 20
698.9501444444445
 10
1021.0870555555556
 20
702.9958
 10
1025.5856777777778
 20
706.9836
 10
1030.0843
 20
710.9714
 10
1034.6097333333335
 20
714.9309777777777
 10
1039.1916111111111
 20
718.8355222222223
 10
1043.8031222222223
 20
722.7104333333333
 10
1048.4682555555557
 20
726.5303111111111
 10
1053.2194666666667
 20
730.264111111111
 10
1058.0849777777778
 20
733.8822
 10
1063.0365666666667
 20
737.4170333333332
 10
1068.156077777778
 20
740.7825333333332
 10
1071.3226111111112
 20
742.7058777777777
 10
1073.5013666666669
 20
743.9222555555555
 10
1076.8372333333334
 20
745.6762666666666
 10
1079.1571000000001
 20
746.7515333333332
 10
1082.748377777778
 20
748.2501333333332
 10
1085.2968444444446
 20
749.098211111111
 10
1089.3114555555558
 20
750.1748888888889
 10
1092.1675444444447
 20
750.7125222222221
 10
1096.8623111111112
 20
751.1090444444444
 10
1100.3703333333335
 20
750.9947444444444
 10
1106.031711111111
 20
745.3390111111111
 97
0
 75
1
 76
1
 98
0
  0
HATCH
  5
EF
330
17
100
AcDbEntity
  8
PERIPHERY
 62
7
420
0
100
AcDbHatch
 10
0.0
 20
0.0
 30
0.0
210
0.0
220
0.0
230
1.0
  2
SOLID
 70
1
 71
0
 91
1
 92
3
 72
0
 73
1
 93
53
 10
1094.7188333333331
 20
756.6518888888888
 10
1091.747033333333
 20
756.2285555555554
 10
1087.6463444444444
 20
755.2379555555555
 10
1085.1007
 20
754.3884666666665
 10
1081.5094222222222
 20
752.8898666666665
 10
1079.2177777777779
 20
751.7863777777776
 10
1075.9383555555555
 20
749.9759222222223
 10
1073.7878222222223
 20
748.7327333333332
 10
1070.6763222222223
 20
746.7529444444443
 10
1068.6415
 20
745.3954555555554
 10
1065.6443
 20
743.3027777777777
 10
1060.7802
 20
739.6818666666666
 10
1056.0261666666665
 20
735.9494777777777
 10
1051.3610333333331
 20
732.1295999999999
 10
1046.7495222222221
 20
728.2561
 10
1042.1944555555554
 20
724.3247444444443
 10
1037.669022222222
 20
720.3637555555555
 10
1033.2000333333333
 20
716.3477333333333
 10
1028.7592666666665
 20
712.3034888888888
 10
1024.319911111111
 20
708.2578333333332
 10
1019.9073666666666
 20
704.1853666666666
 10
1015.5230444444444
 20
700.0846777777778
 10
1011.1401333333333
 20
695.9825777777777
 10
1006.7840333333334
 20
691.8522555555555
 10
1002.4293444444444
 20
687.7233444444444
 10
998.0704222222221
 20
683.5958444444443
 10
997.1390888888889
 20
684.5271777777776
 10
1001.4387444444444
 20
688.7139444444443
 10
1005.7652111111112
 20
692.8724888888888
 10
1010.0648666666667
 20
697.0578444444444
 10
1014.3927444444445
 20
701.2149777777777
 10
1018.7178000000001
 20
705.3735222222222
 10
1023.0739000000001
 20
709.5024333333333
 10
1027.43
 20
713.6327555555555
 10
1031.784688888889
 20
717.7616666666665
 10
1036.169011111111
 20
721.8623555555555
 10
1040.5815555555555
 20
725.9362333333332
 10
1044.9941
 20
730.0086999999999
 10
1049.463088888889
 20
734.0261333333332
 10
1053.961711111111
 20
738.0139333333332
 10
1058.5139555555554
 20
741.9467
 10
1063.1254666666666
 20
745.821611111111
 10
1065.9533333333334
 20
748.0850333333333
 10
1067.8498666666667
 20
749.5836333333333
 10
1070.7341777777779
 20
751.7891999999999
 10
1072.6871555555556
 20
753.2313555555555
 10
1075.6857666666667
 20
755.3240333333333
 10
1077.7516333333335
 20
756.6533
 10
1080.9181666666668
 20
758.5766444444445
 10
1083.1237333333336
 20
759.766211111111
 10
1086.6021222222225
 20
761.3776999999999
 10
1089.0631000000003
 20
762.3118555555554
 10
1094.7188333333331
 20
756.6518888888888
 97
0
 75
1
 76
1
 98
0
  0
HATCH
  5
F0
330
17
100
AcDbEntity
  8
PERIPHERY
 62
7
420
0
100
AcDbHatch
 10
0.0
 20
0.0
 30
0.0
210
0.0
220
0.0
230
1.0
  2
SOLID
 70
1
 71
0
 91
1
 92
3
 72
0
 73
1
 93
53
 10
1083.4045444444444
 20
767.9661777777778
 10
1081.4529777777777
 20
766.5226111111111
 10
1078.5968888888888
 20
764.2888222222223
 10
1076.7299888888888
 20
762.7605888888888
 10
1073.986788888889
 20
760.413911111111
 10
1072.1481111111111
 20
758.8560444444443
 10
1069.4613555555557
 20
756.4529222222221
 10
1067.6791222222223
 20
754.8386111111109
 10
1065.0205888888888
 20
752.4058555555555
 10
1063.2651666666666
 20
750.7661444444443
 10
1060.6066333333333
 20
748.3333888888889
 10
1056.2505333333334
 20
744.2044777777777
 10
1051.8958444444443
 20
740.0755666666665
 10
1047.5693777777776
 20
735.9170222222223
 10
1043.269722222222
 20
731.7302555555555
 10
1038.9714777777774
 20
727.5448999999999
 10
1034.6718222222219
 20
723.3581333333333
 10
1030.3721666666663
 20
719.1727777777777
 10
1026.100733333333
 20
714.9591999999999
 10
1021.8010777777773
 20
710.7724333333333
 10
1017.5324666666663
 20
706.5574444444444
 10
1013.2610333333329
 20
702.3438666666666
 10
1008.9910111111108
 20
698.1288777777777
 10
1004.7195777777773
 20
693.9152999999999
 10
1000.4509666666662
 20
689.7003111111111
 10
996.2077555555552
 20
685.4571
 10
995.2439666666663
 20
686.4194777777776
 10
999.4871777777773
 20
690.6626888888889
 10
1003.7021666666662
 20
694.9327111111111
 10
1007.9157444444439
 20
699.2041444444444
 10
1012.1307333333328
 20
703.4741666666665
 10
1016.3428999999995
 20
707.7456
 10
1020.5578888888883
 20
712.0156222222221
 10
1024.744655555555
 20
716.3138666666666
 10
1028.9568222222217
 20
720.5852999999998
 10
1033.1435888888884
 20
724.8849555555555
 10
1037.330355555555
 20
729.1831999999998
 10
1041.5171222222216
 20
733.4828555555554
 10
1045.7024777777772
 20
737.7810999999999
 10
1049.8596111111106
 20
742.1089777777777
 10
1053.9885222222217
 20
746.4650777777777
 10
1058.118844444444
 20
750.8197666666666
 10
1060.5515999999996
 20
753.4783
 10
1062.1927222222218
 20
755.232311111111
 10
1064.6254777777774
 20
757.8908444444444
 10
1066.2397888888886
 20
759.6716666666665
 10
1068.6160999999997
 20
762.3866444444442
 10
1070.1979555555552
 20
764.1999222222221
 10
1072.546044444444
 20
766.941711111111
 10
1074.0742777777773
 20
768.808611111111
 10
1076.3080666666663
 20
771.6646999999998
 10
1077.7516333333328
 20
773.6148555555554
 10
1083.4045444444444
 20
767.9661777777778
 97
0
 75
1
 76
1
 98
0
  0
HATCH
  5
F1
330
17
100
AcDbEntity
  8
PERIPHERY
 62
7
420
0
100
AcDbHatch
 10
0.0
 20
0.0
 30
0.0
210
0.0
220
0.0
230
1.0
  2
SOLID
 70
1
 71
0
 91
1
 92
3
 72
0
 73
1
 93
53
 10
1072.0902555555556
 20
779.2790555555555
 10
1071.157511111111
 20
776.8180777777777
 10
1069.5446111111112
 20
773.3396888888889
 10
1068.3564555555556
 20
771.1341222222221
 10
1066.433111111111
 20
767.9661777777778
 10
1065.074211111111
 20
765.9299444444443
 10
1063.0097555555556
 20
762.903111111111
 10
1061.5690111111112
 20
760.9501333333333
 10
1059.3634444444444
 20
758.0658222222221
 10
1057.8634333333334
 20
756.172111111111
 10
1055.6028333333334
 20
753.3428333333333
 10
1051.7265111111112
 20
748.7341444444443
 10
1047.7951555555558
 20
744.1790777777777
 10
1043.8087666666668
 20
739.6804555555555
 10
1039.7913333333336
 20
735.2114666666665
 10
1035.717455555556
 20
730.8003333333332
 10
1031.6449888888892
 20
726.3877888888887
 10
1027.5428888888891
 20
722.0048777777777
 10
1023.412566666667
 20
717.6487777777777
 10
1019.2822444444447
 20
713.2940888888888
 10
1015.1547444444448
 20
708.9365777777776
 10
1010.9962000000003
 20
704.610111111111
 10
1006.8390666666669
 20
700.2822333333332
 10
1002.6537111111114
 20
695.9839888888888
 10
998.4951666666669
 20
691.657522222222
 10
994.3084000000003
 20
687.3578666666666
 10
993.3756555555559
 20
688.2920222222222
 10
997.5045666666671
 20
692.6481222222221
 10
1001.6348888888893
 20
697.002811111111
 10
1005.7652111111116
 20
701.358911111111
 10
1009.8673111111117
 20
705.7418222222221
 10
1013.9665888888894
 20
710.1261444444443
 10
1018.040466666667
 20
714.5372777777777
 10
1022.0833000000005
 20
718.9780444444443
 10
1026.1289555555559
 20
723.4173999999998
 10
1030.1463888888893
 20
727.8863888888887
 10
1034.1045555555559
 20
732.4132333333331
 10
1038.0373222222227
 20
736.9668888888888
 10
1041.9122333333337
 20
741.5784
 10
1045.7292888888892
 20
746.2463555555555
 10
1049.4630888888892
 20
750.9975666666666
 10
1053.0825888888892
 20
755.8616666666666
 10
1055.175266666667
 20
758.8588666666665
 10
1056.534166666667
 20
760.8951
 10
1058.5111333333334
 20
764.008011111111
 10
1059.7571444444447
 20
766.1571333333331
 10
1061.539377777778
 20
769.4661888888887
 10
1062.6710888888892
 20
771.729611111111
 10
1064.1711000000003
 20
775.3208888888887
 10
1065.020588888889
 20
777.8665333333331
 10
1066.008366666667
 20
781.9686333333332
 10
1066.4345222222225
 20
784.937611111111
 10
1072.0902555555556
 20
779.2790555555555
 97
0
 75
1
 76
1
 98
0
  0
HATCH
  5
F2
330
17
100
AcDbEntity
  8
PERIPHERY
 62
7
420
0
100
AcDbHatch
 10
0.0
 20
0.0
 30
0.0
210
0.0
220
0.0
230
1.0
  2
SOLID
 70
1
 71
0
 91
1
 92
3
 72
0
 73
1
 93
53
 10
1060.7745555555555
 20
790.5947555555555
 10
1060.8874444444443
 20
787.0867333333333
 10
1060.4923333333334
 20
782.3919666666666
 10
1059.9547
 20
779.5358777777777
 10
1058.8808444444446
 20
775.5198555555555
 10
1058.0031333333336
 20
773.0010222222222
 10
1056.5341666666668
 20
769.3801111111111
 10
1055.457488888889
 20
767.0602444444444
 10
1053.7034777777778
 20
763.7243777777777
 10
1052.4885111111112
 20
761.5456222222222
 10
1050.5651666666665
 20
758.3790888888888
 10
1047.1996666666666
 20
753.2595777777777
 10
1043.6634222222222
 20
748.3094
 10
1040.0439222222221
 20
743.4453
 10
1036.3101222222222
 20
738.6940888888887
 10
1032.4930666666667
 20
734.0261333333332
 10
1028.6181555555554
 20
729.4146222222222
 10
1024.7150222222222
 20
724.8327444444444
 10
1020.7540333333333
 20
720.3073111111111
 10
1016.7662333333333
 20
715.8086888888888
 10
1012.7784333333332
 20
711.3128888888889
 10
1008.7341888888888
 20
706.8721222222222
 10
1004.6913555555554
 20
702.4313555555556
 10
1000.6174777777777
 20
698.0188111111111
 10
996.5153777777776
 20
693.6358999999999
 10
992.4146888888889
 20
689.2515777777777
 10
991.4819444444445
 20
690.1857333333334
 10
995.5261888888889
 20
694.6265
 10
999.5704333333333
 20
699.0658555555555
 10
1003.6146777777777
 20
703.5066222222222
 10
1007.6010666666667
 20
708.0052444444443
 10
1011.5902777777778
 20
712.5024555555555
 10
1015.5216333333333
 20
717.0575222222221
 10
1019.4247666666666
 20
721.6394
 10
1023.2996777777777
 20
726.2509111111111
 10
1027.1195555555555
 20
730.9174555555554
 10
1030.8801666666666
 20
735.6418555555555
 10
1034.5575222222221
 20
740.4495111111112
 10
1038.1487999999997
 20
745.3432444444444
 10
1041.6285999999998
 20
750.3498666666667
 10
1044.9376555555555
 20
755.5258222222222
 10
1048.0491555555554
 20
760.8993333333333
 10
1049.7749444444444
 20
764.2648333333333
 10
1050.877022222222
 20
766.5564777777778
 10
1052.4038444444443
 20
770.1209444444444
 10
1053.3097777777775
 20
772.6101444444444
 10
1054.4697111111109
 20
776.5415
 10
1055.120233333333
 20
779.2846999999999
 10
1055.7693444444444
 20
783.7254666666665
 10
1055.968311111111
 20
786.9216333333334
 10
1055.7425333333333
 20
792.2386999999999
 10
1055.1216444444442
 20
796.2547222222221
 10
1060.7745555555555
 20
790.5947555555555
 97
0
 75
1
 76
1
 98
0
  0
LWPOLYLINE
  5
F3
330
17
100
AcDbEntity
  8
PERIPHERY
370
25
420
0
100
AcDbPolyline
 90
2
 70
0
 43
1.9999677777777776
 10
1036.7334555555553
 20
780.6958111111111
 10
1045.2184666666667
 20
772.2108
  0
LWPOLYLINE
  5
F4
330
17
100
AcDbEntity
  8
PERIPHERY
370
25
420
0
100
AcDbPolyline
 90
2
 70
0
 43
1.9999677777777776
 10
1024.0066444444444
 20
759.4825777777777
 10
1032.4916555555556
 20
750.9975666666666
  0
LWPOLYLINE
  5
F5
330
17
100
AcDbEntity
  8
PERIPHERY
370
25
420
0
100
AcDbPolyline
 90
2
 70
0
 43
1.9999677777777776
 10
1009.1561111111109
 20
740.3902444444444
 10
1017.6411222222222
 20
731.9052333333333
  0
LWPOLYLINE
  5
F6
330
17
100
AcDbEntity
  8
PERIPHERY
370
25
420
0
100
AcDbPolyline
 90
2
 70
0
 43
1.9999677777777776
 10
993.458911111111
 20
722.1459888888888
 10
1001.9453333333332
 20
713.6609777777777
  0
TEXT
  5
F7
330
17
100
AcDbEntity
  8
LABELS
 62
250
100
AcDbText
 10
1025.3196833333334
 20
781.47926
 30
0.0
 40
16.93333333333333
  1
2
 11
1025.3196833333334
 21
781.47926
 31
0.0
100
AcDbText
  0
TEXT
  5
F8
330
17
100
AcDbEntity
  8
LABELS
 62
250
100
AcDbText
 10
1013.3500744444444
 20
760.1458
 30
0.0
 40
16.93333333333333
  1
3
 11
1013.3500744444444
 21
760.1458
 31
0.0
100
AcDbText
  0
TEXT
  5
F9
330
17
100
AcDbEntity
  8
LABELS
 62
250
100
AcDbText
 10
998.7621488888889
 20
741.2936377777777
 30
0.0
 40
16.93333333333333
  1
4
 11
998.7621488888889
 21
741.2936377777777
 31
0.0
100
AcDbText
  0
TEXT
  5
FA
330
17
100
AcDbEntity
  8
LABELS
 62
250
100
AcDbText
 10
982.5853122222221
 20
721.7888366666666
 30
0.0
 40
16.93333333333333
  1
5
 11
982.5853122222221
 21
721.7888366666666
 31
0.0
100
AcDbText
  0
HATCH
  5
FB
330
17
100
AcDbEntity
  8
PERIPHERY
 62
7
420
0
100
AcDbHatch
 10
0.0
 20
0.0
 30
0.0
210
0.0
220
0.0
230
1.0
  2
SOLID
 70
1
 71
0
 91
1
 92
3
 72
0
 73
1
 93
8
 10
259.1195111111111
 20
176.25201111111113
 10
257.8015333333333
 20
177.4878877373515
 10
257.8015333333333
 20
184.65235555555586
 10
257.80153333333345
 20
184.6523555555557
 10
259.92102222222235
 20
182.25205555555567
 10
263.84108888888903
 20
178.65231111111115
 10
267.1205111111112
 20
176.25201111111113
 10
259.1195111111111
 20
176.25201111111113
 97
0
 75
1
 76
1
 98
0
  0
LWPOLYLINE
  5
FC
330
17
100
AcDbEntity
  8
PERIPHERY
370
25
420
0
100
AcDbPolyline
 90
2
 70
0
 43
1.9999677777777776
 10
269.12146666666666
 20
200.25218888888878
 10
257.8015333333333
 20
200.25218888888878
  0
LWPOLYLINE
  5
FD
330
17
100
AcDbEntity
  8
PERIPHERY
370
25
420
0
100
AcDbPolyline
 90
2
 70
0
 43
1.9999677777777776
 10
263.1214222222222
 20
224.25095555555555
 10
257.8015333333333
 20
224.25095555555555
  0
LWPOLYLINE
  5
FE
330
17
100
AcDbEntity
  8
PERIPHERY
370
25
420
0
100
AcDbPolyline
 90
2
 70
0
 43
1.9999677777777776
 10
260.1214
 20
248.25113333333337
 10
257.8015333333333
 20
248.25113333333337
  0
LWPOLYLINE
  5
FF
330
17
100
AcDbEntity
  8
PERIPHERY
370
25
420
0
100
AcDbPolyline
 90
2
 70
0
 43
1.9999677777777776
 10
258.3208222222222
 20
272.25131111111114
 10
257.8015333333333
 20
272.25131111111114
  0
TEXT
  5
100
330
17
100
AcDbEntity
  8
LABELS
 62
250
100
AcDbText
 10
276.0196833333333
 20
195.33206777777778
 30
0.0
 40
16.93333333333333
  1
2
 11
276.0196833333333
 21
195.33206777777778
 31
0.0
100
AcDbText
  0
TEXT
  5
101
330
17
100
AcDbEntity
  8
LABELS
 62
250
100
AcDbText
 10
272.2796744444444
 20
219.3319633333333
 30
0.0
 40
16.93333333333333
  1
3
 11
272.2796744444444
 21
219.3319633333333
 31
0.0
100
AcDbText
  0
TEXT
  5
102
330
17
100
AcDbEntity
  8
LABELS
 62
250
100
AcDbText
 10
265.71603222222217
 20
243.33185888888883
 30
0.0
 40
16.93333333333333
  1
4
 11
265.71603222222217
 21
243.33185888888883
 31
0.0
100
AcDbText
  0
TEXT
  5
103
330
17
100
AcDbEntity
  8
LABELS
 62
250
100
AcDbText
 10
264.7976811111111
 20
267.3318955555555
 30
0.0
 40
16.93333333333333
  1
5
 11
264.7976811111111
 21
267.3318955555555
 31
0.0
100
AcDbText
  0
HATCH
  5
104
330
17
100
AcDbEntity
  8
PERIPHERY
 62
7
420
0
100
AcDbHatch
 10
0.0
 20
0.0
 30
0.0
210
0.0
220
0.0
230
1.0
  2
SOLID
 70
1
 71
0
 91
1
 92
3
 72
0
 73
1
 93
7
 10
1323.1339777777775
 20
176.25201111111113
 10
1324.4378444444442
 20
177.47465565355876
 10
1324.4378444444442
 20
184.63637486314565
 10
1322.3324666666665
 20
182.25205555555567
 10
1318.4109888888888
 20
178.65231111111115
 10
1315.1315666666667
 20
176.25201111111113
 10
1323.1339777777775
 20
176.25201111111113
 97
0
 75
1
 76
1
 98
0
  0
LWPOLYLINE
  5
105
330
17
100
AcDbEntity
  8
PERIPHERY
370
25
420
0
100
AcDbPolyline
 90
2
 70
0
 43
1.9999677777777776
 10
1324.4378444444442
 20
200.25218888888878
 10
1313.132022222222
 20
200.25218888888878
  0
LWPOLYLINE
  5
106
330
17
100
AcDbEntity
  8
PERIPHERY
370
25
420
0
100
AcDbPolyline
 90
2
 70
0
 43
1.9999677777777776
 10
1324.4378444444442
 20
224.25095555555555
 10
1319.1320666666666
 20
224.25095555555555
  0
LWPOLYLINE
  5
107
330
17
100
AcDbEntity
  8
PERIPHERY
370
25
420
0
100
AcDbPolyline
 90
2
 70
0
 43
1.9999677777777776
 10
1324.4378444444442
 20
248.25113333333337
 10
1322.1334999999997
 20
248.25113333333337
  0
LWPOLYLINE
  5
108
330
17
100
AcDbEntity
  8
PERIPHERY
370
25
420
0
100
AcDbPolyline
 90
2
 70
0
 43
1.9999677777777776
 10
1324.4378444444442
 20
272.25131111111114
 10
1323.9340777777777
 20
272.25131111111114
  0
HATCH
  5
109
330
17
100
AcDbEntity
  8
PERIPHERY
 62
7
420
0
100
AcDbHatch
 10
0.0
 20
0.0
 30
0.0
210
0.0
220
0.0
230
1.0
  2
SOLID
 70
1
 71
0
 91
1
 92
3
 72
0
 73
1
 93
8
 10
1323.1339777777775
 20
832.2493444444444
 10
1324.4378444444442
 20
831.0266999019967
 10
1324.4378444444442
 20
823.8663918035213
 10
1322.3324666666665
 20
826.2507111111113
 10
1318.4109888888888
 20
829.8504555555556
 10
1315.1315666666667
 20
832.2507555555557
 10
1323.1339777777775
 20
832.2507555555557
 10
1323.1339777777775
 20
832.2493444444444
 97
0
 75
1
 76
1
 98
0
  0
LWPOLYLINE
  5
10A
330
17
100
AcDbEntity
  8
PERIPHERY
370
25
420
0
100
AcDbPolyline
 90
2
 70
0
 43
1.9999677777777776
 10
1313.132022222222
 20
808.2491666666666
 10
1324.4378444444442
 20
808.2491666666666
  0
LWPOLYLINE
  5
10B
330
17
100
AcDbEntity
  8
PERIPHERY
370
25
420
0
100
AcDbPolyline
 90
2
 70
0
 43
1.9999677777777776
 10
1319.1320666666666
 20
784.2489888888889
 10
1324.4378444444442
 20
784.2489888888889
  0
LWPOLYLINE
  5
10C
330
17
100
AcDbEntity
  8
PERIPHERY
370
25
420
0
100
AcDbPolyline
 90
2
 70
0
 43
1.9999677777777776
 10
1322.1335
 20
760.2488111111111
 10
1324.4378444444442
 20
760.2488111111111
  0
LWPOLYLINE
  5
10D
330
17
100
AcDbEntity
  8
PERIPHERY
370
25
420
0
100
AcDbPolyline
 90
2
 70
0
 43
1.9999677777777776
 10
1323.9340777777777
 20
736.2486333333333
 10
1324.4378444444442
 20
736.2486333333333
  0
TEXT
  5
10E
330
17
100
AcDbEntity
  8
LABELS
 62
250
100
AcDbText
 10
1300.0164499999998
 20
803.33088
 30
0.0
 40
16.93333333333333
  1
2
 11
1300.0164499999998
 21
803.33088
 31
0.0
100
AcDbText
  0
TEXT
  5
10F
330
17
100
AcDbEntity
  8
LABELS
 62
250
100
AcDbText
 10
1304.554301111111
 20
779.3315488888888
 30
0.0
 40
16.93333333333333
  1
3
 11
1304.554301111111
 21
779.3315488888888
 31
0.0
100
AcDbText
  0
TEXT
  5
110
330
17
100
AcDbEntity
  8
LABELS
 62
250
100
AcDbText
 10
1306.4766577777777
 20
755.3316533333333
 30
0.0
 40
16.93333333333333
  1
4
 11
1306.4766577777777
 21
755.3316533333333
 31
0.0
100
AcDbText
  0
TEXT
  5
111
330
17
100
AcDbEntity
  8
LABELS
 62
250
100
AcDbText
 10
1307.6272777777776
 20
731.3310522222222
 30
0.0
 40
16.93333333333333
  1
5
 11
1307.6272777777776
 21
731.3310522222222
 31
0.0
100
AcDbText
  0
TEXT
  5
112
330
17
100
AcDbEntity
  8
LABELS
 62
250
100
AcDbText
 10
1302.0214977777778
 20
195.33206777777778
 30
0.0
 40
16.93333333333333
  1
2
 11
1302.0214977777778
 21
195.33206777777778
 31
0.0
100
AcDbText
  0
TEXT
  5
113
330
17
100
AcDbEntity
  8
LABELS
 62
250
100
AcDbText
 10
1306.7522477777777
 20
219.3319633333333
 30
0.0
 40
16.93333333333333
  1
3
 11
1306.7522477777777
 21
219.3319633333333
 31
0.0
100
AcDbText
  0
TEXT
  5
114
330
17
100
AcDbEntity
  8
LABELS
 62
250
100
AcDbText
 10
1310.0706166666664
 20
243.33185888888883
 30
0.0
 40
16.93333333333333
  1
4
 11
1310.0706166666664
 21
243.33185888888883
 31
0.0
100
AcDbText
  0
TEXT
  5
115
330
17
100
AcDbEntity
  8
LABELS
 62
250
100
AcDbText
 10
1313.3902555555555
 20
267.3318955555555
 30
0.0
 40
16.93333333333333
  1
5
 11
1313.3902555555555
 21
267.3318955555555
 31
0.0
100
AcDbText
  0
TEXT
  5
116
330
17
100
AcDbEntity
  8
LABELS
 62
250
100
AcDbText
 10
941.1504333333332
 20
763.3305366666666
 30
0.0
 40
16.93333333333333
  1
6
 11
941.1504333333332
 21
763.3305366666666
 31
0.0
100
AcDbText
  0
TEXT
  5
117
330
17
100
AcDbEntity
  8
LABELS
 62
250
100
AcDbText
 10
934.2272399999999
 20
667.3308133333333
 30
0.0
 40
16.93333333333333
  1
12
 11
934.2272399999999
 21
667.3308133333333
 31
0.0
100
AcDbText
  0
TEXT
  5
118
330
17
100
AcDbEntity
  8
LABELS
 62
250
100
AcDbText
 10
936.3439066666665
 20
699.3310033333332
 30
0.0
 40
16.93333333333333
  1
10
 11
936.3439066666665
 21
699.3310033333332
 31
0.0
100
AcDbText
  0
TEXT
  5
119
330
17
100
AcDbEntity
  8
LABELS
 62
250
100
AcDbText
 10
938.9235588888889
 20
731.3310522222222
 30
0.0
 40
16.93333333333333
  1
8
 11
938.9235588888889
 21
731.3310522222222
 31
0.0
100
AcDbText
  0
LWPOLYLINE
  5
11A
330
17
100
AcDbEntity
  8
PERIPHERY
370
25
420
0
100
AcDbPolyline
 90
2
 70
0
 43
1.9999677777777776
 10
335.1191333333333
 20
668.2584777777777
 10
335.1191333333333
 20
680.2585666666665
  0
LWPOLYLINE
  5
11B
330
17
100
AcDbEntity
  8
PERIPHERY
370
25
420
0
100
AcDbPolyline
 90
2
 70
0
 43
1.9999677777777776
 10
311.12036666666665
 20
668.2584777777777
 10
311.12036666666665
 20
680.2585666666665
  0
LWPOLYLINE
  5
11C
330
17
100
AcDbEntity
  8
PERIPHERY
370
25
420
0
100
AcDbPolyline
 90
2
 70
0
 43
1.9999677777777776
 10
287.1201888888889
 20
668.2584777777777
 10
287.1201888888889
 20
680.2585666666665
  0
LWPOLYLINE
  5
11D
330
17
100
AcDbEntity
  8
PERIPHERY
370
25
420
0
100
AcDbPolyline
 90
2
 70
0
 43
1.9999677777777776
 10
263.12001111111107
 20
668.2584777777777
 10
263.12001111111107
 20
680.2585666666665
  0
HATCH
  5
11E
330
17
100
AcDbEntity
  8
PERIPHERY
 62
7
420
0
100
AcDbHatch
 10
0.0
 20
0.0
 30
0.0
210
0.0
220
0.0
230
1.0
  2
SOLID
 70
1
 71
0
 91
1
 92
3
 72
0
 73
1
 93
21
 10
359.1193111111111
 20
690.6570444444444
 10
347.1192222222222
 20
691.8974111111111
 10
335.1191333333333
 20
692.9373999999999
 10
323.11904444444446
 20
693.777011111111
 10
311.1189555555556
 20
694.5376
 10
299.1188666666667
 20
695.1768333333332
 10
287.11877777777784
 20
695.7779666666665
 10
275.118688888889
 20
696.2577444444443
 10
263.1186000000001
 20
696.6994222222221
 10
257.8015333333333
 20
696.8763659977003
 10
257.8015333333333
 20
697.7371955471933
 10
263.1186000000001
 20
697.5771333333332
 10
275.118688888889
 20
697.2172999999999
 10
287.11877777777784
 20
696.7770333333332
 10
299.1188666666667
 20
696.2563333333333
 10
311.1189555555556
 20
695.6975333333332
 10
323.11904444444446
 20
695.0173777777776
 10
335.1191333333333
 20
694.2581999999998
 10
347.1192222222222
 20
693.3395666666665
 10
359.1193111111111
 20
692.2586555555554
 10
359.1193111111111
 20
690.6570444444444
 97
0
 75
1
 76
1
 98
0
  0
HATCH
  5
11F
330
17
100
AcDbEntity
  8
PERIPHERY
 62
7
420
0
100
AcDbHatch
 10
0.0
 20
0.0
 30
0.0
210
0.0
220
0.0
230
1.0
  2
SOLID
 70
1
 71
0
 91
1
 92
3
 72
0
 73
1
 93
21
 10
359.1193111111111
 20
693.8574444444445
 10
347.1192222222222
 20
694.8198222222221
 10
335.1191333333333
 20
695.579
 10
323.11904444444446
 20
696.2577444444444
 10
311.1189555555556
 20
696.8165444444444
 10
299.1188666666667
 20
697.3372444444443
 10
287.11877777777784
 20
697.7789222222221
 10
275.118688888889
 20
698.1373444444442
 10
263.1186000000001
 20
698.4985888888888
 10
257.8015333333333
 20
698.6223870074213
 10
257.8015333333333
 20
699.4825913138915
 10
263.1186000000001
 20
699.3762999999999
 10
275.118688888889
 20
699.0968999999999
 10
287.11877777777784
 20
698.7765777777778
 10
299.1188666666667
 20
698.3758222222222
 10
311.1189555555556
 20
697.9764777777777
 10
323.11904444444446
 20
697.4966999999999
 10
335.1191333333333
 20
696.9379
 10
347.1192222222222
 20
696.2577444444445
 10
359.1193111111111
 20
695.4590555555556
 10
359.1193111111111
 20
693.8574444444445
 97
0
 75
1
 76
1
 98
0
  0
HATCH
  5
120
330
17
100
AcDbEntity
  8
PERIPHERY
 62
7
420
0
100
AcDbHatch
 10
0.0
 20
0.0
 30
0.0
210
0.0
220
0.0
230
1.0
  2
SOLID
 70
1
 71
0
 91
1
 92
3
 72
0
 73
1
 93
21
 10
359.1193111111111
 20
697.0592555555555
 10
347.1192222222222
 20
697.6999
 10
335.1191333333333
 20
698.2587
 10
323.11904444444446
 20
698.7384777777777
 10
311.1189555555556
 20
699.098311111111
 10
299.1188666666667
 20
699.4581444444443
 10
287.11877777777784
 20
699.7784666666666
 10
275.118688888889
 20
700.0197666666666
 10
263.1186000000001
 20
700.2596555555555
 10
257.8015333333333
 20
700.348440064806
 10
257.8015333333333
 20
701.2122524615867
 10
263.1186000000001
 20
701.1415999999999
 10
275.118688888889
 20
700.9821444444444
 10
287.11877777777784
 20
700.7803555555555
 10
299.1188666666667
 20
700.5404666666666
 10
311.1189555555556
 20
700.2610666666666
 10
323.11904444444446
 20
699.9407444444444
 10
335.1191333333333
 20
699.580911111111
 10
347.1192222222222
 20
699.1815666666666
 10
359.1193111111111
 20
698.6608666666666
 10
359.1193111111111
 20
697.0592555555555
 97
0
 75
1
 76
1
 98
0
  0
HATCH
  5
121
330
17
100
AcDbEntity
  8
PERIPHERY
 62
7
420
0
100
AcDbHatch
 10
0.0
 20
0.0
 30
0.0
210
0.0
220
0.0
230
1.0
  2
SOLID
 70
1
 71
0
 91
1
 92
3
 72
0
 73
1
 93
21
 10
359.1193111111111
 20
700.2582444444444
 10
347.1192222222222
 20
700.6180777777777
 10
335.1191333333333
 20
700.9384
 10
323.11904444444446
 20
701.1782888888889
 10
311.1189555555556
 20
701.4181777777777
 10
299.1188666666667
 20
701.5790444444444
 10
287.11877777777784
 20
701.7794222222221
 10
275.118688888889
 20
701.8993666666665
 10
263.1186000000001
 20
702.019311111111
 10
257.8015333333333
 20
702.0730820110797
 10
257.8015333333333
 20
702.9568623601965
 10
263.1186000000001
 20
702.9393555555556
 10
275.118688888889
 20
702.8589222222222
 10
287.11877777777784
 20
702.7784888888889
 10
299.1188666666667
 20
702.6571333333333
 10
311.1189555555556
 20
702.5386000000001
 10
323.11904444444446
 20
702.4172444444445
 10
335.1191333333333
 20
702.2577888888889
 10
347.1192222222222
 20
702.0574111111112
 10
359.1193111111111
 20
701.8570333333333
 10
359.1193111111111
 20
700.2582444444444
 97
0
 75
1
 76
1
 98
0
  0
HATCH
  5
122
330
17
100
AcDbEntity
  8
PERIPHERY
 62
7
420
0
100
AcDbHatch
 10
0.0
 20
0.0
 30
0.0
210
0.0
220
0.0
230
1.0
  2
SOLID
 70
1
 71
0
 91
1
 92
3
 72
0
 73
1
 93
21
 10
359.1193111111111
 20
703.4586444444444
 10
347.1192222222222
 20
703.5390777777777
 10
335.1191333333333
 20
703.5785888888888
 10
323.11904444444446
 20
703.6590222222221
 10
311.1189555555556
 20
703.6999444444443
 10
299.1188666666667
 20
703.7380444444443
 10
287.11877777777784
 20
703.7789666666666
 10
275.118688888889
 20
703.7789666666666
 10
263.1186000000001
 20
703.8170666666665
 10
257.8015333333333
 20
703.8170666666665
 10
257.8015333333333
 20
704.6961888888887
 10
263.1186000000001
 20
704.6961888888887
 10
275.118688888889
 20
704.7356999999998
 10
287.11877777777784
 20
704.7752111111109
 10
299.1188666666667
 20
704.7752111111109
 10
311.1189555555556
 20
704.814722222222
 10
323.11904444444446
 20
704.8542333333331
 10
335.1191333333333
 20
704.9346666666664
 10
347.1192222222222
 20
704.9741777777775
 10
359.1193111111111
 20
705.0546111111108
 10
359.1193111111111
 20
703.4586444444444
 97
0
 75
1
 76
1
 98
0
  0
HATCH
  5
123
330
17
100
AcDbEntity
  8
PERIPHERY
 62
7
420
0
100
AcDbHatch
 10
0.0
 20
0.0
 30
0.0
210
0.0
220
0.0
230
1.0
  2
SOLID
 70
1
 71
0
 91
1
 92
3
 72
0
 73
1
 93
21
 10
359.1193111111111
 20
706.6590444444445
 10
347.1192222222222
 20
706.4572555555555
 10
335.1191333333333
 20
706.2568777777777
 10
323.11904444444446
 20
706.0974222222222
 10
311.1189555555556
 20
705.9774777777777
 10
299.1188666666667
 20
705.8561222222221
 10
287.11877777777784
 20
705.7756888888888
 10
275.118688888889
 20
705.6571555555555
 10
263.1186000000001
 20
705.5767222222221
 10
257.8015333333333
 20
705.5585901745584
 10
257.8015333333333
 20
706.4422098986098
 10
263.1186000000001
 20
706.4953555555555
 10
275.118688888889
 20
706.6153
 10
287.11877777777784
 20
706.7747555555555
 10
299.1188666666667
 20
706.9342111111112
 10
311.1189555555556
 20
707.0936666666666
 10
323.11904444444446
 20
707.3335555555556
 10
335.1191333333333
 20
707.5748555555556
 10
347.1192222222222
 20
707.8951777777777
 10
359.1193111111111
 20
708.2550111111111
 10
359.1193111111111
 20
706.6590444444445
 97
0
 75
1
 76
1
 98
0
  0
HATCH
  5
124
330
17
100
AcDbEntity
  8
PERIPHERY
 62
7
420
0
100
AcDbHatch
 10
0.0
 20
0.0
 30
0.0
210
0.0
220
0.0
230
1.0
  2
SOLID
 70
1
 71
0
 91
1
 92
3
 72
0
 73
1
 93
21
 10
359.1193111111111
 20
709.8594444444444
 10
347.1192222222222
 20
709.3387444444444
 10
335.1191333333333
 20
708.9394
 10
323.11904444444446
 20
708.5781555555556
 10
311.1189555555556
 20
708.2578333333333
 10
299.1188666666667
 20
707.9784333333332
 10
287.11877777777784
 20
707.7780555555555
 10
275.118688888889
 20
707.5381666666666
 10
263.1186000000001
 20
707.3787111111111
 10
257.8015333333333
 20
707.3080586495244
 10
257.8015333333333
 20
708.1704599351939
 10
263.1186000000001
 20
708.2592444444444
 10
275.118688888889
 20
708.4991333333332
 10
287.11877777777784
 20
708.7799444444444
 10
299.1188666666667
 20
709.0593444444445
 10
311.1189555555556
 20
709.4191777777778
 10
323.11904444444446
 20
709.7804222222222
 10
335.1191333333333
 20
710.2602
 10
347.1192222222222
 20
710.819
 10
359.1193111111111
 20
711.4582333333333
 10
359.1193111111111
 20
709.8594444444444
 97
0
 75
1
 76
1
 98
0
  0
HATCH
  5
125
330
17
100
AcDbEntity
  8
PERIPHERY
 62
7
420
0
100
AcDbHatch
 10
0.0
 20
0.0
 30
0.0
210
0.0
220
0.0
230
1.0
  2
SOLID
 70
1
 71
0
 91
1
 92
3
 72
0
 73
1
 93
21
 10
359.1193111111111
 20
713.0584333333333
 10
347.1192222222222
 20
712.2583333333332
 10
335.1191333333333
 20
711.5795888888888
 10
323.11904444444446
 20
711.0193777777778
 10
311.1189555555556
 20
710.5396
 10
299.1188666666667
 20
710.1388444444444
 10
287.11877777777784
 20
709.7804222222222
 10
275.118688888889
 20
709.4191777777778
 10
263.1186000000001
 20
709.1397777777778
 10
257.8015333333333
 20
709.0334864638862
 10
257.8015333333333
 20
709.8944766384446
 10
263.1186000000001
 20
710.0189
 10
275.118688888889
 20
710.3773222222222
 10
287.11877777777784
 20
710.7780777777778
 10
299.1188666666667
 20
711.1788333333333
 10
311.1189555555556
 20
711.6967111111111
 10
323.11904444444446
 20
712.2569222222222
 10
335.1191333333333
 20
712.9356666666666
 10
347.1192222222222
 20
713.6962555555555
 10
359.1193111111111
 20
714.6558111111111
 10
359.1193111111111
 20
713.0584333333333
 97
0
 75
1
 76
1
 98
0
  0
HATCH
  5
126
330
17
100
AcDbEntity
  8
PERIPHERY
 62
7
420
0
100
AcDbHatch
 10
0.0
 20
0.0
 30
0.0
210
0.0
220
0.0
230
1.0
  2
SOLID
 70
1
 71
0
 91
1
 92
3
 72
0
 73
1
 93
21
 10
359.1193111111111
 20
716.2588333333333
 10
347.1192222222222
 20
715.1779222222222
 10
335.1191333333333
 20
714.2578777777777
 10
323.11904444444446
 20
713.4987
 10
311.1189555555556
 20
712.8199555555556
 10
299.1188666666667
 20
712.2597444444444
 10
287.11877777777784
 20
711.7785555555555
 10
275.118688888889
 20
711.2987777777778
 10
263.1186000000001
 20
710.9389444444445
 10
257.8015333333333
 20
710.7795074736072
 10
257.8015333333333
 20
711.6411228911884
 10
263.1186000000001
 20
711.8180666666666
 10
275.118688888889
 20
712.2583333333332
 10
287.11877777777784
 20
712.7776222222222
 10
299.1188666666667
 20
713.3364222222222
 10
311.1189555555556
 20
713.9770666666666
 10
323.11904444444446
 20
714.7362444444444
 10
335.1191333333333
 20
715.5772666666667
 10
347.1192222222222
 20
716.6172555555555
 10
359.1193111111111
 20
717.8576222222222
 10
359.1193111111111
 20
716.2588333333333
 97
0
 75
1
 76
1
 98
0
  0
LWPOLYLINE
  5
127
330
17
100
AcDbEntity
  8
PERIPHERY
370
25
420
0
100
AcDbPolyline
 90
2
 70
0
 43
1.9999677777777776
 10
335.1191333333333
 20
328.2456111111111
 10
335.1191333333333
 20
340.2457
  0
LWPOLYLINE
  5
128
330
17
100
AcDbEntity
  8
PERIPHERY
370
25
420
0
100
AcDbPolyline
 90
2
 70
0
 43
1.9999677777777776
 10
311.12036666666665
 20
328.2456111111111
 10
311.12036666666665
 20
340.2457
  0
LWPOLYLINE
  5
129
330
17
100
AcDbEntity
  8
PERIPHERY
370
25
420
0
100
AcDbPolyline
 90
2
 70
0
 43
1.9999677777777776
 10
287.1201888888889
 20
328.2456111111111
 10
287.1201888888889
 20
340.2457
  0
LWPOLYLINE
  5
12A
330
17
100
AcDbEntity
  8
PERIPHERY
370
25
420
0
100
AcDbPolyline
 90
2
 70
0
 43
1.9999677777777776
 10
263.12001111111107
 20
328.2456111111111
 10
263.12001111111107
 20
340.2457
  0
HATCH
  5
12B
330
17
100
AcDbEntity
  8
PERIPHERY
 62
7
420
0
100
AcDbHatch
 10
0.0
 20
0.0
 30
0.0
210
0.0
220
0.0
230
1.0
  2
SOLID
 70
1
 71
0
 91
1
 92
3
 72
0
 73
1
 93
21
 10
359.1193111111111
 20
317.84713333333326
 10
347.1192222222222
 20
316.6067666666666
 10
335.1191333333333
 20
315.56677777777765
 10
323.11904444444446
 20
314.7271666666665
 10
311.1189555555556
 20
313.9665777777776
 10
299.1188666666667
 20
313.32734444444435
 10
287.11877777777784
 20
312.726211111111
 10
275.118688888889
 20
312.2464333333333
 10
263.1186000000001
 20
311.8047555555555
 10
257.8015333333333
 20
311.62781178007737
 10
257.8015333333333
 20
310.7669822305842
 10
263.1186000000001
 20
310.92704444444433
 10
275.118688888889
 20
311.28687777777765
 10
287.11877777777784
 20
311.7271444444443
 10
299.1188666666667
 20
312.24784444444435
 10
311.1189555555556
 20
312.8066444444444
 10
323.11904444444446
 20
313.48679999999996
 10
335.1191333333333
 20
314.2459777777778
 10
347.1192222222222
 20
315.1646111111111
 10
359.1193111111111
 20
316.24552222222223
 10
359.1193111111111
 20
317.84713333333326
 97
0
 75
1
 76
1
 98
0
  0
HATCH
  5
12C
330
17
100
AcDbEntity
  8
PERIPHERY
 62
7
420
0
100
AcDbHatch
 10
0.0
 20
0.0
 30
0.0
210
0.0
220
0.0
230
1.0
  2
SOLID
 70
1
 71
0
 91
1
 92
3
 72
0
 73
1
 93
21
 10
359.1193111111111
 20
314.6467333333333
 10
347.1192222222222
 20
313.6843555555555
 10
335.1191333333333
 20
312.9251777777777
 10
323.11904444444446
 20
312.2464333333333
 10
311.1189555555556
 20
311.6876333333333
 10
299.1188666666667
 20
311.16693333333325
 10
287.11877777777784
 20
310.72525555555546
 10
275.118688888889
 20
310.3668333333332
 10
263.1186000000001
 20
310.00558888888884
 10
257.8015333333333
 20
309.88179077035636
 10
257.8015333333333
 20
309.0215864638863
 10
263.1186000000001
 20
309.1278777777778
 10
275.118688888889
 20
309.40727777777784
 10
287.11877777777784
 20
309.7276
 10
299.1188666666667
 20
310.1283555555555
 10
311.1189555555556
 20
310.5277
 10
323.11904444444446
 20
311.00747777777775
 10
335.1191333333333
 20
311.56627777777777
 10
347.1192222222222
 20
312.24643333333336
 10
359.1193111111111
 20
313.04512222222223
 10
359.1193111111111
 20
314.6467333333333
 97
0
 75
1
 76
1
 98
0
  0
HATCH
  5
12D
330
17
100
AcDbEntity
  8
PERIPHERY
 62
7
420
0
100
AcDbHatch
 10
0.0
 20
0.0
 30
0.0
210
0.0
220
0.0
230
1.0
  2
SOLID
 70
1
 71
0
 91
1
 92
3
 72
0
 73
1
 93
21
 10
359.1193111111111
 20
311.4449222222222
 10
347.1192222222222
 20
310.80427777777777
 10
335.1191333333333
 20
310.2454777777777
 10
323.11904444444446
 20
309.7657
 10
311.1189555555556
 20
309.40586666666667
 10
299.1188666666667
 20
309.0460333333333
 10
287.11877777777784
 20
308.72571111111114
 10
275.118688888889
 20
308.48441111111117
 10
263.1186000000001
 20
308.24452222222226
 10
257.8015333333333
 20
308.1557377129717
 10
257.8015333333333
 20
307.29192531619117
 10
263.1186000000001
 20
307.36257777777786
 10
275.118688888889
 20
307.5220333333334
 10
287.11877777777784
 20
307.7238222222223
 10
299.1188666666667
 20
307.9637111111112
 10
311.1189555555556
 20
308.24311111111115
 10
323.11904444444446
 20
308.56343333333336
 10
335.1191333333333
 20
308.9232666666667
 10
347.1192222222222
 20
309.32261111111114
 10
359.1193111111111
 20
309.8433111111112
 10
359.1193111111111
 20
311.4449222222222
 97
0
 75
1
 76
1
 98
0
  0
HATCH
  5
12E
330
17
100
AcDbEntity
  8
PERIPHERY
 62
7
420
0
100
AcDbHatch
 10
0.0
 20
0.0
 30
0.0
210
0.0
220
0.0
230
1.0
  2
SOLID
 70
1
 71
0
 91
1
 92
3
 72
0
 73
1
 93
21
 10
359.1193111111111
 20
306.6457333333333
 10
347.1192222222222
 20
306.4453555555555
 10
335.1191333333333
 20
306.24497777777776
 10
323.11904444444446
 20
306.0855222222222
 10
311.1189555555556
 20
305.96416666666664
 10
299.1188666666667
 20
305.8456333333333
 10
287.11877777777784
 20
305.72427777777773
 10
275.118688888889
 20
305.64384444444437
 10
263.1186000000001
 20
305.563411111111
 10
257.8015333333333
 20
305.54590430647005
 10
257.8015333333333
 20
306.42968465558675
 10
263.1186000000001
 20
306.48345555555545
 10
275.118688888889
 20
306.60339999999985
 10
287.11877777777784
 20
306.72334444444425
 10
299.1188666666667
 20
306.923722222222
 10
311.1189555555556
 20
307.0845888888887
 10
323.11904444444446
 20
307.3244777777776
 10
335.1191333333333
 20
307.5643666666665
 10
347.1192222222222
 20
307.88468888888866
 10
359.1193111111111
 20
308.244522222222
 10
359.1193111111111
 20
306.6457333333333
 97
0
 75
1
 76
1
 98
0
  0
HATCH
  5
12F
330
17
100
AcDbEntity
  8
PERIPHERY
 62
7
420
0
100
AcDbHatch
 10
0.0
 20
0.0
 30
0.0
210
0.0
220
0.0
230
1.0
  2
SOLID
 70
1
 71
0
 91
1
 92
3
 72
0
 73
1
 93
21
 10
359.1193111111111
 20
303.4467444444444
 10
347.1192222222222
 20
303.52717777777775
 10
335.1191333333333
 20
303.5666888888889
 10
323.11904444444446
 20
303.64712222222227
 10
311.1189555555556
 20
303.6866333333334
 10
299.1188666666667
 20
303.72614444444457
 10
287.11877777777784
 20
303.72614444444457
 10
275.118688888889
 20
303.76565555555567
 10
263.1186000000001
 20
303.8051666666668
 10
257.8015333333333
 20
303.8051666666668
 10
257.8015333333333
 20
304.68428888888906
 10
263.1186000000001
 20
304.68428888888906
 10
275.118688888889
 20
304.722388888889
 10
287.11877777777784
 20
304.722388888889
 10
299.1188666666667
 20
304.76331111111125
 10
311.1189555555556
 20
304.80141111111124
 10
323.11904444444446
 20
304.84233333333344
 10
335.1191333333333
 20
304.9227666666668
 10
347.1192222222222
 20
304.9622777777779
 10
359.1193111111111
 20
305.04271111111126
 10
359.1193111111111
 20
303.4467444444444
 97
0
 75
1
 76
1
 98
0
  0
HATCH
  5
130
330
17
100
AcDbEntity
  8
PERIPHERY
 62
7
420
0
100
AcDbHatch
 10
0.0
 20
0.0
 30
0.0
210
0.0
220
0.0
230
1.0
  2
SOLID
 70
1
 71
0
 91
1
 92
3
 72
0
 73
1
 93
21
 10
359.1193111111111
 20
301.8451333333333
 10
347.1192222222222
 20
302.0469222222222
 10
335.1191333333333
 20
302.24729999999994
 10
323.11904444444446
 20
302.4067555555555
 10
311.1189555555556
 20
302.5266999999999
 10
299.1188666666667
 20
302.64805555555546
 10
287.11877777777784
 20
302.7284888888888
 10
275.118688888889
 20
302.84702222222217
 10
263.1186000000001
 20
302.9274555555555
 10
257.8015333333333
 20
302.9455876032194
 10
257.8015333333333
 20
302.061967879168
 10
263.1186000000001
 20
302.00882222222225
 10
275.118688888889
 20
301.88887777777785
 10
287.11877777777784
 20
301.7294222222223
 10
299.1188666666667
 20
301.56996666666674
 10
311.1189555555556
 20
301.4105111111112
 10
323.11904444444446
 20
301.1706222222223
 10
335.1191333333333
 20
300.92932222222225
 10
347.1192222222222
 20
300.6090000000001
 10
359.1193111111111
 20
300.2491666666668
 10
359.1193111111111
 20
301.8451333333333
 97
0
 75
1
 76
1
 98
0
  0
HATCH
  5
131
330
17
100
AcDbEntity
  8
PERIPHERY
 62
7
420
0
100
AcDbHatch
 10
0.0
 20
0.0
 30
0.0
210
0.0
220
0.0
230
1.0
  2
SOLID
 70
1
 71
0
 91
1
 92
3
 72
0
 73
1
 93
21
 10
359.1193111111111
 20
298.64473333333325
 10
347.1192222222222
 20
299.16543333333334
 10
335.1191333333333
 20
299.5647777777778
 10
323.11904444444446
 20
299.9260222222222
 10
311.1189555555556
 20
300.2463444444444
 10
299.1188666666667
 20
300.52574444444434
 10
287.11877777777784
 20
300.7261222222221
 10
275.118688888889
 20
300.966011111111
 10
263.1186000000001
 20
301.12546666666657
 10
257.8015333333333
 20
301.19611912825326
 10
257.8015333333333
 20
300.33371784258384
 10
263.1186000000001
 20
300.2449333333333
 10
275.118688888889
 20
300.00504444444437
 10
287.11877777777784
 20
299.72423333333325
 10
299.1188666666667
 20
299.4448333333333
 10
311.1189555555556
 20
299.085
 10
323.11904444444446
 20
298.72375555555556
 10
335.1191333333333
 20
298.2439777777778
 10
347.1192222222222
 20
297.68517777777777
 10
359.1193111111111
 20
297.0459444444445
 10
359.1193111111111
 20
298.64473333333325
 97
0
 75
1
 76
1
 98
0
  0
HATCH
  5
132
330
17
100
AcDbEntity
  8
PERIPHERY
 62
7
420
0
100
AcDbHatch
 10
0.0
 20
0.0
 30
0.0
210
0.0
220
0.0
230
1.0
  2
SOLID
 70
1
 71
0
 91
1
 92
3
 72
0
 73
1
 93
21
 10
359.1193111111111
 20
295.4457444444444
 10
347.1192222222222
 20
296.2458444444444
 10
335.1191333333333
 20
296.9245888888888
 10
323.11904444444446
 20
297.48479999999995
 10
311.1189555555556
 20
297.96457777777766
 10
299.1188666666667
 20
298.36533333333324
 10
287.11877777777784
 20
298.7237555555555
 10
275.118688888889
 20
299.08499999999987
 10
263.1186000000001
 20
299.3643999999998
 10
257.8015333333333
 20
299.47069131389134
 10
257.8015333333333
 20
298.609701139333
 10
263.1186000000001
 20
298.48527777777764
 10
275.118688888889
 20
298.1268555555554
 10
287.11877777777784
 20
297.72609999999986
 10
299.1188666666667
 20
297.3253444444443
 10
311.1189555555556
 20
296.80746666666647
 10
323.11904444444446
 20
296.2472555555554
 10
335.1191333333333
 20
295.568511111111
 10
347.1192222222222
 20
294.8065111111109
 10
359.1193111111111
 20
293.8469555555554
 10
359.1193111111111
 20
295.4457444444444
 97
0
 75
1
 76
1
 98
0
  0
HATCH
  5
133
330
17
100
AcDbEntity
  8
PERIPHERY
 62
7
420
0
100
AcDbHatch
 10
0.0
 20
0.0
 30
0.0
210
0.0
220
0.0
230
1.0
  2
SOLID
 70
1
 71
0
 91
1
 92
3
 72
0
 73
1
 93
21
 10
359.1193111111111
 20
292.24393333333325
 10
347.1192222222222
 20
293.3248444444444
 10
335.1191333333333
 20
294.24488888888885
 10
323.11904444444446
 20
295.0054777777777
 10
311.1189555555556
 20
295.68422222222216
 10
299.1188666666667
 20
296.24443333333323
 10
287.11877777777784
 20
296.72562222222217
 10
275.118688888889
 20
297.2053999999999
 10
263.1186000000001
 20
297.5652333333332
 10
257.8015333333333
 20
297.72467030417044
 10
257.8015333333333
 20
296.86305488658917
 10
263.1186000000001
 20
296.686111111111
 10
275.118688888889
 20
296.24584444444434
 10
287.11877777777784
 20
295.7265555555554
 10
299.1188666666667
 20
295.16634444444435
 10
311.1189555555556
 20
294.527111111111
 10
323.11904444444446
 20
293.7665222222222
 10
335.1191333333333
 20
292.92549999999994
 10
347.1192222222222
 20
291.88692222222215
 10
359.1193111111111
 20
290.6465555555555
 10
359.1193111111111
 20
292.24393333333325
 97
0
 75
1
 76
1
 98
0
  0
LWPOLYLINE
  5
134
330
17
100
AcDbEntity
  8
PERIPHERY
370
25
420
0
100
AcDbPolyline
 90
2
 70
0
 43
1.9999677777777776
 10
1247.1202444444443
 20
340.2457
 10
1247.1202444444443
 20
328.2456111111111
  0
LWPOLYLINE
  5
135
330
17
100
AcDbEntity
  8
PERIPHERY
370
25
420
0
100
AcDbPolyline
 90
2
 70
0
 43
1.9999677777777776
 10
1271.120422222222
 20
340.2457
 10
1271.120422222222
 20
328.2456111111111
  0
LWPOLYLINE
  5
136
330
17
100
AcDbEntity
  8
PERIPHERY
370
25
420
0
100
AcDbPolyline
 90
2
 70
0
 43
1.9999677777777776
 10
1295.1206
 20
340.2457
 10
1295.1206
 20
328.2456111111111
  0
LWPOLYLINE
  5
137
330
17
100
AcDbEntity
  8
PERIPHERY
370
25
420
0
100
AcDbPolyline
 90
2
 70
0
 43
1.9999677777777776
 10
1319.1207777777777
 20
340.2457
 10
1319.1207777777777
 20
328.2456111111111
  0
HATCH
  5
138
330
17
100
AcDbEntity
  8
PERIPHERY
 62
7
420
0
100
AcDbHatch
 10
0.0
 20
0.0
 30
0.0
210
0.0
220
0.0
230
1.0
  2
SOLID
 70
1
 71
0
 91
1
 92
3
 72
0
 73
1
 93
21
 10
1223.1200666666666
 20
317.84713333333326
 10
1235.1201555555556
 20
316.6067666666666
 10
1247.1202444444443
 20
315.56677777777765
 10
1259.1203333333333
 20
314.7271666666665
 10
1271.1204222222223
 20
313.9665777777776
 10
1283.1205111111112
 20
313.32734444444435
 10
1295.1206
 20
312.726211111111
 10
1307.120688888889
 20
312.2464333333333
 10
1319.120777777778
 20
311.8047555555555
 10
1324.4378444444442
 20
311.62781178007737
 10
1324.4378444444442
 20
310.7669822305842
 10
1319.120777777778
 20
310.92704444444433
 10
1307.120688888889
 20
311.28687777777765
 10
1295.1206
 20
311.7271444444443
 10
1283.1205111111112
 20
312.24784444444435
 10
1271.1204222222223
 20
312.8066444444444
 10
1259.1203333333333
 20
313.48679999999996
 10
1247.1202444444443
 20
314.2459777777778
 10
1235.1201555555556
 20
315.1646111111111
 10
1223.1200666666666
 20
316.24552222222223
 10
1223.1200666666666
 20
317.84713333333326
 97
0
 75
1
 76
1
 98
0
  0
HATCH
  5
139
330
17
100
AcDbEntity
  8
PERIPHERY
 62
7
420
0
100
AcDbHatch
 10
0.0
 20
0.0
 30
0.0
210
0.0
220
0.0
230
1.0
  2
SOLID
 70
1
 71
0
 91
1
 92
3
 72
0
 73
1
 93
21
 10
1223.1200666666666
 20
314.6467333333333
 10
1235.1201555555556
 20
313.6843555555555
 10
1247.1202444444443
 20
312.9251777777777
 10
1259.1203333333333
 20
312.2464333333333
 10
1271.1204222222223
 20
311.6876333333333
 10
1283.1205111111112
 20
311.16693333333325
 10
1295.1206
 20
310.72525555555546
 10
1307.120688888889
 20
310.3668333333332
 10
1319.120777777778
 20
310.00558888888884
 10
1324.4378444444442
 20
309.88179077035636
 10
1324.4378444444442
 20
309.0215864638863
 10
1319.120777777778
 20
309.1278777777778
 10
1307.120688888889
 20
309.40727777777784
 10
1295.1206
 20
309.7276
 10
1283.1205111111112
 20
310.1283555555555
 10
1271.1204222222223
 20
310.5277
 10
1259.1203333333333
 20
311.00747777777775
 10
1247.1202444444443
 20
311.56627777777777
 10
1235.1201555555556
 20
312.24643333333336
 10
1223.1200666666666
 20
313.04512222222223
 10
1223.1200666666666
 20
314.6467333333333
 97
0
 75
1
 76
1
 98
0
  0
HATCH
  5
13A
330
17
100
AcDbEntity
  8
PERIPHERY
 62
7
420
0
100
AcDbHatch
 10
0.0
 20
0.0
 30
0.0
210
0.0
220
0.0
230
1.0
  2
SOLID
 70
1
 71
0
 91
1
 92
3
 72
0
 73
1
 93
21
 10
1223.1200666666666
 20
311.4449222222222
 10
1235.1201555555556
 20
310.80427777777777
 10
1247.1202444444443
 20
310.2454777777777
 10
1259.1203333333333
 20
309.7657
 10
1271.1204222222223
 20
309.40586666666667
 10
1283.1205111111112
 20
309.0460333333333
 10
1295.1206
 20
308.72571111111114
 10
1307.120688888889
 20
308.48441111111117
 10
1319.120777777778
 20
308.24452222222226
 10
1324.4378444444442
 20
308.1557377129717
 10
1324.4378444444442
 20
307.29192531619117
 10
1319.120777777778
 20
307.36257777777786
 10
1307.120688888889
 20
307.5220333333334
 10
1295.1206
 20
307.7238222222223
 10
1283.1205111111112
 20
307.9637111111112
 10
1271.1204222222223
 20
308.24311111111115
 10
1259.1203333333333
 20
308.56343333333336
 10
1247.1202444444443
 20
308.9232666666667
 10
1235.1201555555556
 20
309.32261111111114
 10
1223.1200666666666
 20
309.8433111111112
 10
1223.1200666666666
 20
311.4449222222222
 97
0
 75
1
 76
1
 98
0
  0
HATCH
  5
13B
330
17
100
AcDbEntity
  8
PERIPHERY
 62
7
420
0
100
AcDbHatch
 10
0.0
 20
0.0
 30
0.0
210
0.0
220
0.0
230
1.0
  2
SOLID
 70
1
 71
0
 91
1
 92
3
 72
0
 73
1
 93
21
 10
1223.1200666666666
 20
308.2459333333333
 10
1235.1201555555556
 20
307.8861
 10
1247.1202444444443
 20
307.5657777777778
 10
1259.1203333333333
 20
307.32588888888887
 10
1271.1204222222223
 20
307.08599999999996
 10
1283.1205111111112
 20
306.92513333333335
 10
1295.1206
 20
306.7247555555556
 10
1307.120688888889
 20
306.60481111111113
 10
1319.120777777778
 20
306.48486666666673
 10
1324.4378444444442
 20
306.43109576669815
 10
1324.4378444444442
 20
305.54731541758133
 10
1319.120777777778
 20
305.5648222222223
 10
1307.120688888889
 20
305.64525555555565
 10
1295.1206
 20
305.725688888889
 10
1283.1205111111112
 20
305.8470444444446
 10
1271.1204222222223
 20
305.9655777777779
 10
1259.1203333333333
 20
306.0869333333335
 10
1247.1202444444443
 20
306.24638888888904
 10
1235.1201555555556
 20
306.44676666666686
 10
1223.1200666666666
 20
306.6471444444446
 10
1223.1200666666666
 20
308.2459333333333
 97
0
 75
1
 76
1
 98
0
  0
HATCH
  5
13C
330
17
100
AcDbEntity
  8
PERIPHERY
 62
7
420
0
100
AcDbHatch
 10
0.0
 20
0.0
 30
0.0
210
0.0
220
0.0
230
1.0
  2
SOLID
 70
1
 71
0
 91
1
 92
3
 72
0
 73
1
 93
21
 10
1223.1200666666666
 20
305.04553333333325
 10
1235.1201555555556
 20
304.9650999999999
 10
1247.1202444444443
 20
304.9255888888888
 10
1259.1203333333333
 20
304.84515555555544
 10
1271.1204222222223
 20
304.80423333333323
 10
1283.1205111111112
 20
304.76613333333324
 10
1295.1206
 20
304.725211111111
 10
1307.120688888889
 20
304.725211111111
 10
1319.120777777778
 20
304.68711111111105
 10
1324.4378444444442
 20
304.68711111111105
 10
1324.4378444444442
 20
303.8079888888888
 10
1319.120777777778
 20
303.8079888888888
 10
1307.120688888889
 20
303.76847777777766
 10
1295.1206
 20
303.72896666666657
 10
1283.1205111111112
 20
303.72896666666657
 10
1271.1204222222223
 20
303.6894555555554
 10
1259.1203333333333
 20
303.64994444444426
 10
1247.1202444444443
 20
303.5695111111109
 10
1235.1201555555556
 20
303.52999999999975
 10
1223.1200666666666
 20
303.4495666666664
 10
1223.1200666666666
 20
305.04553333333325
 97
0
 75
1
 76
1
 98
0
  0
HATCH
  5
13D
330
17
100
AcDbEntity
  8
PERIPHERY
 62
7
420
0
100
AcDbHatch
 10
0.0
 20
0.0
 30
0.0
210
0.0
220
0.0
230
1.0
  2
SOLID
 70
1
 71
0
 91
1
 92
3
 72
0
 73
1
 93
21
 10
1223.1200666666666
 20
301.8451333333333
 10
1235.1201555555556
 20
302.0469222222222
 10
1247.1202444444443
 20
302.24729999999994
 10
1259.1203333333333
 20
302.4067555555555
 10
1271.1204222222223
 20
302.5266999999999
 10
1283.1205111111112
 20
302.64805555555546
 10
1295.1206
 20
302.7284888888888
 10
1307.120688888889
 20
302.84702222222217
 10
1319.120777777778
 20
302.9274555555555
 10
1324.4378444444442
 20
302.9455876032194
 10
1324.4378444444442
 20
302.061967879168
 10
1319.120777777778
 20
302.00882222222225
 10
1307.120688888889
 20
301.88887777777785
 10
1295.1206
 20
301.7294222222223
 10
1283.1205111111112
 20
301.56996666666674
 10
1271.1204222222223
 20
301.4105111111112
 10
1259.1203333333333
 20
301.1706222222223
 10
1247.1202444444443
 20
300.92932222222225
 10
1235.1201555555556
 20
300.6090000000001
 10
1223.1200666666666
 20
300.2491666666668
 10
1223.1200666666666
 20
301.8451333333333
 97
0
 75
1
 76
1
 98
0
  0
HATCH
  5
13E
330
17
100
AcDbEntity
  8
PERIPHERY
 62
7
420
0
100
AcDbHatch
 10
0.0
 20
0.0
 30
0.0
210
0.0
220
0.0
230
1.0
  2
SOLID
 70
1
 71
0
 91
1
 92
3
 72
0
 73
1
 93
21
 10
1223.1200666666666
 20
298.64473333333325
 10
1235.1201555555556
 20
299.16543333333334
 10
1247.1202444444443
 20
299.5647777777778
 10
1259.1203333333333
 20
299.9260222222222
 10
1271.1204222222223
 20
300.2463444444444
 10
1283.1205111111112
 20
300.52574444444434
 10
1295.1206
 20
300.7261222222221
 10
1307.120688888889
 20
300.966011111111
 10
1319.120777777778
 20
301.12546666666657
 10
1324.4378444444442
 20
301.19611912825326
 10
1324.4378444444442
 20
300.33371784258384
 10
1319.120777777778
 20
300.2449333333333
 10
1307.120688888889
 20
300.00504444444437
 10
1295.1206
 20
299.72423333333325
 10
1283.1205111111112
 20
299.4448333333333
 10
1271.1204222222223
 20
299.085
 10
1259.1203333333333
 20
298.72375555555556
 10
1247.1202444444443
 20
298.2439777777778
 10
1235.1201555555556
 20
297.68517777777777
 10
1223.1200666666666
 20
297.0459444444445
 10
1223.1200666666666
 20
298.64473333333325
 97
0
 75
1
 76
1
 98
0
  0
HATCH
  5
13F
330
17
100
AcDbEntity
  8
PERIPHERY
 62
7
420
0
100
AcDbHatch
 10
0.0
 20
0.0
 30
0.0
210
0.0
220
0.0
230
1.0
  2
SOLID
 70
1
 71
0
 91
1
 92
3
 72
0
 73
1
 93
21
 10
1223.1200666666666
 20
295.4457444444444
 10
1235.1201555555556
 20
296.2458444444444
 10
1247.1202444444443
 20
296.9245888888888
 10
1259.1203333333333
 20
297.48479999999995
 10
1271.1204222222223
 20
297.96457777777766
 10
1283.1205111111112
 20
298.36533333333324
 10
1295.1206
 20
298.7237555555555
 10
1307.120688888889
 20
299.08499999999987
 10
1319.120777777778
 20
299.3643999999998
 10
1324.4378444444442
 20
299.47069131389134
 10
1324.4378444444442
 20
298.609701139333
 10
1319.120777777778
 20
298.48527777777764
 10
1307.120688888889
 20
298.1268555555554
 10
1295.1206
 20
297.72609999999986
 10
1283.1205111111112
 20
297.3253444444443
 10
1271.1204222222223
 20
296.80746666666647
 10
1259.1203333333333
 20
296.2472555555554
 10
1247.1202444444443
 20
295.568511111111
 10
1235.1201555555556
 20
294.8065111111109
 10
1223.1200666666666
 20
293.8469555555554
 10
1223.1200666666666
 20
295.4457444444444
 97
0
 75
1
 76
1
 98
0
  0
HATCH
  5
140
330
17
100
AcDbEntity
  8
PERIPHERY
 62
7
420
0
100
AcDbHatch
 10
0.0
 20
0.0
 30
0.0
210
0.0
220
0.0
230
1.0
  2
SOLID
 70
1
 71
0
 91
1
 92
3
 72
0
 73
1
 93
21
 10
1223.1200666666666
 20
292.24393333333325
 10
1235.1201555555556
 20
293.3248444444444
 10
1247.1202444444443
 20
294.24488888888885
 10
1259.1203333333333
 20
295.0054777777777
 10
1271.1204222222223
 20
295.68422222222216
 10
1283.1205111111112
 20
296.24443333333323
 10
1295.1206
 20
296.72562222222217
 10
1307.120688888889
 20
297.2053999999999
 10
1319.120777777778
 20
297.5652333333332
 10
1324.4378444444442
 20
297.72467030417044
 10
1324.4378444444442
 20
296.86305488658917
 10
1319.120777777778
 20
296.686111111111
 10
1307.120688888889
 20
296.24584444444434
 10
1295.1206
 20
295.7265555555554
 10
1283.1205111111112
 20
295.16634444444435
 10
1271.1204222222223
 20
294.527111111111
 10
1259.1203333333333
 20
293.7665222222222
 10
1247.1202444444443
 20
292.92549999999994
 10
1235.1201555555556
 20
291.88692222222215
 10
1223.1200666666666
 20
290.6465555555555
 10
1223.1200666666666
 20
292.24393333333325
 97
0
 75
1
 76
1
 98
0
  0
LWPOLYLINE
  5
141
330
17
100
AcDbEntity
  8
PERIPHERY
370
25
420
0
100
AcDbPolyline
 90
2
 70
0
 43
1.9999677777777776
 10
1247.1202444444443
 20
680.2585666666665
 10
1247.1202444444443
 20
668.2584777777778
  0
LWPOLYLINE
  5
142
330
17
100
AcDbEntity
  8
PERIPHERY
370
25
420
0
100
AcDbPolyline
 90
2
 70
0
 43
1.9999677777777776
 10
1271.120422222222
 20
680.2585666666665
 10
1271.120422222222
 20
668.2584777777778
  0
LWPOLYLINE
  5
143
330
17
100
AcDbEntity
  8
PERIPHERY
370
25
420
0
100
AcDbPolyline
 90
2
 70
0
 43
1.9999677777777776
 10
1295.1206
 20
680.2585666666665
 10
1295.1206
 20
668.2584777777778
  0
LWPOLYLINE
  5
144
330
17
100
AcDbEntity
  8
PERIPHERY
370
25
420
0
100
AcDbPolyline
 90
2
 70
0
 43
1.9999677777777776
 10
1319.1207777777777
 20
680.2585666666665
 10
1319.1207777777777
 20
668.2584777777778
  0
HATCH
  5
145
330
17
100
AcDbEntity
  8
PERIPHERY
 62
7
420
0
100
AcDbHatch
 10
0.0
 20
0.0
 30
0.0
210
0.0
220
0.0
230
1.0
  2
SOLID
 70
1
 71
0
 91
1
 92
3
 72
0
 73
1
 93
21
 10
1223.1200666666666
 20
690.6570444444444
 10
1235.1201555555556
 20
691.8974111111111
 10
1247.1202444444443
 20
692.9373999999999
 10
1259.1203333333333
 20
693.777011111111
 10
1271.1204222222223
 20
694.5376
 10
1283.1205111111112
 20
695.1768333333332
 10
1295.1206
 20
695.7779666666665
 10
1307.120688888889
 20
696.2577444444443
 10
1319.120777777778
 20
696.6994222222221
 10
1324.4378444444442
 20
696.8763659977003
 10
1324.4378444444442
 20
697.7371955471933
 10
1319.120777777778
 20
697.5771333333332
 10
1307.120688888889
 20
697.2172999999999
 10
1295.1206
 20
696.7770333333332
 10
1283.1205111111112
 20
696.2563333333333
 10
1271.1204222222223
 20
695.6975333333332
 10
1259.1203333333333
 20
695.0173777777776
 10
1247.1202444444443
 20
694.2581999999998
 10
1235.1201555555556
 20
693.3395666666665
 10
1223.1200666666666
 20
692.2586555555554
 10
1223.1200666666666
 20
690.6570444444444
 97
0
 75
1
 76
1
 98
0
  0
HATCH
  5
146
330
17
100
AcDbEntity
  8
PERIPHERY
 62
7
420
0
100
AcDbHatch
 10
0.0
 20
0.0
 30
0.0
210
0.0
220
0.0
230
1.0
  2
SOLID
 70
1
 71
0
 91
1
 92
3
 72
0
 73
1
 93
21
 10
1223.1200666666666
 20
693.8574444444445
 10
1235.1201555555556
 20
694.8198222222221
 10
1247.1202444444443
 20
695.579
 10
1259.1203333333333
 20
696.2577444444444
 10
1271.1204222222223
 20
696.8165444444444
 10
1283.1205111111112
 20
697.3372444444443
 10
1295.1206
 20
697.7789222222221
 10
1307.120688888889
 20
698.1373444444442
 10
1319.120777777778
 20
698.4985888888888
 10
1324.4378444444442
 20
698.6223870074213
 10
1324.4378444444442
 20
699.4825913138915
 10
1319.120777777778
 20
699.3762999999999
 10
1307.120688888889
 20
699.0968999999999
 10
1295.1206
 20
698.7765777777778
 10
1283.1205111111112
 20
698.3758222222222
 10
1271.1204222222223
 20
697.9764777777777
 10
1259.1203333333333
 20
697.4966999999999
 10
1247.1202444444443
 20
696.9379
 10
1235.1201555555556
 20
696.2577444444445
 10
1223.1200666666666
 20
695.4590555555556
 10
1223.1200666666666
 20
693.8574444444445
 97
0
 75
1
 76
1
 98
0
  0
HATCH
  5
147
330
17
100
AcDbEntity
  8
PERIPHERY
 62
7
420
0
100
AcDbHatch
 10
0.0
 20
0.0
 30
0.0
210
0.0
220
0.0
230
1.0
  2
SOLID
 70
1
 71
0
 91
1
 92
3
 72
0
 73
1
 93
21
 10
1223.1200666666666
 20
697.0592555555555
 10
1235.1201555555556
 20
697.6999
 10
1247.1202444444443
 20
698.2587
 10
1259.1203333333333
 20
698.7384777777777
 10
1271.1204222222223
 20
699.098311111111
 10
1283.1205111111112
 20
699.4581444444443
 10
1295.1206
 20
699.7784666666666
 10
1307.120688888889
 20
700.0197666666666
 10
1319.120777777778
 20
700.2596555555555
 10
1324.4378444444442
 20
700.348440064806
 10
1324.4378444444442
 20
701.2122524615867
 10
1319.120777777778
 20
701.1415999999999
 10
1307.120688888889
 20
700.9821444444444
 10
1295.1206
 20
700.7803555555555
 10
1283.1205111111112
 20
700.5404666666666
 10
1271.1204222222223
 20
700.2610666666666
 10
1259.1203333333333
 20
699.9407444444444
 10
1247.1202444444443
 20
699.580911111111
 10
1235.1201555555556
 20
699.1815666666666
 10
1223.1200666666666
 20
698.6608666666666
 10
1223.1200666666666
 20
697.0592555555555
 97
0
 75
1
 76
1
 98
0
  0
HATCH
  5
148
330
17
100
AcDbEntity
  8
PERIPHERY
 62
7
420
0
100
AcDbHatch
 10
0.0
 20
0.0
 30
0.0
210
0.0
220
0.0
230
1.0
  2
SOLID
 70
1
 71
0
 91
1
 92
3
 72
0
 73
1
 93
21
 10
1223.1200666666666
 20
701.8584444444443
 10
1235.1201555555556
 20
702.0588222222221
 10
1247.1202444444443
 20
702.2592
 10
1259.1203333333333
 20
702.4186555555555
 10
1271.1204222222223
 20
702.5400111111111
 10
1283.1205111111112
 20
702.6585444444444
 10
1295.1206
 20
702.7799
 10
1307.120688888889
 20
702.8603333333333
 10
1319.120777777778
 20
702.9407666666666
 10
1324.4378444444442
 20
702.9582734713075
 10
1324.4378444444442
 20
702.0744931221908
 10
1319.120777777778
 20
702.020722222222
 10
1307.120688888889
 20
701.9007777777776
 10
1295.1206
 20
701.7808333333331
 10
1283.1205111111112
 20
701.5804555555554
 10
1271.1204222222223
 20
701.4195888888888
 10
1259.1203333333333
 20
701.1796999999999
 10
1247.1202444444443
 20
700.939811111111
 10
1235.1201555555556
 20
700.6194888888888
 10
1223.1200666666666
 20
700.2596555555555
 10
1223.1200666666666
 20
701.8584444444443
 97
0
 75
1
 76
1
 98
0
  0
HATCH
  5
149
330
17
100
AcDbEntity
  8
PERIPHERY
 62
7
420
0
100
AcDbHatch
 10
0.0
 20
0.0
 30
0.0
210
0.0
220
0.0
230
1.0
  2
SOLID
 70
1
 71
0
 91
1
 92
3
 72
0
 73
1
 93
21
 10
1223.1200666666666
 20
705.0574333333333
 10
1235.1201555555556
 20
704.977
 10
1247.1202444444443
 20
704.9374888888889
 10
1259.1203333333333
 20
704.8570555555555
 10
1271.1204222222223
 20
704.8175444444445
 10
1283.1205111111112
 20
704.7780333333334
 10
1295.1206
 20
704.7780333333334
 10
1307.120688888889
 20
704.7385222222222
 10
1319.120777777778
 20
704.6990111111111
 10
1324.4378444444442
 20
704.6990111111111
 10
1324.4378444444442
 20
703.819888888889
 10
1319.120777777778
 20
703.819888888889
 10
1307.120688888889
 20
703.7817888888889
 10
1295.1206
 20
703.7817888888889
 10
1283.1205111111112
 20
703.7408666666666
 10
1271.1204222222223
 20
703.7027666666668
 10
1259.1203333333333
 20
703.6618444444446
 10
1247.1202444444443
 20
703.5814111111112
 10
1235.1201555555556
 20
703.5419
 10
1223.1200666666666
 20
703.4614666666668
 10
1223.1200666666666
 20
705.0574333333333
 97
0
 75
1
 76
1
 98
0
  0
HATCH
  5
14A
330
17
100
AcDbEntity
  8
PERIPHERY
 62
7
420
0
100
AcDbHatch
 10
0.0
 20
0.0
 30
0.0
210
0.0
220
0.0
230
1.0
  2
SOLID
 70
1
 71
0
 91
1
 92
3
 72
0
 73
1
 93
21
 10
1223.1200666666666
 20
706.6590444444445
 10
1235.1201555555556
 20
706.4572555555555
 10
1247.1202444444443
 20
706.2568777777777
 10
1259.1203333333333
 20
706.0974222222222
 10
1271.1204222222223
 20
705.9774777777777
 10
1283.1205111111112
 20
705.8561222222221
 10
1295.1206
 20
705.7756888888888
 10
1307.120688888889
 20
705.6571555555555
 10
1319.120777777778
 20
705.5767222222221
 10
1324.4378444444442
 20
705.5585901745584
 10
1324.4378444444442
 20
706.4422098986098
 10
1319.120777777778
 20
706.4953555555555
 10
1307.120688888889
 20
706.6153
 10
1295.1206
 20
706.7747555555555
 10
1283.1205111111112
 20
706.9342111111112
 10
1271.1204222222223
 20
707.0936666666666
 10
1259.1203333333333
 20
707.3335555555556
 10
1247.1202444444443
 20
707.5748555555556
 10
1235.1201555555556
 20
707.8951777777777
 10
1223.1200666666666
 20
708.2550111111111
 10
1223.1200666666666
 20
706.6590444444445
 97
0
 75
1
 76
1
 98
0
  0
HATCH
  5
14B
330
17
100
AcDbEntity
  8
PERIPHERY
 62
7
420
0
100
AcDbHatch
 10
0.0
 20
0.0
 30
0.0
210
0.0
220
0.0
230
1.0
  2
SOLID
 70
1
 71
0
 91
1
 92
3
 72
0
 73
1
 93
21
 10
1223.1200666666666
 20
709.8594444444444
 10
1235.1201555555556
 20
709.3387444444444
 10
1247.1202444444443
 20
708.9394
 10
1259.1203333333333
 20
708.5781555555556
 10
1271.1204222222223
 20
708.2578333333333
 10
1283.1205111111112
 20
707.9784333333332
 10
1295.1206
 20
707.7780555555555
 10
1307.120688888889
 20
707.5381666666666
 10
1319.120777777778
 20
707.3787111111111
 10
1324.4378444444442
 20
707.3080586495244
 10
1324.4378444444442
 20
708.1704599351939
 10
1319.120777777778
 20
708.2592444444444
 10
1307.120688888889
 20
708.4991333333332
 10
1295.1206
 20
708.7799444444444
 10
1283.1205111111112
 20
709.0593444444445
 10
1271.1204222222223
 20
709.4191777777778
 10
1259.1203333333333
 20
709.7804222222222
 10
1247.1202444444443
 20
710.2602
 10
1235.1201555555556
 20
710.819
 10
1223.1200666666666
 20
711.4582333333333
 10
1223.1200666666666
 20
709.8594444444444
 97
0
 75
1
 76
1
 98
0
  0
HATCH
  5
14C
330
17
100
AcDbEntity
  8
PERIPHERY
 62
7
420
0
100
AcDbHatch
 10
0.0
 20
0.0
 30
0.0
210
0.0
220
0.0
230
1.0
  2
SOLID
 70
1
 71
0
 91
1
 92
3
 72
0
 73
1
 93
21
 10
1223.1200666666666
 20
713.0584333333333
 10
1235.1201555555556
 20
712.2583333333332
 10
1247.1202444444443
 20
711.5795888888888
 10
1259.1203333333333
 20
711.0193777777778
 10
1271.1204222222223
 20
710.5396
 10
1283.1205111111112
 20
710.1388444444444
 10
1295.1206
 20
709.7804222222222
 10
1307.120688888889
 20
709.4191777777778
 10
1319.120777777778
 20
709.1397777777778
 10
1324.4378444444442
 20
709.0334864638862
 10
1324.4378444444442
 20
709.8944766384446
 10
1319.120777777778
 20
710.0189
 10
1307.120688888889
 20
710.3773222222222
 10
1295.1206
 20
710.7780777777778
 10
1283.1205111111112
 20
711.1788333333333
 10
1271.1204222222223
 20
711.6967111111111
 10
1259.1203333333333
 20
712.2569222222222
 10
1247.1202444444443
 20
712.9356666666666
 10
1235.1201555555556
 20
713.6962555555555
 10
1223.1200666666666
 20
714.6558111111111
 10
1223.1200666666666
 20
713.0584333333333
 97
0
 75
1
 76
1
 98
0
  0
HATCH
  5
14D
330
17
100
AcDbEntity
  8
PERIPHERY
 62
7
420
0
100
AcDbHatch
 10
0.0
 20
0.0
 30
0.0
210
0.0
220
0.0
230
1.0
  2
SOLID
 70
1
 71
0
 91
1
 92
3
 72
0
 73
1
 93
21
 10
1223.1200666666666
 20
716.2588333333333
 10
1235.1201555555556
 20
715.1779222222222
 10
1247.1202444444443
 20
714.2578777777777
 10
1259.1203333333333
 20
713.4987
 10
1271.1204222222223
 20
712.8199555555556
 10
1283.1205111111112
 20
712.2597444444444
 10
1295.1206
 20
711.7785555555555
 10
1307.120688888889
 20
711.2987777777778
 10
1319.120777777778
 20
710.9389444444445
 10
1324.4378444444442
 20
710.7795074736072
 10
1324.4378444444442
 20
711.6411228911884
 10
1319.120777777778
 20
711.8180666666666
 10
1307.120688888889
 20
712.2583333333332
 10
1295.1206
 20
712.7776222222222
 10
1283.1205111111112
 20
713.3364222222222
 10
1271.1204222222223
 20
713.9770666666666
 10
1259.1203333333333
 20
714.7362444444444
 10
1247.1202444444443
 20
715.5772666666667
 10
1235.1201555555556
 20
716.6172555555555
 10
1223.1200666666666
 20
717.8576222222222
 10
1223.1200666666666
 20
716.2588333333333
 97
0
 75
1
 76
1
 98
0
  0
LWPOLYLINE
  5
14E
330
17
100
AcDbEntity
  8
PERIPHERY
370
25
420
0
100
AcDbPolyline
 90
2
 70
0
 43
1.9999677777777776
 10
535.928711111111
 20
791.1182777777777
 10
527.4436999999999
 20
782.6332666666665
  0
LWPOLYLINE
  5
14F
330
17
100
AcDbEntity
  8
PERIPHERY
370
25
420
0
100
AcDbPolyline
 90
2
 70
0
 43
1.9999677777777776
 10
552.8987333333332
 20
774.1468444444444
 10
544.4123111111111
 20
765.6618333333333
  0
LWPOLYLINE
  5
150
330
17
100
AcDbEntity
  8
PERIPHERY
370
25
420
0
100
AcDbPolyline
 90
2
 70
0
 43
1.9999677777777776
 10
569.8687555555555
 20
757.1768222222222
 10
561.3823333333332
 20
748.691811111111
  0
LWPOLYLINE
  5
151
330
17
100
AcDbEntity
  8
PERIPHERY
370
25
420
0
100
AcDbPolyline
 90
2
 70
0
 43
1.9999677777777776
 10
586.8401888888889
 20
740.2068
 10
578.3537666666666
 20
731.7203777777778
  0
HATCH
  5
152
330
17
100
AcDbEntity
  8
PERIPHERY
 62
7
420
0
100
AcDbHatch
 10
0.0
 20
0.0
 30
0.0
210
0.0
220
0.0
230
1.0
  2
SOLID
 70
1
 71
0
 91
1
 92
3
 72
0
 73
1
 93
23
 10
503.1203777777777
 20
792.2499888888889
 10
510.7290888888888
 20
782.8872666666666
 10
518.4774999999998
 20
773.6670666666666
 10
526.3698444444443
 20
764.5879777777778
 10
534.3172222222221
 20
755.5653333333333
 10
542.3506777777777
 20
746.6287666666666
 10
550.4109444444443
 20
737.7190111111111
 10
558.5558777777776
 20
728.8939222222222
 10
566.7304444444443
 20
720.0984666666667
 10
574.9332333333332
 20
711.3298222222222
 10
583.1642444444443
 20
702.5908111111111
 10
582.5983888888887
 20
702.0249555555556
 10
574.3391555555554
 20
710.7371555555555
 10
566.1081444444443
 20
719.4775777777777
 10
557.8785444444443
 20
728.2165888888887
 10
549.7039777777776
 20
737.0120444444444
 10
541.5858555555554
 20
745.8653555555555
 10
533.4973666666665
 20
754.7454777777778
 10
525.4935444444442
 20
763.7116777777778
 10
517.5447555555554
 20
772.7343222222223
 10
509.7088555555554
 20
781.8698555555555
 10
501.9872555555554
 20
791.119688888889
 10
503.1203777777777
 20
792.2499888888889
 97
0
 75
1
 76
1
 98
0
  0
HATCH
  5
153
330
17
100
AcDbEntity
  8
PERIPHERY
 62
7
420
0
100
AcDbHatch
 10
0.0
 20
0.0
 30
0.0
210
0.0
220
0.0
230
1.0
  2
SOLID
 70
1
 71
0
 91
1
 92
3
 72
0
 73
1
 93
23
 10
500.8569555555555
 20
789.9865666666666
 10
508.66181111111104
 20
780.8213999999999
 10
516.6105999999999
 20
771.7987555555554
 10
524.6144222222222
 20
762.8325555555554
 10
532.7043222222222
 20
753.9524333333333
 10
540.8210333333333
 20
745.099122222222
 10
548.9941888888889
 20
736.3022555555555
 10
557.2266111111111
 20
727.5632444444444
 10
565.4562111111111
 20
718.822822222222
 10
573.7436666666666
 20
710.1402555555554
 10
582.0311222222222
 20
701.4576888888888
 10
581.4666777777777
 20
700.8932444444443
 10
573.1495888888888
 20
709.5489999999999
 10
564.8339111111111
 20
718.2033444444444
 10
556.5464555555556
 20
726.885911111111
 10
548.2872222222222
 20
735.5966999999999
 10
540.0844333333333
 20
744.3653444444443
 10
531.8816444444444
 20
753.1325777777777
 10
523.7367111111112
 20
761.9562555555556
 10
515.6482222222222
 20
770.8363777777777
 10
507.64298888888885
 20
779.8025777777777
 10
499.7238333333333
 20
788.8534444444443
 10
500.8569555555555
 20
789.9865666666666
 97
0
 75
1
 76
1
 98
0
  0
HATCH
  5
154
330
17
100
AcDbEntity
  8
PERIPHERY
 62
7
420
0
100
AcDbHatch
 10
0.0
 20
0.0
 30
0.0
210
0.0
220
0.0
230
1.0
  2
SOLID
 70
1
 71
0
 91
1
 92
3
 72
0
 73
1
 93
23
 10
498.5921222222222
 20
787.7231444444444
 10
506.62416666666667
 20
778.7851666666666
 10
514.7126555555556
 20
769.9036333333332
 10
522.859
 20
761.0799555555554
 10
531.0900111111113
 20
752.3409444444443
 10
539.3196111111112
 20
743.6019333333332
 10
547.5802555555556
 20
734.8911444444443
 10
555.8959333333333
 20
726.2353888888888
 10
564.2116111111111
 20
717.5796333333332
 10
572.5555111111112
 20
708.953511111111
 10
580.898
 20
700.3273888888888
 10
580.3335555555556
 20
699.7615333333332
 10
571.9614333333334
 20
708.3608444444443
 10
563.5879
 20
716.9587444444443
 10
555.2157777777778
 20
725.5580555555554
 10
546.873288888889
 20
734.1855888888888
 10
538.5562
 20
742.8399333333332
 10
530.2687444444445
 20
751.5224999999998
 10
522.0095111111111
 20
760.2332888888888
 10
513.7785
 20
768.9737111111109
 10
505.5757111111111
 20
777.7409444444444
 10
497.459
 20
786.5942555555553
 10
498.5921222222222
 20
787.7231444444444
 97
0
 75
1
 76
1
 98
0
  0
HATCH
  5
155
330
17
100
AcDbEntity
  8
PERIPHERY
 62
7
420
0
100
AcDbHatch
 10
0.0
 20
0.0
 30
0.0
210
0.0
220
0.0
230
1.0
  2
SOLID
 70
1
 71
0
 91
1
 92
3
 72
0
 73
1
 93
23
 10
496.3301111111111
 20
785.4611333333332
 10
504.56112222222225
 20
776.7221222222222
 10
512.8217666666667
 20
768.0113333333333
 10
521.1374444444444
 20
759.3569888888887
 10
529.4545333333333
 20
750.7026444444442
 10
537.8252444444445
 20
742.1033333333332
 10
546.1691444444444
 20
733.477211111111
 10
554.5694888888888
 20
724.906122222222
 10
562.9698333333332
 20
716.3364444444444
 10
571.3687666666666
 20
707.7667666666665
 10
579.7705222222222
 20
699.1970888888887
 10
579.2046666666666
 20
698.6312333333332
 10
570.7760999999999
 20
707.1740999999998
 10
562.319311111111
 20
715.6873333333332
 10
553.8893333333333
 20
724.2287888888887
 10
545.4607666666666
 20
732.7716555555554
 10
537.0618333333332
 20
741.3427444444442
 10
528.6600777777777
 20
749.9124222222221
 10
520.2611444444443
 20
758.4835111111109
 10
511.88761111111097
 20
767.0814111111109
 10
503.54371111111095
 20
775.7075333333332
 10
495.19981111111093
 20
784.3336555555555
 10
496.3301111111111
 20
785.4611333333332
 97
0
 75
1
 76
1
 98
0
  0
HATCH
  5
156
330
17
100
AcDbEntity
  8
PERIPHERY
 62
7
420
0
100
AcDbHatch
 10
0.0
 20
0.0
 30
0.0
210
0.0
220
0.0
230
1.0
  2
SOLID
 70
1
 71
0
 91
1
 92
3
 72
0
 73
1
 93
23
 10
494.0666888888888
 20
783.197711111111
 10
502.49666666666656
 20
774.6562555555555
 10
510.9534555555555
 20
766.1430222222222
 10
519.3820222222222
 20
757.6015666666666
 10
527.838811111111
 20
749.0869222222223
 10
536.2955999999999
 20
740.5736888888889
 10
544.7509777777777
 20
732.0604555555556
 10
553.2374
 20
723.5740333333333
 10
561.6956
 20
715.0622111111111
 10
570.180611111111
 20
706.5757888888888
 10
578.6359888888888
 20
698.0625555555556
 10
578.0715444444445
 20
697.4966999999999
 10
569.558311111111
 20
705.9534888888888
 10
561.0733
 20
714.4399111111111
 10
552.5600666666667
 20
722.8966999999999
 10
544.0468333333333
 20
731.3534888888889
 10
535.5604111111111
 20
739.8385000000001
 10
527.0471777777777
 20
748.2952888888889
 10
518.5339444444444
 20
756.7520777777777
 10
509.99248888888883
 20
765.1806444444444
 10
501.4792555555555
 20
773.6374333333333
 10
492.9363888888888
 20
782.0659999999999
 10
494.0666888888888
 20
783.197711111111
 97
0
 75
1
 76
1
 98
0
  0
HATCH
  5
157
330
17
100
AcDbEntity
  8
PERIPHERY
 62
7
420
0
100
AcDbHatch
 10
0.0
 20
0.0
 30
0.0
210
0.0
220
0.0
230
1.0
  2
SOLID
 70
1
 71
0
 91
1
 92
3
 72
0
 73
1
 93
23
 10
491.8046777777778
 20
780.9342888888888
 10
500.4308
 20
772.5917999999999
 10
509.0569222222222
 20
764.2478999999998
 10
517.6562333333333
 20
755.8757777777777
 10
526.225911111111
 20
747.4754333333333
 10
534.7969999999999
 20
739.0750888888889
 10
543.3384555555555
 20
730.6465222222221
 10
551.9081333333332
 20
722.2461777777777
 10
560.4495888888888
 20
713.8161999999999
 10
568.9642333333333
 20
705.360822222222
 10
577.5056888888888
 20
696.9308444444445
 10
576.9398333333332
 20
696.3663999999999
 10
568.3701555555555
 20
704.7653333333333
 10
559.8004777777777
 20
713.1656777777778
 10
551.2307999999999
 20
721.5660222222222
 10
542.6329
 20
729.9395555555554
 10
534.0335888888889
 20
738.3116777777776
 10
525.4356888888889
 20
746.6837999999999
 10
516.7799333333332
 20
754.9994777777777
 10
508.1241777777777
 20
763.3151555555555
 10
499.4133888888888
 20
771.5743888888887
 10
490.6743777777777
 20
779.8053999999998
 10
491.8046777777778
 20
780.9342888888888
 97
0
 75
1
 76
1
 98
0
  0
HATCH
  5
158
330
17
100
AcDbEntity
  8
PERIPHERY
 62
7
420
0
100
AcDbHatch
 10
0.0
 20
0.0
 30
0.0
210
0.0
220
0.0
230
1.0
  2
SOLID
 70
1
 71
0
 91
1
 92
3
 72
0
 73
1
 93
23
 10
489.5412555555555
 20
778.6722777777778
 10
498.3945666666666
 20
770.5555666666666
 10
507.16179999999997
 20
762.3527777777778
 10
515.9022222222222
 20
754.1231777777778
 10
524.6130111111111
 20
745.8639444444444
 10
533.2955777777778
 20
737.5764888888888
 10
541.9217
 20
729.2325888888888
 10
550.5774555555556
 20
720.9155
 10
559.1753555555556
 20
712.5433777777777
 10
567.7746666666667
 20
704.1698444444444
 10
576.3739777777778
 20
695.7977222222222
 10
575.8081222222222
 20
695.2332777777777
 10
567.182
 20
703.5771777777777
 10
558.5558777777778
 20
711.9196666666666
 10
549.9015333333334
 20
720.2367555555555
 10
541.2175555555556
 20
728.5228000000001
 10
532.534988888889
 20
736.8102555555555
 10
523.7959777777778
 20
745.0412666666665
 10
515.0555555555555
 20
753.2722777777777
 10
506.2318777777778
 20
761.417211111111
 10
497.35034444444454
 20
769.5071111111109
 10
488.4137777777778
 20
777.5405666666667
 10
489.5412555555555
 20
778.6722777777778
 97
0
 75
1
 76
1
 98
0
  0
HATCH
  5
159
330
17
100
AcDbEntity
  8
PERIPHERY
 62
7
420
0
100
AcDbHatch
 10
0.0
 20
0.0
 30
0.0
210
0.0
220
0.0
230
1.0
  2
SOLID
 70
1
 71
0
 91
1
 92
3
 72
0
 73
1
 93
23
 10
487.2792444444444
 20
776.4102666666665
 10
496.330111111111
 20
768.4911111111111
 10
505.296311111111
 20
760.4872888888888
 10
514.1792555555554
 20
752.3987999999999
 10
523.0029333333332
 20
744.2524555555555
 10
531.7715777777777
 20
736.0510777777777
 10
540.5105888888887
 20
727.8200666666667
 10
549.2495999999999
 20
719.5904666666667
 10
557.9335777777776
 20
711.303011111111
 10
566.587922222222
 20
702.9859222222221
 10
575.2436777777776
 20
694.6702444444444
 10
574.6778222222221
 20
694.1057999999999
 10
565.9952555555553
 20
702.3932555555555
 10
557.3126888888886
 20
710.6792999999999
 10
548.5736777777776
 20
718.910311111111
 10
539.8050333333331
 20
727.1130999999998
 10
531.0363888888886
 20
735.3158888888887
 10
522.1844888888886
 20
743.434011111111
 10
513.3029555555553
 20
751.5224999999998
 10
504.3367555555553
 20
759.5277333333331
 10
495.31269999999984
 20
767.475111111111
 10
486.1503555555554
 20
775.2827888888888
 10
487.2792444444444
 20
776.4102666666665
 97
0
 75
1
 76
1
 98
0
  0
HATCH
  5
15A
330
17
100
AcDbEntity
  8
PERIPHERY
 62
7
420
0
100
AcDbHatch
 10
0.0
 20
0.0
 30
0.0
210
0.0
220
0.0
230
1.0
  2
SOLID
 70
1
 71
0
 91
1
 92
3
 72
0
 73
1
 93
23
 10
485.01582222222214
 20
774.1468444444444
 10
494.2656555555555
 20
766.4252444444443
 10
503.4026
 20
758.5907555555556
 10
512.4252444444444
 20
750.6433777777777
 10
521.3914444444445
 20
742.6381444444444
 10
530.2729777777777
 20
734.5496555555555
 10
539.0980666666667
 20
726.4047222222222
 10
547.9231555555556
 20
718.2597888888889
 10
556.6621666666666
 20
710.0287777777777
 10
565.4011777777778
 20
701.7977666666666
 10
574.1133777777777
 20
693.5385333333334
 10
573.5489333333333
 20
692.9740888888888
 10
564.808511111111
 20
701.2036888888888
 10
556.0398666666666
 20
709.4064777777777
 10
547.244411111111
 20
717.5810444444444
 10
538.392511111111
 20
725.6991666666665
 10
529.5123888888887
 20
733.7890666666666
 10
520.5729999999999
 20
741.8211111111111
 10
511.5503555555555
 20
749.7698999999999
 10
502.46985555555545
 20
757.6608333333332
 10
493.2496555555555
 20
765.4106555555555
 10
483.8869333333333
 20
773.0193666666665
 10
485.01582222222214
 20
774.1468444444444
 97
0
 75
1
 76
1
 98
0
  0
TEXT
  5
15B
330
17
100
AcDbEntity
  8
LABELS
 62
250
100
AcDbText
 10
537.1096699999999
 20
795.8859988888888
 30
0.0
 40
16.93333333333333
  1
6
 11
537.1096699999999
 21
795.8859988888888
 31
0.0
100
AcDbText
  0
TEXT
  5
15C
330
17
100
AcDbEntity
  8
LABELS
 62
250
100
AcDbText
 10
558.2763366666666
 20
776.8166666666666
 30
0.0
 40
16.93333333333333
  1
7
 11
558.2763366666666
 21
776.8166666666666
 31
0.0
100
AcDbText
  0
TEXT
  5
15D
330
17
100
AcDbEntity
  8
LABELS
 62
250
100
AcDbText
 10
576.620781111111
 20
759.9026655555555
 30
0.0
 40
16.93333333333333
  1
8
 11
576.620781111111
 21
759.9026655555555
 31
0.0
100
AcDbText
  0
TEXT
  5
15E
330
17
100
AcDbEntity
  8
LABELS
 62
250
100
AcDbText
 10
593.5541144444444
 20
741.5388888888888
 30
0.0
 40
16.93333333333333
  1
9
 11
593.5541144444444
 21
741.5388888888888
 31
0.0
100
AcDbText
  0
TEXT
  5
15F
330
17
100
AcDbEntity
  8
LABELS
 62
250
100
AcDbText
 10
330.7760155555555
 20
652.8731333333333
 30
0.0
 40
16.93333333333333
  1
6
 11
330.7760155555555
 21
652.8731333333333
 31
0.0
100
AcDbText
  0
TEXT
  5
160
330
17
100
AcDbEntity
  8
LABELS
 62
250
100
AcDbText
 10
306.77611999999993
 20
652.8731333333333
 30
0.0
 40
16.93333333333333
  1
7
 11
306.77611999999993
 21
652.8731333333333
 31
0.0
100
AcDbText
  0
TEXT
  5
161
330
17
100
AcDbEntity
  8
LABELS
 62
250
100
AcDbText
 10
282.7762244444444
 20
652.8731333333333
 30
0.0
 40
16.93333333333333
  1
8
 11
282.7762244444444
 21
652.8731333333333
 31
0.0
100
AcDbText
  0
TEXT
  5
162
330
17
100
AcDbEntity
  8
LABELS
 62
250
100
AcDbText
 10
258.7763288888889
 20
652.8731333333333
 30
0.0
 40
16.93333333333333
  1
9
 11
258.7763288888889
 21
652.8731333333333
 31
0.0
100
AcDbText
  0
TEXT
  5
163
330
17
100
AcDbEntity
  8
LABELS
 62
250
100
AcDbText
 10
330.7760155555555
 20
346.4284833333333
 30
0.0
 40
16.93333333333333
  1
6
 11
330.7760155555555
 21
346.4284833333333
 31
0.0
100
AcDbText
  0
TEXT
  5
164
330
17
100
AcDbEntity
  8
LABELS
 62
250
100
AcDbText
 10
306.77611999999993
 20
346.4284833333333
 30
0.0
 40
16.93333333333333
  1
7
 11
306.77611999999993
 21
346.4284833333333
 31
0.0
100
AcDbText
  0
TEXT
  5
165
330
17
100
AcDbEntity
  8
LABELS
 62
250
100
AcDbText
 10
282.7762244444444
 20
346.4284833333333
 30
0.0
 40
16.93333333333333
  1
8
 11
282.7762244444444
 21
346.4284833333333
 31
0.0
100
AcDbText
  0
TEXT
  5
166
330
17
100
AcDbEntity
  8
LABELS
 62
250
100
AcDbText
 10
258.7763288888889
 20
346.4284833333333
 30
0.0
 40
16.93333333333333
  1
9
 11
258.7763288888889
 21
346.4284833333333
 31
0.0
100
AcDbText
  0
TEXT
  5
167
330
17
100
AcDbEntity
  8
LABELS
 62
250
100
AcDbText
 10
1242.7768444444444
 20
346.4284833333333
 30
0.0
 40
16.93333333333333
  1
6
 11
1242.7768444444444
 21
346.4284833333333
 31
0.0
100
AcDbText
  0
TEXT
  5
168
330
17
100
AcDbEntity
  8
LABELS
 62
250
100
AcDbText
 10
1266.7767399999998
 20
346.4284833333333
 30
0.0
 40
16.93333333333333
  1
7
 11
1266.7767399999998
 21
346.4284833333333
 31
0.0
100
AcDbText
  0
TEXT
  5
169
330
17
100
AcDbEntity
  8
LABELS
 62
250
100
AcDbText
 10
1290.7766355555555
 20
346.4284833333333
 30
0.0
 40
16.93333333333333
  1
8
 11
1290.7766355555555
 21
346.4284833333333
 31
0.0
100
AcDbText
  0
TEXT
  5
16A
330
17
100
AcDbEntity
  8
LABELS
 62
250
100
AcDbText
 10
1314.776531111111
 20
346.4284833333333
 30
0.0
 40
16.93333333333333
  1
9
 11
1314.776531111111
 21
346.4284833333333
 31
0.0
100
AcDbText
  0
TEXT
  5
16B
330
17
100
AcDbEntity
  8
LABELS
 62
250
100
AcDbText
 10
1242.7768444444444
 20
651.2291888888888
 30
0.0
 40
16.93333333333333
  1
6
 11
1242.7768444444444
 21
651.2291888888888
 31
0.0
100
AcDbText
  0
TEXT
  5
16C
330
17
100
AcDbEntity
  8
LABELS
 62
250
100
AcDbText
 10
1266.7767399999998
 20
651.2291888888888
 30
0.0
 40
16.93333333333333
  1
7
 11
1266.7767399999998
 21
651.2291888888888
 31
0.0
100
AcDbText
  0
TEXT
  5
16D
330
17
100
AcDbEntity
  8
LABELS
 62
250
100
AcDbText
 10
1290.7766355555555
 20
651.2291888888888
 30
0.0
 40
16.93333333333333
  1
8
 11
1290.7766355555555
 21
651.2291888888888
 31
0.0
100
AcDbText
  0
TEXT
  5
16E
330
17
100
AcDbEntity
  8
LABELS
 62
250
100
AcDbText
 10
1314.776531111111
 20
651.2291888888888
 30
0.0
 40
16.93333333333333
  1
9
 11
1314.776531111111
 21
651.2291888888888
 31
0.0
100
AcDbText
  0
HATCH
  5
16F
330
17
100
AcDbEntity
  8
PERIPHERY
 62
7
420
0
100
AcDbHatch
 10
0.0
 20
0.0
 30
0.0
210
0.0
220
0.0
230
1.0
  2
SOLID
 70
1
 71
0
 91
1
 92
3
 72
0
 73
1
 93
5
 10
563.1208222222222
 20
284.25139999999993
 10
571.120411111111
 20
284.25139999999993
 10
571.120411111111
 20
244.24922222222224
 10
563.1208222222222
 20
244.24922222222224
 10
563.1208222222222
 20
284.25139999999993
 97
0
 75
1
 76
1
 98
0
  0
HATCH
  5
170
330
17
100
AcDbEntity
  8
PERIPHERY
 62
7
420
0
100
AcDbHatch
 10
0.0
 20
0.0
 30
0.0
210
0.0
220
0.0
230
1.0
  2
SOLID
 70
1
 71
0
 91
1
 92
3
 72
0
 73
1
 93
5
 10
619.1207666666667
 20
284.25139999999993
 10
627.1203555555555
 20
284.25139999999993
 10
627.1203555555555
 20
244.24922222222224
 10
619.1207666666667
 20
244.24922222222224
 10
619.1207666666667
 20
284.25139999999993
 97
0
 75
1
 76
1
 98
0
  0
HATCH
  5
171
330
17
100
AcDbEntity
  8
PERIPHERY
 62
7
420
0
100
AcDbHatch
 10
0.0
 20
0.0
 30
0.0
210
0.0
220
0.0
230
1.0
  2
SOLID
 70
1
 71
0
 91
1
 92
3
 72
0
 73
1
 93
5
 10
675.1207111111111
 20
284.25139999999993
 10
683.1188888888888
 20
284.25139999999993
 10
683.1188888888888
 20
244.24922222222224
 10
675.1207111111111
 20
244.24922222222224
 10
675.1207111111111
 20
284.25139999999993
 97
0
 75
1
 76
1
 98
0
  0
HATCH
  5
172
330
17
100
AcDbEntity
  8
PERIPHERY
 62
7
420
0
100
AcDbHatch
 10
0.0
 20
0.0
 30
0.0
210
0.0
220
0.0
230
1.0
  2
SOLID
 70
1
 71
0
 91
1
 92
3
 72
0
 73
1
 93
5
 10
731.1206555555555
 20
284.25139999999993
 10
739.1202444444443
 20
284.25139999999993
 10
739.1202444444443
 20
244.24922222222224
 10
731.1206555555555
 20
244.24922222222224
 10
731.1206555555555
 20
284.25139999999993
 97
0
 75
1
 76
1
 98
0
  0
HATCH
  5
173
330
17
100
AcDbEntity
  8
PERIPHERY
 62
7
420
0
100
AcDbHatch
 10
0.0
 20
0.0
 30
0.0
210
0.0
220
0.0
230
1.0
  2
SOLID
 70
1
 71
0
 91
1
 92
3
 72
0
 73
1
 93
5
 10
787.1206
 20
284.25139999999993
 10
795.1216
 20
284.25139999999993
 10
795.1216
 20
244.24922222222224
 10
787.1206
 20
244.24922222222224
 10
787.1206
 20
284.25139999999993
 97
0
 75
1
 76
1
 98
0
  0
HATCH
  5
174
330
17
100
AcDbEntity
  8
PERIPHERY
 62
7
420
0
100
AcDbHatch
 10
0.0
 20
0.0
 30
0.0
210
0.0
220
0.0
230
1.0
  2
SOLID
 70
1
 71
0
 91
1
 92
3
 72
0
 73
1
 93
5
 10
843.1205444444444
 20
284.25139999999993
 10
851.1187222222221
 20
284.25139999999993
 10
851.1187222222221
 20
244.24922222222224
 10
843.1205444444444
 20
244.24922222222224
 10
843.1205444444444
 20
284.25139999999993
 97
0
 75
1
 76
1
 98
0
  0
HATCH
  5
175
330
17
100
AcDbEntity
  8
PERIPHERY
 62
7
420
0
100
AcDbHatch
 10
0.0
 20
0.0
 30
0.0
210
0.0
220
0.0
230
1.0
  2
SOLID
 70
1
 71
0
 91
1
 92
3
 72
0
 73
1
 93
5
 10
899.1190777777778
 20
284.25139999999993
 10
907.1200777777777
 20
284.25139999999993
 10
907.1200777777777
 20
244.24922222222224
 10
899.1190777777778
 20
244.24922222222224
 10
899.1190777777778
 20
284.25139999999993
 97
0
 75
1
 76
1
 98
0
  0
HATCH
  5
176
330
17
100
AcDbEntity
  8
PERIPHERY
 62
7
420
0
100
AcDbHatch
 10
0.0
 20
0.0
 30
0.0
210
0.0
220
0.0
230
1.0
  2
SOLID
 70
1
 71
0
 91
1
 92
3
 72
0
 73
1
 93
5
 10
955.1190222222222
 20
284.25139999999993
 10
963.120022222222
 20
284.25139999999993
 10
963.120022222222
 20
244.24922222222224
 10
955.1190222222222
 20
244.24922222222224
 10
955.1190222222222
 20
284.25139999999993
 97
0
 75
1
 76
1
 98
0
  0
HATCH
  5
177
330
17
100
AcDbEntity
  8
PERIPHERY
 62
7
420
0
100
AcDbHatch
 10
0.0
 20
0.0
 30
0.0
210
0.0
220
0.0
230
1.0
  2
SOLID
 70
1
 71
0
 91
1
 92
3
 72
0
 73
1
 93
5
 10
1011.1189666666667
 20
284.25139999999993
 10
1019.1199666666666
 20
284.25139999999993
 10
1019.1199666666666
 20
244.24922222222224
 10
1011.1189666666667
 20
244.24922222222224
 10
1011.1189666666667
 20
284.25139999999993
 97
0
 75
1
 76
1
 98
0
  0
HATCH
  5
178
330
17
100
AcDbEntity
  8
PERIPHERY
 62
7
420
0
100
AcDbHatch
 10
0.0
 20
0.0
 30
0.0
210
0.0
220
0.0
230
1.0
  2
SOLID
 70
1
 71
0
 91
1
 92
3
 72
0
 73
1
 93
5
 10
515.1190555555555
 20
284.25139999999993
 10
523.1186444444444
 20
284.25139999999993
 10
519.1195555555555
 20
244.24922222222224
 10
515.1190555555555
 20
244.24922222222224
 10
515.1190555555555
 20
284.25139999999993
 97
0
 75
1
 76
1
 98
0
  0
HATCH
  5
179
330
17
100
AcDbEntity
  8
PERIPHERY
 62
7
420
0
100
AcDbHatch
 10
0.0
 20
0.0
 30
0.0
210
0.0
220
0.0
230
1.0
  2
SOLID
 70
1
 71
0
 91
1
 92
3
 72
0
 73
1
 93
5
 10
531.1196444444444
 20
284.25139999999993
 10
539.1192333333332
 20
284.25139999999993
 10
535.1187333333334
 20
244.24922222222224
 10
527.1191444444445
 20
244.24922222222224
 10
531.1196444444444
 20
284.25139999999993
 97
0
 75
1
 76
1
 98
0
  0
HATCH
  5
17A
330
17
100
AcDbEntity
  8
PERIPHERY
 62
7
420
0
100
AcDbHatch
 10
0.0
 20
0.0
 30
0.0
210
0.0
220
0.0
230
1.0
  2
SOLID
 70
1
 71
0
 91
1
 92
3
 72
0
 73
1
 93
5
 10
547.1202333333333
 20
284.25139999999993
 10
555.1198222222222
 20
284.25139999999993
 10
551.1207333333333
 20
244.24922222222224
 10
543.1211444444444
 20
244.24922222222224
 10
547.1202333333333
 20
284.25139999999993
 97
0
 75
1
 76
1
 98
0
  0
HATCH
  5
17B
330
17
100
AcDbEntity
  8
PERIPHERY
 62
7
420
0
100
AcDbHatch
 10
0.0
 20
0.0
 30
0.0
210
0.0
220
0.0
230
1.0
  2
SOLID
 70
1
 71
0
 91
1
 92
3
 72
0
 73
1
 93
4
 10
563.1208222222222
 20
284.25139999999993
 10
563.1208222222222
 20
244.24922222222224
 10
559.1203222222222
 20
244.24922222222224
 10
563.1208222222222
 20
284.25139999999993
 97
0
 75
1
 76
1
 98
0
  0
HATCH
  5
17C
330
17
100
AcDbEntity
  8
PERIPHERY
 62
7
420
0
100
AcDbHatch
 10
0.0
 20
0.0
 30
0.0
210
0.0
220
0.0
230
1.0
  2
SOLID
 70
1
 71
0
 91
1
 92
3
 72
0
 73
1
 93
5
 10
571.120411111111
 20
284.25139999999993
 10
573.787411111111
 20
284.25139999999993
 10
569.7869111111111
 20
244.24922222222224
 10
567.119911111111
 20
244.24922222222224
 10
571.120411111111
 20
284.25139999999993
 97
0
 75
1
 76
1
 98
0
  0
HATCH
  5
17D
330
17
100
AcDbEntity
  8
PERIPHERY
 62
7
420
0
100
AcDbHatch
 10
0.0
 20
0.0
 30
0.0
210
0.0
220
0.0
230
1.0
  2
SOLID
 70
1
 71
0
 91
1
 92
3
 72
0
 73
1
 93
5
 10
576.453
 20
284.25139999999993
 10
579.1199999999999
 20
284.25139999999993
 10
575.1194999999999
 20
244.24922222222224
 10
572.4525
 20
244.24922222222224
 10
576.453
 20
284.25139999999993
 97
0
 75
1
 76
1
 98
0
  0
HATCH
  5
17E
330
17
100
AcDbEntity
  8
PERIPHERY
 62
7
420
0
100
AcDbHatch
 10
0.0
 20
0.0
 30
0.0
210
0.0
220
0.0
230
1.0
  2
SOLID
 70
1
 71
0
 91
1
 92
3
 72
0
 73
1
 93
5
 10
581.7869999999999
 20
284.25139999999993
 10
584.454
 20
284.25139999999993
 10
580.4535
 20
244.24922222222224
 10
577.7865
 20
244.24922222222224
 10
581.7869999999999
 20
284.25139999999993
 97
0
 75
1
 76
1
 98
0
  0
HATCH
  5
17F
330
17
100
AcDbEntity
  8
PERIPHERY
 62
7
420
0
100
AcDbHatch
 10
0.0
 20
0.0
 30
0.0
210
0.0
220
0.0
230
1.0
  2
SOLID
 70
1
 71
0
 91
1
 92
3
 72
0
 73
1
 93
5
 10
587.121
 20
284.25139999999993
 10
589.7879999999999
 20
284.25139999999993
 10
585.788911111111
 20
244.24922222222224
 10
583.121911111111
 20
244.24922222222224
 10
587.121
 20
284.25139999999993
 97
0
 75
1
 76
1
 98
0
  0
HATCH
  5
180
330
17
100
AcDbEntity
  8
PERIPHERY
 62
7
420
0
100
AcDbHatch
 10
0.0
 20
0.0
 30
0.0
210
0.0
220
0.0
230
1.0
  2
SOLID
 70
1
 71
0
 91
1
 92
3
 72
0
 73
1
 93
5
 10
592.4549999999999
 20
284.25139999999993
 10
595.122
 20
284.25139999999993
 10
591.1229111111111
 20
244.24922222222224
 10
588.455911111111
 20
244.24922222222224
 10
592.4549999999999
 20
284.25139999999993
 97
0
 75
1
 76
1
 98
0
  0
HATCH
  5
181
330
17
100
AcDbEntity
  8
PERIPHERY
 62
7
420
0
100
AcDbHatch
 10
0.0
 20
0.0
 30
0.0
210
0.0
220
0.0
230
1.0
  2
SOLID
 70
1
 71
0
 91
1
 92
3
 72
0
 73
1
 93
5
 10
597.7875888888889
 20
284.25139999999993
 10
600.4545888888888
 20
284.25139999999993
 10
596.4554999999999
 20
244.24922222222224
 10
593.7885
 20
244.24922222222224
 10
597.7875888888889
 20
284.25139999999993
 97
0
 75
1
 76
1
 98
0
  0
HATCH
  5
182
330
17
100
AcDbEntity
  8
PERIPHERY
 62
7
420
0
100
AcDbHatch
 10
0.0
 20
0.0
 30
0.0
210
0.0
220
0.0
230
1.0
  2
SOLID
 70
1
 71
0
 91
1
 92
3
 72
0
 73
1
 93
5
 10
603.1215888888888
 20
284.25139999999993
 10
605.7885888888889
 20
284.25139999999993
 10
601.7894999999999
 20
244.24922222222224
 10
599.1225
 20
244.24922222222224
 10
603.1215888888888
 20
284.25139999999993
 97
0
 75
1
 76
1
 98
0
  0
HATCH
  5
183
330
17
100
AcDbEntity
  8
PERIPHERY
 62
7
420
0
100
AcDbHatch
 10
0.0
 20
0.0
 30
0.0
210
0.0
220
0.0
230
1.0
  2
SOLID
 70
1
 71
0
 91
1
 92
3
 72
0
 73
1
 93
5
 10
608.4555888888889
 20
284.25139999999993
 10
611.1225888888888
 20
284.25139999999993
 10
607.1220888888889
 20
244.24922222222224
 10
604.4550888888889
 20
244.24922222222224
 10
608.4555888888889
 20
284.25139999999993
 97
0
 75
1
 76
1
 98
0
  0
HATCH
  5
184
330
17
100
AcDbEntity
  8
PERIPHERY
 62
7
420
0
100
AcDbHatch
 10
0.0
 20
0.0
 30
0.0
210
0.0
220
0.0
230
1.0
  2
SOLID
 70
1
 71
0
 91
1
 92
3
 72
0
 73
1
 93
5
 10
613.7881777777777
 20
284.25139999999993
 10
616.4551777777777
 20
284.25139999999993
 10
612.4546777777778
 20
244.24922222222224
 10
609.7876777777777
 20
244.24922222222224
 10
613.7881777777777
 20
284.25139999999993
 97
0
 75
1
 76
1
 98
0
  0
HATCH
  5
185
330
17
100
AcDbEntity
  8
PERIPHERY
 62
7
420
0
100
AcDbHatch
 10
0.0
 20
0.0
 30
0.0
210
0.0
220
0.0
230
1.0
  2
SOLID
 70
1
 71
0
 91
1
 92
3
 72
0
 73
1
 93
5
 10
619.1221777777777
 20
284.25139999999993
 10
621.7891777777777
 20
284.25139999999993
 10
617.7886777777777
 20
244.24922222222224
 10
615.1216777777778
 20
244.24922222222224
 10
619.1221777777777
 20
284.25139999999993
 97
0
 75
1
 76
1
 98
0
  0
HATCH
  5
186
330
17
100
AcDbEntity
  8
PERIPHERY
 62
7
420
0
100
AcDbHatch
 10
0.0
 20
0.0
 30
0.0
210
0.0
220
0.0
230
1.0
  2
SOLID
 70
1
 71
0
 91
1
 92
3
 72
0
 73
1
 93
5
 10
627.1203555555555
 20
284.25139999999993
 10
628.7205555555555
 20
284.25139999999993
 10
624.7214666666666
 20
244.24922222222224
 10
623.1212666666667
 20
244.24922222222224
 10
627.1203555555555
 20
284.25139999999993
 97
0
 75
1
 76
1
 98
0
  0
HATCH
  5
187
330
17
100
AcDbEntity
  8
PERIPHERY
 62
7
420
0
100
AcDbHatch
 10
0.0
 20
0.0
 30
0.0
210
0.0
220
0.0
230
1.0
  2
SOLID
 70
1
 71
0
 91
1
 92
3
 72
0
 73
1
 93
5
 10
630.3207555555555
 20
284.25139999999993
 10
631.9209555555556
 20
284.25139999999993
 10
627.9218666666667
 20
244.24922222222224
 10
626.3216666666666
 20
244.24922222222224
 10
630.3207555555555
 20
284.25139999999993
 97
0
 75
1
 76
1
 98
0
  0
HATCH
  5
188
330
17
100
AcDbEntity
  8
PERIPHERY
 62
7
420
0
100
AcDbHatch
 10
0.0
 20
0.0
 30
0.0
210
0.0
220
0.0
230
1.0
  2
SOLID
 70
1
 71
0
 91
1
 92
3
 72
0
 73
1
 93
5
 10
633.5211555555555
 20
284.25139999999993
 10
635.1199444444444
 20
284.25139999999993
 10
631.1208555555554
 20
244.24922222222224
 10
629.5206555555554
 20
244.24922222222224
 10
633.5211555555555
 20
284.25139999999993
 97
0
 75
1
 76
1
 98
0
  0
HATCH
  5
189
330
17
100
AcDbEntity
  8
PERIPHERY
 62
7
420
0
100
AcDbHatch
 10
0.0
 20
0.0
 30
0.0
210
0.0
220
0.0
230
1.0
  2
SOLID
 70
1
 71
0
 91
1
 92
3
 72
0
 73
1
 93
5
 10
636.7201444444444
 20
284.25139999999993
 10
638.3189333333332
 20
284.25139999999993
 10
634.3198444444444
 20
244.24922222222224
 10
632.7196444444443
 20
244.24922222222224
 10
636.7201444444444
 20
284.25139999999993
 97
0
 75
1
 76
1
 98
0
  0
HATCH
  5
18A
330
17
100
AcDbEntity
  8
PERIPHERY
 62
7
420
0
100
AcDbHatch
 10
0.0
 20
0.0
 30
0.0
210
0.0
220
0.0
230
1.0
  2
SOLID
 70
1
 71
0
 91
1
 92
3
 72
0
 73
1
 93
5
 10
639.9205444444444
 20
284.25139999999993
 10
641.5207444444444
 20
284.25139999999993
 10
637.5202444444444
 20
244.24922222222224
 10
635.9200444444444
 20
244.24922222222224
 10
639.9205444444444
 20
284.25139999999993
 97
0
 75
1
 76
1
 98
0
  0
HATCH
  5
18B
330
17
100
AcDbEntity
  8
PERIPHERY
 62
7
420
0
100
AcDbHatch
 10
0.0
 20
0.0
 30
0.0
210
0.0
220
0.0
230
1.0
  2
SOLID
 70
1
 71
0
 91
1
 92
3
 72
0
 73
1
 93
5
 10
643.1195333333333
 20
284.25139999999993
 10
644.7197333333334
 20
284.25139999999993
 10
640.7192333333334
 20
244.24922222222224
 10
639.1204444444445
 20
244.24922222222224
 10
643.1195333333333
 20
284.25139999999993
 97
0
 75
1
 76
1
 98
0
  0
HATCH
  5
18C
330
17
100
AcDbEntity
  8
PERIPHERY
 62
7
420
0
100
AcDbHatch
 10
0.0
 20
0.0
 30
0.0
210
0.0
220
0.0
230
1.0
  2
SOLID
 70
1
 71
0
 91
1
 92
3
 72
0
 73
1
 93
5
 10
646.3199333333332
 20
284.25139999999993
 10
647.9201333333333
 20
284.25139999999993
 10
643.9196333333333
 20
244.24922222222224
 10
642.3208444444444
 20
244.24922222222224
 10
646.3199333333332
 20
284.25139999999993
 97
0
 75
1
 76
1
 98
0
  0
HATCH
  5
18D
330
17
100
AcDbEntity
  8
PERIPHERY
 62
7
420
0
100
AcDbHatch
 10
0.0
 20
0.0
 30
0.0
210
0.0
220
0.0
230
1.0
  2
SOLID
 70
1
 71
0
 91
1
 92
3
 72
0
 73
1
 93
5
 10
649.5203333333333
 20
284.25139999999993
 10
651.1219444444444
 20
284.25139999999993
 10
647.1200333333333
 20
244.24922222222224
 10
645.5212444444444
 20
244.24922222222224
 10
649.5203333333333
 20
284.25139999999993
 97
0
 75
1
 76
1
 98
0
  0
HATCH
  5
18E
330
17
100
AcDbEntity
  8
PERIPHERY
 62
7
420
0
100
AcDbHatch
 10
0.0
 20
0.0
 30
0.0
210
0.0
220
0.0
230
1.0
  2
SOLID
 70
1
 71
0
 91
1
 92
3
 72
0
 73
1
 93
5
 10
652.7193222222222
 20
284.25139999999993
 10
654.3209333333333
 20
284.25139999999993
 10
650.3190222222222
 20
244.24922222222224
 10
648.7202333333333
 20
244.24922222222224
 10
652.7193222222222
 20
284.25139999999993
 97
0
 75
1
 76
1
 98
0
  0
HATCH
  5
18F
330
17
100
AcDbEntity
  8
PERIPHERY
 62
7
420
0
100
AcDbHatch
 10
0.0
 20
0.0
 30
0.0
210
0.0
220
0.0
230
1.0
  2
SOLID
 70
1
 71
0
 91
1
 92
3
 72
0
 73
1
 93
5
 10
655.9197222222222
 20
284.25139999999993
 10
657.5213333333332
 20
284.25139999999993
 10
653.5208333333333
 20
244.24922222222224
 10
651.9206333333333
 20
244.24922222222224
 10
655.9197222222222
 20
284.25139999999993
 97
0
 75
1
 76
1
 98
0
  0
HATCH
  5
190
330
17
100
AcDbEntity
  8
PERIPHERY
 62
7
420
0
100
AcDbHatch
 10
0.0
 20
0.0
 30
0.0
210
0.0
220
0.0
230
1.0
  2
SOLID
 70
1
 71
0
 91
1
 92
3
 72
0
 73
1
 93
5
 10
659.118711111111
 20
284.25139999999993
 10
660.7203222222221
 20
284.25139999999993
 10
656.7198222222222
 20
244.24922222222224
 10
655.1196222222221
 20
244.24922222222224
 10
659.118711111111
 20
284.25139999999993
 97
0
 75
1
 76
1
 98
0
  0
HATCH
  5
191
330
17
100
AcDbEntity
  8
PERIPHERY
 62
7
420
0
100
AcDbHatch
 10
0.0
 20
0.0
 30
0.0
210
0.0
220
0.0
230
1.0
  2
SOLID
 70
1
 71
0
 91
1
 92
3
 72
0
 73
1
 93
5
 10
662.3205222222222
 20
284.25139999999993
 10
663.9207222222221
 20
284.25139999999993
 10
659.9202222222222
 20
244.24922222222224
 10
658.3200222222222
 20
244.24922222222224
 10
662.3205222222222
 20
284.25139999999993
 97
0
 75
1
 76
1
 98
0
  0
HATCH
  5
192
330
17
100
AcDbEntity
  8
PERIPHERY
 62
7
420
0
100
AcDbHatch
 10
0.0
 20
0.0
 30
0.0
210
0.0
220
0.0
230
1.0
  2
SOLID
 70
1
 71
0
 91
1
 92
3
 72
0
 73
1
 93
5
 10
665.519511111111
 20
284.25139999999993
 10
667.1197111111111
 20
284.25139999999993
 10
663.1192111111111
 20
244.24922222222224
 10
661.519011111111
 20
244.24922222222224
 10
665.519511111111
 20
284.25139999999993
 97
0
 75
1
 76
1
 98
0
  0
HATCH
  5
193
330
17
100
AcDbEntity
  8
PERIPHERY
 62
7
420
0
100
AcDbHatch
 10
0.0
 20
0.0
 30
0.0
210
0.0
220
0.0
230
1.0
  2
SOLID
 70
1
 71
0
 91
1
 92
3
 72
0
 73
1
 93
5
 10
668.7199111111111
 20
284.25139999999993
 10
670.3201111111111
 20
284.25139999999993
 10
666.3210222222222
 20
244.24922222222224
 10
664.7194111111111
 20
244.24922222222224
 10
668.7199111111111
 20
284.25139999999993
 97
0
 75
1
 76
1
 98
0
  0
HATCH
  5
194
330
17
100
AcDbEntity
  8
PERIPHERY
 62
7
420
0
100
AcDbHatch
 10
0.0
 20
0.0
 30
0.0
210
0.0
220
0.0
230
1.0
  2
SOLID
 70
1
 71
0
 91
1
 92
3
 72
0
 73
1
 93
5
 10
671.920311111111
 20
284.25139999999993
 10
673.5205111111111
 20
284.25139999999993
 10
669.5214222222222
 20
244.24922222222224
 10
667.919811111111
 20
244.24922222222224
 10
671.920311111111
 20
284.25139999999993
 97
0
 75
1
 76
1
 98
0
  0
HATCH
  5
195
330
17
100
AcDbEntity
  8
PERIPHERY
 62
7
420
0
100
AcDbHatch
 10
0.0
 20
0.0
 30
0.0
210
0.0
220
0.0
230
1.0
  2
SOLID
 70
1
 71
0
 91
1
 92
3
 72
0
 73
1
 93
5
 10
675.1207111111111
 20
284.25139999999993
 10
676.7194999999999
 20
284.25139999999993
 10
672.720411111111
 20
244.24922222222224
 10
671.1188
 20
244.24922222222224
 10
675.1207111111111
 20
284.25139999999993
 97
0
 75
1
 76
1
 98
0
  0
HATCH
  5
196
330
17
100
AcDbEntity
  8
PERIPHERY
 62
7
420
0
100
AcDbHatch
 10
0.0
 20
0.0
 30
0.0
210
0.0
220
0.0
230
1.0
  2
SOLID
 70
1
 71
0
 91
1
 92
3
 72
0
 73
1
 93
5
 10
678.321111111111
 20
284.25139999999993
 10
679.9198999999999
 20
284.25139999999993
 10
675.920811111111
 20
244.24922222222224
 10
674.320611111111
 20
244.24922222222224
 10
678.321111111111
 20
284.25139999999993
 97
0
 75
1
 76
1
 98
0
  0
HATCH
  5
197
330
17
100
AcDbEntity
  8
PERIPHERY
 62
7
420
0
100
AcDbHatch
 10
0.0
 20
0.0
 30
0.0
210
0.0
220
0.0
230
1.0
  2
SOLID
 70
1
 71
0
 91
1
 92
3
 72
0
 73
1
 93
5
 10
683.1188888888888
 20
284.25139999999993
 10
684.2633
 20
284.25139999999993
 10
680.2642111111111
 20
244.24922222222224
 10
679.1197999999999
 20
244.24922222222224
 10
683.1188888888888
 20
284.25139999999993
 97
0
 75
1
 76
1
 98
0
  0
HATCH
  5
198
330
17
100
AcDbEntity
  8
PERIPHERY
 62
7
420
0
100
AcDbHatch
 10
0.0
 20
0.0
 30
0.0
210
0.0
220
0.0
230
1.0
  2
SOLID
 70
1
 71
0
 91
1
 92
3
 72
0
 73
1
 93
5
 10
685.4048888888889
 20
284.25139999999993
 10
686.5478888888889
 20
284.25139999999993
 10
682.5488
 20
244.24922222222224
 10
681.4043888888889
 20
244.24922222222224
 10
685.4048888888889
 20
284.25139999999993
 97
0
 75
1
 76
1
 98
0
  0
HATCH
  5
199
330
17
100
AcDbEntity
  8
PERIPHERY
 62
7
420
0
100
AcDbHatch
 10
0.0
 20
0.0
 30
0.0
210
0.0
220
0.0
230
1.0
  2
SOLID
 70
1
 71
0
 91
1
 92
3
 72
0
 73
1
 93
5
 10
687.6908888888888
 20
284.25139999999993
 10
688.8338888888889
 20
284.25139999999993
 10
684.8333888888889
 20
244.24922222222224
 10
683.6903888888888
 20
244.24922222222224
 10
687.6908888888888
 20
284.25139999999993
 97
0
 75
1
 76
1
 98
0
  0
HATCH
  5
19A
330
17
100
AcDbEntity
  8
PERIPHERY
 62
7
420
0
100
AcDbHatch
 10
0.0
 20
0.0
 30
0.0
210
0.0
220
0.0
230
1.0
  2
SOLID
 70
1
 71
0
 91
1
 92
3
 72
0
 73
1
 93
5
 10
689.9754777777778
 20
284.25139999999993
 10
691.1198888888888
 20
284.25139999999993
 10
687.1193888888888
 20
244.24922222222224
 10
685.9763888888888
 20
244.24922222222224
 10
689.9754777777778
 20
284.25139999999993
 97
0
 75
1
 76
1
 98
0
  0
HATCH
  5
19B
330
17
100
AcDbEntity
  8
PERIPHERY
 62
7
420
0
100
AcDbHatch
 10
0.0
 20
0.0
 30
0.0
210
0.0
220
0.0
230
1.0
  2
SOLID
 70
1
 71
0
 91
1
 92
3
 72
0
 73
1
 93
5
 10
692.2628888888888
 20
284.25139999999993
 10
693.4058888888889
 20
284.25139999999993
 10
689.4067999999999
 20
244.24922222222224
 10
688.2623888888888
 20
244.24922222222224
 10
692.2628888888888
 20
284.25139999999993
 97
0
 75
1
 76
1
 98
0
  0
HATCH
  5
19C
330
17
100
AcDbEntity
  8
PERIPHERY
 62
7
420
0
100
AcDbHatch
 10
0.0
 20
0.0
 30
0.0
210
0.0
220
0.0
230
1.0
  2
SOLID
 70
1
 71
0
 91
1
 92
3
 72
0
 73
1
 93
5
 10
694.5488888888888
 20
284.25139999999993
 10
695.6918888888888
 20
284.25139999999993
 10
691.6913888888888
 20
244.24922222222224
 10
690.5483888888889
 20
244.24922222222224
 10
694.5488888888888
 20
284.25139999999993
 97
0
 75
1
 76
1
 98
0
  0
HATCH
  5
19D
330
17
100
AcDbEntity
  8
PERIPHERY
 62
7
420
0
100
AcDbHatch
 10
0.0
 20
0.0
 30
0.0
210
0.0
220
0.0
230
1.0
  2
SOLID
 70
1
 71
0
 91
1
 92
3
 72
0
 73
1
 93
5
 10
696.8334777777777
 20
284.25139999999993
 10
697.9778888888889
 20
284.25139999999993
 10
693.9773888888889
 20
244.24922222222224
 10
692.8343888888888
 20
244.24922222222224
 10
696.8334777777777
 20
284.25139999999993
 97
0
 75
1
 76
1
 98
0
  0
HATCH
  5
19E
330
17
100
AcDbEntity
  8
PERIPHERY
 62
7
420
0
100
AcDbHatch
 10
0.0
 20
0.0
 30
0.0
210
0.0
220
0.0
230
1.0
  2
SOLID
 70
1
 71
0
 91
1
 92
3
 72
0
 73
1
 93
5
 10
699.1194777777778
 20
284.25139999999993
 10
700.2624777777778
 20
284.25139999999993
 10
696.2633888888888
 20
244.24922222222224
 10
695.1189777777778
 20
244.24922222222224
 10
699.1194777777778
 20
284.25139999999993
 97
0
 75
1
 76
1
 98
0
  0
HATCH
  5
19F
330
17
100
AcDbEntity
  8
PERIPHERY
 62
7
420
0
100
AcDbHatch
 10
0.0
 20
0.0
 30
0.0
210
0.0
220
0.0
230
1.0
  2
SOLID
 70
1
 71
0
 91
1
 92
3
 72
0
 73
1
 93
5
 10
701.4054777777777
 20
284.25139999999993
 10
702.5470666666666
 20
284.25139999999993
 10
698.5479777777778
 20
244.24922222222224
 10
697.4049777777777
 20
244.24922222222224
 10
701.4054777777777
 20
284.25139999999993
 97
0
 75
1
 76
1
 98
0
  0
HATCH
  5
1A0
330
17
100
AcDbEntity
  8
PERIPHERY
 62
7
420
0
100
AcDbHatch
 10
0.0
 20
0.0
 30
0.0
210
0.0
220
0.0
230
1.0
  2
SOLID
 70
1
 71
0
 91
1
 92
3
 72
0
 73
1
 93
5
 10
703.6900666666666
 20
284.25139999999993
 10
704.8344777777777
 20
284.25139999999993
 10
700.8325666666666
 20
244.24922222222224
 10
699.6909777777777
 20
244.24922222222224
 10
703.6900666666666
 20
284.25139999999993
 97
0
 75
1
 76
1
 98
0
  0
HATCH
  5
1A1
330
17
100
AcDbEntity
  8
PERIPHERY
 62
7
420
0
100
AcDbHatch
 10
0.0
 20
0.0
 30
0.0
210
0.0
220
0.0
230
1.0
  2
SOLID
 70
1
 71
0
 91
1
 92
3
 72
0
 73
1
 93
5
 10
705.9746555555555
 20
284.25139999999993
 10
707.1190666666666
 20
284.25139999999993
 10
703.1185666666667
 20
244.24922222222224
 10
701.9755666666666
 20
244.24922222222224
 10
705.9746555555555
 20
284.25139999999993
 97
0
 75
1
 76
1
 98
0
  0
HATCH
  5
1A2
330
17
100
AcDbEntity
  8
PERIPHERY
 62
7
420
0
100
AcDbHatch
 10
0.0
 20
0.0
 30
0.0
210
0.0
220
0.0
230
1.0
  2
SOLID
 70
1
 71
0
 91
1
 92
3
 72
0
 73
1
 93
5
 10
708.2606555555554
 20
284.25139999999993
 10
709.4036555555555
 20
284.25139999999993
 10
705.4045666666666
 20
244.24922222222224
 10
704.2601555555555
 20
244.24922222222224
 10
708.2606555555554
 20
284.25139999999993
 97
0
 75
1
 76
1
 98
0
  0
HATCH
  5
1A3
330
17
100
AcDbEntity
  8
PERIPHERY
 62
7
420
0
100
AcDbHatch
 10
0.0
 20
0.0
 30
0.0
210
0.0
220
0.0
230
1.0
  2
SOLID
 70
1
 71
0
 91
1
 92
3
 72
0
 73
1
 93
5
 10
710.5480666666666
 20
284.25139999999993
 10
711.6910666666666
 20
284.25139999999993
 10
707.6905666666667
 20
244.24922222222224
 10
706.5475666666666
 20
244.24922222222224
 10
710.5480666666666
 20
284.25139999999993
 97
0
 75
1
 76
1
 98
0
  0
HATCH
  5
1A4
330
17
100
AcDbEntity
  8
PERIPHERY
 62
7
420
0
100
AcDbHatch
 10
0.0
 20
0.0
 30
0.0
210
0.0
220
0.0
230
1.0
  2
SOLID
 70
1
 71
0
 91
1
 92
3
 72
0
 73
1
 93
5
 10
712.8326555555554
 20
284.25139999999993
 10
713.9770666666666
 20
284.25139999999993
 10
709.9765666666666
 20
244.24922222222224
 10
708.8335666666666
 20
244.24922222222224
 10
712.8326555555554
 20
284.25139999999993
 97
0
 75
1
 76
1
 98
0
  0
HATCH
  5
1A5
330
17
100
AcDbEntity
  8
PERIPHERY
 62
7
420
0
100
AcDbHatch
 10
0.0
 20
0.0
 30
0.0
210
0.0
220
0.0
230
1.0
  2
SOLID
 70
1
 71
0
 91
1
 92
3
 72
0
 73
1
 93
5
 10
715.1186555555555
 20
284.25139999999993
 10
716.2616555555554
 20
284.25139999999993
 10
712.2625666666665
 20
244.24922222222224
 10
711.1181555555555
 20
244.24922222222224
 10
715.1186555555555
 20
284.25139999999993
 97
0
 75
1
 76
1
 98
0
  0
HATCH
  5
1A6
330
17
100
AcDbEntity
  8
PERIPHERY
 62
7
420
0
100
AcDbHatch
 10
0.0
 20
0.0
 30
0.0
210
0.0
220
0.0
230
1.0
  2
SOLID
 70
1
 71
0
 91
1
 92
3
 72
0
 73
1
 93
5
 10
717.4046555555555
 20
284.25139999999993
 10
718.5476555555555
 20
284.25139999999993
 10
714.5471555555555
 20
244.24922222222224
 10
713.4041555555555
 20
244.24922222222224
 10
717.4046555555555
 20
284.25139999999993
 97
0
 75
1
 76
1
 98
0
  0
HATCH
  5
1A7
330
17
100
AcDbEntity
  8
PERIPHERY
 62
7
420
0
100
AcDbHatch
 10
0.0
 20
0.0
 30
0.0
210
0.0
220
0.0
230
1.0
  2
SOLID
 70
1
 71
0
 91
1
 92
3
 72
0
 73
1
 93
5
 10
719.6892444444444
 20
284.25139999999993
 10
720.8336555555555
 20
284.25139999999993
 10
716.8331555555555
 20
244.24922222222224
 10
715.6901555555555
 20
244.24922222222224
 10
719.6892444444444
 20
284.25139999999993
 97
0
 75
1
 76
1
 98
0
  0
HATCH
  5
1A8
330
17
100
AcDbEntity
  8
PERIPHERY
 62
7
420
0
100
AcDbHatch
 10
0.0
 20
0.0
 30
0.0
210
0.0
220
0.0
230
1.0
  2
SOLID
 70
1
 71
0
 91
1
 92
3
 72
0
 73
1
 93
5
 10
721.9738333333332
 20
284.25139999999993
 10
723.1182444444444
 20
284.25139999999993
 10
719.1191555555555
 20
244.24922222222224
 10
717.9747444444445
 20
244.24922222222224
 10
721.9738333333332
 20
284.25139999999993
 97
0
 75
1
 76
1
 98
0
  0
HATCH
  5
1A9
330
17
100
AcDbEntity
  8
PERIPHERY
 62
7
420
0
100
AcDbHatch
 10
0.0
 20
0.0
 30
0.0
210
0.0
220
0.0
230
1.0
  2
SOLID
 70
1
 71
0
 91
1
 92
3
 72
0
 73
1
 93
5
 10
724.2612444444443
 20
284.25139999999993
 10
725.4028333333332
 20
284.25139999999993
 10
721.4037444444443
 20
244.24922222222224
 10
720.2593333333332
 20
244.24922222222224
 10
724.2612444444443
 20
284.25139999999993
 97
0
 75
1
 76
1
 98
0
  0
HATCH
  5
1AA
330
17
100
AcDbEntity
  8
PERIPHERY
 62
7
420
0
100
AcDbHatch
 10
0.0
 20
0.0
 30
0.0
210
0.0
220
0.0
230
1.0
  2
SOLID
 70
1
 71
0
 91
1
 92
3
 72
0
 73
1
 93
5
 10
726.5458333333332
 20
284.25139999999993
 10
727.6888333333332
 20
284.25139999999993
 10
723.6883333333332
 20
244.24922222222224
 10
722.5453333333332
 20
244.24922222222224
 10
726.5458333333332
 20
284.25139999999993
 97
0
 75
1
 76
1
 98
0
  0
HATCH
  5
1AB
330
17
100
AcDbEntity
  8
PERIPHERY
 62
7
420
0
100
AcDbHatch
 10
0.0
 20
0.0
 30
0.0
210
0.0
220
0.0
230
1.0
  2
SOLID
 70
1
 71
0
 91
1
 92
3
 72
0
 73
1
 93
5
 10
728.8318333333333
 20
284.25139999999993
 10
729.9762444444444
 20
284.25139999999993
 10
725.9757444444443
 20
244.24922222222224
 10
724.8327444444444
 20
244.24922222222224
 10
728.8318333333333
 20
284.25139999999993
 97
0
 75
1
 76
1
 98
0
  0
HATCH
  5
1AC
330
17
100
AcDbEntity
  8
PERIPHERY
 62
7
420
0
100
AcDbHatch
 10
0.0
 20
0.0
 30
0.0
210
0.0
220
0.0
230
1.0
  2
SOLID
 70
1
 71
0
 91
1
 92
3
 72
0
 73
1
 93
5
 10
731.1178333333332
 20
284.25139999999993
 10
732.2608333333332
 20
284.25139999999993
 10
728.2617444444444
 20
244.24922222222224
 10
727.1173333333332
 20
244.24922222222224
 10
731.1178333333332
 20
284.25139999999993
 97
0
 75
1
 76
1
 98
0
  0
HATCH
  5
1AD
330
17
100
AcDbEntity
  8
PERIPHERY
 62
7
420
0
100
AcDbHatch
 10
0.0
 20
0.0
 30
0.0
210
0.0
220
0.0
230
1.0
  2
SOLID
 70
1
 71
0
 91
1
 92
3
 72
0
 73
1
 93
5
 10
733.4038333333333
 20
284.25139999999993
 10
734.5468333333332
 20
284.25139999999993
 10
730.5463333333331
 20
244.24922222222224
 10
729.4033333333332
 20
244.24922222222224
 10
733.4038333333333
 20
284.25139999999993
 97
0
 75
1
 76
1
 98
0
  0
HATCH
  5
1AE
330
17
100
AcDbEntity
  8
PERIPHERY
 62
7
420
0
100
AcDbHatch
 10
0.0
 20
0.0
 30
0.0
210
0.0
220
0.0
230
1.0
  2
SOLID
 70
1
 71
0
 91
1
 92
3
 72
0
 73
1
 93
5
 10
739.1202444444443
 20
284.25139999999993
 10
740.0092444444443
 20
284.25139999999993
 10
736.0087444444442
 20
244.24922222222224
 10
735.1211555555553
 20
244.24922222222224
 10
739.1202444444443
 20
284.25139999999993
 97
0
 75
1
 76
1
 98
0
  0
HATCH
  5
1AF
330
17
100
AcDbEntity
  8
PERIPHERY
 62
7
420
0
100
AcDbHatch
 10
0.0
 20
0.0
 30
0.0
210
0.0
220
0.0
230
1.0
  2
SOLID
 70
1
 71
0
 91
1
 92
3
 72
0
 73
1
 93
5
 10
740.8968333333332
 20
284.25139999999993
 10
741.7858333333332
 20
284.25139999999993
 10
737.7853333333331
 20
244.24922222222224
 10
736.8977444444442
 20
244.24922222222224
 10
740.8968333333332
 20
284.25139999999993
 97
0
 75
1
 76
1
 98
0
  0
HATCH
  5
1B0
330
17
100
AcDbEntity
  8
PERIPHERY
 62
7
420
0
100
AcDbHatch
 10
0.0
 20
0.0
 30
0.0
210
0.0
220
0.0
230
1.0
  2
SOLID
 70
1
 71
0
 91
1
 92
3
 72
0
 73
1
 93
5
 10
742.6748333333331
 20
284.25139999999993
 10
743.5638333333332
 20
284.25139999999993
 10
739.5633333333333
 20
244.24922222222224
 10
738.6757444444444
 20
244.24922222222224
 10
742.6748333333331
 20
284.25139999999993
 97
0
 75
1
 76
1
 98
0
  0
HATCH
  5
1B1
330
17
100
AcDbEntity
  8
PERIPHERY
 62
7
420
0
100
AcDbHatch
 10
0.0
 20
0.0
 30
0.0
210
0.0
220
0.0
230
1.0
  2
SOLID
 70
1
 71
0
 91
1
 92
3
 72
0
 73
1
 93
5
 10
744.4528333333334
 20
284.25139999999993
 10
745.3418333333333
 20
284.25139999999993
 10
741.3413333333333
 20
244.24922222222224
 10
740.4537444444444
 20
244.24922222222224
 10
744.4528333333334
 20
284.25139999999993
 97
0
 75
1
 76
1
 98
0
  0
HATCH
  5
1B2
330
17
100
AcDbEntity
  8
PERIPHERY
 62
7
420
0
100
AcDbHatch
 10
0.0
 20
0.0
 30
0.0
210
0.0
220
0.0
230
1.0
  2
SOLID
 70
1
 71
0
 91
1
 92
3
 72
0
 73
1
 93
5
 10
746.2308333333333
 20
284.25139999999993
 10
747.1198333333333
 20
284.25139999999993
 10
743.1193333333333
 20
244.24922222222224
 10
742.2303333333333
 20
244.24922222222224
 10
746.2308333333333
 20
284.25139999999993
 97
0
 75
1
 76
1
 98
0
  0
HATCH
  5
1B3
330
17
100
AcDbEntity
  8
PERIPHERY
 62
7
420
0
100
AcDbHatch
 10
0.0
 20
0.0
 30
0.0
210
0.0
220
0.0
230
1.0
  2
SOLID
 70
1
 71
0
 91
1
 92
3
 72
0
 73
1
 93
5
 10
748.0074222222221
 20
284.25139999999993
 10
748.8964222222221
 20
284.25139999999993
 10
744.895922222222
 20
244.24922222222224
 10
744.006922222222
 20
244.24922222222224
 10
748.0074222222221
 20
284.25139999999993
 97
0
 75
1
 76
1
 98
0
  0
HATCH
  5
1B4
330
17
100
AcDbEntity
  8
PERIPHERY
 62
7
420
0
100
AcDbHatch
 10
0.0
 20
0.0
 30
0.0
210
0.0
220
0.0
230
1.0
  2
SOLID
 70
1
 71
0
 91
1
 92
3
 72
0
 73
1
 93
5
 10
749.7854222222222
 20
284.25139999999993
 10
750.6744222222222
 20
284.25139999999993
 10
746.6739222222221
 20
244.24922222222224
 10
745.7849222222221
 20
244.24922222222224
 10
749.7854222222222
 20
284.25139999999993
 97
0
 75
1
 76
1
 98
0
  0
HATCH
  5
1B5
330
17
100
AcDbEntity
  8
PERIPHERY
 62
7
420
0
100
AcDbHatch
 10
0.0
 20
0.0
 30
0.0
210
0.0
220
0.0
230
1.0
  2
SOLID
 70
1
 71
0
 91
1
 92
3
 72
0
 73
1
 93
5
 10
751.5634222222222
 20
284.25139999999993
 10
752.4524222222223
 20
284.25139999999993
 10
748.4519222222222
 20
244.24922222222224
 10
747.5629222222221
 20
244.24922222222224
 10
751.5634222222222
 20
284.25139999999993
 97
0
 75
1
 76
1
 98
0
  0
HATCH
  5
1B6
330
17
100
AcDbEntity
  8
PERIPHERY
 62
7
420
0
100
AcDbHatch
 10
0.0
 20
0.0
 30
0.0
210
0.0
220
0.0
230
1.0
  2
SOLID
 70
1
 71
0
 91
1
 92
3
 72
0
 73
1
 93
5
 10
753.3414222222221
 20
284.25139999999993
 10
754.2290111111112
 20
284.25139999999993
 10
750.2299222222223
 20
244.24922222222224
 10
749.3409222222223
 20
244.24922222222224
 10
753.3414222222221
 20
284.25139999999993
 97
0
 75
1
 76
1
 98
0
  0
HATCH
  5
1B7
330
17
100
AcDbEntity
  8
PERIPHERY
 62
7
420
0
100
AcDbHatch
 10
0.0
 20
0.0
 30
0.0
210
0.0
220
0.0
230
1.0
  2
SOLID
 70
1
 71
0
 91
1
 92
3
 72
0
 73
1
 93
5
 10
755.1194222222222
 20
284.25139999999993
 10
756.0070111111111
 20
284.25139999999993
 10
752.0079222222223
 20
244.24922222222224
 10
751.1189222222223
 20
244.24922222222224
 10
755.1194222222222
 20
284.25139999999993
 97
0
 75
1
 76
1
 98
0
  0
HATCH
  5
1B8
330
17
100
AcDbEntity
  8
PERIPHERY
 62
7
420
0
100
AcDbHatch
 10
0.0
 20
0.0
 30
0.0
210
0.0
220
0.0
230
1.0
  2
SOLID
 70
1
 71
0
 91
1
 92
3
 72
0
 73
1
 93
5
 10
756.8960111111111
 20
284.25139999999993
 10
757.7836
 20
284.25139999999993
 10
753.7845111111112
 20
244.24922222222224
 10
752.8955111111112
 20
244.24922222222224
 10
756.8960111111111
 20
284.25139999999993
 97
0
 75
1
 76
1
 98
0
  0
HATCH
  5
1B9
330
17
100
AcDbEntity
  8
PERIPHERY
 62
7
420
0
100
AcDbHatch
 10
0.0
 20
0.0
 30
0.0
210
0.0
220
0.0
230
1.0
  2
SOLID
 70
1
 71
0
 91
1
 92
3
 72
0
 73
1
 93
5
 10
758.6740111111111
 20
284.25139999999993
 10
759.5616
 20
284.25139999999993
 10
755.5625111111112
 20
244.24922222222224
 10
754.6735111111112
 20
244.24922222222224
 10
758.6740111111111
 20
284.25139999999993
 97
0
 75
1
 76
1
 98
0
  0
HATCH
  5
1BA
330
17
100
AcDbEntity
  8
PERIPHERY
 62
7
420
0
100
AcDbHatch
 10
0.0
 20
0.0
 30
0.0
210
0.0
220
0.0
230
1.0
  2
SOLID
 70
1
 71
0
 91
1
 92
3
 72
0
 73
1
 93
5
 10
760.4520111111111
 20
284.25139999999993
 10
761.3396
 20
284.25139999999993
 10
757.3405111111111
 20
244.24922222222224
 10
756.4515111111111
 20
244.24922222222224
 10
760.4520111111111
 20
284.25139999999993
 97
0
 75
1
 76
1
 98
0
  0
HATCH
  5
1BB
330
17
100
AcDbEntity
  8
PERIPHERY
 62
7
420
0
100
AcDbHatch
 10
0.0
 20
0.0
 30
0.0
210
0.0
220
0.0
230
1.0
  2
SOLID
 70
1
 71
0
 91
1
 92
3
 72
0
 73
1
 93
5
 10
762.230011111111
 20
284.25139999999993
 10
763.1175999999999
 20
284.25139999999993
 10
759.1185111111112
 20
244.24922222222224
 10
758.2295111111112
 20
244.24922222222224
 10
762.230011111111
 20
284.25139999999993
 97
0
 75
1
 76
1
 98
0
  0
HATCH
  5
1BC
330
17
100
AcDbEntity
  8
PERIPHERY
 62
7
420
0
100
AcDbHatch
 10
0.0
 20
0.0
 30
0.0
210
0.0
220
0.0
230
1.0
  2
SOLID
 70
1
 71
0
 91
1
 92
3
 72
0
 73
1
 93
5
 10
764.0065999999999
 20
284.25139999999993
 10
764.8941888888888
 20
284.25139999999993
 10
760.8951000000001
 20
244.24922222222224
 10
760.0061000000001
 20
244.24922222222224
 10
764.0065999999999
 20
284.25139999999993
 97
0
 75
1
 76
1
 98
0
  0
HATCH
  5
1BD
330
17
100
AcDbEntity
  8
PERIPHERY
 62
7
420
0
100
AcDbHatch
 10
0.0
 20
0.0
 30
0.0
210
0.0
220
0.0
230
1.0
  2
SOLID
 70
1
 71
0
 91
1
 92
3
 72
0
 73
1
 93
5
 10
765.7846
 20
284.25139999999993
 10
766.6721888888889
 20
284.25139999999993
 10
762.6731000000001
 20
244.24922222222224
 10
761.7841000000001
 20
244.24922222222224
 10
765.7846
 20
284.25139999999993
 97
0
 75
1
 76
1
 98
0
  0
HATCH
  5
1BE
330
17
100
AcDbEntity
  8
PERIPHERY
 62
7
420
0
100
AcDbHatch
 10
0.0
 20
0.0
 30
0.0
210
0.0
220
0.0
230
1.0
  2
SOLID
 70
1
 71
0
 91
1
 92
3
 72
0
 73
1
 93
5
 10
767.5626
 20
284.25139999999993
 10
768.4501888888889
 20
284.25139999999993
 10
764.4511
 20
244.24922222222224
 10
763.5621000000001
 20
244.24922222222224
 10
767.5626
 20
284.25139999999993
 97
0
 75
1
 76
1
 98
0
  0
HATCH
  5
1BF
330
17
100
AcDbEntity
  8
PERIPHERY
 62
7
420
0
100
AcDbHatch
 10
0.0
 20
0.0
 30
0.0
210
0.0
220
0.0
230
1.0
  2
SOLID
 70
1
 71
0
 91
1
 92
3
 72
0
 73
1
 93
5
 10
769.3405999999999
 20
284.25139999999993
 10
770.2281888888889
 20
284.25139999999993
 10
766.2291
 20
244.24922222222224
 10
765.338688888889
 20
244.24922222222224
 10
769.3405999999999
 20
284.25139999999993
 97
0
 75
1
 76
1
 98
0
  0
HATCH
  5
1C0
330
17
100
AcDbEntity
  8
PERIPHERY
 62
7
420
0
100
AcDbHatch
 10
0.0
 20
0.0
 30
0.0
210
0.0
220
0.0
230
1.0
  2
SOLID
 70
1
 71
0
 91
1
 92
3
 72
0
 73
1
 93
5
 10
771.1157777777778
 20
284.25139999999993
 10
772.0047777777778
 20
284.25139999999993
 10
768.0056888888889
 20
244.24922222222224
 10
767.1152777777779
 20
244.24922222222224
 10
771.1157777777778
 20
284.25139999999993
 97
0
 75
1
 76
1
 98
0
  0
HATCH
  5
1C1
330
17
100
AcDbEntity
  8
PERIPHERY
 62
7
420
0
100
AcDbHatch
 10
0.0
 20
0.0
 30
0.0
210
0.0
220
0.0
230
1.0
  2
SOLID
 70
1
 71
0
 91
1
 92
3
 72
0
 73
1
 93
5
 10
772.8937777777777
 20
284.25139999999993
 10
773.7827777777777
 20
284.25139999999993
 10
769.783688888889
 20
244.24922222222224
 10
768.8932777777778
 20
244.24922222222224
 10
772.8937777777777
 20
284.25139999999993
 97
0
 75
1
 76
1
 98
0
  0
HATCH
  5
1C2
330
17
100
AcDbEntity
  8
PERIPHERY
 62
7
420
0
100
AcDbHatch
 10
0.0
 20
0.0
 30
0.0
210
0.0
220
0.0
230
1.0
  2
SOLID
 70
1
 71
0
 91
1
 92
3
 72
0
 73
1
 93
5
 10
774.6717777777777
 20
284.25139999999993
 10
775.5607777777777
 20
284.25139999999993
 10
771.561688888889
 20
244.24922222222224
 10
770.6712777777778
 20
244.24922222222224
 10
774.6717777777777
 20
284.25139999999993
 97
0
 75
1
 76
1
 98
0
  0
HATCH
  5
1C3
330
17
100
AcDbEntity
  8
PERIPHERY
 62
7
420
0
100
AcDbHatch
 10
0.0
 20
0.0
 30
0.0
210
0.0
220
0.0
230
1.0
  2
SOLID
 70
1
 71
0
 91
1
 92
3
 72
0
 73
1
 93
5
 10
776.4483666666666
 20
284.25139999999993
 10
777.3387777777778
 20
284.25139999999993
 10
773.3396888888889
 20
244.24922222222224
 10
772.4492777777779
 20
244.24922222222224
 10
776.4483666666666
 20
284.25139999999993
 97
0
 75
1
 76
1
 98
0
  0
HATCH
  5
1C4
330
17
100
AcDbEntity
  8
PERIPHERY
 62
7
420
0
100
AcDbHatch
 10
0.0
 20
0.0
 30
0.0
210
0.0
220
0.0
230
1.0
  2
SOLID
 70
1
 71
0
 91
1
 92
3
 72
0
 73
1
 93
5
 10
778.2263666666666
 20
284.25139999999993
 10
779.1167777777777
 20
284.25139999999993
 10
775.1176888888889
 20
244.24922222222224
 10
774.2272777777778
 20
244.24922222222224
 10
778.2263666666666
 20
284.25139999999993
 97
0
 75
1
 76
1
 98
0
  0
HATCH
  5
1C5
330
17
100
AcDbEntity
  8
PERIPHERY
 62
7
420
0
100
AcDbHatch
 10
0.0
 20
0.0
 30
0.0
210
0.0
220
0.0
230
1.0
  2
SOLID
 70
1
 71
0
 91
1
 92
3
 72
0
 73
1
 93
5
 10
780.0043666666667
 20
284.25139999999993
 10
780.8947777777777
 20
284.25139999999993
 10
776.8956888888889
 20
244.24922222222224
 10
776.0052777777778
 20
244.24922222222224
 10
780.0043666666667
 20
284.25139999999993
 97
0
 75
1
 76
1
 98
0
  0
HATCH
  5
1C6
330
17
100
AcDbEntity
  8
PERIPHERY
 62
7
420
0
100
AcDbHatch
 10
0.0
 20
0.0
 30
0.0
210
0.0
220
0.0
230
1.0
  2
SOLID
 70
1
 71
0
 91
1
 92
3
 72
0
 73
1
 93
5
 10
781.7823666666666
 20
284.25139999999993
 10
782.6727777777777
 20
284.25139999999993
 10
778.6708666666666
 20
244.24922222222224
 10
777.7832777777776
 20
244.24922222222224
 10
781.7823666666666
 20
284.25139999999993
 97
0
 75
1
 76
1
 98
0
  0
HATCH
  5
1C7
330
17
100
AcDbEntity
  8
PERIPHERY
 62
7
420
0
100
AcDbHatch
 10
0.0
 20
0.0
 30
0.0
210
0.0
220
0.0
230
1.0
  2
SOLID
 70
1
 71
0
 91
1
 92
3
 72
0
 73
1
 93
5
 10
783.5589555555555
 20
284.25139999999993
 10
784.4493666666666
 20
284.25139999999993
 10
780.4474555555555
 20
244.24922222222224
 10
779.5598666666665
 20
244.24922222222224
 10
783.5589555555555
 20
284.25139999999993
 97
0
 75
1
 76
1
 98
0
  0
HATCH
  5
1C8
330
17
100
AcDbEntity
  8
PERIPHERY
 62
7
420
0
100
AcDbHatch
 10
0.0
 20
0.0
 30
0.0
210
0.0
220
0.0
230
1.0
  2
SOLID
 70
1
 71
0
 91
1
 92
3
 72
0
 73
1
 93
5
 10
785.3369555555555
 20
284.25139999999993
 10
786.2273666666666
 20
284.25139999999993
 10
782.2254555555554
 20
244.24922222222224
 10
781.3378666666665
 20
244.24922222222224
 10
785.3369555555555
 20
284.25139999999993
 97
0
 75
1
 76
1
 98
0
  0
HATCH
  5
1C9
330
17
100
AcDbEntity
  8
PERIPHERY
 62
7
420
0
100
AcDbHatch
 10
0.0
 20
0.0
 30
0.0
210
0.0
220
0.0
230
1.0
  2
SOLID
 70
1
 71
0
 91
1
 92
3
 72
0
 73
1
 93
5
 10
787.1149555555555
 20
284.25139999999993
 10
788.0053666666665
 20
284.25139999999993
 10
784.0034555555554
 20
244.24922222222224
 10
783.1158666666665
 20
244.24922222222224
 10
787.1149555555555
 20
284.25139999999993
 97
0
 75
1
 76
1
 98
0
  0
HATCH
  5
1CA
330
17
100
AcDbEntity
  8
PERIPHERY
 62
7
420
0
100
AcDbHatch
 10
0.0
 20
0.0
 30
0.0
210
0.0
220
0.0
230
1.0
  2
SOLID
 70
1
 71
0
 91
1
 92
3
 72
0
 73
1
 93
5
 10
788.8929555555554
 20
284.25139999999993
 10
789.7833666666666
 20
284.25139999999993
 10
785.7814555555555
 20
244.24922222222224
 10
784.8938666666666
 20
244.24922222222224
 10
788.8929555555554
 20
284.25139999999993
 97
0
 75
1
 76
1
 98
0
  0
HATCH
  5
1CB
330
17
100
AcDbEntity
  8
PERIPHERY
 62
7
420
0
100
AcDbHatch
 10
0.0
 20
0.0
 30
0.0
210
0.0
220
0.0
230
1.0
  2
SOLID
 70
1
 71
0
 91
1
 92
3
 72
0
 73
1
 93
5
 10
790.6695444444443
 20
284.25139999999993
 10
791.5599555555555
 20
284.25139999999993
 10
787.5580444444444
 20
244.24922222222224
 10
786.6704555555555
 20
244.24922222222224
 10
790.6695444444443
 20
284.25139999999993
 97
0
 75
1
 76
1
 98
0
  0
HATCH
  5
1CC
330
17
100
AcDbEntity
  8
PERIPHERY
 62
7
420
0
100
AcDbHatch
 10
0.0
 20
0.0
 30
0.0
210
0.0
220
0.0
230
1.0
  2
SOLID
 70
1
 71
0
 91
1
 92
3
 72
0
 73
1
 93
5
 10
795.1216
 20
284.25139999999993
 10
795.9202888888889
 20
284.25139999999993
 10
791.9212
 20
244.24922222222224
 10
791.119688888889
 20
244.24922222222224
 10
795.1216
 20
284.25139999999993
 97
0
 75
1
 76
1
 98
0
  0
HATCH
  5
1CD
330
17
100
AcDbEntity
  8
PERIPHERY
 62
7
420
0
100
AcDbHatch
 10
0.0
 20
0.0
 30
0.0
210
0.0
220
0.0
230
1.0
  2
SOLID
 70
1
 71
0
 91
1
 92
3
 72
0
 73
1
 93
5
 10
796.7189777777778
 20
284.25139999999993
 10
797.5176666666667
 20
284.25139999999993
 10
793.5185777777779
 20
244.24922222222224
 10
792.7198888888889
 20
244.24922222222224
 10
796.7189777777778
 20
284.25139999999993
 97
0
 75
1
 76
1
 98
0
  0
HATCH
  5
1CE
330
17
100
AcDbEntity
  8
PERIPHERY
 62
7
420
0
100
AcDbHatch
 10
0.0
 20
0.0
 30
0.0
210
0.0
220
0.0
230
1.0
  2
SOLID
 70
1
 71
0
 91
1
 92
3
 72
0
 73
1
 93
5
 10
798.3205888888889
 20
284.25139999999993
 10
799.1192777777778
 20
284.25139999999993
 10
795.120188888889
 20
244.24922222222224
 10
794.3186777777779
 20
244.24922222222224
 10
798.3205888888889
 20
284.25139999999993
 97
0
 75
1
 76
1
 98
0
  0
HATCH
  5
1CF
330
17
100
AcDbEntity
  8
PERIPHERY
 62
7
420
0
100
AcDbHatch
 10
0.0
 20
0.0
 30
0.0
210
0.0
220
0.0
230
1.0
  2
SOLID
 70
1
 71
0
 91
1
 92
3
 72
0
 73
1
 93
5
 10
799.9193777777776
 20
284.25139999999993
 10
800.7180666666666
 20
284.25139999999993
 10
796.7189777777778
 20
244.24922222222224
 10
795.9202888888889
 20
244.24922222222224
 10
799.9193777777776
 20
284.25139999999993
 97
0
 75
1
 76
1
 98
0
  0
HATCH
  5
1D0
330
17
100
AcDbEntity
  8
PERIPHERY
 62
7
420
0
100
AcDbHatch
 10
0.0
 20
0.0
 30
0.0
210
0.0
220
0.0
230
1.0
  2
SOLID
 70
1
 71
0
 91
1
 92
3
 72
0
 73
1
 93
5
 10
801.5209888888887
 20
284.25139999999993
 10
802.3196777777777
 20
284.25139999999993
 10
798.3205888888889
 20
244.24922222222224
 10
797.5190777777777
 20
244.24922222222224
 10
801.5209888888887
 20
284.25139999999993
 97
0
 75
1
 76
1
 98
0
  0
HATCH
  5
1D1
330
17
100
AcDbEntity
  8
PERIPHERY
 62
7
420
0
100
AcDbHatch
 10
0.0
 20
0.0
 30
0.0
210
0.0
220
0.0
230
1.0
  2
SOLID
 70
1
 71
0
 91
1
 92
3
 72
0
 73
1
 93
5
 10
803.1197777777777
 20
284.25139999999993
 10
803.9184666666666
 20
284.25139999999993
 10
799.9193777777778
 20
244.24922222222224
 10
799.1206888888888
 20
244.24922222222224
 10
803.1197777777777
 20
284.25139999999993
 97
0
 75
1
 76
1
 98
0
  0
HATCH
  5
1D2
330
17
100
AcDbEntity
  8
PERIPHERY
 62
7
420
0
100
AcDbHatch
 10
0.0
 20
0.0
 30
0.0
210
0.0
220
0.0
230
1.0
  2
SOLID
 70
1
 71
0
 91
1
 92
3
 72
0
 73
1
 93
5
 10
804.7199777777777
 20
284.25139999999993
 10
805.5186666666666
 20
284.25139999999993
 10
801.5195777777778
 20
244.24922222222224
 10
800.7180666666667
 20
244.24922222222224
 10
804.7199777777777
 20
284.25139999999993
 97
0
 75
1
 76
1
 98
0
  0
HATCH
  5
1D3
330
17
100
AcDbEntity
  8
PERIPHERY
 62
7
420
0
100
AcDbHatch
 10
0.0
 20
0.0
 30
0.0
210
0.0
220
0.0
230
1.0
  2
SOLID
 70
1
 71
0
 91
1
 92
3
 72
0
 73
1
 93
5
 10
806.3187666666666
 20
284.25139999999993
 10
807.1202777777777
 20
284.25139999999993
 10
803.1183666666666
 20
244.24922222222224
 10
802.3196777777777
 20
244.24922222222224
 10
806.3187666666666
 20
284.25139999999993
 97
0
 75
1
 76
1
 98
0
  0
HATCH
  5
1D4
330
17
100
AcDbEntity
  8
PERIPHERY
 62
7
420
0
100
AcDbHatch
 10
0.0
 20
0.0
 30
0.0
210
0.0
220
0.0
230
1.0
  2
SOLID
 70
1
 71
0
 91
1
 92
3
 72
0
 73
1
 93
5
 10
807.9203777777777
 20
284.25139999999993
 10
808.7190666666667
 20
284.25139999999993
 10
804.7199777777779
 20
244.24922222222224
 10
803.9184666666667
 20
244.24922222222224
 10
807.9203777777777
 20
284.25139999999993
 97
0
 75
1
 76
1
 98
0
  0
HATCH
  5
1D5
330
17
100
AcDbEntity
  8
PERIPHERY
 62
7
420
0
100
AcDbHatch
 10
0.0
 20
0.0
 30
0.0
210
0.0
220
0.0
230
1.0
  2
SOLID
 70
1
 71
0
 91
1
 92
3
 72
0
 73
1
 93
5
 10
809.5191666666665
 20
284.25139999999993
 10
810.3206777777776
 20
284.25139999999993
 10
806.3187666666665
 20
244.24922222222224
 10
805.5200777777776
 20
244.24922222222224
 10
809.5191666666665
 20
284.25139999999993
 97
0
 75
1
 76
1
 98
0
  0
HATCH
  5
1D6
330
17
100
AcDbEntity
  8
PERIPHERY
 62
7
420
0
100
AcDbHatch
 10
0.0
 20
0.0
 30
0.0
210
0.0
220
0.0
230
1.0
  2
SOLID
 70
1
 71
0
 91
1
 92
3
 72
0
 73
1
 93
5
 10
811.1207777777777
 20
284.25139999999993
 10
811.9194666666666
 20
284.25139999999993
 10
807.9203777777777
 20
244.24922222222224
 10
807.1216888888888
 20
244.24922222222224
 10
811.1207777777777
 20
284.25139999999993
 97
0
 75
1
 76
1
 98
0
  0
HATCH
  5
1D7
330
17
100
AcDbEntity
  8
PERIPHERY
 62
7
420
0
100
AcDbHatch
 10
0.0
 20
0.0
 30
0.0
210
0.0
220
0.0
230
1.0
  2
SOLID
 70
1
 71
0
 91
1
 92
3
 72
0
 73
1
 93
5
 10
812.7181555555555
 20
284.25139999999993
 10
813.5196666666666
 20
284.25139999999993
 10
809.5177555555555
 20
244.24922222222224
 10
808.7190666666665
 20
244.24922222222224
 10
812.7181555555555
 20
284.25139999999993
 97
0
 75
1
 76
1
 98
0
  0
HATCH
  5
1D8
330
17
100
AcDbEntity
  8
PERIPHERY
 62
7
420
0
100
AcDbHatch
 10
0.0
 20
0.0
 30
0.0
210
0.0
220
0.0
230
1.0
  2
SOLID
 70
1
 71
0
 91
1
 92
3
 72
0
 73
1
 93
5
 10
814.3197666666666
 20
284.25139999999993
 10
815.1184555555556
 20
284.25139999999993
 10
811.1193666666667
 20
244.24922222222224
 10
810.3206777777777
 20
244.24922222222224
 10
814.3197666666666
 20
284.25139999999993
 97
0
 75
1
 76
1
 98
0
  0
HATCH
  5
1D9
330
17
100
AcDbEntity
  8
PERIPHERY
 62
7
420
0
100
AcDbHatch
 10
0.0
 20
0.0
 30
0.0
210
0.0
220
0.0
230
1.0
  2
SOLID
 70
1
 71
0
 91
1
 92
3
 72
0
 73
1
 93
5
 10
815.9213777777777
 20
284.25139999999993
 10
816.7200666666666
 20
284.25139999999993
 10
812.7181555555555
 20
244.24922222222224
 10
811.9194666666666
 20
244.24922222222224
 10
815.9213777777777
 20
284.25139999999993
 97
0
 75
1
 76
1
 98
0
  0
HATCH
  5
1DA
330
17
100
AcDbEntity
  8
PERIPHERY
 62
7
420
0
100
AcDbHatch
 10
0.0
 20
0.0
 30
0.0
210
0.0
220
0.0
230
1.0
  2
SOLID
 70
1
 71
0
 91
1
 92
3
 72
0
 73
1
 93
5
 10
817.5201666666667
 20
284.25139999999993
 10
818.3188555555556
 20
284.25139999999993
 10
814.3197666666667
 20
244.24922222222224
 10
813.5210777777778
 20
244.24922222222224
 10
817.5201666666667
 20
284.25139999999993
 97
0
 75
1
 76
1
 98
0
  0
HATCH
  5
1DB
330
17
100
AcDbEntity
  8
PERIPHERY
 62
7
420
0
100
AcDbHatch
 10
0.0
 20
0.0
 30
0.0
210
0.0
220
0.0
230
1.0
  2
SOLID
 70
1
 71
0
 91
1
 92
3
 72
0
 73
1
 93
5
 10
819.1203666666667
 20
284.25139999999993
 10
819.9190555555556
 20
284.25139999999993
 10
815.9199666666668
 20
244.24922222222224
 10
815.1184555555557
 20
244.24922222222224
 10
819.1203666666667
 20
284.25139999999993
 97
0
 75
1
 76
1
 98
0
  0
HATCH
  5
1DC
330
17
100
AcDbEntity
  8
PERIPHERY
 62
7
420
0
100
AcDbHatch
 10
0.0
 20
0.0
 30
0.0
210
0.0
220
0.0
230
1.0
  2
SOLID
 70
1
 71
0
 91
1
 92
3
 72
0
 73
1
 93
5
 10
820.7191555555554
 20
284.25139999999993
 10
821.5178444444443
 20
284.25139999999993
 10
817.5187555555556
 20
244.24922222222224
 10
816.7200666666666
 20
244.24922222222224
 10
820.7191555555554
 20
284.25139999999993
 97
0
 75
1
 76
1
 98
0
  0
HATCH
  5
1DD
330
17
100
AcDbEntity
  8
PERIPHERY
 62
7
420
0
100
AcDbHatch
 10
0.0
 20
0.0
 30
0.0
210
0.0
220
0.0
230
1.0
  2
SOLID
 70
1
 71
0
 91
1
 92
3
 72
0
 73
1
 93
5
 10
822.3207666666665
 20
284.25139999999993
 10
823.1194555555554
 20
284.25139999999993
 10
819.1203666666667
 20
244.24922222222224
 10
818.3188555555556
 20
244.24922222222224
 10
822.3207666666665
 20
284.25139999999993
 97
0
 75
1
 76
1
 98
0
  0
HATCH
  5
1DE
330
17
100
AcDbEntity
  8
PERIPHERY
 62
7
420
0
100
AcDbHatch
 10
0.0
 20
0.0
 30
0.0
210
0.0
220
0.0
230
1.0
  2
SOLID
 70
1
 71
0
 91
1
 92
3
 72
0
 73
1
 93
5
 10
823.9195555555555
 20
284.25139999999993
 10
824.7182444444444
 20
284.25139999999993
 10
820.7191555555556
 20
244.24922222222224
 10
819.9204666666667
 20
244.24922222222224
 10
823.9195555555555
 20
284.25139999999993
 97
0
 75
1
 76
1
 98
0
  0
HATCH
  5
1DF
330
17
100
AcDbEntity
  8
PERIPHERY
 62
7
420
0
100
AcDbHatch
 10
0.0
 20
0.0
 30
0.0
210
0.0
220
0.0
230
1.0
  2
SOLID
 70
1
 71
0
 91
1
 92
3
 72
0
 73
1
 93
5
 10
825.5211666666665
 20
284.25139999999993
 10
826.3198555555555
 20
284.25139999999993
 10
822.3207666666667
 20
244.24922222222224
 10
821.5192555555556
 20
244.24922222222224
 10
825.5211666666665
 20
284.25139999999993
 97
0
 75
1
 76
1
 98
0
  0
HATCH
  5
1E0
330
17
100
AcDbEntity
  8
PERIPHERY
 62
7
420
0
100
AcDbHatch
 10
0.0
 20
0.0
 30
0.0
210
0.0
220
0.0
230
1.0
  2
SOLID
 70
1
 71
0
 91
1
 92
3
 72
0
 73
1
 93
5
 10
827.1185444444444
 20
284.25139999999993
 10
827.9200555555556
 20
284.25139999999993
 10
823.9181444444444
 20
244.24922222222224
 10
823.1194555555554
 20
244.24922222222224
 10
827.1185444444444
 20
284.25139999999993
 97
0
 75
1
 76
1
 98
0
  0
HATCH
  5
1E1
330
17
100
AcDbEntity
  8
PERIPHERY
 62
7
420
0
100
AcDbHatch
 10
0.0
 20
0.0
 30
0.0
210
0.0
220
0.0
230
1.0
  2
SOLID
 70
1
 71
0
 91
1
 92
3
 72
0
 73
1
 93
5
 10
828.7201555555555
 20
284.25139999999993
 10
829.5188444444444
 20
284.25139999999993
 10
825.5197555555557
 20
244.24922222222224
 10
824.7182444444446
 20
244.24922222222224
 10
828.7201555555555
 20
284.25139999999993
 97
0
 75
1
 76
1
 98
0
  0
HATCH
  5
1E2
330
17
100
AcDbEntity
  8
PERIPHERY
 62
7
420
0
100
AcDbHatch
 10
0.0
 20
0.0
 30
0.0
210
0.0
220
0.0
230
1.0
  2
SOLID
 70
1
 71
0
 91
1
 92
3
 72
0
 73
1
 93
5
 10
830.3189444444444
 20
284.25139999999993
 10
831.1204555555554
 20
284.25139999999993
 10
827.1185444444443
 20
244.24922222222224
 10
826.3198555555554
 20
244.24922222222224
 10
830.3189444444444
 20
284.25139999999993
 97
0
 75
1
 76
1
 98
0
  0
HATCH
  5
1E3
330
17
100
AcDbEntity
  8
PERIPHERY
 62
7
420
0
100
AcDbHatch
 10
0.0
 20
0.0
 30
0.0
210
0.0
220
0.0
230
1.0
  2
SOLID
 70
1
 71
0
 91
1
 92
3
 72
0
 73
1
 93
5
 10
831.9205555555554
 20
284.25139999999993
 10
832.7192444444444
 20
284.25139999999993
 10
828.7201555555555
 20
244.24922222222224
 10
827.9214666666666
 20
244.24922222222224
 10
831.9205555555554
 20
284.25139999999993
 97
0
 75
1
 76
1
 98
0
  0
HATCH
  5
1E4
330
17
100
AcDbEntity
  8
PERIPHERY
 62
7
420
0
100
AcDbHatch
 10
0.0
 20
0.0
 30
0.0
210
0.0
220
0.0
230
1.0
  2
SOLID
 70
1
 71
0
 91
1
 92
3
 72
0
 73
1
 93
5
 10
833.5193444444444
 20
284.25139999999993
 10
834.3208555555555
 20
284.25139999999993
 10
830.3189444444444
 20
244.24922222222224
 10
829.5202555555554
 20
244.24922222222224
 10
833.5193444444444
 20
284.25139999999993
 97
0
 75
1
 76
1
 98
0
  0
HATCH
  5
1E5
330
17
100
AcDbEntity
  8
PERIPHERY
 62
7
420
0
100
AcDbHatch
 10
0.0
 20
0.0
 30
0.0
210
0.0
220
0.0
230
1.0
  2
SOLID
 70
1
 71
0
 91
1
 92
3
 72
0
 73
1
 93
5
 10
835.1195444444444
 20
284.25139999999993
 10
835.9182333333333
 20
284.25139999999993
 10
831.9191444444446
 20
244.24922222222224
 10
831.1204555555556
 20
244.24922222222224
 10
835.1195444444444
 20
284.25139999999993
 97
0
 75
1
 76
1
 98
0
  0
HATCH
  5
1E6
330
17
100
AcDbEntity
  8
PERIPHERY
 62
7
420
0
100
AcDbHatch
 10
0.0
 20
0.0
 30
0.0
210
0.0
220
0.0
230
1.0
  2
SOLID
 70
1
 71
0
 91
1
 92
3
 72
0
 73
1
 93
5
 10
836.7183333333334
 20
284.25139999999993
 10
837.5198444444444
 20
284.25139999999993
 10
833.5179333333333
 20
244.24922222222224
 10
832.7192444444444
 20
244.24922222222224
 10
836.7183333333334
 20
284.25139999999993
 97
0
 75
1
 76
1
 98
0
  0
HATCH
  5
1E7
330
17
100
AcDbEntity
  8
PERIPHERY
 62
7
420
0
100
AcDbHatch
 10
0.0
 20
0.0
 30
0.0
210
0.0
220
0.0
230
1.0
  2
SOLID
 70
1
 71
0
 91
1
 92
3
 72
0
 73
1
 93
5
 10
838.3199444444444
 20
284.25139999999993
 10
839.1186333333334
 20
284.25139999999993
 10
835.1195444444445
 20
244.24922222222224
 10
834.3208555555556
 20
244.24922222222224
 10
838.3199444444444
 20
284.25139999999993
 97
0
 75
1
 76
1
 98
0
  0
HATCH
  5
1E8
330
17
100
AcDbEntity
  8
PERIPHERY
 62
7
420
0
100
AcDbHatch
 10
0.0
 20
0.0
 30
0.0
210
0.0
220
0.0
230
1.0
  2
SOLID
 70
1
 71
0
 91
1
 92
3
 72
0
 73
1
 93
5
 10
839.9215555555555
 20
284.25139999999993
 10
840.7202444444445
 20
284.25139999999993
 10
836.7183333333334
 20
244.24922222222224
 10
835.9196444444444
 20
244.24922222222224
 10
839.9215555555555
 20
284.25139999999993
 97
0
 75
1
 76
1
 98
0
  0
HATCH
  5
1E9
330
17
100
AcDbEntity
  8
PERIPHERY
 62
7
420
0
100
AcDbHatch
 10
0.0
 20
0.0
 30
0.0
210
0.0
220
0.0
230
1.0
  2
SOLID
 70
1
 71
0
 91
1
 92
3
 72
0
 73
1
 93
5
 10
841.5203444444443
 20
284.25139999999993
 10
842.3190333333332
 20
284.25139999999993
 10
838.3199444444444
 20
244.24922222222224
 10
837.5212555555555
 20
244.24922222222224
 10
841.5203444444443
 20
284.25139999999993
 97
0
 75
1
 76
1
 98
0
  0
HATCH
  5
1EA
330
17
100
AcDbEntity
  8
PERIPHERY
 62
7
420
0
100
AcDbHatch
 10
0.0
 20
0.0
 30
0.0
210
0.0
220
0.0
230
1.0
  2
SOLID
 70
1
 71
0
 91
1
 92
3
 72
0
 73
1
 93
5
 10
843.1205444444444
 20
284.25139999999993
 10
843.9192333333333
 20
284.25139999999993
 10
839.9201444444444
 20
244.24922222222224
 10
839.1186333333334
 20
244.24922222222224
 10
843.1205444444444
 20
284.25139999999993
 97
0
 75
1
 76
1
 98
0
  0
HATCH
  5
1EB
330
17
100
AcDbEntity
  8
PERIPHERY
 62
7
420
0
100
AcDbHatch
 10
0.0
 20
0.0
 30
0.0
210
0.0
220
0.0
230
1.0
  2
SOLID
 70
1
 71
0
 91
1
 92
3
 72
0
 73
1
 93
5
 10
844.7193333333332
 20
284.25139999999993
 10
845.5180222222222
 20
284.25139999999993
 10
841.5189333333334
 20
244.24922222222224
 10
840.7202444444445
 20
244.24922222222224
 10
844.7193333333332
 20
284.25139999999993
 97
0
 75
1
 76
1
 98
0
  0
HATCH
  5
1EC
330
17
100
AcDbEntity
  8
PERIPHERY
 62
7
420
0
100
AcDbHatch
 10
0.0
 20
0.0
 30
0.0
210
0.0
220
0.0
230
1.0
  2
SOLID
 70
1
 71
0
 91
1
 92
3
 72
0
 73
1
 93
5
 10
846.3209444444443
 20
284.25139999999993
 10
847.1196333333332
 20
284.25139999999993
 10
843.1205444444445
 20
244.24922222222224
 10
842.3190333333334
 20
244.24922222222224
 10
846.3209444444443
 20
284.25139999999993
 97
0
 75
1
 76
1
 98
0
  0
HATCH
  5
1ED
330
17
100
AcDbEntity
  8
PERIPHERY
 62
7
420
0
100
AcDbHatch
 10
0.0
 20
0.0
 30
0.0
210
0.0
220
0.0
230
1.0
  2
SOLID
 70
1
 71
0
 91
1
 92
3
 72
0
 73
1
 93
5
 10
851.1187222222221
 20
284.25139999999993
 10
852.1191999999999
 20
284.25139999999993
 10
848.120111111111
 20
244.24922222222224
 10
847.1196333333332
 20
244.24922222222224
 10
851.1187222222221
 20
284.25139999999993
 97
0
 75
1
 76
1
 98
0
  0
HATCH
  5
1EE
330
17
100
AcDbEntity
  8
PERIPHERY
 62
7
420
0
100
AcDbHatch
 10
0.0
 20
0.0
 30
0.0
210
0.0
220
0.0
230
1.0
  2
SOLID
 70
1
 71
0
 91
1
 92
3
 72
0
 73
1
 93
5
 10
853.1196777777777
 20
284.25139999999993
 10
854.1201555555554
 20
284.25139999999993
 10
850.1182444444443
 20
244.24922222222224
 10
849.1205888888887
 20
244.24922222222224
 10
853.1196777777777
 20
284.25139999999993
 97
0
 75
1
 76
1
 98
0
  0
HATCH
  5
1EF
330
17
100
AcDbEntity
  8
PERIPHERY
 62
7
420
0
100
AcDbHatch
 10
0.0
 20
0.0
 30
0.0
210
0.0
220
0.0
230
1.0
  2
SOLID
 70
1
 71
0
 91
1
 92
3
 72
0
 73
1
 93
5
 10
855.1206333333332
 20
284.25139999999993
 10
856.1182888888887
 20
284.25139999999993
 10
852.1192
 20
244.24922222222224
 10
851.1187222222222
 20
244.24922222222224
 10
855.1206333333332
 20
284.25139999999993
 97
0
 75
1
 76
1
 98
0
  0
HATCH
  5
1F0
330
17
100
AcDbEntity
  8
PERIPHERY
 62
7
420
0
100
AcDbHatch
 10
0.0
 20
0.0
 30
0.0
210
0.0
220
0.0
230
1.0
  2
SOLID
 70
1
 71
0
 91
1
 92
3
 72
0
 73
1
 93
5
 10
857.1187666666666
 20
284.25139999999993
 10
858.1192444444443
 20
284.25139999999993
 10
854.1201555555556
 20
244.24922222222224
 10
853.1196777777778
 20
244.24922222222224
 10
857.1187666666666
 20
284.25139999999993
 97
0
 75
1
 76
1
 98
0
  0
HATCH
  5
1F1
330
17
100
AcDbEntity
  8
PERIPHERY
 62
7
420
0
100
AcDbHatch
 10
0.0
 20
0.0
 30
0.0
210
0.0
220
0.0
230
1.0
  2
SOLID
 70
1
 71
0
 91
1
 92
3
 72
0
 73
1
 93
5
 10
859.1197222222222
 20
284.25139999999993
 10
860.1202
 20
284.25139999999993
 10
856.1182888888887
 20
244.24922222222224
 10
855.1206333333332
 20
244.24922222222224
 10
859.1197222222222
 20
284.25139999999993
 97
0
 75
1
 76
1
 98
0
  0
HATCH
  5
1F2
330
17
100
AcDbEntity
  8
PERIPHERY
 62
7
420
0
100
AcDbHatch
 10
0.0
 20
0.0
 30
0.0
210
0.0
220
0.0
230
1.0
  2
SOLID
 70
1
 71
0
 91
1
 92
3
 72
0
 73
1
 93
5
 10
861.1206777777778
 20
284.25139999999993
 10
862.1183333333333
 20
284.25139999999993
 10
858.1192444444445
 20
244.24922222222224
 10
857.1187666666668
 20
244.24922222222224
 10
861.1206777777778
 20
284.25139999999993
 97
0
 75
1
 76
1
 98
0
  0
HATCH
  5
1F3
330
17
100
AcDbEntity
  8
PERIPHERY
 62
7
420
0
100
AcDbHatch
 10
0.0
 20
0.0
 30
0.0
210
0.0
220
0.0
230
1.0
  2
SOLID
 70
1
 71
0
 91
1
 92
3
 72
0
 73
1
 93
5
 10
863.118811111111
 20
284.25139999999993
 10
864.1192888888887
 20
284.25139999999993
 10
860.1202
 20
244.24922222222224
 10
859.1197222222222
 20
244.24922222222224
 10
863.118811111111
 20
284.25139999999993
 97
0
 75
1
 76
1
 98
0
  0
HATCH
  5
1F4
330
17
100
AcDbEntity
  8
PERIPHERY
 62
7
420
0
100
AcDbHatch
 10
0.0
 20
0.0
 30
0.0
210
0.0
220
0.0
230
1.0
  2
SOLID
 70
1
 71
0
 91
1
 92
3
 72
0
 73
1
 93
5
 10
865.1197666666666
 20
284.25139999999993
 10
866.1202444444443
 20
284.25139999999993
 10
862.1183333333331
 20
244.24922222222224
 10
861.1206777777776
 20
244.24922222222224
 10
865.1197666666666
 20
284.25139999999993
 97
0
 75
1
 76
1
 98
0
  0
HATCH
  5
1F5
330
17
100
AcDbEntity
  8
PERIPHERY
 62
7
420
0
100
AcDbHatch
 10
0.0
 20
0.0
 30
0.0
210
0.0
220
0.0
230
1.0
  2
SOLID
 70
1
 71
0
 91
1
 92
3
 72
0
 73
1
 93
5
 10
867.1207222222222
 20
284.25139999999993
 10
868.1183777777777
 20
284.25139999999993
 10
864.1192888888888
 20
244.24922222222224
 10
863.1188111111112
 20
244.24922222222224
 10
867.1207222222222
 20
284.25139999999993
 97
0
 75
1
 76
1
 98
0
  0
HATCH
  5
1F6
330
17
100
AcDbEntity
  8
PERIPHERY
 62
7
420
0
100
AcDbHatch
 10
0.0
 20
0.0
 30
0.0
210
0.0
220
0.0
230
1.0
  2
SOLID
 70
1
 71
0
 91
1
 92
3
 72
0
 73
1
 93
5
 10
869.1188555555553
 20
284.25139999999993
 10
870.1193333333331
 20
284.25139999999993
 10
866.1202444444443
 20
244.24922222222224
 10
865.1197666666666
 20
244.24922222222224
 10
869.1188555555553
 20
284.25139999999993
 97
0
 75
1
 76
1
 98
0
  0
HATCH
  5
1F7
330
17
100
AcDbEntity
  8
PERIPHERY
 62
7
420
0
100
AcDbHatch
 10
0.0
 20
0.0
 30
0.0
210
0.0
220
0.0
230
1.0
  2
SOLID
 70
1
 71
0
 91
1
 92
3
 72
0
 73
1
 93
5
 10
871.119811111111
 20
284.25139999999993
 10
872.1202888888887
 20
284.25139999999993
 10
868.1183777777775
 20
244.24922222222224
 10
867.120722222222
 20
244.24922222222224
 10
871.119811111111
 20
284.25139999999993
 97
0
 75
1
 76
1
 98
0
  0
HATCH
  5
1F8
330
17
100
AcDbEntity
  8
PERIPHERY
 62
7
420
0
100
AcDbHatch
 10
0.0
 20
0.0
 30
0.0
210
0.0
220
0.0
230
1.0
  2
SOLID
 70
1
 71
0
 91
1
 92
3
 72
0
 73
1
 93
5
 10
873.1207666666666
 20
284.25139999999993
 10
874.1212444444442
 20
284.25139999999993
 10
870.1193333333331
 20
244.24922222222224
 10
869.1188555555553
 20
244.24922222222224
 10
873.1207666666666
 20
284.25139999999993
 97
0
 75
1
 76
1
 98
0
  0
HATCH
  5
1F9
330
17
100
AcDbEntity
  8
PERIPHERY
 62
7
420
0
100
AcDbHatch
 10
0.0
 20
0.0
 30
0.0
210
0.0
220
0.0
230
1.0
  2
SOLID
 70
1
 71
0
 91
1
 92
3
 72
0
 73
1
 93
5
 10
875.1188999999999
 20
284.25139999999993
 10
876.1193777777777
 20
284.25139999999993
 10
872.1202888888888
 20
244.24922222222224
 10
871.1198111111112
 20
244.24922222222224
 10
875.1188999999999
 20
284.25139999999993
 97
0
 75
1
 76
1
 98
0
  0
HATCH
  5
1FA
330
17
100
AcDbEntity
  8
PERIPHERY
 62
7
420
0
100
AcDbHatch
 10
0.0
 20
0.0
 30
0.0
210
0.0
220
0.0
230
1.0
  2
SOLID
 70
1
 71
0
 91
1
 92
3
 72
0
 73
1
 93
5
 10
877.1198555555555
 20
284.25139999999993
 10
878.1203333333332
 20
284.25139999999993
 10
874.1212444444444
 20
244.24922222222224
 10
873.1207666666667
 20
244.24922222222224
 10
877.1198555555555
 20
284.25139999999993
 97
0
 75
1
 76
1
 98
0
  0
HATCH
  5
1FB
330
17
100
AcDbEntity
  8
PERIPHERY
 62
7
420
0
100
AcDbHatch
 10
0.0
 20
0.0
 30
0.0
210
0.0
220
0.0
230
1.0
  2
SOLID
 70
1
 71
0
 91
1
 92
3
 72
0
 73
1
 93
5
 10
879.120811111111
 20
284.25139999999993
 10
880.1212888888888
 20
284.25139999999993
 10
876.1193777777777
 20
244.24922222222224
 10
875.1188999999999
 20
244.24922222222224
 10
879.120811111111
 20
284.25139999999993
 97
0
 75
1
 76
1
 98
0
  0
HATCH
  5
1FC
330
17
100
AcDbEntity
  8
PERIPHERY
 62
7
420
0
100
AcDbHatch
 10
0.0
 20
0.0
 30
0.0
210
0.0
220
0.0
230
1.0
  2
SOLID
 70
1
 71
0
 91
1
 92
3
 72
0
 73
1
 93
5
 10
881.1189444444443
 20
284.25139999999993
 10
882.119422222222
 20
284.25139999999993
 10
878.1203333333332
 20
244.24922222222224
 10
877.1198555555555
 20
244.24922222222224
 10
881.1189444444443
 20
284.25139999999993
 97
0
 75
1
 76
1
 98
0
  0
HATCH
  5
1FD
330
17
100
AcDbEntity
  8
PERIPHERY
 62
7
420
0
100
AcDbHatch
 10
0.0
 20
0.0
 30
0.0
210
0.0
220
0.0
230
1.0
  2
SOLID
 70
1
 71
0
 91
1
 92
3
 72
0
 73
1
 93
5
 10
883.1198999999999
 20
284.25139999999993
 10
884.1203777777775
 20
284.25139999999993
 10
880.1212888888888
 20
244.24922222222224
 10
879.120811111111
 20
244.24922222222224
 10
883.1198999999999
 20
284.25139999999993
 97
0
 75
1
 76
1
 98
0
  0
HATCH
  5
1FE
330
17
100
AcDbEntity
  8
PERIPHERY
 62
7
420
0
100
AcDbHatch
 10
0.0
 20
0.0
 30
0.0
210
0.0
220
0.0
230
1.0
  2
SOLID
 70
1
 71
0
 91
1
 92
3
 72
0
 73
1
 93
5
 10
885.1208555555554
 20
284.25139999999993
 10
886.1213333333332
 20
284.25139999999993
 10
882.119422222222
 20
244.24922222222224
 10
881.1189444444443
 20
244.24922222222224
 10
885.1208555555554
 20
284.25139999999993
 97
0
 75
1
 76
1
 98
0
  0
HATCH
  5
1FF
330
17
100
AcDbEntity
  8
PERIPHERY
 62
7
420
0
100
AcDbHatch
 10
0.0
 20
0.0
 30
0.0
210
0.0
220
0.0
230
1.0
  2
SOLID
 70
1
 71
0
 91
1
 92
3
 72
0
 73
1
 93
5
 10
887.1189888888889
 20
284.25139999999993
 10
888.1194666666665
 20
284.25139999999993
 10
884.1203777777778
 20
244.24922222222224
 10
883.1199
 20
244.24922222222224
 10
887.1189888888889
 20
284.25139999999993
 97
0
 75
1
 76
1
 98
0
  0
HATCH
  5
200
330
17
100
AcDbEntity
  8
PERIPHERY
 62
7
420
0
100
AcDbHatch
 10
0.0
 20
0.0
 30
0.0
210
0.0
220
0.0
230
1.0
  2
SOLID
 70
1
 71
0
 91
1
 92
3
 72
0
 73
1
 93
5
 10
889.1199444444444
 20
284.25139999999993
 10
890.1204222222221
 20
284.25139999999993
 10
886.1213333333333
 20
244.24922222222224
 10
885.1208555555556
 20
244.24922222222224
 10
889.1199444444444
 20
284.25139999999993
 97
0
 75
1
 76
1
 98
0
  0
HATCH
  5
201
330
17
100
AcDbEntity
  8
PERIPHERY
 62
7
420
0
100
AcDbHatch
 10
0.0
 20
0.0
 30
0.0
210
0.0
220
0.0
230
1.0
  2
SOLID
 70
1
 71
0
 91
1
 92
3
 72
0
 73
1
 93
5
 10
891.1209
 20
284.25139999999993
 10
892.1213777777776
 20
284.25139999999993
 10
888.1194666666665
 20
244.24922222222224
 10
887.1189888888889
 20
244.24922222222224
 10
891.1209
 20
284.25139999999993
 97
0
 75
1
 76
1
 98
0
  0
HATCH
  5
202
330
17
100
AcDbEntity
  8
PERIPHERY
 62
7
420
0
100
AcDbHatch
 10
0.0
 20
0.0
 30
0.0
210
0.0
220
0.0
230
1.0
  2
SOLID
 70
1
 71
0
 91
1
 92
3
 72
0
 73
1
 93
5
 10
893.1190333333333
 20
284.25139999999993
 10
894.1195111111109
 20
284.25139999999993
 10
890.1204222222221
 20
244.24922222222224
 10
889.1199444444444
 20
244.24922222222224
 10
893.1190333333333
 20
284.25139999999993
 97
0
 75
1
 76
1
 98
0
  0
HATCH
  5
203
330
17
100
AcDbEntity
  8
PERIPHERY
 62
7
420
0
100
AcDbHatch
 10
0.0
 20
0.0
 30
0.0
210
0.0
220
0.0
230
1.0
  2
SOLID
 70
1
 71
0
 91
1
 92
3
 72
0
 73
1
 93
5
 10
895.1199888888888
 20
284.25139999999993
 10
896.1204666666665
 20
284.25139999999993
 10
892.1213777777776
 20
244.24922222222224
 10
891.1209
 20
244.24922222222224
 10
895.1199888888888
 20
284.25139999999993
 97
0
 75
1
 76
1
 98
0
  0
HATCH
  5
204
330
17
100
AcDbEntity
  8
PERIPHERY
 62
7
420
0
100
AcDbHatch
 10
0.0
 20
0.0
 30
0.0
210
0.0
220
0.0
230
1.0
  2
SOLID
 70
1
 71
0
 91
1
 92
3
 72
0
 73
1
 93
5
 10
897.1209444444444
 20
284.25139999999993
 10
898.121422222222
 20
284.25139999999993
 10
894.1195111111109
 20
244.24922222222224
 10
893.1190333333333
 20
244.24922222222224
 10
897.1209444444444
 20
284.25139999999993
 97
0
 75
1
 76
1
 98
0
  0
HATCH
  5
205
330
17
100
AcDbEntity
  8
PERIPHERY
 62
7
420
0
100
AcDbHatch
 10
0.0
 20
0.0
 30
0.0
210
0.0
220
0.0
230
1.0
  2
SOLID
 70
1
 71
0
 91
1
 92
3
 72
0
 73
1
 93
5
 10
899.1190777777778
 20
284.25139999999993
 10
900.1195555555555
 20
284.25139999999993
 10
896.1204666666666
 20
244.24922222222224
 10
895.119988888889
 20
244.24922222222224
 10
899.1190777777778
 20
284.25139999999993
 97
0
 75
1
 76
1
 98
0
  0
HATCH
  5
206
330
17
100
AcDbEntity
  8
PERIPHERY
 62
7
420
0
100
AcDbHatch
 10
0.0
 20
0.0
 30
0.0
210
0.0
220
0.0
230
1.0
  2
SOLID
 70
1
 71
0
 91
1
 92
3
 72
0
 73
1
 93
5
 10
901.1200333333334
 20
284.25139999999993
 10
902.120511111111
 20
284.25139999999993
 10
898.1214222222222
 20
244.24922222222224
 10
897.1209444444445
 20
244.24922222222224
 10
901.1200333333334
 20
284.25139999999993
 97
0
 75
1
 76
1
 98
0
  0
HATCH
  5
207
330
17
100
AcDbEntity
  8
PERIPHERY
 62
7
420
0
100
AcDbHatch
 10
0.0
 20
0.0
 30
0.0
210
0.0
220
0.0
230
1.0
  2
SOLID
 70
1
 71
0
 91
1
 92
3
 72
0
 73
1
 93
5
 10
907.1200777777777
 20
284.25139999999993
 10
908.4535777777778
 20
284.25139999999993
 10
904.4516666666666
 20
244.24922222222224
 10
903.1209888888889
 20
244.24922222222224
 10
907.1200777777777
 20
284.25139999999993
 97
0
 75
1
 76
1
 98
0
  0
HATCH
  5
208
330
17
100
AcDbEntity
  8
PERIPHERY
 62
7
420
0
100
AcDbHatch
 10
0.0
 20
0.0
 30
0.0
210
0.0
220
0.0
230
1.0
  2
SOLID
 70
1
 71
0
 91
1
 92
3
 72
0
 73
1
 93
5
 10
909.7842555555555
 20
284.25139999999993
 10
911.1177555555556
 20
284.25139999999993
 10
907.1186666666667
 20
244.24922222222224
 10
905.7851666666667
 20
244.24922222222224
 10
909.7842555555555
 20
284.25139999999993
 97
0
 75
1
 76
1
 98
0
  0
HATCH
  5
209
330
17
100
AcDbEntity
  8
PERIPHERY
 62
7
420
0
100
AcDbHatch
 10
0.0
 20
0.0
 30
0.0
210
0.0
220
0.0
230
1.0
  2
SOLID
 70
1
 71
0
 91
1
 92
3
 72
0
 73
1
 93
5
 10
912.4526666666666
 20
284.25139999999993
 10
913.7861666666666
 20
284.25139999999993
 10
909.7842555555555
 20
244.24922222222224
 10
908.4535777777778
 20
244.24922222222224
 10
912.4526666666666
 20
284.25139999999993
 97
0
 75
1
 76
1
 98
0
  0
HATCH
  5
20A
330
17
100
AcDbEntity
  8
PERIPHERY
 62
7
420
0
100
AcDbHatch
 10
0.0
 20
0.0
 30
0.0
210
0.0
220
0.0
230
1.0
  2
SOLID
 70
1
 71
0
 91
1
 92
3
 72
0
 73
1
 93
5
 10
915.1182555555555
 20
284.25139999999993
 10
916.4517555555556
 20
284.25139999999993
 10
912.4526666666668
 20
244.24922222222224
 10
911.1191666666667
 20
244.24922222222224
 10
915.1182555555555
 20
284.25139999999993
 97
0
 75
1
 76
1
 98
0
  0
HATCH
  5
20B
330
17
100
AcDbEntity
  8
PERIPHERY
 62
7
420
0
100
AcDbHatch
 10
0.0
 20
0.0
 30
0.0
210
0.0
220
0.0
230
1.0
  2
SOLID
 70
1
 71
0
 91
1
 92
3
 72
0
 73
1
 93
5
 10
917.7852555555555
 20
284.25139999999993
 10
919.1187555555556
 20
284.25139999999993
 10
915.1168444444444
 20
244.24922222222224
 10
913.7861666666666
 20
244.24922222222224
 10
917.7852555555555
 20
284.25139999999993
 97
0
 75
1
 76
1
 98
0
  0
HATCH
  5
20C
330
17
100
AcDbEntity
  8
PERIPHERY
 62
7
420
0
100
AcDbHatch
 10
0.0
 20
0.0
 30
0.0
210
0.0
220
0.0
230
1.0
  2
SOLID
 70
1
 71
0
 91
1
 92
3
 72
0
 73
1
 93
5
 10
920.4508444444443
 20
284.25139999999993
 10
921.7843444444444
 20
284.25139999999993
 10
917.7852555555556
 20
244.24922222222224
 10
916.4517555555556
 20
244.24922222222224
 10
920.4508444444443
 20
284.25139999999993
 97
0
 75
1
 76
1
 98
0
  0
HATCH
  5
20D
330
17
100
AcDbEntity
  8
PERIPHERY
 62
7
420
0
100
AcDbHatch
 10
0.0
 20
0.0
 30
0.0
210
0.0
220
0.0
230
1.0
  2
SOLID
 70
1
 71
0
 91
1
 92
3
 72
0
 73
1
 93
5
 10
923.1192555555555
 20
284.25139999999993
 10
924.4527555555555
 20
284.25139999999993
 10
920.4508444444443
 20
244.24922222222224
 10
919.1173444444443
 20
244.24922222222224
 10
923.1192555555555
 20
284.25139999999993
 97
0
 75
1
 76
1
 98
0
  0
HATCH
  5
20E
330
17
100
AcDbEntity
  8
PERIPHERY
 62
7
420
0
100
AcDbHatch
 10
0.0
 20
0.0
 30
0.0
210
0.0
220
0.0
230
1.0
  2
SOLID
 70
1
 71
0
 91
1
 92
3
 72
0
 73
1
 93
5
 10
925.7834333333333
 20
284.25139999999993
 10
927.1169333333333
 20
284.25139999999993
 10
923.1178444444445
 20
244.24922222222224
 10
921.7843444444444
 20
244.24922222222224
 10
925.7834333333333
 20
284.25139999999993
 97
0
 75
1
 76
1
 98
0
  0
HATCH
  5
20F
330
17
100
AcDbEntity
  8
PERIPHERY
 62
7
420
0
100
AcDbHatch
 10
0.0
 20
0.0
 30
0.0
210
0.0
220
0.0
230
1.0
  2
SOLID
 70
1
 71
0
 91
1
 92
3
 72
0
 73
1
 93
5
 10
928.4518444444443
 20
284.25139999999993
 10
929.782522222222
 20
284.25139999999993
 10
925.7834333333333
 20
244.24922222222224
 10
924.4499333333332
 20
244.24922222222224
 10
928.4518444444443
 20
284.25139999999993
 97
0
 75
1
 76
1
 98
0
  0
HATCH
  5
210
330
17
100
AcDbEntity
  8
PERIPHERY
 62
7
420
0
100
AcDbHatch
 10
0.0
 20
0.0
 30
0.0
210
0.0
220
0.0
230
1.0
  2
SOLID
 70
1
 71
0
 91
1
 92
3
 72
0
 73
1
 93
5
 10
931.1174333333332
 20
284.25139999999993
 10
932.4509333333333
 20
284.25139999999993
 10
928.4518444444445
 20
244.24922222222224
 10
927.1183444444445
 20
244.24922222222224
 10
931.1174333333332
 20
284.25139999999993
 97
0
 75
1
 76
1
 98
0
  0
HATCH
  5
211
330
17
100
AcDbEntity
  8
PERIPHERY
 62
7
420
0
100
AcDbHatch
 10
0.0
 20
0.0
 30
0.0
210
0.0
220
0.0
230
1.0
  2
SOLID
 70
1
 71
0
 91
1
 92
3
 72
0
 73
1
 93
5
 10
933.7844333333333
 20
284.25139999999993
 10
935.115111111111
 20
284.25139999999993
 10
931.1160222222221
 20
244.24922222222224
 10
929.782522222222
 20
244.24922222222224
 10
933.7844333333333
 20
284.25139999999993
 97
0
 75
1
 76
1
 98
0
  0
HATCH
  5
212
330
17
100
AcDbEntity
  8
PERIPHERY
 62
7
420
0
100
AcDbHatch
 10
0.0
 20
0.0
 30
0.0
210
0.0
220
0.0
230
1.0
  2
SOLID
 70
1
 71
0
 91
1
 92
3
 72
0
 73
1
 93
5
 10
936.4500222222221
 20
284.25139999999993
 10
937.7835222222221
 20
284.25139999999993
 10
933.7844333333334
 20
244.24922222222224
 10
932.4509333333333
 20
244.24922222222224
 10
936.4500222222221
 20
284.25139999999993
 97
0
 75
1
 76
1
 98
0
  0
HATCH
  5
213
330
17
100
AcDbEntity
  8
PERIPHERY
 62
7
420
0
100
AcDbHatch
 10
0.0
 20
0.0
 30
0.0
210
0.0
220
0.0
230
1.0
  2
SOLID
 70
1
 71
0
 91
1
 92
3
 72
0
 73
1
 93
5
 10
939.1184333333333
 20
284.25139999999993
 10
940.449111111111
 20
284.25139999999993
 10
936.4500222222223
 20
244.24922222222224
 10
935.1165222222222
 20
244.24922222222224
 10
939.1184333333333
 20
284.25139999999993
 97
0
 75
1
 76
1
 98
0
  0
HATCH
  5
214
330
17
100
AcDbEntity
  8
PERIPHERY
 62
7
420
0
100
AcDbHatch
 10
0.0
 20
0.0
 30
0.0
210
0.0
220
0.0
230
1.0
  2
SOLID
 70
1
 71
0
 91
1
 92
3
 72
0
 73
1
 93
5
 10
941.782611111111
 20
284.25139999999993
 10
943.1161111111111
 20
284.25139999999993
 10
939.1142
 20
244.24922222222224
 10
937.7835222222221
 20
244.24922222222224
 10
941.782611111111
 20
284.25139999999993
 97
0
 75
1
 76
1
 98
0
  0
HATCH
  5
215
330
17
100
AcDbEntity
  8
PERIPHERY
 62
7
420
0
100
AcDbHatch
 10
0.0
 20
0.0
 30
0.0
210
0.0
220
0.0
230
1.0
  2
SOLID
 70
1
 71
0
 91
1
 92
3
 72
0
 73
1
 93
5
 10
944.4510222222222
 20
284.25139999999993
 10
945.7817
 20
284.25139999999993
 10
941.7826111111111
 20
244.24922222222224
 10
940.449111111111
 20
244.24922222222224
 10
944.4510222222222
 20
284.25139999999993
 97
0
 75
1
 76
1
 98
0
  0
HATCH
  5
216
330
17
100
AcDbEntity
  8
PERIPHERY
 62
7
420
0
100
AcDbHatch
 10
0.0
 20
0.0
 30
0.0
210
0.0
220
0.0
230
1.0
  2
SOLID
 70
1
 71
0
 91
1
 92
3
 72
0
 73
1
 93
5
 10
947.116611111111
 20
284.25139999999993
 10
948.450111111111
 20
284.25139999999993
 10
944.4481999999999
 20
244.24922222222224
 10
943.1175222222222
 20
244.24922222222224
 10
947.116611111111
 20
284.25139999999993
 97
0
 75
1
 76
1
 98
0
  0
HATCH
  5
217
330
17
100
AcDbEntity
  8
PERIPHERY
 62
7
420
0
100
AcDbHatch
 10
0.0
 20
0.0
 30
0.0
210
0.0
220
0.0
230
1.0
  2
SOLID
 70
1
 71
0
 91
1
 92
3
 72
0
 73
1
 93
5
 10
949.7807888888888
 20
284.25139999999993
 10
951.1142888888888
 20
284.25139999999993
 10
947.1152000000001
 20
244.24922222222224
 10
945.7817
 20
244.24922222222224
 10
949.7807888888888
 20
284.25139999999993
 97
0
 75
1
 76
1
 98
0
  0
HATCH
  5
218
330
17
100
AcDbEntity
  8
PERIPHERY
 62
7
420
0
100
AcDbHatch
 10
0.0
 20
0.0
 30
0.0
210
0.0
220
0.0
230
1.0
  2
SOLID
 70
1
 71
0
 91
1
 92
3
 72
0
 73
1
 93
5
 10
952.4492
 20
284.25139999999993
 10
953.7827000000001
 20
284.25139999999993
 10
949.7807888888889
 20
244.24922222222224
 10
948.4501111111111
 20
244.24922222222224
 10
952.4492
 20
284.25139999999993
 97
0
 75
1
 76
1
 98
0
  0
HATCH
  5
219
330
17
100
AcDbEntity
  8
PERIPHERY
 62
7
420
0
100
AcDbHatch
 10
0.0
 20
0.0
 30
0.0
210
0.0
220
0.0
230
1.0
  2
SOLID
 70
1
 71
0
 91
1
 92
3
 72
0
 73
1
 93
5
 10
955.1147888888887
 20
284.25139999999993
 10
956.4482888888888
 20
284.25139999999993
 10
952.4492
 20
244.24922222222224
 10
951.1157
 20
244.24922222222224
 10
955.1147888888887
 20
284.25139999999993
 97
0
 75
1
 76
1
 98
0
  0
HATCH
  5
21A
330
17
100
AcDbEntity
  8
PERIPHERY
 62
7
420
0
100
AcDbHatch
 10
0.0
 20
0.0
 30
0.0
210
0.0
220
0.0
230
1.0
  2
SOLID
 70
1
 71
0
 91
1
 92
3
 72
0
 73
1
 93
5
 10
957.7817888888889
 20
284.25139999999993
 10
959.1152888888889
 20
284.25139999999993
 10
955.1133777777778
 20
244.24922222222224
 10
953.7798777777778
 20
244.24922222222224
 10
957.7817888888889
 20
284.25139999999993
 97
0
 75
1
 76
1
 98
0
  0
HATCH
  5
21B
330
17
100
AcDbEntity
  8
PERIPHERY
 62
7
420
0
100
AcDbHatch
 10
0.0
 20
0.0
 30
0.0
210
0.0
220
0.0
230
1.0
  2
SOLID
 70
1
 71
0
 91
1
 92
3
 72
0
 73
1
 93
5
 10
963.120022222222
 20
284.25139999999993
 10
965.1181555555555
 20
284.25139999999993
 10
961.1190666666666
 20
244.24922222222224
 10
959.1181111111111
 20
244.24922222222224
 10
963.120022222222
 20
284.25139999999993
 97
0
 75
1
 76
1
 98
0
  0
HATCH
  5
21C
330
17
100
AcDbEntity
  8
PERIPHERY
 62
7
420
0
100
AcDbHatch
 10
0.0
 20
0.0
 30
0.0
210
0.0
220
0.0
230
1.0
  2
SOLID
 70
1
 71
0
 91
1
 92
3
 72
0
 73
1
 93
5
 10
967.119111111111
 20
284.25139999999993
 10
969.1200666666666
 20
284.25139999999993
 10
965.1181555555555
 20
244.24922222222224
 10
963.120022222222
 20
244.24922222222224
 10
967.119111111111
 20
284.25139999999993
 97
0
 75
1
 76
1
 98
0
  0
HATCH
  5
21D
330
17
100
AcDbEntity
  8
PERIPHERY
 62
7
420
0
100
AcDbHatch
 10
0.0
 20
0.0
 30
0.0
210
0.0
220
0.0
230
1.0
  2
SOLID
 70
1
 71
0
 91
1
 92
3
 72
0
 73
1
 93
5
 10
971.1181999999999
 20
284.25139999999993
 10
973.1191555555554
 20
284.25139999999993
 10
969.1200666666666
 20
244.24922222222224
 10
967.119111111111
 20
244.24922222222224
 10
971.1181999999999
 20
284.25139999999993
 97
0
 75
1
 76
1
 98
0
  0
HATCH
  5
21E
330
17
100
AcDbEntity
  8
PERIPHERY
 62
7
420
0
100
AcDbHatch
 10
0.0
 20
0.0
 30
0.0
210
0.0
220
0.0
230
1.0
  2
SOLID
 70
1
 71
0
 91
1
 92
3
 72
0
 73
1
 93
5
 10
975.120111111111
 20
284.25139999999993
 10
977.1182444444444
 20
284.25139999999993
 10
973.1191555555556
 20
244.24922222222224
 10
971.1182
 20
244.24922222222224
 10
975.120111111111
 20
284.25139999999993
 97
0
 75
1
 76
1
 98
0
  0
HATCH
  5
21F
330
17
100
AcDbEntity
  8
PERIPHERY
 62
7
420
0
100
AcDbHatch
 10
0.0
 20
0.0
 30
0.0
210
0.0
220
0.0
230
1.0
  2
SOLID
 70
1
 71
0
 91
1
 92
3
 72
0
 73
1
 93
5
 10
979.1192
 20
284.25139999999993
 10
981.1201555555555
 20
284.25139999999993
 10
977.1182444444444
 20
244.24922222222224
 10
975.120111111111
 20
244.24922222222224
 10
979.1192
 20
284.25139999999993
 97
0
 75
1
 76
1
 98
0
  0
HATCH
  5
220
330
17
100
AcDbEntity
  8
PERIPHERY
 62
7
420
0
100
AcDbHatch
 10
0.0
 20
0.0
 30
0.0
210
0.0
220
0.0
230
1.0
  2
SOLID
 70
1
 71
0
 91
1
 92
3
 72
0
 73
1
 93
5
 10
983.1182888888887
 20
284.25139999999993
 10
985.1192444444443
 20
284.25139999999993
 10
981.1201555555555
 20
244.24922222222224
 10
979.1192
 20
244.24922222222224
 10
983.1182888888887
 20
284.25139999999993
 97
0
 75
1
 76
1
 98
0
  0
HATCH
  5
221
330
17
100
AcDbEntity
  8
PERIPHERY
 62
7
420
0
100
AcDbHatch
 10
0.0
 20
0.0
 30
0.0
210
0.0
220
0.0
230
1.0
  2
SOLID
 70
1
 71
0
 91
1
 92
3
 72
0
 73
1
 93
5
 10
987.1202
 20
284.25139999999993
 10
989.1183333333333
 20
284.25139999999993
 10
985.1192444444445
 20
244.24922222222224
 10
983.118288888889
 20
244.24922222222224
 10
987.1202
 20
284.25139999999993
 97
0
 75
1
 76
1
 98
0
  0
HATCH
  5
222
330
17
100
AcDbEntity
  8
PERIPHERY
 62
7
420
0
100
AcDbHatch
 10
0.0
 20
0.0
 30
0.0
210
0.0
220
0.0
230
1.0
  2
SOLID
 70
1
 71
0
 91
1
 92
3
 72
0
 73
1
 93
5
 10
991.1206999999999
 20
284.25139999999993
 10
993.1188333333333
 20
284.25139999999993
 10
989.1183333333333
 20
244.24922222222224
 10
987.1202
 20
244.24922222222224
 10
991.1206999999999
 20
284.25139999999993
 97
0
 75
1
 76
1
 98
0
  0
HATCH
  5
223
330
17
100
AcDbEntity
  8
PERIPHERY
 62
7
420
0
100
AcDbHatch
 10
0.0
 20
0.0
 30
0.0
210
0.0
220
0.0
230
1.0
  2
SOLID
 70
1
 71
0
 91
1
 92
3
 72
0
 73
1
 93
5
 10
995.1197888888887
 20
284.25139999999993
 10
997.1207444444443
 20
284.25139999999993
 10
993.1188333333332
 20
244.24922222222224
 10
991.1206999999998
 20
244.24922222222224
 10
995.1197888888887
 20
284.25139999999993
 97
0
 75
1
 76
1
 98
0
  0
HATCH
  5
224
330
17
100
AcDbEntity
  8
PERIPHERY
 62
7
420
0
100
AcDbHatch
 10
0.0
 20
0.0
 30
0.0
210
0.0
220
0.0
230
1.0
  2
SOLID
 70
1
 71
0
 91
1
 92
3
 72
0
 73
1
 93
5
 10
999.1188777777777
 20
284.25139999999993
 10
1001.1198333333333
 20
284.25139999999993
 10
997.1207444444445
 20
244.24922222222224
 10
995.1197888888889
 20
244.24922222222224
 10
999.1188777777777
 20
284.25139999999993
 97
0
 75
1
 76
1
 98
0
  0
HATCH
  5
225
330
17
100
AcDbEntity
  8
PERIPHERY
 62
7
420
0
100
AcDbHatch
 10
0.0
 20
0.0
 30
0.0
210
0.0
220
0.0
230
1.0
  2
SOLID
 70
1
 71
0
 91
1
 92
3
 72
0
 73
1
 93
5
 10
1003.1207888888889
 20
284.25139999999993
 10
1005.1189222222223
 20
284.25139999999993
 10
1001.1198333333334
 20
244.24922222222224
 10
999.1188777777779
 20
244.24922222222224
 10
1003.1207888888889
 20
284.25139999999993
 97
0
 75
1
 76
1
 98
0
  0
HATCH
  5
226
330
17
100
AcDbEntity
  8
PERIPHERY
 62
7
420
0
100
AcDbHatch
 10
0.0
 20
0.0
 30
0.0
210
0.0
220
0.0
230
1.0
  2
SOLID
 70
1
 71
0
 91
1
 92
3
 72
0
 73
1
 93
5
 10
1007.1198777777777
 20
284.25139999999993
 10
1009.1208333333333
 20
284.25139999999993
 10
1005.1189222222221
 20
244.24922222222224
 10
1003.1207888888887
 20
244.24922222222224
 10
1007.1198777777777
 20
284.25139999999993
 97
0
 75
1
 76
1
 98
0
  0
HATCH
  5
227
330
17
100
AcDbEntity
  8
PERIPHERY
 62
7
420
0
100
AcDbHatch
 10
0.0
 20
0.0
 30
0.0
210
0.0
220
0.0
230
1.0
  2
SOLID
 70
1
 71
0
 91
1
 92
3
 72
0
 73
1
 93
5
 10
1011.1189666666667
 20
284.25139999999993
 10
1013.1199222222223
 20
284.25139999999993
 10
1009.1208333333334
 20
244.24922222222224
 10
1007.1198777777778
 20
244.24922222222224
 10
1011.1189666666667
 20
284.25139999999993
 97
0
 75
1
 76
1
 98
0
  0
HATCH
  5
228
330
17
100
AcDbEntity
  8
PERIPHERY
 62
7
420
0
100
AcDbHatch
 10
0.0
 20
0.0
 30
0.0
210
0.0
220
0.0
230
1.0
  2
SOLID
 70
1
 71
0
 91
1
 92
3
 72
0
 73
1
 93
5
 10
1019.1199666666666
 20
284.25139999999993
 10
1023.1190555555554
 20
284.25139999999993
 10
1019.1199666666666
 20
244.24922222222224
 10
1015.1208777777778
 20
244.24922222222224
 10
1019.1199666666666
 20
284.25139999999993
 97
0
 75
1
 76
1
 98
0
  0
HATCH
  5
229
330
17
100
AcDbEntity
  8
PERIPHERY
 62
7
420
0
100
AcDbHatch
 10
0.0
 20
0.0
 30
0.0
210
0.0
220
0.0
230
1.0
  2
SOLID
 70
1
 71
0
 91
1
 92
3
 72
0
 73
1
 93
5
 10
1027.1209666666666
 20
284.25139999999993
 10
1031.1200555555554
 20
284.25139999999993
 10
1027.1209666666666
 20
244.24922222222224
 10
1023.1190555555554
 20
244.24922222222224
 10
1027.1209666666666
 20
284.25139999999993
 97
0
 75
1
 76
1
 98
0
  0
HATCH
  5
22A
330
17
100
AcDbEntity
  8
PERIPHERY
 62
7
420
0
100
AcDbHatch
 10
0.0
 20
0.0
 30
0.0
210
0.0
220
0.0
230
1.0
  2
SOLID
 70
1
 71
0
 91
1
 92
3
 72
0
 73
1
 93
5
 10
1035.1191444444444
 20
284.25139999999993
 10
1039.1210555555554
 20
284.25139999999993
 10
1035.1191444444444
 20
244.24922222222224
 10
1031.1200555555556
 20
244.24922222222224
 10
1035.1191444444444
 20
284.25139999999993
 97
0
 75
1
 76
1
 98
0
  0
HATCH
  5
22B
330
17
100
AcDbEntity
  8
PERIPHERY
 62
7
420
0
100
AcDbHatch
 10
0.0
 20
0.0
 30
0.0
210
0.0
220
0.0
230
1.0
  2
SOLID
 70
1
 71
0
 91
1
 92
3
 72
0
 73
1
 93
5
 10
1043.1201444444443
 20
284.25139999999993
 10
1047.1192333333333
 20
284.25139999999993
 10
1043.1201444444443
 20
244.24922222222224
 10
1039.1210555555556
 20
244.24922222222224
 10
1043.1201444444443
 20
284.25139999999993
 97
0
 75
1
 76
1
 98
0
  0
HATCH
  5
22C
330
17
100
AcDbEntity
  8
PERIPHERY
 62
7
420
0
100
AcDbHatch
 10
0.0
 20
0.0
 30
0.0
210
0.0
220
0.0
230
1.0
  2
SOLID
 70
1
 71
0
 91
1
 92
3
 72
0
 73
1
 93
5
 10
1051.1211444444443
 20
284.25139999999993
 10
1055.120233333333
 20
284.25139999999993
 10
1051.1211444444443
 20
244.24922222222224
 10
1047.1192333333333
 20
244.24922222222224
 10
1051.1211444444443
 20
284.25139999999993
 97
0
 75
1
 76
1
 98
0
  0
HATCH
  5
22D
330
17
100
AcDbEntity
  8
PERIPHERY
 62
7
420
0
100
AcDbHatch
 10
0.0
 20
0.0
 30
0.0
210
0.0
220
0.0
230
1.0
  2
SOLID
 70
1
 71
0
 91
1
 92
3
 72
0
 73
1
 93
5
 10
1059.119322222222
 20
284.25139999999993
 10
1063.1212333333333
 20
284.25139999999993
 10
1059.119322222222
 20
244.24922222222224
 10
1055.1202333333333
 20
244.24922222222224
 10
1059.119322222222
 20
284.25139999999993
 97
0
 75
1
 76
1
 98
0
  0
HATCH
  5
22E
330
17
100
AcDbEntity
  8
PERIPHERY
 62
7
420
0
100
AcDbHatch
 10
0.0
 20
0.0
 30
0.0
210
0.0
220
0.0
230
1.0
  2
SOLID
 70
1
 71
0
 91
1
 92
3
 72
0
 73
1
 93
4
 10
1067.120322222222
 20
284.25139999999993
 10
1067.120322222222
 20
244.24922222222224
 10
1063.1212333333333
 20
244.24922222222224
 10
1067.120322222222
 20
284.25139999999993
 97
0
 75
1
 76
1
 98
0
  0
HATCH
  5
22F
330
17
100
AcDbEntity
  8
PERIPHERY
 62
7
420
0
100
AcDbHatch
 10
0.0
 20
0.0
 30
0.0
210
0.0
220
0.0
230
1.0
  2
SOLID
 70
1
 71
0
 91
1
 92
3
 72
0
 73
1
 93
5
 10
1151.1195333333333
 20
732.2495444444444
 10
1151.1195333333333
 20
724.2499555555555
 10
1111.1173555555556
 20
724.2499555555555
 10
1111.1173555555556
 20
732.2495444444444
 10
1151.1195333333333
 20
732.2495444444444
 97
0
 75
1
 76
1
 98
0
  0
HATCH
  5
230
330
17
100
AcDbEntity
  8
PERIPHERY
 62
7
420
0
100
AcDbHatch
 10
0.0
 20
0.0
 30
0.0
210
0.0
220
0.0
230
1.0
  2
SOLID
 70
1
 71
0
 91
1
 92
3
 72
0
 73
1
 93
5
 10
1151.1195333333333
 20
676.2495999999999
 10
1151.1195333333333
 20
668.250011111111
 10
1111.1173555555556
 20
668.250011111111
 10
1111.1173555555556
 20
676.2495999999999
 10
1151.1195333333333
 20
676.2495999999999
 97
0
 75
1
 76
1
 98
0
  0
HATCH
  5
231
330
17
100
AcDbEntity
  8
PERIPHERY
 62
7
420
0
100
AcDbHatch
 10
0.0
 20
0.0
 30
0.0
210
0.0
220
0.0
230
1.0
  2
SOLID
 70
1
 71
0
 91
1
 92
3
 72
0
 73
1
 93
5
 10
1151.1195333333333
 20
620.2482444444444
 10
1151.1195333333333
 20
612.2500666666666
 10
1111.1173555555556
 20
612.2500666666666
 10
1111.1173555555556
 20
620.2482444444444
 10
1151.1195333333333
 20
620.2482444444444
 97
0
 75
1
 76
1
 98
0
  0
HATCH
  5
232
330
17
100
AcDbEntity
  8
PERIPHERY
 62
7
420
0
100
AcDbHatch
 10
0.0
 20
0.0
 30
0.0
210
0.0
220
0.0
230
1.0
  2
SOLID
 70
1
 71
0
 91
1
 92
3
 72
0
 73
1
 93
5
 10
1151.1195333333333
 20
564.2497111111111
 10
1151.1195333333333
 20
556.2501222222222
 10
1111.1173555555556
 20
556.2501222222222
 10
1111.1173555555556
 20
564.2497111111111
 10
1151.1195333333333
 20
564.2497111111111
 97
0
 75
1
 76
1
 98
0
  0
HATCH
  5
233
330
17
100
AcDbEntity
  8
PERIPHERY
 62
7
420
0
100
AcDbHatch
 10
0.0
 20
0.0
 30
0.0
210
0.0
220
0.0
230
1.0
  2
SOLID
 70
1
 71
0
 91
1
 92
3
 72
0
 73
1
 93
5
 10
1151.1195333333333
 20
508.24976666666663
 10
1151.1195333333333
 20
500.24876666666665
 10
1111.1173555555556
 20
500.24876666666665
 10
1111.1173555555556
 20
508.24976666666663
 10
1151.1195333333333
 20
508.24976666666663
 97
0
 75
1
 76
1
 98
0
  0
HATCH
  5
234
330
17
100
AcDbEntity
  8
PERIPHERY
 62
7
420
0
100
AcDbHatch
 10
0.0
 20
0.0
 30
0.0
210
0.0
220
0.0
230
1.0
  2
SOLID
 70
1
 71
0
 91
1
 92
3
 72
0
 73
1
 93
5
 10
1151.1195333333333
 20
452.24982222222224
 10
1151.1195333333333
 20
444.25023333333337
 10
1111.1173555555556
 20
444.25023333333337
 10
1111.1173555555556
 20
452.24982222222224
 10
1151.1195333333333
 20
452.24982222222224
 97
0
 75
1
 76
1
 98
0
  0
HATCH
  5
235
330
17
100
AcDbEntity
  8
PERIPHERY
 62
7
420
0
100
AcDbHatch
 10
0.0
 20
0.0
 30
0.0
210
0.0
220
0.0
230
1.0
  2
SOLID
 70
1
 71
0
 91
1
 92
3
 72
0
 73
1
 93
5
 10
1151.1195333333333
 20
396.2498777777778
 10
1151.1195333333333
 20
388.24887777777775
 10
1111.1173555555556
 20
388.24887777777775
 10
1111.1173555555556
 20
396.2498777777778
 10
1151.1195333333333
 20
396.2498777777778
 97
0
 75
1
 76
1
 98
0
  0
HATCH
  5
236
330
17
100
AcDbEntity
  8
PERIPHERY
 62
7
420
0
100
AcDbHatch
 10
0.0
 20
0.0
 30
0.0
210
0.0
220
0.0
230
1.0
  2
SOLID
 70
1
 71
0
 91
1
 92
3
 72
0
 73
1
 93
5
 10
1151.1195333333333
 20
340.24993333333333
 10
1151.1195333333333
 20
332.25034444444447
 10
1111.1173555555556
 20
332.25034444444447
 10
1111.1173555555556
 20
340.24993333333333
 10
1151.1195333333333
 20
340.24993333333333
 97
0
 75
1
 76
1
 98
0
  0
HATCH
  5
237
330
17
100
AcDbEntity
  8
PERIPHERY
 62
7
420
0
100
AcDbHatch
 10
0.0
 20
0.0
 30
0.0
210
0.0
220
0.0
230
1.0
  2
SOLID
 70
1
 71
0
 91
1
 92
3
 72
0
 73
1
 93
5
 10
1151.1195333333333
 20
284.2499888888889
 10
1151.1195333333333
 20
276.24898888888885
 10
1111.1173555555556
 20
276.24898888888885
 10
1111.1173555555556
 20
284.2499888888889
 10
1151.1195333333333
 20
284.2499888888889
 97
0
 75
1
 76
1
 98
0
  0
HATCH
  5
238
330
17
100
AcDbEntity
  8
PERIPHERY
 62
7
420
0
100
AcDbHatch
 10
0.0
 20
0.0
 30
0.0
210
0.0
220
0.0
230
1.0
  2
SOLID
 70
1
 71
0
 91
1
 92
3
 72
0
 73
1
 93
5
 10
1151.1195333333333
 20
780.2498999999999
 10
1151.1195333333333
 20
772.250311111111
 10
1111.1173555555556
 20
776.2493999999999
 10
1111.1173555555556
 20
780.2498999999999
 10
1151.1195333333333
 20
780.2498999999999
 97
0
 75
1
 76
1
 98
0
  0
HATCH
  5
239
330
17
100
AcDbEntity
  8
PERIPHERY
 62
7
420
0
100
AcDbHatch
 10
0.0
 20
0.0
 30
0.0
210
0.0
220
0.0
230
1.0
  2
SOLID
 70
1
 71
0
 91
1
 92
3
 72
0
 73
1
 93
5
 10
1151.1195333333333
 20
764.2493111111111
 10
1151.1195333333333
 20
756.2497222222221
 10
1111.1173555555556
 20
760.2502222222222
 10
1111.1173555555556
 20
768.2498111111111
 10
1151.1195333333333
 20
764.2493111111111
 97
0
 75
1
 76
1
 98
0
  0
HATCH
  5
23A
330
17
100
AcDbEntity
  8
PERIPHERY
 62
7
420
0
100
AcDbHatch
 10
0.0
 20
0.0
 30
0.0
210
0.0
220
0.0
230
1.0
  2
SOLID
 70
1
 71
0
 91
1
 92
3
 72
0
 73
1
 93
5
 10
1151.1195333333333
 20
748.2501333333332
 10
1151.1195333333333
 20
740.2505444444444
 10
1111.1173555555556
 20
744.2496333333333
 10
1111.1173555555556
 20
752.2492222222222
 10
1151.1195333333333
 20
748.2501333333332
 97
0
 75
1
 76
1
 98
0
  0
HATCH
  5
23B
330
17
100
AcDbEntity
  8
PERIPHERY
 62
7
420
0
100
AcDbHatch
 10
0.0
 20
0.0
 30
0.0
210
0.0
220
0.0
230
1.0
  2
SOLID
 70
1
 71
0
 91
1
 92
3
 72
0
 73
1
 93
4
 10
1151.1195333333333
 20
732.2495444444444
 10
1111.1173555555556
 20
732.2495444444444
 10
1111.1173555555556
 20
736.2500444444443
 10
1151.1195333333333
 20
732.2495444444444
 97
0
 75
1
 76
1
 98
0
  0
HATCH
  5
23C
330
17
100
AcDbEntity
  8
PERIPHERY
 62
7
420
0
100
AcDbHatch
 10
0.0
 20
0.0
 30
0.0
210
0.0
220
0.0
230
1.0
  2
SOLID
 70
1
 71
0
 91
1
 92
3
 72
0
 73
1
 93
5
 10
1151.1195333333333
 20
724.2499555555555
 10
1151.1195333333333
 20
721.5829555555555
 10
1111.1173555555556
 20
725.5834555555555
 10
1111.1173555555556
 20
728.2504555555554
 10
1151.1195333333333
 20
724.2499555555555
 97
0
 75
1
 76
1
 98
0
  0
HATCH
  5
23D
330
17
100
AcDbEntity
  8
PERIPHERY
 62
7
420
0
100
AcDbHatch
 10
0.0
 20
0.0
 30
0.0
210
0.0
220
0.0
230
1.0
  2
SOLID
 70
1
 71
0
 91
1
 92
3
 72
0
 73
1
 93
5
 10
1151.1195333333333
 20
718.9159555555555
 10
1151.1195333333333
 20
716.2489555555554
 10
1111.1173555555556
 20
720.2494555555555
 10
1111.1173555555556
 20
722.9164555555554
 10
1151.1195333333333
 20
718.9159555555555
 97
0
 75
1
 76
1
 98
0
  0
HATCH
  5
23E
330
17
100
AcDbEntity
  8
PERIPHERY
 62
7
420
0
100
AcDbHatch
 10
0.0
 20
0.0
 30
0.0
210
0.0
220
0.0
230
1.0
  2
SOLID
 70
1
 71
0
 91
1
 92
3
 72
0
 73
1
 93
5
 10
1151.1195333333333
 20
713.5833666666665
 10
1151.1195333333333
 20
710.9149555555555
 10
1111.1173555555556
 20
714.9154555555556
 10
1111.1173555555556
 20
717.5824555555555
 10
1151.1195333333333
 20
713.5833666666665
 97
0
 75
1
 76
1
 98
0
  0
HATCH
  5
23F
330
17
100
AcDbEntity
  8
PERIPHERY
 62
7
420
0
100
AcDbHatch
 10
0.0
 20
0.0
 30
0.0
210
0.0
220
0.0
230
1.0
  2
SOLID
 70
1
 71
0
 91
1
 92
3
 72
0
 73
1
 93
5
 10
1151.1195333333333
 20
708.2493666666666
 10
1151.1195333333333
 20
705.5823666666666
 10
1111.1173555555556
 20
709.5828666666666
 10
1111.1173555555556
 20
712.2498666666667
 10
1151.1195333333333
 20
708.2493666666666
 97
0
 75
1
 76
1
 98
0
  0
HATCH
  5
240
330
17
100
AcDbEntity
  8
PERIPHERY
 62
7
420
0
100
AcDbHatch
 10
0.0
 20
0.0
 30
0.0
210
0.0
220
0.0
230
1.0
  2
SOLID
 70
1
 71
0
 91
1
 92
3
 72
0
 73
1
 93
5
 10
1151.1195333333333
 20
702.9153666666666
 10
1151.1195333333333
 20
700.2483666666667
 10
1111.1173555555556
 20
704.2474555555555
 10
1111.1173555555556
 20
706.9144555555555
 10
1151.1195333333333
 20
702.9153666666666
 97
0
 75
1
 76
1
 98
0
  0
HATCH
  5
241
330
17
100
AcDbEntity
  8
PERIPHERY
 62
7
420
0
100
AcDbHatch
 10
0.0
 20
0.0
 30
0.0
210
0.0
220
0.0
230
1.0
  2
SOLID
 70
1
 71
0
 91
1
 92
3
 72
0
 73
1
 93
5
 10
1151.1195333333333
 20
697.5813666666666
 10
1151.1195333333333
 20
694.9143666666666
 10
1111.1173555555556
 20
698.9148666666666
 10
1111.1173555555556
 20
701.5818666666665
 10
1151.1195333333333
 20
697.5813666666666
 97
0
 75
1
 76
1
 98
0
  0
HATCH
  5
242
330
17
100
AcDbEntity
  8
PERIPHERY
 62
7
420
0
100
AcDbHatch
 10
0.0
 20
0.0
 30
0.0
210
0.0
220
0.0
230
1.0
  2
SOLID
 70
1
 71
0
 91
1
 92
3
 72
0
 73
1
 93
5
 10
1151.1195333333333
 20
692.2487777777777
 10
1151.1195333333333
 20
689.5817777777777
 10
1111.1173555555556
 20
693.5808666666666
 10
1111.1173555555556
 20
696.2492777777777
 10
1151.1195333333333
 20
692.2487777777777
 97
0
 75
1
 76
1
 98
0
  0
HATCH
  5
243
330
17
100
AcDbEntity
  8
PERIPHERY
 62
7
420
0
100
AcDbHatch
 10
0.0
 20
0.0
 30
0.0
210
0.0
220
0.0
230
1.0
  2
SOLID
 70
1
 71
0
 91
1
 92
3
 72
0
 73
1
 93
5
 10
1151.1195333333333
 20
686.9147777777777
 10
1151.1195333333333
 20
684.2477777777776
 10
1111.1173555555556
 20
688.2482777777777
 10
1111.1173555555556
 20
690.9152777777778
 10
1151.1195333333333
 20
686.9147777777777
 97
0
 75
1
 76
1
 98
0
  0
HATCH
  5
244
330
17
100
AcDbEntity
  8
PERIPHERY
 62
7
420
0
100
AcDbHatch
 10
0.0
 20
0.0
 30
0.0
210
0.0
220
0.0
230
1.0
  2
SOLID
 70
1
 71
0
 91
1
 92
3
 72
0
 73
1
 93
5
 10
1151.1195333333333
 20
681.5807777777777
 10
1151.1195333333333
 20
678.9137777777777
 10
1111.1173555555556
 20
682.9142777777778
 10
1111.1173555555556
 20
685.5812777777777
 10
1151.1195333333333
 20
681.5807777777777
 97
0
 75
1
 76
1
 98
0
  0
HATCH
  5
245
330
17
100
AcDbEntity
  8
PERIPHERY
 62
7
420
0
100
AcDbHatch
 10
0.0
 20
0.0
 30
0.0
210
0.0
220
0.0
230
1.0
  2
SOLID
 70
1
 71
0
 91
1
 92
3
 72
0
 73
1
 93
5
 10
1151.1195333333333
 20
676.2481888888889
 10
1151.1195333333333
 20
673.5797777777777
 10
1111.1173555555556
 20
677.5802777777777
 10
1111.1173555555556
 20
680.2472777777778
 10
1151.1195333333333
 20
676.2481888888889
 97
0
 75
1
 76
1
 98
0
  0
HATCH
  5
246
330
17
100
AcDbEntity
  8
PERIPHERY
 62
7
420
0
100
AcDbHatch
 10
0.0
 20
0.0
 30
0.0
210
0.0
220
0.0
230
1.0
  2
SOLID
 70
1
 71
0
 91
1
 92
3
 72
0
 73
1
 93
5
 10
1151.1195333333333
 20
668.250011111111
 10
1151.1195333333333
 20
666.649811111111
 10
1111.1173555555556
 20
670.650311111111
 10
1111.1173555555556
 20
672.2505111111111
 10
1151.1195333333333
 20
668.250011111111
 97
0
 75
1
 76
1
 98
0
  0
HATCH
  5
247
330
17
100
AcDbEntity
  8
PERIPHERY
 62
7
420
0
100
AcDbHatch
 10
0.0
 20
0.0
 30
0.0
210
0.0
220
0.0
230
1.0
  2
SOLID
 70
1
 71
0
 91
1
 92
3
 72
0
 73
1
 93
5
 10
1151.1195333333333
 20
665.049611111111
 10
1151.1195333333333
 20
663.4494111111111
 10
1111.1173555555556
 20
667.4485
 10
1111.1173555555556
 20
669.050111111111
 10
1151.1195333333333
 20
665.049611111111
 97
0
 75
1
 76
1
 98
0
  0
HATCH
  5
248
330
17
100
AcDbEntity
  8
PERIPHERY
 62
7
420
0
100
AcDbHatch
 10
0.0
 20
0.0
 30
0.0
210
0.0
220
0.0
230
1.0
  2
SOLID
 70
1
 71
0
 91
1
 92
3
 72
0
 73
1
 93
5
 10
1151.1195333333333
 20
661.849211111111
 10
1151.1195333333333
 20
660.2504222222221
 10
1111.1173555555556
 20
664.249511111111
 10
1111.1173555555556
 20
665.849711111111
 10
1151.1195333333333
 20
661.849211111111
 97
0
 75
1
 76
1
 98
0
  0
HATCH
  5
249
330
17
100
AcDbEntity
  8
PERIPHERY
 62
7
420
0
100
AcDbHatch
 10
0.0
 20
0.0
 30
0.0
210
0.0
220
0.0
230
1.0
  2
SOLID
 70
1
 71
0
 91
1
 92
3
 72
0
 73
1
 93
5
 10
1151.1195333333333
 20
658.6488111111111
 10
1151.1195333333333
 20
657.0500222222221
 10
1111.1173555555556
 20
661.0491111111111
 10
1111.1173555555556
 20
662.6493111111109
 10
1151.1195333333333
 20
658.6488111111111
 97
0
 75
1
 76
1
 98
0
  0
HATCH
  5
24A
330
17
100
AcDbEntity
  8
PERIPHERY
 62
7
420
0
100
AcDbHatch
 10
0.0
 20
0.0
 30
0.0
210
0.0
220
0.0
230
1.0
  2
SOLID
 70
1
 71
0
 91
1
 92
3
 72
0
 73
1
 93
5
 10
1151.1195333333333
 20
655.4498222222221
 10
1151.1195333333333
 20
653.8496222222221
 10
1111.1173555555556
 20
657.8501222222221
 10
1111.1173555555556
 20
659.4503222222222
 10
1151.1195333333333
 20
655.4498222222221
 97
0
 75
1
 76
1
 98
0
  0
HATCH
  5
24B
330
17
100
AcDbEntity
  8
PERIPHERY
 62
7
420
0
100
AcDbHatch
 10
0.0
 20
0.0
 30
0.0
210
0.0
220
0.0
230
1.0
  2
SOLID
 70
1
 71
0
 91
1
 92
3
 72
0
 73
1
 93
5
 10
1151.1195333333333
 20
652.2494222222222
 10
1151.1195333333333
 20
650.6492222222222
 10
1111.1173555555556
 20
654.6497222222222
 10
1111.1173555555556
 20
656.248511111111
 10
1151.1195333333333
 20
652.2494222222222
 97
0
 75
1
 76
1
 98
0
  0
HATCH
  5
24C
330
17
100
AcDbEntity
  8
PERIPHERY
 62
7
420
0
100
AcDbHatch
 10
0.0
 20
0.0
 30
0.0
210
0.0
220
0.0
230
1.0
  2
SOLID
 70
1
 71
0
 91
1
 92
3
 72
0
 73
1
 93
5
 10
1151.1195333333333
 20
649.0504333333332
 10
1151.1195333333333
 20
647.4502333333332
 10
1111.1173555555556
 20
651.4507333333333
 10
1111.1173555555556
 20
653.0495222222222
 10
1151.1195333333333
 20
649.0504333333332
 97
0
 75
1
 76
1
 98
0
  0
HATCH
  5
24D
330
17
100
AcDbEntity
  8
PERIPHERY
 62
7
420
0
100
AcDbHatch
 10
0.0
 20
0.0
 30
0.0
210
0.0
220
0.0
230
1.0
  2
SOLID
 70
1
 71
0
 91
1
 92
3
 72
0
 73
1
 93
5
 10
1151.1195333333333
 20
645.8500333333333
 10
1151.1195333333333
 20
644.2484222222221
 10
1111.1173555555556
 20
648.2503333333333
 10
1111.1173555555556
 20
649.8491222222221
 10
1151.1195333333333
 20
645.8500333333333
 97
0
 75
1
 76
1
 98
0
  0
HATCH
  5
24E
330
17
100
AcDbEntity
  8
PERIPHERY
 62
7
420
0
100
AcDbHatch
 10
0.0
 20
0.0
 30
0.0
210
0.0
220
0.0
230
1.0
  2
SOLID
 70
1
 71
0
 91
1
 92
3
 72
0
 73
1
 93
5
 10
1151.1195333333333
 20
642.6496333333332
 10
1151.1195333333333
 20
641.0480222222221
 10
1111.1173555555556
 20
645.0499333333333
 10
1111.1173555555556
 20
646.6487222222222
 10
1151.1195333333333
 20
642.6496333333332
 97
0
 75
1
 76
1
 98
0
  0
HATCH
  5
24F
330
17
100
AcDbEntity
  8
PERIPHERY
 62
7
420
0
100
AcDbHatch
 10
0.0
 20
0.0
 30
0.0
210
0.0
220
0.0
230
1.0
  2
SOLID
 70
1
 71
0
 91
1
 92
3
 72
0
 73
1
 93
5
 10
1151.1195333333333
 20
639.4506444444444
 10
1151.1195333333333
 20
637.8490333333333
 10
1111.1173555555556
 20
641.8495333333333
 10
1111.1173555555556
 20
643.4497333333333
 10
1151.1195333333333
 20
639.4506444444444
 97
0
 75
1
 76
1
 98
0
  0
HATCH
  5
250
330
17
100
AcDbEntity
  8
PERIPHERY
 62
7
420
0
100
AcDbHatch
 10
0.0
 20
0.0
 30
0.0
210
0.0
220
0.0
230
1.0
  2
SOLID
 70
1
 71
0
 91
1
 92
3
 72
0
 73
1
 93
5
 10
1151.1195333333333
 20
636.2502444444443
 10
1151.1195333333333
 20
634.6486333333332
 10
1111.1173555555556
 20
638.6491333333333
 10
1111.1173555555556
 20
640.2493333333333
 10
1151.1195333333333
 20
636.2502444444443
 97
0
 75
1
 76
1
 98
0
  0
HATCH
  5
251
330
17
100
AcDbEntity
  8
PERIPHERY
 62
7
420
0
100
AcDbHatch
 10
0.0
 20
0.0
 30
0.0
210
0.0
220
0.0
230
1.0
  2
SOLID
 70
1
 71
0
 91
1
 92
3
 72
0
 73
1
 93
5
 10
1151.1195333333333
 20
633.0498444444444
 10
1151.1195333333333
 20
631.4496444444444
 10
1111.1173555555556
 20
635.4501444444444
 10
1111.1173555555556
 20
637.0503444444444
 10
1151.1195333333333
 20
633.0498444444444
 97
0
 75
1
 76
1
 98
0
  0
HATCH
  5
252
330
17
100
AcDbEntity
  8
PERIPHERY
 62
7
420
0
100
AcDbHatch
 10
0.0
 20
0.0
 30
0.0
210
0.0
220
0.0
230
1.0
  2
SOLID
 70
1
 71
0
 91
1
 92
3
 72
0
 73
1
 93
5
 10
1151.1195333333333
 20
629.8494444444444
 10
1151.1195333333333
 20
628.2492444444443
 10
1111.1173555555556
 20
632.2497444444444
 10
1111.1173555555556
 20
633.8499444444444
 10
1151.1195333333333
 20
629.8494444444444
 97
0
 75
1
 76
1
 98
0
  0
HATCH
  5
253
330
17
100
AcDbEntity
  8
PERIPHERY
 62
7
420
0
100
AcDbHatch
 10
0.0
 20
0.0
 30
0.0
210
0.0
220
0.0
230
1.0
  2
SOLID
 70
1
 71
0
 91
1
 92
3
 72
0
 73
1
 93
5
 10
1151.1195333333333
 20
626.6504555555555
 10
1151.1195333333333
 20
625.0502555555555
 10
1111.1173555555556
 20
629.0493444444444
 10
1111.1173555555556
 20
630.6509555555555
 10
1151.1195333333333
 20
626.6504555555555
 97
0
 75
1
 76
1
 98
0
  0
HATCH
  5
254
330
17
100
AcDbEntity
  8
PERIPHERY
 62
7
420
0
100
AcDbHatch
 10
0.0
 20
0.0
 30
0.0
210
0.0
220
0.0
230
1.0
  2
SOLID
 70
1
 71
0
 91
1
 92
3
 72
0
 73
1
 93
5
 10
1151.1195333333333
 20
623.4500555555555
 10
1151.1195333333333
 20
621.8498555555555
 10
1111.1173555555556
 20
625.8489444444443
 10
1111.1173555555556
 20
627.4505555555554
 10
1151.1195333333333
 20
623.4500555555555
 97
0
 75
1
 76
1
 98
0
  0
HATCH
  5
255
330
17
100
AcDbEntity
  8
PERIPHERY
 62
7
420
0
100
AcDbHatch
 10
0.0
 20
0.0
 30
0.0
210
0.0
220
0.0
230
1.0
  2
SOLID
 70
1
 71
0
 91
1
 92
3
 72
0
 73
1
 93
5
 10
1151.1195333333333
 20
620.2482444444444
 10
1151.1195333333333
 20
618.6494555555555
 10
1111.1173555555556
 20
622.6485444444444
 10
1111.1173555555556
 20
624.2501555555555
 10
1151.1195333333333
 20
620.2482444444444
 97
0
 75
1
 76
1
 98
0
  0
HATCH
  5
256
330
17
100
AcDbEntity
  8
PERIPHERY
 62
7
420
0
100
AcDbHatch
 10
0.0
 20
0.0
 30
0.0
210
0.0
220
0.0
230
1.0
  2
SOLID
 70
1
 71
0
 91
1
 92
3
 72
0
 73
1
 93
5
 10
1151.1195333333333
 20
617.0492555555555
 10
1151.1195333333333
 20
615.4504666666667
 10
1111.1173555555556
 20
619.4495555555555
 10
1111.1173555555556
 20
621.0497555555555
 10
1151.1195333333333
 20
617.0492555555555
 97
0
 75
1
 76
1
 98
0
  0
HATCH
  5
257
330
17
100
AcDbEntity
  8
PERIPHERY
 62
7
420
0
100
AcDbHatch
 10
0.0
 20
0.0
 30
0.0
210
0.0
220
0.0
230
1.0
  2
SOLID
 70
1
 71
0
 91
1
 92
3
 72
0
 73
1
 93
5
 10
1151.1195333333333
 20
612.2500666666666
 10
1151.1195333333333
 20
611.1056555555555
 10
1111.1173555555556
 20
615.1047444444443
 10
1111.1173555555556
 20
616.2491555555555
 10
1151.1195333333333
 20
612.2500666666666
 97
0
 75
1
 76
1
 98
0
  0
HATCH
  5
258
330
17
100
AcDbEntity
  8
PERIPHERY
 62
7
420
0
100
AcDbHatch
 10
0.0
 20
0.0
 30
0.0
210
0.0
220
0.0
230
1.0
  2
SOLID
 70
1
 71
0
 91
1
 92
3
 72
0
 73
1
 93
5
 10
1151.1195333333333
 20
609.9640666666666
 10
1151.1195333333333
 20
608.8210666666666
 10
1111.1173555555556
 20
612.8201555555555
 10
1111.1173555555556
 20
613.9645666666665
 10
1151.1195333333333
 20
609.9640666666666
 97
0
 75
1
 76
1
 98
0
  0
HATCH
  5
259
330
17
100
AcDbEntity
  8
PERIPHERY
 62
7
420
0
100
AcDbHatch
 10
0.0
 20
0.0
 30
0.0
210
0.0
220
0.0
230
1.0
  2
SOLID
 70
1
 71
0
 91
1
 92
3
 72
0
 73
1
 93
5
 10
1151.1195333333333
 20
607.6780666666666
 10
1151.1195333333333
 20
606.5350666666666
 10
1111.1173555555556
 20
610.5355666666666
 10
1111.1173555555556
 20
611.6785666666666
 10
1151.1195333333333
 20
607.6780666666666
 97
0
 75
1
 76
1
 98
0
  0
HATCH
  5
25A
330
17
100
AcDbEntity
  8
PERIPHERY
 62
7
420
0
100
AcDbHatch
 10
0.0
 20
0.0
 30
0.0
210
0.0
220
0.0
230
1.0
  2
SOLID
 70
1
 71
0
 91
1
 92
3
 72
0
 73
1
 93
5
 10
1151.1195333333333
 20
605.3934777777778
 10
1151.1195333333333
 20
604.2490666666666
 10
1111.1173555555556
 20
608.2495666666666
 10
1111.1173555555556
 20
609.3925666666667
 10
1151.1195333333333
 20
605.3934777777778
 97
0
 75
1
 76
1
 98
0
  0
HATCH
  5
25B
330
17
100
AcDbEntity
  8
PERIPHERY
 62
7
420
0
100
AcDbHatch
 10
0.0
 20
0.0
 30
0.0
210
0.0
220
0.0
230
1.0
  2
SOLID
 70
1
 71
0
 91
1
 92
3
 72
0
 73
1
 93
5
 10
1151.1195333333333
 20
603.1074777777777
 10
1151.1195333333333
 20
601.9644777777777
 10
1111.1173555555556
 20
605.9635666666666
 10
1111.1173555555556
 20
607.1079777777777
 10
1151.1195333333333
 20
603.1074777777777
 97
0
 75
1
 76
1
 98
0
  0
HATCH
  5
25C
330
17
100
AcDbEntity
  8
PERIPHERY
 62
7
420
0
100
AcDbHatch
 10
0.0
 20
0.0
 30
0.0
210
0.0
220
0.0
230
1.0
  2
SOLID
 70
1
 71
0
 91
1
 92
3
 72
0
 73
1
 93
5
 10
1151.1195333333333
 20
600.8214777777778
 10
1151.1195333333333
 20
599.6784777777777
 10
1111.1173555555556
 20
603.6789777777777
 10
1111.1173555555556
 20
604.8219777777776
 10
1151.1195333333333
 20
600.8214777777778
 97
0
 75
1
 76
1
 98
0
  0
HATCH
  5
25D
330
17
100
AcDbEntity
  8
PERIPHERY
 62
7
420
0
100
AcDbHatch
 10
0.0
 20
0.0
 30
0.0
210
0.0
220
0.0
230
1.0
  2
SOLID
 70
1
 71
0
 91
1
 92
3
 72
0
 73
1
 93
5
 10
1151.1195333333333
 20
598.5368888888888
 10
1151.1195333333333
 20
597.3924777777778
 10
1111.1173555555556
 20
601.3929777777778
 10
1111.1173555555556
 20
602.5359777777778
 10
1151.1195333333333
 20
598.5368888888888
 97
0
 75
1
 76
1
 98
0
  0
HATCH
  5
25E
330
17
100
AcDbEntity
  8
PERIPHERY
 62
7
420
0
100
AcDbHatch
 10
0.0
 20
0.0
 30
0.0
210
0.0
220
0.0
230
1.0
  2
SOLID
 70
1
 71
0
 91
1
 92
3
 72
0
 73
1
 93
5
 10
1151.1195333333333
 20
596.2508888888889
 10
1151.1195333333333
 20
595.1078888888889
 10
1111.1173555555556
 20
599.1069777777777
 10
1111.1173555555556
 20
600.2513888888889
 10
1151.1195333333333
 20
596.2508888888889
 97
0
 75
1
 76
1
 98
0
  0
HATCH
  5
25F
330
17
100
AcDbEntity
  8
PERIPHERY
 62
7
420
0
100
AcDbHatch
 10
0.0
 20
0.0
 30
0.0
210
0.0
220
0.0
230
1.0
  2
SOLID
 70
1
 71
0
 91
1
 92
3
 72
0
 73
1
 93
5
 10
1151.1195333333333
 20
593.9634777777777
 10
1151.1195333333333
 20
592.8218888888888
 10
1111.1173555555556
 20
596.8209777777777
 10
1111.1173555555556
 20
597.9639777777777
 10
1151.1195333333333
 20
593.9634777777777
 97
0
 75
1
 76
1
 98
0
  0
HATCH
  5
260
330
17
100
AcDbEntity
  8
PERIPHERY
 62
7
420
0
100
AcDbHatch
 10
0.0
 20
0.0
 30
0.0
210
0.0
220
0.0
230
1.0
  2
SOLID
 70
1
 71
0
 91
1
 92
3
 72
0
 73
1
 93
5
 10
1151.1195333333333
 20
591.6788888888889
 10
1151.1195333333333
 20
590.5344777777777
 10
1111.1173555555556
 20
594.536388888889
 10
1111.1173555555556
 20
595.6779777777779
 10
1151.1195333333333
 20
591.6788888888889
 97
0
 75
1
 76
1
 98
0
  0
HATCH
  5
261
330
17
100
AcDbEntity
  8
PERIPHERY
 62
7
420
0
100
AcDbHatch
 10
0.0
 20
0.0
 30
0.0
210
0.0
220
0.0
230
1.0
  2
SOLID
 70
1
 71
0
 91
1
 92
3
 72
0
 73
1
 93
5
 10
1151.1195333333333
 20
589.3942999999999
 10
1151.1195333333333
 20
588.2498888888888
 10
1111.1173555555556
 20
592.2503888888888
 10
1111.1173555555556
 20
593.3933888888888
 10
1151.1195333333333
 20
589.3942999999999
 97
0
 75
1
 76
1
 98
0
  0
HATCH
  5
262
330
17
100
AcDbEntity
  8
PERIPHERY
 62
7
420
0
100
AcDbHatch
 10
0.0
 20
0.0
 30
0.0
210
0.0
220
0.0
230
1.0
  2
SOLID
 70
1
 71
0
 91
1
 92
3
 72
0
 73
1
 93
5
 10
1151.1195333333333
 20
587.1082999999999
 10
1151.1195333333333
 20
585.9653
 10
1111.1173555555556
 20
589.9643888888888
 10
1111.1173555555556
 20
591.1087999999999
 10
1151.1195333333333
 20
587.1082999999999
 97
0
 75
1
 76
1
 98
0
  0
HATCH
  5
263
330
17
100
AcDbEntity
  8
PERIPHERY
 62
7
420
0
100
AcDbHatch
 10
0.0
 20
0.0
 30
0.0
210
0.0
220
0.0
230
1.0
  2
SOLID
 70
1
 71
0
 91
1
 92
3
 72
0
 73
1
 93
5
 10
1151.1195333333333
 20
584.8222999999999
 10
1151.1195333333333
 20
583.6792999999999
 10
1111.1173555555556
 20
587.6797999999999
 10
1111.1173555555556
 20
588.8227999999999
 10
1151.1195333333333
 20
584.8222999999999
 97
0
 75
1
 76
1
 98
0
  0
HATCH
  5
264
330
17
100
AcDbEntity
  8
PERIPHERY
 62
7
420
0
100
AcDbHatch
 10
0.0
 20
0.0
 30
0.0
210
0.0
220
0.0
230
1.0
  2
SOLID
 70
1
 71
0
 91
1
 92
3
 72
0
 73
1
 93
5
 10
1151.1195333333333
 20
582.5377111111111
 10
1151.1195333333333
 20
581.3933
 10
1111.1173555555556
 20
585.3937999999999
 10
1111.1173555555556
 20
586.5368
 10
1151.1195333333333
 20
582.5377111111111
 97
0
 75
1
 76
1
 98
0
  0
HATCH
  5
265
330
17
100
AcDbEntity
  8
PERIPHERY
 62
7
420
0
100
AcDbHatch
 10
0.0
 20
0.0
 30
0.0
210
0.0
220
0.0
230
1.0
  2
SOLID
 70
1
 71
0
 91
1
 92
3
 72
0
 73
1
 93
5
 10
1151.1195333333333
 20
580.251711111111
 10
1151.1195333333333
 20
579.108711111111
 10
1111.1173555555556
 20
583.1078
 10
1111.1173555555556
 20
584.252211111111
 10
1151.1195333333333
 20
580.251711111111
 97
0
 75
1
 76
1
 98
0
  0
HATCH
  5
266
330
17
100
AcDbEntity
  8
PERIPHERY
 62
7
420
0
100
AcDbHatch
 10
0.0
 20
0.0
 30
0.0
210
0.0
220
0.0
230
1.0
  2
SOLID
 70
1
 71
0
 91
1
 92
3
 72
0
 73
1
 93
5
 10
1151.1195333333333
 20
577.9657111111111
 10
1151.1195333333333
 20
576.8227111111111
 10
1111.1173555555556
 20
580.823211111111
 10
1111.1173555555556
 20
581.966211111111
 10
1151.1195333333333
 20
577.9657111111111
 97
0
 75
1
 76
1
 98
0
  0
HATCH
  5
267
330
17
100
AcDbEntity
  8
PERIPHERY
 62
7
420
0
100
AcDbHatch
 10
0.0
 20
0.0
 30
0.0
210
0.0
220
0.0
230
1.0
  2
SOLID
 70
1
 71
0
 91
1
 92
3
 72
0
 73
1
 93
5
 10
1151.1195333333333
 20
575.679711111111
 10
1151.1195333333333
 20
574.5353
 10
1111.1173555555556
 20
578.5357999999999
 10
1111.1173555555556
 20
579.6787999999999
 10
1151.1195333333333
 20
575.679711111111
 97
0
 75
1
 76
1
 98
0
  0
HATCH
  5
268
330
17
100
AcDbEntity
  8
PERIPHERY
 62
7
420
0
100
AcDbHatch
 10
0.0
 20
0.0
 30
0.0
210
0.0
220
0.0
230
1.0
  2
SOLID
 70
1
 71
0
 91
1
 92
3
 72
0
 73
1
 93
5
 10
1151.1195333333333
 20
573.3951222222222
 10
1151.1195333333333
 20
572.2507111111111
 10
1111.1173555555556
 20
576.2498
 10
1111.1173555555556
 20
577.3942111111111
 10
1151.1195333333333
 20
573.3951222222222
 97
0
 75
1
 76
1
 98
0
  0
HATCH
  5
269
330
17
100
AcDbEntity
  8
PERIPHERY
 62
7
420
0
100
AcDbHatch
 10
0.0
 20
0.0
 30
0.0
210
0.0
220
0.0
230
1.0
  2
SOLID
 70
1
 71
0
 91
1
 92
3
 72
0
 73
1
 93
5
 10
1151.1195333333333
 20
571.107711111111
 10
1151.1195333333333
 20
569.9661222222221
 10
1111.1173555555556
 20
573.965211111111
 10
1111.1173555555556
 20
575.1096222222221
 10
1151.1195333333333
 20
571.107711111111
 97
0
 75
1
 76
1
 98
0
  0
HATCH
  5
26A
330
17
100
AcDbEntity
  8
PERIPHERY
 62
7
420
0
100
AcDbHatch
 10
0.0
 20
0.0
 30
0.0
210
0.0
220
0.0
230
1.0
  2
SOLID
 70
1
 71
0
 91
1
 92
3
 72
0
 73
1
 93
5
 10
1151.1195333333333
 20
568.8231222222222
 10
1151.1195333333333
 20
567.6801222222222
 10
1111.1173555555556
 20
571.6806222222222
 10
1111.1173555555556
 20
572.8236222222222
 10
1151.1195333333333
 20
568.8231222222222
 97
0
 75
1
 76
1
 98
0
  0
HATCH
  5
26B
330
17
100
AcDbEntity
  8
PERIPHERY
 62
7
420
0
100
AcDbHatch
 10
0.0
 20
0.0
 30
0.0
210
0.0
220
0.0
230
1.0
  2
SOLID
 70
1
 71
0
 91
1
 92
3
 72
0
 73
1
 93
5
 10
1151.1195333333333
 20
566.5385333333332
 10
1151.1195333333333
 20
565.3941222222222
 10
1111.1173555555556
 20
569.3946222222221
 10
1111.1173555555556
 20
570.5376222222221
 10
1151.1195333333333
 20
566.5385333333332
 97
0
 75
1
 76
1
 98
0
  0
HATCH
  5
26C
330
17
100
AcDbEntity
  8
PERIPHERY
 62
7
420
0
100
AcDbHatch
 10
0.0
 20
0.0
 30
0.0
210
0.0
220
0.0
230
1.0
  2
SOLID
 70
1
 71
0
 91
1
 92
3
 72
0
 73
1
 93
5
 10
1151.1195333333333
 20
564.2525333333333
 10
1151.1195333333333
 20
563.1095333333333
 10
1111.1173555555556
 20
567.1086222222222
 10
1111.1173555555556
 20
568.2530333333332
 10
1151.1195333333333
 20
564.2525333333333
 97
0
 75
1
 76
1
 98
0
  0
HATCH
  5
26D
330
17
100
AcDbEntity
  8
PERIPHERY
 62
7
420
0
100
AcDbHatch
 10
0.0
 20
0.0
 30
0.0
210
0.0
220
0.0
230
1.0
  2
SOLID
 70
1
 71
0
 91
1
 92
3
 72
0
 73
1
 93
5
 10
1151.1195333333333
 20
561.9665333333334
 10
1151.1195333333333
 20
560.8235333333333
 10
1111.1173555555556
 20
564.8240333333333
 10
1111.1173555555556
 20
565.9670333333333
 10
1151.1195333333333
 20
561.9665333333334
 97
0
 75
1
 76
1
 98
0
  0
HATCH
  5
26E
330
17
100
AcDbEntity
  8
PERIPHERY
 62
7
420
0
100
AcDbHatch
 10
0.0
 20
0.0
 30
0.0
210
0.0
220
0.0
230
1.0
  2
SOLID
 70
1
 71
0
 91
1
 92
3
 72
0
 73
1
 93
5
 10
1151.1195333333333
 20
556.2501222222221
 10
1151.1195333333333
 20
555.3611222222222
 10
1111.1173555555556
 20
559.3616222222221
 10
1111.1173555555556
 20
560.2492111111111
 10
1151.1195333333333
 20
556.2501222222221
 97
0
 75
1
 76
1
 98
0
  0
HATCH
  5
26F
330
17
100
AcDbEntity
  8
PERIPHERY
 62
7
420
0
100
AcDbHatch
 10
0.0
 20
0.0
 30
0.0
210
0.0
220
0.0
230
1.0
  2
SOLID
 70
1
 71
0
 91
1
 92
3
 72
0
 73
1
 93
5
 10
1151.1195333333333
 20
554.4721222222222
 10
1151.1195333333333
 20
553.5831222222222
 10
1111.1173555555556
 20
557.5836222222222
 10
1111.1173555555556
 20
558.4712111111111
 10
1151.1195333333333
 20
554.4721222222222
 97
0
 75
1
 76
1
 98
0
  0
HATCH
  5
270
330
17
100
AcDbEntity
  8
PERIPHERY
 62
7
420
0
100
AcDbHatch
 10
0.0
 20
0.0
 30
0.0
210
0.0
220
0.0
230
1.0
  2
SOLID
 70
1
 71
0
 91
1
 92
3
 72
0
 73
1
 93
5
 10
1151.1195333333333
 20
552.6941222222222
 10
1151.1195333333333
 20
551.8051222222222
 10
1111.1173555555556
 20
555.8056222222222
 10
1111.1173555555556
 20
556.693211111111
 10
1151.1195333333333
 20
552.6941222222222
 97
0
 75
1
 76
1
 98
0
  0
HATCH
  5
271
330
17
100
AcDbEntity
  8
PERIPHERY
 62
7
420
0
100
AcDbHatch
 10
0.0
 20
0.0
 30
0.0
210
0.0
220
0.0
230
1.0
  2
SOLID
 70
1
 71
0
 91
1
 92
3
 72
0
 73
1
 93
5
 10
1151.1195333333333
 20
550.9175333333333
 10
1151.1195333333333
 20
550.0285333333333
 10
1111.1173555555556
 20
554.0290333333332
 10
1111.1173555555556
 20
554.9166222222221
 10
1151.1195333333333
 20
550.9175333333333
 97
0
 75
1
 76
1
 98
0
  0
HATCH
  5
272
330
17
100
AcDbEntity
  8
PERIPHERY
 62
7
420
0
100
AcDbHatch
 10
0.0
 20
0.0
 30
0.0
210
0.0
220
0.0
230
1.0
  2
SOLID
 70
1
 71
0
 91
1
 92
3
 72
0
 73
1
 93
5
 10
1151.1195333333333
 20
549.1395333333332
 10
1151.1195333333333
 20
548.2505333333332
 10
1111.1173555555556
 20
552.2510333333332
 10
1111.1173555555556
 20
553.1400333333332
 10
1151.1195333333333
 20
549.1395333333332
 97
0
 75
1
 76
1
 98
0
  0
HATCH
  5
273
330
17
100
AcDbEntity
  8
PERIPHERY
 62
7
420
0
100
AcDbHatch
 10
0.0
 20
0.0
 30
0.0
210
0.0
220
0.0
230
1.0
  2
SOLID
 70
1
 71
0
 91
1
 92
3
 72
0
 73
1
 93
5
 10
1151.1195333333333
 20
547.3615333333333
 10
1151.1195333333333
 20
546.4725333333333
 10
1111.1173555555556
 20
550.4730333333333
 10
1111.1173555555556
 20
551.3620333333332
 10
1151.1195333333333
 20
547.3615333333333
 97
0
 75
1
 76
1
 98
0
  0
HATCH
  5
274
330
17
100
AcDbEntity
  8
PERIPHERY
 62
7
420
0
100
AcDbHatch
 10
0.0
 20
0.0
 30
0.0
210
0.0
220
0.0
230
1.0
  2
SOLID
 70
1
 71
0
 91
1
 92
3
 72
0
 73
1
 93
5
 10
1151.1195333333333
 20
545.5835333333333
 10
1151.1195333333333
 20
544.6945333333333
 10
1111.1173555555556
 20
548.6950333333333
 10
1111.1173555555556
 20
549.5840333333333
 10
1151.1195333333333
 20
545.5835333333333
 97
0
 75
1
 76
1
 98
0
  0
HATCH
  5
275
330
17
100
AcDbEntity
  8
PERIPHERY
 62
7
420
0
100
AcDbHatch
 10
0.0
 20
0.0
 30
0.0
210
0.0
220
0.0
230
1.0
  2
SOLID
 70
1
 71
0
 91
1
 92
3
 72
0
 73
1
 93
5
 10
1151.1195333333333
 20
543.8069444444444
 10
1151.1195333333333
 20
542.9179444444444
 10
1111.1173555555556
 20
546.9184444444444
 10
1111.1173555555556
 20
547.8074444444444
 10
1151.1195333333333
 20
543.8069444444444
 97
0
 75
1
 76
1
 98
0
  0
HATCH
  5
276
330
17
100
AcDbEntity
  8
PERIPHERY
 62
7
420
0
100
AcDbHatch
 10
0.0
 20
0.0
 30
0.0
210
0.0
220
0.0
230
1.0
  2
SOLID
 70
1
 71
0
 91
1
 92
3
 72
0
 73
1
 93
5
 10
1151.1195333333333
 20
542.0289444444444
 10
1151.1195333333333
 20
541.1413555555555
 10
1111.1173555555556
 20
545.1404444444444
 10
1111.1173555555556
 20
546.0294444444444
 10
1151.1195333333333
 20
542.0289444444444
 97
0
 75
1
 76
1
 98
0
  0
HATCH
  5
277
330
17
100
AcDbEntity
  8
PERIPHERY
 62
7
420
0
100
AcDbHatch
 10
0.0
 20
0.0
 30
0.0
210
0.0
220
0.0
230
1.0
  2
SOLID
 70
1
 71
0
 91
1
 92
3
 72
0
 73
1
 93
5
 10
1151.1195333333333
 20
540.2509444444444
 10
1151.1195333333333
 20
539.3633555555555
 10
1111.1173555555556
 20
543.3624444444443
 10
1111.1173555555556
 20
544.2514444444444
 10
1151.1195333333333
 20
540.2509444444444
 97
0
 75
1
 76
1
 98
0
  0
HATCH
  5
278
330
17
100
AcDbEntity
  8
PERIPHERY
 62
7
420
0
100
AcDbHatch
 10
0.0
 20
0.0
 30
0.0
210
0.0
220
0.0
230
1.0
  2
SOLID
 70
1
 71
0
 91
1
 92
3
 72
0
 73
1
 93
5
 10
1151.1195333333333
 20
538.4729444444445
 10
1151.1195333333333
 20
537.5853555555556
 10
1111.1173555555556
 20
541.5844444444444
 10
1111.1173555555556
 20
542.4734444444445
 10
1151.1195333333333
 20
538.4729444444445
 97
0
 75
1
 76
1
 98
0
  0
HATCH
  5
279
330
17
100
AcDbEntity
  8
PERIPHERY
 62
7
420
0
100
AcDbHatch
 10
0.0
 20
0.0
 30
0.0
210
0.0
220
0.0
230
1.0
  2
SOLID
 70
1
 71
0
 91
1
 92
3
 72
0
 73
1
 93
5
 10
1151.1195333333333
 20
536.6949444444443
 10
1151.1195333333333
 20
535.8073555555554
 10
1111.1173555555556
 20
539.8064444444443
 10
1111.1173555555556
 20
540.6954444444443
 10
1151.1195333333333
 20
536.6949444444443
 97
0
 75
1
 76
1
 98
0
  0
HATCH
  5
27A
330
17
100
AcDbEntity
  8
PERIPHERY
 62
7
420
0
100
AcDbHatch
 10
0.0
 20
0.0
 30
0.0
210
0.0
220
0.0
230
1.0
  2
SOLID
 70
1
 71
0
 91
1
 92
3
 72
0
 73
1
 93
5
 10
1151.1195333333333
 20
534.9183555555555
 10
1151.1195333333333
 20
534.0307666666666
 10
1111.1173555555556
 20
538.0298555555555
 10
1111.1173555555556
 20
538.9188555555555
 10
1151.1195333333333
 20
534.9183555555555
 97
0
 75
1
 76
1
 98
0
  0
HATCH
  5
27B
330
17
100
AcDbEntity
  8
PERIPHERY
 62
7
420
0
100
AcDbHatch
 10
0.0
 20
0.0
 30
0.0
210
0.0
220
0.0
230
1.0
  2
SOLID
 70
1
 71
0
 91
1
 92
3
 72
0
 73
1
 93
5
 10
1151.1195333333333
 20
533.1403555555555
 10
1151.1195333333333
 20
532.2527666666665
 10
1111.1173555555556
 20
536.2518555555555
 10
1111.1173555555556
 20
537.1408555555554
 10
1151.1195333333333
 20
533.1403555555555
 97
0
 75
1
 76
1
 98
0
  0
HATCH
  5
27C
330
17
100
AcDbEntity
  8
PERIPHERY
 62
7
420
0
100
AcDbHatch
 10
0.0
 20
0.0
 30
0.0
210
0.0
220
0.0
230
1.0
  2
SOLID
 70
1
 71
0
 91
1
 92
3
 72
0
 73
1
 93
5
 10
1151.1195333333333
 20
531.3623555555555
 10
1151.1195333333333
 20
530.4747666666666
 10
1111.1173555555556
 20
534.4738555555555
 10
1111.1173555555556
 20
535.3628555555555
 10
1151.1195333333333
 20
531.3623555555555
 97
0
 75
1
 76
1
 98
0
  0
HATCH
  5
27D
330
17
100
AcDbEntity
  8
PERIPHERY
 62
7
420
0
100
AcDbHatch
 10
0.0
 20
0.0
 30
0.0
210
0.0
220
0.0
230
1.0
  2
SOLID
 70
1
 71
0
 91
1
 92
3
 72
0
 73
1
 93
5
 10
1151.1195333333333
 20
529.5843555555555
 10
1151.1195333333333
 20
528.6967666666666
 10
1111.1173555555556
 20
532.6958555555555
 10
1111.1173555555556
 20
533.5848555555555
 10
1151.1195333333333
 20
529.5843555555555
 97
0
 75
1
 76
1
 98
0
  0
HATCH
  5
27E
330
17
100
AcDbEntity
  8
PERIPHERY
 62
7
420
0
100
AcDbHatch
 10
0.0
 20
0.0
 30
0.0
210
0.0
220
0.0
230
1.0
  2
SOLID
 70
1
 71
0
 91
1
 92
3
 72
0
 73
1
 93
5
 10
1151.1195333333333
 20
527.8077666666666
 10
1151.1195333333333
 20
526.9201777777777
 10
1111.1173555555556
 20
530.9192666666665
 10
1111.1173555555556
 20
531.8082666666666
 10
1151.1195333333333
 20
527.8077666666666
 97
0
 75
1
 76
1
 98
0
  0
HATCH
  5
27F
330
17
100
AcDbEntity
  8
PERIPHERY
 62
7
420
0
100
AcDbHatch
 10
0.0
 20
0.0
 30
0.0
210
0.0
220
0.0
230
1.0
  2
SOLID
 70
1
 71
0
 91
1
 92
3
 72
0
 73
1
 93
5
 10
1151.1195333333333
 20
526.0297666666665
 10
1151.1195333333333
 20
525.1421777777776
 10
1111.1173555555556
 20
529.1412666666665
 10
1111.1173555555556
 20
530.0316777777776
 10
1151.1195333333333
 20
526.0297666666665
 97
0
 75
1
 76
1
 98
0
  0
HATCH
  5
280
330
17
100
AcDbEntity
  8
PERIPHERY
 62
7
420
0
100
AcDbHatch
 10
0.0
 20
0.0
 30
0.0
210
0.0
220
0.0
230
1.0
  2
SOLID
 70
1
 71
0
 91
1
 92
3
 72
0
 73
1
 93
5
 10
1151.1195333333333
 20
524.2531777777776
 10
1151.1195333333333
 20
523.3641777777777
 10
1111.1173555555556
 20
527.3632666666666
 10
1111.1173555555556
 20
528.2536777777776
 10
1151.1195333333333
 20
524.2531777777776
 97
0
 75
1
 76
1
 98
0
  0
HATCH
  5
281
330
17
100
AcDbEntity
  8
PERIPHERY
 62
7
420
0
100
AcDbHatch
 10
0.0
 20
0.0
 30
0.0
210
0.0
220
0.0
230
1.0
  2
SOLID
 70
1
 71
0
 91
1
 92
3
 72
0
 73
1
 93
5
 10
1151.1195333333333
 20
522.4751777777777
 10
1151.1195333333333
 20
521.5861777777777
 10
1111.1173555555556
 20
525.5852666666666
 10
1111.1173555555556
 20
526.4756777777777
 10
1151.1195333333333
 20
522.4751777777777
 97
0
 75
1
 76
1
 98
0
  0
HATCH
  5
282
330
17
100
AcDbEntity
  8
PERIPHERY
 62
7
420
0
100
AcDbHatch
 10
0.0
 20
0.0
 30
0.0
210
0.0
220
0.0
230
1.0
  2
SOLID
 70
1
 71
0
 91
1
 92
3
 72
0
 73
1
 93
5
 10
1151.1195333333333
 20
520.6985888888888
 10
1151.1195333333333
 20
519.8095888888889
 10
1111.1173555555556
 20
523.8086777777778
 10
1111.1173555555556
 20
524.6990888888888
 10
1151.1195333333333
 20
520.6985888888888
 97
0
 75
1
 76
1
 98
0
  0
HATCH
  5
283
330
17
100
AcDbEntity
  8
PERIPHERY
 62
7
420
0
100
AcDbHatch
 10
0.0
 20
0.0
 30
0.0
210
0.0
220
0.0
230
1.0
  2
SOLID
 70
1
 71
0
 91
1
 92
3
 72
0
 73
1
 93
5
 10
1151.1195333333333
 20
518.9205888888888
 10
1151.1195333333333
 20
518.0315888888888
 10
1111.1173555555556
 20
522.0306777777777
 10
1111.1173555555556
 20
522.9210888888888
 10
1151.1195333333333
 20
518.9205888888888
 97
0
 75
1
 76
1
 98
0
  0
HATCH
  5
284
330
17
100
AcDbEntity
  8
PERIPHERY
 62
7
420
0
100
AcDbHatch
 10
0.0
 20
0.0
 30
0.0
210
0.0
220
0.0
230
1.0
  2
SOLID
 70
1
 71
0
 91
1
 92
3
 72
0
 73
1
 93
5
 10
1151.1195333333333
 20
517.1425888888888
 10
1151.1195333333333
 20
516.2535888888888
 10
1111.1173555555556
 20
520.2526777777778
 10
1111.1173555555556
 20
521.1430888888888
 10
1151.1195333333333
 20
517.1425888888888
 97
0
 75
1
 76
1
 98
0
  0
HATCH
  5
285
330
17
100
AcDbEntity
  8
PERIPHERY
 62
7
420
0
100
AcDbHatch
 10
0.0
 20
0.0
 30
0.0
210
0.0
220
0.0
230
1.0
  2
SOLID
 70
1
 71
0
 91
1
 92
3
 72
0
 73
1
 93
5
 10
1151.1195333333333
 20
515.3645888888889
 10
1151.1195333333333
 20
514.4755888888889
 10
1111.1173555555556
 20
518.4746777777777
 10
1111.1173555555556
 20
519.3650888888887
 10
1151.1195333333333
 20
515.3645888888889
 97
0
 75
1
 76
1
 98
0
  0
HATCH
  5
286
330
17
100
AcDbEntity
  8
PERIPHERY
 62
7
420
0
100
AcDbHatch
 10
0.0
 20
0.0
 30
0.0
210
0.0
220
0.0
230
1.0
  2
SOLID
 70
1
 71
0
 91
1
 92
3
 72
0
 73
1
 93
5
 10
1151.1195333333333
 20
513.5865888888889
 10
1151.1195333333333
 20
512.6975888888888
 10
1111.1173555555556
 20
516.6980888888888
 10
1111.1173555555556
 20
517.5870888888888
 10
1151.1195333333333
 20
513.5865888888889
 97
0
 75
1
 76
1
 98
0
  0
HATCH
  5
287
330
17
100
AcDbEntity
  8
PERIPHERY
 62
7
420
0
100
AcDbHatch
 10
0.0
 20
0.0
 30
0.0
210
0.0
220
0.0
230
1.0
  2
SOLID
 70
1
 71
0
 91
1
 92
3
 72
0
 73
1
 93
5
 10
1151.1195333333333
 20
511.80999999999995
 10
1151.1195333333333
 20
510.92099999999994
 10
1111.1173555555556
 20
514.9214999999999
 10
1111.1173555555556
 20
515.8104999999999
 10
1151.1195333333333
 20
511.80999999999995
 97
0
 75
1
 76
1
 98
0
  0
HATCH
  5
288
330
17
100
AcDbEntity
  8
PERIPHERY
 62
7
420
0
100
AcDbHatch
 10
0.0
 20
0.0
 30
0.0
210
0.0
220
0.0
230
1.0
  2
SOLID
 70
1
 71
0
 91
1
 92
3
 72
0
 73
1
 93
5
 10
1151.1195333333333
 20
510.0319999999999
 10
1151.1195333333333
 20
509.143
 10
1111.1173555555556
 20
513.1434999999999
 10
1111.1173555555556
 20
514.0324999999999
 10
1151.1195333333333
 20
510.0319999999999
 97
0
 75
1
 76
1
 98
0
  0
HATCH
  5
289
330
17
100
AcDbEntity
  8
PERIPHERY
 62
7
420
0
100
AcDbHatch
 10
0.0
 20
0.0
 30
0.0
210
0.0
220
0.0
230
1.0
  2
SOLID
 70
1
 71
0
 91
1
 92
3
 72
0
 73
1
 93
5
 10
1151.1195333333333
 20
508.25399999999996
 10
1151.1195333333333
 20
507.36499999999995
 10
1111.1173555555556
 20
511.36549999999994
 10
1111.1173555555556
 20
512.2544999999999
 10
1151.1195333333333
 20
508.25399999999996
 97
0
 75
1
 76
1
 98
0
  0
HATCH
  5
28A
330
17
100
AcDbEntity
  8
PERIPHERY
 62
7
420
0
100
AcDbHatch
 10
0.0
 20
0.0
 30
0.0
210
0.0
220
0.0
230
1.0
  2
SOLID
 70
1
 71
0
 91
1
 92
3
 72
0
 73
1
 93
5
 10
1151.1195333333333
 20
506.476
 10
1151.1195333333333
 20
505.587
 10
1111.1173555555556
 20
509.5875
 10
1111.1173555555556
 20
510.47649999999993
 10
1151.1195333333333
 20
506.476
 97
0
 75
1
 76
1
 98
0
  0
HATCH
  5
28B
330
17
100
AcDbEntity
  8
PERIPHERY
 62
7
420
0
100
AcDbHatch
 10
0.0
 20
0.0
 30
0.0
210
0.0
220
0.0
230
1.0
  2
SOLID
 70
1
 71
0
 91
1
 92
3
 72
0
 73
1
 93
5
 10
1151.1195333333333
 20
504.70082222222214
 10
1151.1195333333333
 20
503.8104111111111
 10
1111.1173555555556
 20
507.81091111111107
 10
1111.1173555555556
 20
508.699911111111
 10
1151.1195333333333
 20
504.70082222222214
 97
0
 75
1
 76
1
 98
0
  0
HATCH
  5
28C
330
17
100
AcDbEntity
  8
PERIPHERY
 62
7
420
0
100
AcDbHatch
 10
0.0
 20
0.0
 30
0.0
210
0.0
220
0.0
230
1.0
  2
SOLID
 70
1
 71
0
 91
1
 92
3
 72
0
 73
1
 93
5
 10
1151.1195333333333
 20
500.24876666666665
 10
1151.1195333333333
 20
499.4500777777778
 10
1111.1173555555556
 20
503.44916666666666
 10
1111.1173555555556
 20
504.2492666666667
 10
1151.1195333333333
 20
500.24876666666665
 97
0
 75
1
 76
1
 98
0
  0
HATCH
  5
28D
330
17
100
AcDbEntity
  8
PERIPHERY
 62
7
420
0
100
AcDbHatch
 10
0.0
 20
0.0
 30
0.0
210
0.0
220
0.0
230
1.0
  2
SOLID
 70
1
 71
0
 91
1
 92
3
 72
0
 73
1
 93
5
 10
1151.1195333333333
 20
498.6485666666666
 10
1151.1195333333333
 20
497.84987777777775
 10
1111.1173555555556
 20
501.8489666666666
 10
1111.1173555555556
 20
502.64906666666667
 10
1151.1195333333333
 20
498.6485666666666
 97
0
 75
1
 76
1
 98
0
  0
HATCH
  5
28E
330
17
100
AcDbEntity
  8
PERIPHERY
 62
7
420
0
100
AcDbHatch
 10
0.0
 20
0.0
 30
0.0
210
0.0
220
0.0
230
1.0
  2
SOLID
 70
1
 71
0
 91
1
 92
3
 72
0
 73
1
 93
5
 10
1151.1195333333333
 20
497.0483666666666
 10
1151.1195333333333
 20
496.2496777777777
 10
1111.1173555555556
 20
500.24876666666665
 10
1111.1173555555556
 20
501.04886666666664
 10
1151.1195333333333
 20
497.0483666666666
 97
0
 75
1
 76
1
 98
0
  0
HATCH
  5
28F
330
17
100
AcDbEntity
  8
PERIPHERY
 62
7
420
0
100
AcDbHatch
 10
0.0
 20
0.0
 30
0.0
210
0.0
220
0.0
230
1.0
  2
SOLID
 70
1
 71
0
 91
1
 92
3
 72
0
 73
1
 93
5
 10
1151.1195333333333
 20
495.4481666666666
 10
1151.1195333333333
 20
494.6494777777778
 10
1111.1173555555556
 20
498.6485666666667
 10
1111.1173555555556
 20
499.4486666666667
 10
1151.1195333333333
 20
495.4481666666666
 97
0
 75
1
 76
1
 98
0
  0
HATCH
  5
290
330
17
100
AcDbEntity
  8
PERIPHERY
 62
7
420
0
100
AcDbHatch
 10
0.0
 20
0.0
 30
0.0
210
0.0
220
0.0
230
1.0
  2
SOLID
 70
1
 71
0
 91
1
 92
3
 72
0
 73
1
 93
5
 10
1151.1195333333333
 20
493.8493777777777
 10
1151.1195333333333
 20
493.0492777777777
 10
1111.1173555555556
 20
497.0483666666666
 10
1111.1173555555556
 20
497.8484666666666
 10
1151.1195333333333
 20
493.8493777777777
 97
0
 75
1
 76
1
 98
0
  0
HATCH
  5
291
330
17
100
AcDbEntity
  8
PERIPHERY
 62
7
420
0
100
AcDbHatch
 10
0.0
 20
0.0
 30
0.0
210
0.0
220
0.0
230
1.0
  2
SOLID
 70
1
 71
0
 91
1
 92
3
 72
0
 73
1
 93
5
 10
1151.1195333333333
 20
492.2491777777778
 10
1151.1195333333333
 20
491.4504888888889
 10
1111.1173555555556
 20
495.44816666666674
 10
1111.1173555555556
 20
496.2482666666667
 10
1151.1195333333333
 20
492.2491777777778
 97
0
 75
1
 76
1
 98
0
  0
HATCH
  5
292
330
17
100
AcDbEntity
  8
PERIPHERY
 62
7
420
0
100
AcDbHatch
 10
0.0
 20
0.0
 30
0.0
210
0.0
220
0.0
230
1.0
  2
SOLID
 70
1
 71
0
 91
1
 92
3
 72
0
 73
1
 93
5
 10
1151.1195333333333
 20
490.6503888888888
 10
1151.1195333333333
 20
489.8502888888888
 10
1111.1173555555556
 20
493.8493777777777
 10
1111.1173555555556
 20
494.6494777777777
 10
1151.1195333333333
 20
490.6503888888888
 97
0
 75
1
 76
1
 98
0
  0
HATCH
  5
293
330
17
100
AcDbEntity
  8
PERIPHERY
 62
7
420
0
100
AcDbHatch
 10
0.0
 20
0.0
 30
0.0
210
0.0
220
0.0
230
1.0
  2
SOLID
 70
1
 71
0
 91
1
 92
3
 72
0
 73
1
 93
5
 10
1151.1195333333333
 20
489.0501888888889
 10
1151.1195333333333
 20
488.25008888888885
 10
1111.1173555555556
 20
492.25058888888884
 10
1111.1173555555556
 20
493.0492777777777
 10
1151.1195333333333
 20
489.0501888888889
 97
0
 75
1
 76
1
 98
0
  0
HATCH
  5
294
330
17
100
AcDbEntity
  8
PERIPHERY
 62
7
420
0
100
AcDbHatch
 10
0.0
 20
0.0
 30
0.0
210
0.0
220
0.0
230
1.0
  2
SOLID
 70
1
 71
0
 91
1
 92
3
 72
0
 73
1
 93
5
 10
1151.1195333333333
 20
487.44998888888887
 10
1151.1195333333333
 20
486.6498888888888
 10
1111.1173555555556
 20
490.6503888888888
 10
1111.1173555555556
 20
491.45048888888886
 10
1151.1195333333333
 20
487.44998888888887
 97
0
 75
1
 76
1
 98
0
  0
HATCH
  5
295
330
17
100
AcDbEntity
  8
PERIPHERY
 62
7
420
0
100
AcDbHatch
 10
0.0
 20
0.0
 30
0.0
210
0.0
220
0.0
230
1.0
  2
SOLID
 70
1
 71
0
 91
1
 92
3
 72
0
 73
1
 93
5
 10
1151.1195333333333
 20
485.84978888888884
 10
1151.1195333333333
 20
485.04968888888885
 10
1111.1173555555556
 20
489.0501888888888
 10
1111.1173555555556
 20
489.84887777777766
 10
1151.1195333333333
 20
485.84978888888884
 97
0
 75
1
 76
1
 98
0
  0
HATCH
  5
296
330
17
100
AcDbEntity
  8
PERIPHERY
 62
7
420
0
100
AcDbHatch
 10
0.0
 20
0.0
 30
0.0
210
0.0
220
0.0
230
1.0
  2
SOLID
 70
1
 71
0
 91
1
 92
3
 72
0
 73
1
 93
5
 10
1151.1195333333333
 20
484.2495888888888
 10
1151.1195333333333
 20
483.4494888888888
 10
1111.1173555555556
 20
487.44998888888875
 10
1111.1173555555556
 20
488.24867777777763
 10
1151.1195333333333
 20
484.2495888888888
 97
0
 75
1
 76
1
 98
0
  0
HATCH
  5
297
330
17
100
AcDbEntity
  8
PERIPHERY
 62
7
420
0
100
AcDbHatch
 10
0.0
 20
0.0
 30
0.0
210
0.0
220
0.0
230
1.0
  2
SOLID
 70
1
 71
0
 91
1
 92
3
 72
0
 73
1
 93
5
 10
1151.1195333333333
 20
482.65079999999995
 10
1151.1195333333333
 20
481.85069999999996
 10
1111.1173555555556
 20
485.8511999999999
 10
1111.1173555555556
 20
486.64988888888877
 10
1151.1195333333333
 20
482.65079999999995
 97
0
 75
1
 76
1
 98
0
  0
HATCH
  5
298
330
17
100
AcDbEntity
  8
PERIPHERY
 62
7
420
0
100
AcDbHatch
 10
0.0
 20
0.0
 30
0.0
210
0.0
220
0.0
230
1.0
  2
SOLID
 70
1
 71
0
 91
1
 92
3
 72
0
 73
1
 93
5
 10
1151.1195333333333
 20
481.04918888888886
 10
1151.1195333333333
 20
480.2505
 10
1111.1173555555556
 20
484.251
 10
1111.1173555555556
 20
485.04968888888885
 10
1151.1195333333333
 20
481.04918888888886
 97
0
 75
1
 76
1
 98
0
  0
HATCH
  5
299
330
17
100
AcDbEntity
  8
PERIPHERY
 62
7
420
0
100
AcDbHatch
 10
0.0
 20
0.0
 30
0.0
210
0.0
220
0.0
230
1.0
  2
SOLID
 70
1
 71
0
 91
1
 92
3
 72
0
 73
1
 93
5
 10
1151.1195333333333
 20
479.44898888888883
 10
1151.1195333333333
 20
478.6503
 10
1111.1173555555556
 20
482.65079999999995
 10
1111.1173555555556
 20
483.4494888888888
 10
1151.1195333333333
 20
479.44898888888883
 97
0
 75
1
 76
1
 98
0
  0
HATCH
  5
29A
330
17
100
AcDbEntity
  8
PERIPHERY
 62
7
420
0
100
AcDbHatch
 10
0.0
 20
0.0
 30
0.0
210
0.0
220
0.0
230
1.0
  2
SOLID
 70
1
 71
0
 91
1
 92
3
 72
0
 73
1
 93
5
 10
1151.1195333333333
 20
477.8487888888888
 10
1151.1195333333333
 20
477.0501
 10
1111.1173555555556
 20
481.04918888888886
 10
1111.1173555555556
 20
481.84928888888885
 10
1151.1195333333333
 20
477.8487888888888
 97
0
 75
1
 76
1
 98
0
  0
HATCH
  5
29B
330
17
100
AcDbEntity
  8
PERIPHERY
 62
7
420
0
100
AcDbHatch
 10
0.0
 20
0.0
 30
0.0
210
0.0
220
0.0
230
1.0
  2
SOLID
 70
1
 71
0
 91
1
 92
3
 72
0
 73
1
 93
5
 10
1151.1195333333333
 20
476.24999999999994
 10
1151.1195333333333
 20
475.4513111111111
 10
1111.1173555555556
 20
479.4504
 10
1111.1173555555556
 20
480.2505
 10
1151.1195333333333
 20
476.24999999999994
 97
0
 75
1
 76
1
 98
0
  0
HATCH
  5
29C
330
17
100
AcDbEntity
  8
PERIPHERY
 62
7
420
0
100
AcDbHatch
 10
0.0
 20
0.0
 30
0.0
210
0.0
220
0.0
230
1.0
  2
SOLID
 70
1
 71
0
 91
1
 92
3
 72
0
 73
1
 93
5
 10
1151.1195333333333
 20
474.6497999999999
 10
1151.1195333333333
 20
473.8511111111111
 10
1111.1173555555556
 20
477.8502
 10
1111.1173555555556
 20
478.6503
 10
1151.1195333333333
 20
474.6497999999999
 97
0
 75
1
 76
1
 98
0
  0
HATCH
  5
29D
330
17
100
AcDbEntity
  8
PERIPHERY
 62
7
420
0
100
AcDbHatch
 10
0.0
 20
0.0
 30
0.0
210
0.0
220
0.0
230
1.0
  2
SOLID
 70
1
 71
0
 91
1
 92
3
 72
0
 73
1
 93
5
 10
1151.1195333333333
 20
473.0496
 10
1151.1195333333333
 20
472.2509111111111
 10
1111.1173555555554
 20
476.24999999999994
 10
1111.1173555555554
 20
477.0501
 10
1151.1195333333333
 20
473.0496
 97
0
 75
1
 76
1
 98
0
  0
HATCH
  5
29E
330
17
100
AcDbEntity
  8
PERIPHERY
 62
7
420
0
100
AcDbHatch
 10
0.0
 20
0.0
 30
0.0
210
0.0
220
0.0
230
1.0
  2
SOLID
 70
1
 71
0
 91
1
 92
3
 72
0
 73
1
 93
5
 10
1151.1195333333333
 20
471.44939999999997
 10
1151.1195333333333
 20
470.65071111111115
 10
1111.1173555555556
 20
474.6498
 10
1111.1173555555556
 20
475.4499
 10
1151.1195333333333
 20
471.44939999999997
 97
0
 75
1
 76
1
 98
0
  0
HATCH
  5
29F
330
17
100
AcDbEntity
  8
PERIPHERY
 62
7
420
0
100
AcDbHatch
 10
0.0
 20
0.0
 30
0.0
210
0.0
220
0.0
230
1.0
  2
SOLID
 70
1
 71
0
 91
1
 92
3
 72
0
 73
1
 93
5
 10
1151.1195333333333
 20
469.84919999999994
 10
1151.1195333333333
 20
469.04909999999995
 10
1111.1173555555556
 20
473.04959999999994
 10
1111.1173555555556
 20
473.8496999999999
 10
1151.1195333333333
 20
469.84919999999994
 97
0
 75
1
 76
1
 98
0
  0
HATCH
  5
2A0
330
17
100
AcDbEntity
  8
PERIPHERY
 62
7
420
0
100
AcDbHatch
 10
0.0
 20
0.0
 30
0.0
210
0.0
220
0.0
230
1.0
  2
SOLID
 70
1
 71
0
 91
1
 92
3
 72
0
 73
1
 93
5
 10
1151.1195333333333
 20
468.2504111111111
 10
1151.1195333333333
 20
467.4503111111111
 10
1111.1173555555556
 20
471.4508111111111
 10
1111.1173555555556
 20
472.25091111111107
 10
1151.1195333333333
 20
468.2504111111111
 97
0
 75
1
 76
1
 98
0
  0
HATCH
  5
2A1
330
17
100
AcDbEntity
  8
PERIPHERY
 62
7
420
0
100
AcDbHatch
 10
0.0
 20
0.0
 30
0.0
210
0.0
220
0.0
230
1.0
  2
SOLID
 70
1
 71
0
 91
1
 92
3
 72
0
 73
1
 93
5
 10
1151.1195333333333
 20
466.65021111111105
 10
1151.1195333333333
 20
465.85011111111106
 10
1111.1173555555556
 20
469.85061111111105
 10
1111.1173555555556
 20
470.65071111111104
 10
1151.1195333333333
 20
466.65021111111105
 97
0
 75
1
 76
1
 98
0
  0
HATCH
  5
2A2
330
17
100
AcDbEntity
  8
PERIPHERY
 62
7
420
0
100
AcDbHatch
 10
0.0
 20
0.0
 30
0.0
210
0.0
220
0.0
230
1.0
  2
SOLID
 70
1
 71
0
 91
1
 92
3
 72
0
 73
1
 93
5
 10
1151.1195333333333
 20
465.0500111111111
 10
1151.1195333333333
 20
464.24991111111103
 10
1111.1173555555556
 20
468.250411111111
 10
1111.1173555555556
 20
469.04909999999984
 10
1151.1195333333333
 20
465.0500111111111
 97
0
 75
1
 76
1
 98
0
  0
HATCH
  5
2A3
330
17
100
AcDbEntity
  8
PERIPHERY
 62
7
420
0
100
AcDbHatch
 10
0.0
 20
0.0
 30
0.0
210
0.0
220
0.0
230
1.0
  2
SOLID
 70
1
 71
0
 91
1
 92
3
 72
0
 73
1
 93
5
 10
1151.1195333333333
 20
463.44981111111105
 10
1151.1195333333333
 20
462.649711111111
 10
1111.1173555555556
 20
466.650211111111
 10
1111.1173555555556
 20
467.44889999999987
 10
1151.1195333333333
 20
463.44981111111105
 97
0
 75
1
 76
1
 98
0
  0
HATCH
  5
2A4
330
17
100
AcDbEntity
  8
PERIPHERY
 62
7
420
0
100
AcDbHatch
 10
0.0
 20
0.0
 30
0.0
210
0.0
220
0.0
230
1.0
  2
SOLID
 70
1
 71
0
 91
1
 92
3
 72
0
 73
1
 93
5
 10
1151.1195333333333
 20
461.8496111111111
 10
1151.1195333333333
 20
461.0495111111111
 10
1111.1173555555556
 20
465.0500111111111
 10
1111.1173555555556
 20
465.8486999999999
 10
1151.1195333333333
 20
461.8496111111111
 97
0
 75
1
 76
1
 98
0
  0
HATCH
  5
2A5
330
17
100
AcDbEntity
  8
PERIPHERY
 62
7
420
0
100
AcDbHatch
 10
0.0
 20
0.0
 30
0.0
210
0.0
220
0.0
230
1.0
  2
SOLID
 70
1
 71
0
 91
1
 92
3
 72
0
 73
1
 93
5
 10
1151.1195333333333
 20
460.25082222222215
 10
1151.1195333333333
 20
459.4507222222221
 10
1111.1173555555556
 20
463.4512222222221
 10
1111.1173555555556
 20
464.249911111111
 10
1151.1195333333333
 20
460.25082222222215
 97
0
 75
1
 76
1
 98
0
  0
HATCH
  5
2A6
330
17
100
AcDbEntity
  8
PERIPHERY
 62
7
420
0
100
AcDbHatch
 10
0.0
 20
0.0
 30
0.0
210
0.0
220
0.0
230
1.0
  2
SOLID
 70
1
 71
0
 91
1
 92
3
 72
0
 73
1
 93
5
 10
1151.1195333333333
 20
458.6506222222222
 10
1151.1195333333333
 20
457.8505222222222
 10
1111.1173555555556
 20
461.8510222222222
 10
1111.1173555555556
 20
462.649711111111
 10
1151.1195333333333
 20
458.6506222222222
 97
0
 75
1
 76
1
 98
0
  0
HATCH
  5
2A7
330
17
100
AcDbEntity
  8
PERIPHERY
 62
7
420
0
100
AcDbHatch
 10
0.0
 20
0.0
 30
0.0
210
0.0
220
0.0
230
1.0
  2
SOLID
 70
1
 71
0
 91
1
 92
3
 72
0
 73
1
 93
5
 10
1151.1195333333333
 20
457.04901111111104
 10
1151.1195333333333
 20
456.25032222222217
 10
1111.1173555555556
 20
460.25082222222215
 10
1111.1173555555556
 20
461.049511111111
 10
1151.1195333333333
 20
457.04901111111104
 97
0
 75
1
 76
1
 98
0
  0
HATCH
  5
2A8
330
17
100
AcDbEntity
  8
PERIPHERY
 62
7
420
0
100
AcDbHatch
 10
0.0
 20
0.0
 30
0.0
210
0.0
220
0.0
230
1.0
  2
SOLID
 70
1
 71
0
 91
1
 92
3
 72
0
 73
1
 93
5
 10
1151.1195333333333
 20
455.44881111111107
 10
1151.1195333333333
 20
454.65012222222225
 10
1111.1173555555556
 20
458.6506222222222
 10
1111.1173555555556
 20
459.44931111111106
 10
1151.1195333333333
 20
455.44881111111107
 97
0
 75
1
 76
1
 98
0
  0
HATCH
  5
2A9
330
17
100
AcDbEntity
  8
PERIPHERY
 62
7
420
0
100
AcDbHatch
 10
0.0
 20
0.0
 30
0.0
210
0.0
220
0.0
230
1.0
  2
SOLID
 70
1
 71
0
 91
1
 92
3
 72
0
 73
1
 93
5
 10
1151.1195333333333
 20
453.8486111111111
 10
1151.1195333333333
 20
453.0499222222222
 10
1111.1173555555556
 20
457.0490111111111
 10
1111.1173555555556
 20
457.84911111111114
 10
1151.1195333333333
 20
453.8486111111111
 97
0
 75
1
 76
1
 98
0
  0
HATCH
  5
2AA
330
17
100
AcDbEntity
  8
PERIPHERY
 62
7
420
0
100
AcDbHatch
 10
0.0
 20
0.0
 30
0.0
210
0.0
220
0.0
230
1.0
  2
SOLID
 70
1
 71
0
 91
1
 92
3
 72
0
 73
1
 93
5
 10
1151.1195333333333
 20
452.24982222222224
 10
1151.1195333333333
 20
451.45113333333336
 10
1111.1173555555556
 20
455.45022222222224
 10
1111.1173555555556
 20
456.2503222222223
 10
1151.1195333333333
 20
452.24982222222224
 97
0
 75
1
 76
1
 98
0
  0
HATCH
  5
2AB
330
17
100
AcDbEntity
  8
PERIPHERY
 62
7
420
0
100
AcDbHatch
 10
0.0
 20
0.0
 30
0.0
210
0.0
220
0.0
230
1.0
  2
SOLID
 70
1
 71
0
 91
1
 92
3
 72
0
 73
1
 93
5
 10
1151.1195333333333
 20
450.6496222222222
 10
1151.1195333333333
 20
449.85093333333333
 10
1111.1173555555556
 20
453.8500222222222
 10
1111.1173555555556
 20
454.65012222222225
 10
1151.1195333333333
 20
450.6496222222222
 97
0
 75
1
 76
1
 98
0
  0
HATCH
  5
2AC
330
17
100
AcDbEntity
  8
PERIPHERY
 62
7
420
0
100
AcDbHatch
 10
0.0
 20
0.0
 30
0.0
210
0.0
220
0.0
230
1.0
  2
SOLID
 70
1
 71
0
 91
1
 92
3
 72
0
 73
1
 93
5
 10
1151.1195333333333
 20
449.0494222222222
 10
1151.1195333333333
 20
448.2507333333333
 10
1111.1173555555556
 20
452.24982222222224
 10
1111.1173555555556
 20
453.0499222222222
 10
1151.1195333333333
 20
449.0494222222222
 97
0
 75
1
 76
1
 98
0
  0
HATCH
  5
2AD
330
17
100
AcDbEntity
  8
PERIPHERY
 62
7
420
0
100
AcDbHatch
 10
0.0
 20
0.0
 30
0.0
210
0.0
220
0.0
230
1.0
  2
SOLID
 70
1
 71
0
 91
1
 92
3
 72
0
 73
1
 93
5
 10
1151.1195333333333
 20
444.25023333333326
 10
1151.1195333333333
 20
443.2497555555555
 10
1111.1173555555556
 20
447.25025555555544
 10
1111.1173555555556
 20
448.25073333333324
 10
1151.1195333333333
 20
444.25023333333326
 97
0
 75
1
 76
1
 98
0
  0
HATCH
  5
2AE
330
17
100
AcDbEntity
  8
PERIPHERY
 62
7
420
0
100
AcDbHatch
 10
0.0
 20
0.0
 30
0.0
210
0.0
220
0.0
230
1.0
  2
SOLID
 70
1
 71
0
 91
1
 92
3
 72
0
 73
1
 93
5
 10
1151.1195333333333
 20
442.2506888888889
 10
1151.1195333333333
 20
441.25021111111107
 10
1111.1173555555556
 20
445.25071111111106
 10
1111.1173555555556
 20
446.24977777777775
 10
1151.1195333333333
 20
442.2506888888889
 97
0
 75
1
 76
1
 98
0
  0
HATCH
  5
2AF
330
17
100
AcDbEntity
  8
PERIPHERY
 62
7
420
0
100
AcDbHatch
 10
0.0
 20
0.0
 30
0.0
210
0.0
220
0.0
230
1.0
  2
SOLID
 70
1
 71
0
 91
1
 92
3
 72
0
 73
1
 93
5
 10
1151.1195333333333
 20
440.24973333333327
 10
1151.1195333333333
 20
439.2506666666666
 10
1111.1173555555556
 20
443.2497555555555
 10
1111.1173555555556
 20
444.25023333333326
 10
1151.1195333333333
 20
440.24973333333327
 97
0
 75
1
 76
1
 98
0
  0
HATCH
  5
2B0
330
17
100
AcDbEntity
  8
PERIPHERY
 62
7
420
0
100
AcDbHatch
 10
0.0
 20
0.0
 30
0.0
210
0.0
220
0.0
230
1.0
  2
SOLID
 70
1
 71
0
 91
1
 92
3
 72
0
 73
1
 93
5
 10
1151.1195333333333
 20
438.2501888888889
 10
1151.1195333333333
 20
437.2497111111111
 10
1111.1173555555556
 20
441.25021111111107
 10
1111.1173555555556
 20
442.2506888888889
 10
1151.1195333333333
 20
438.2501888888889
 97
0
 75
1
 76
1
 98
0
  0
HATCH
  5
2B1
330
17
100
AcDbEntity
  8
PERIPHERY
 62
7
420
0
100
AcDbHatch
 10
0.0
 20
0.0
 30
0.0
210
0.0
220
0.0
230
1.0
  2
SOLID
 70
1
 71
0
 91
1
 92
3
 72
0
 73
1
 93
5
 10
1151.1195333333333
 20
436.24923333333334
 10
1151.1195333333333
 20
435.25016666666664
 10
1111.1173555555556
 20
439.2506666666666
 10
1111.1173555555556
 20
440.24973333333327
 10
1151.1195333333333
 20
436.24923333333334
 97
0
 75
1
 76
1
 98
0
  0
HATCH
  5
2B2
330
17
100
AcDbEntity
  8
PERIPHERY
 62
7
420
0
100
AcDbHatch
 10
0.0
 20
0.0
 30
0.0
210
0.0
220
0.0
230
1.0
  2
SOLID
 70
1
 71
0
 91
1
 92
3
 72
0
 73
1
 93
5
 10
1151.1195333333333
 20
434.24968888888884
 10
1151.1195333333333
 20
433.25062222222215
 10
1111.1173555555556
 20
437.249711111111
 10
1111.1173555555556
 20
438.25018888888883
 10
1151.1195333333333
 20
434.24968888888884
 97
0
 75
1
 76
1
 98
0
  0
HATCH
  5
2B3
330
17
100
AcDbEntity
  8
PERIPHERY
 62
7
420
0
100
AcDbHatch
 10
0.0
 20
0.0
 30
0.0
210
0.0
220
0.0
230
1.0
  2
SOLID
 70
1
 71
0
 91
1
 92
3
 72
0
 73
1
 93
5
 10
1151.1195333333333
 20
432.2501444444444
 10
1151.1195333333333
 20
431.24966666666666
 10
1111.1173555555556
 20
435.25016666666664
 10
1111.1173555555556
 20
436.24923333333334
 10
1151.1195333333333
 20
432.2501444444444
 97
0
 75
1
 76
1
 98
0
  0
HATCH
  5
2B4
330
17
100
AcDbEntity
  8
PERIPHERY
 62
7
420
0
100
AcDbHatch
 10
0.0
 20
0.0
 30
0.0
210
0.0
220
0.0
230
1.0
  2
SOLID
 70
1
 71
0
 91
1
 92
3
 72
0
 73
1
 93
5
 10
1151.1195333333333
 20
430.24918888888885
 10
1151.1195333333333
 20
429.25012222222216
 10
1111.1173555555556
 20
433.25062222222215
 10
1111.1173555555556
 20
434.24968888888884
 10
1151.1195333333333
 20
430.24918888888885
 97
0
 75
1
 76
1
 98
0
  0
HATCH
  5
2B5
330
17
100
AcDbEntity
  8
PERIPHERY
 62
7
420
0
100
AcDbHatch
 10
0.0
 20
0.0
 30
0.0
210
0.0
220
0.0
230
1.0
  2
SOLID
 70
1
 71
0
 91
1
 92
3
 72
0
 73
1
 93
5
 10
1151.1195333333333
 20
428.24964444444436
 10
1151.1195333333333
 20
427.25057777777766
 10
1111.1173555555556
 20
431.24966666666654
 10
1111.1173555555556
 20
432.25014444444435
 10
1151.1195333333333
 20
428.24964444444436
 97
0
 75
1
 76
1
 98
0
  0
HATCH
  5
2B6
330
17
100
AcDbEntity
  8
PERIPHERY
 62
7
420
0
100
AcDbHatch
 10
0.0
 20
0.0
 30
0.0
210
0.0
220
0.0
230
1.0
  2
SOLID
 70
1
 71
0
 91
1
 92
3
 72
0
 73
1
 93
5
 10
1151.1195333333333
 20
426.2501
 10
1151.1195333333333
 20
425.2496222222222
 10
1111.1173555555556
 20
429.25012222222216
 10
1111.1173555555556
 20
430.24918888888885
 10
1151.1195333333333
 20
426.2501
 97
0
 75
1
 76
1
 98
0
  0
HATCH
  5
2B7
330
17
100
AcDbEntity
  8
PERIPHERY
 62
7
420
0
100
AcDbHatch
 10
0.0
 20
0.0
 30
0.0
210
0.0
220
0.0
230
1.0
  2
SOLID
 70
1
 71
0
 91
1
 92
3
 72
0
 73
1
 93
5
 10
1151.1195333333333
 20
424.2491444444444
 10
1151.1195333333333
 20
423.2500777777777
 10
1111.1173555555556
 20
427.25057777777766
 10
1111.1173555555556
 20
428.24964444444436
 10
1151.1195333333333
 20
424.2491444444444
 97
0
 75
1
 76
1
 98
0
  0
HATCH
  5
2B8
330
17
100
AcDbEntity
  8
PERIPHERY
 62
7
420
0
100
AcDbHatch
 10
0.0
 20
0.0
 30
0.0
210
0.0
220
0.0
230
1.0
  2
SOLID
 70
1
 71
0
 91
1
 92
3
 72
0
 73
1
 93
5
 10
1151.1195333333333
 20
422.2496
 10
1151.1195333333333
 20
421.24912222222224
 10
1111.1173555555556
 20
425.2496222222222
 10
1111.1173555555556
 20
426.2501
 10
1151.1195333333333
 20
422.2496
 97
0
 75
1
 76
1
 98
0
  0
HATCH
  5
2B9
330
17
100
AcDbEntity
  8
PERIPHERY
 62
7
420
0
100
AcDbHatch
 10
0.0
 20
0.0
 30
0.0
210
0.0
220
0.0
230
1.0
  2
SOLID
 70
1
 71
0
 91
1
 92
3
 72
0
 73
1
 93
5
 10
1151.1195333333333
 20
420.2500555555555
 10
1151.1195333333333
 20
419.24957777777774
 10
1111.1173555555556
 20
423.2500777777777
 10
1111.1173555555556
 20
424.2491444444444
 10
1151.1195333333333
 20
420.2500555555555
 97
0
 75
1
 76
1
 98
0
  0
HATCH
  5
2BA
330
17
100
AcDbEntity
  8
PERIPHERY
 62
7
420
0
100
AcDbHatch
 10
0.0
 20
0.0
 30
0.0
210
0.0
220
0.0
230
1.0
  2
SOLID
 70
1
 71
0
 91
1
 92
3
 72
0
 73
1
 93
5
 10
1151.1195333333333
 20
418.24909999999994
 10
1151.1195333333333
 20
417.25003333333325
 10
1111.1173555555556
 20
421.2491222222221
 10
1111.1173555555556
 20
422.24959999999993
 10
1151.1195333333333
 20
418.24909999999994
 97
0
 75
1
 76
1
 98
0
  0
HATCH
  5
2BB
330
17
100
AcDbEntity
  8
PERIPHERY
 62
7
420
0
100
AcDbHatch
 10
0.0
 20
0.0
 30
0.0
210
0.0
220
0.0
230
1.0
  2
SOLID
 70
1
 71
0
 91
1
 92
3
 72
0
 73
1
 93
5
 10
1151.1195333333333
 20
416.24955555555556
 10
1151.1195333333333
 20
415.24907777777776
 10
1111.1173555555556
 20
419.24957777777774
 10
1111.1173555555556
 20
420.2500555555555
 10
1151.1195333333333
 20
416.24955555555556
 97
0
 75
1
 76
1
 98
0
  0
HATCH
  5
2BC
330
17
100
AcDbEntity
  8
PERIPHERY
 62
7
420
0
100
AcDbHatch
 10
0.0
 20
0.0
 30
0.0
210
0.0
220
0.0
230
1.0
  2
SOLID
 70
1
 71
0
 91
1
 92
3
 72
0
 73
1
 93
5
 10
1151.1195333333333
 20
414.25001111111106
 10
1151.1195333333333
 20
413.24953333333326
 10
1111.1173555555556
 20
417.25003333333325
 10
1111.1173555555556
 20
418.24909999999994
 10
1151.1195333333333
 20
414.25001111111106
 97
0
 75
1
 76
1
 98
0
  0
HATCH
  5
2BD
330
17
100
AcDbEntity
  8
PERIPHERY
 62
7
420
0
100
AcDbHatch
 10
0.0
 20
0.0
 30
0.0
210
0.0
220
0.0
230
1.0
  2
SOLID
 70
1
 71
0
 91
1
 92
3
 72
0
 73
1
 93
5
 10
1151.1195333333333
 20
412.2490555555555
 10
1151.1195333333333
 20
411.24998888888877
 10
1111.1173555555556
 20
415.2490777777777
 10
1111.1173555555556
 20
416.24955555555545
 10
1151.1195333333333
 20
412.2490555555555
 97
0
 75
1
 76
1
 98
0
  0
HATCH
  5
2BE
330
17
100
AcDbEntity
  8
PERIPHERY
 62
7
420
0
100
AcDbHatch
 10
0.0
 20
0.0
 30
0.0
210
0.0
220
0.0
230
1.0
  2
SOLID
 70
1
 71
0
 91
1
 92
3
 72
0
 73
1
 93
5
 10
1151.1195333333333
 20
410.2495111111111
 10
1151.1195333333333
 20
409.24903333333333
 10
1111.1173555555556
 20
413.24953333333326
 10
1111.1173555555556
 20
414.25001111111106
 10
1151.1195333333333
 20
410.2495111111111
 97
0
 75
1
 76
1
 98
0
  0
HATCH
  5
2BF
330
17
100
AcDbEntity
  8
PERIPHERY
 62
7
420
0
100
AcDbHatch
 10
0.0
 20
0.0
 30
0.0
210
0.0
220
0.0
230
1.0
  2
SOLID
 70
1
 71
0
 91
1
 92
3
 72
0
 73
1
 93
5
 10
1151.1195333333333
 20
408.2499666666666
 10
1151.1195333333333
 20
407.24948888888883
 10
1111.1173555555556
 20
411.24998888888877
 10
1111.1173555555556
 20
412.2490555555555
 10
1151.1195333333333
 20
408.2499666666666
 97
0
 75
1
 76
1
 98
0
  0
HATCH
  5
2C0
330
17
100
AcDbEntity
  8
PERIPHERY
 62
7
420
0
100
AcDbHatch
 10
0.0
 20
0.0
 30
0.0
210
0.0
220
0.0
230
1.0
  2
SOLID
 70
1
 71
0
 91
1
 92
3
 72
0
 73
1
 93
5
 10
1151.1195333333333
 20
406.24901111111103
 10
1151.1195333333333
 20
405.24994444444434
 10
1111.1173555555556
 20
409.2490333333332
 10
1111.1173555555556
 20
410.249511111111
 10
1151.1195333333333
 20
406.24901111111103
 97
0
 75
1
 76
1
 98
0
  0
HATCH
  5
2C1
330
17
100
AcDbEntity
  8
PERIPHERY
 62
7
420
0
100
AcDbHatch
 10
0.0
 20
0.0
 30
0.0
210
0.0
220
0.0
230
1.0
  2
SOLID
 70
1
 71
0
 91
1
 92
3
 72
0
 73
1
 93
5
 10
1151.1195333333333
 20
404.24946666666665
 10
1151.1195333333333
 20
403.24898888888885
 10
1111.1173555555556
 20
407.24948888888883
 10
1111.1173555555556
 20
408.2499666666666
 10
1151.1195333333333
 20
404.24946666666665
 97
0
 75
1
 76
1
 98
0
  0
HATCH
  5
2C2
330
17
100
AcDbEntity
  8
PERIPHERY
 62
7
420
0
100
AcDbHatch
 10
0.0
 20
0.0
 30
0.0
210
0.0
220
0.0
230
1.0
  2
SOLID
 70
1
 71
0
 91
1
 92
3
 72
0
 73
1
 93
5
 10
1151.1195333333333
 20
402.2499222222222
 10
1151.1195333333333
 20
401.24944444444446
 10
1111.1173555555556
 20
405.2499444444444
 10
1111.1173555555556
 20
406.2490111111111
 10
1151.1195333333333
 20
402.2499222222222
 97
0
 75
1
 76
1
 98
0
  0
HATCH
  5
2C3
330
17
100
AcDbEntity
  8
PERIPHERY
 62
7
420
0
100
AcDbHatch
 10
0.0
 20
0.0
 30
0.0
210
0.0
220
0.0
230
1.0
  2
SOLID
 70
1
 71
0
 91
1
 92
3
 72
0
 73
1
 93
5
 10
1151.1195333333333
 20
400.24896666666666
 10
1151.1195333333333
 20
399.24989999999997
 10
1111.1173555555556
 20
403.24898888888885
 10
1111.1173555555556
 20
404.24946666666665
 10
1151.1195333333333
 20
400.24896666666666
 97
0
 75
1
 76
1
 98
0
  0
HATCH
  5
2C4
330
17
100
AcDbEntity
  8
PERIPHERY
 62
7
420
0
100
AcDbHatch
 10
0.0
 20
0.0
 30
0.0
210
0.0
220
0.0
230
1.0
  2
SOLID
 70
1
 71
0
 91
1
 92
3
 72
0
 73
1
 93
5
 10
1151.1195333333333
 20
398.24942222222217
 10
1151.1195333333333
 20
397.24894444444436
 10
1111.1173555555556
 20
401.24944444444435
 10
1111.1173555555556
 20
402.24992222222215
 10
1151.1195333333333
 20
398.24942222222217
 97
0
 75
1
 76
1
 98
0
  0
HATCH
  5
2C5
330
17
100
AcDbEntity
  8
PERIPHERY
 62
7
420
0
100
AcDbHatch
 10
0.0
 20
0.0
 30
0.0
210
0.0
220
0.0
230
1.0
  2
SOLID
 70
1
 71
0
 91
1
 92
3
 72
0
 73
1
 93
5
 10
1151.1195333333333
 20
396.2498777777778
 10
1151.1195333333333
 20
395.2494
 10
1111.1173555555556
 20
399.24989999999997
 10
1111.1173555555556
 20
400.24896666666666
 10
1151.1195333333333
 20
396.2498777777778
 97
0
 75
1
 76
1
 98
0
  0
HATCH
  5
2C6
330
17
100
AcDbEntity
  8
PERIPHERY
 62
7
420
0
100
AcDbHatch
 10
0.0
 20
0.0
 30
0.0
210
0.0
220
0.0
230
1.0
  2
SOLID
 70
1
 71
0
 91
1
 92
3
 72
0
 73
1
 93
5
 10
1151.1195333333333
 20
394.2489222222222
 10
1151.1195333333333
 20
393.2498555555555
 10
1111.1173555555556
 20
397.24894444444436
 10
1111.1173555555556
 20
398.24942222222217
 10
1151.1195333333333
 20
394.2489222222222
 97
0
 75
1
 76
1
 98
0
  0
HATCH
  5
2C7
330
17
100
AcDbEntity
  8
PERIPHERY
 62
7
420
0
100
AcDbHatch
 10
0.0
 20
0.0
 30
0.0
210
0.0
220
0.0
230
1.0
  2
SOLID
 70
1
 71
0
 91
1
 92
3
 72
0
 73
1
 93
5
 10
1151.1195333333333
 20
388.24887777777775
 10
1151.1195333333333
 20
386.91678888888885
 10
1111.1173555555556
 20
390.9172888888888
 10
1111.1173555555556
 20
392.24937777777774
 10
1151.1195333333333
 20
388.24887777777775
 97
0
 75
1
 76
1
 98
0
  0
HATCH
  5
2C8
330
17
100
AcDbEntity
  8
PERIPHERY
 62
7
420
0
100
AcDbHatch
 10
0.0
 20
0.0
 30
0.0
210
0.0
220
0.0
230
1.0
  2
SOLID
 70
1
 71
0
 91
1
 92
3
 72
0
 73
1
 93
5
 10
1151.1195333333333
 20
385.5847
 10
1151.1195333333333
 20
384.2512
 10
1111.1173555555556
 20
388.25169999999997
 10
1111.1173555555556
 20
389.5837888888889
 10
1151.1195333333333
 20
385.5847
 97
0
 75
1
 76
1
 98
0
  0
HATCH
  5
2C9
330
17
100
AcDbEntity
  8
PERIPHERY
 62
7
420
0
100
AcDbHatch
 10
0.0
 20
0.0
 30
0.0
210
0.0
220
0.0
230
1.0
  2
SOLID
 70
1
 71
0
 91
1
 92
3
 72
0
 73
1
 93
5
 10
1151.1195333333333
 20
382.9176999999999
 10
1151.1195333333333
 20
381.58419999999995
 10
1111.1173555555556
 20
385.58469999999994
 10
1111.1173555555556
 20
386.91678888888885
 10
1151.1195333333333
 20
382.9176999999999
 97
0
 75
1
 76
1
 98
0
  0
HATCH
  5
2CA
330
17
100
AcDbEntity
  8
PERIPHERY
 62
7
420
0
100
AcDbHatch
 10
0.0
 20
0.0
 30
0.0
210
0.0
220
0.0
230
1.0
  2
SOLID
 70
1
 71
0
 91
1
 92
3
 72
0
 73
1
 93
5
 10
1151.1195333333333
 20
380.25069999999994
 10
1151.1195333333333
 20
378.9172
 10
1111.1173555555556
 20
382.9176999999999
 10
1111.1173555555556
 20
384.2497888888889
 10
1151.1195333333333
 20
380.25069999999994
 97
0
 75
1
 76
1
 98
0
  0
HATCH
  5
2CB
330
17
100
AcDbEntity
  8
PERIPHERY
 62
7
420
0
100
AcDbHatch
 10
0.0
 20
0.0
 30
0.0
210
0.0
220
0.0
230
1.0
  2
SOLID
 70
1
 71
0
 91
1
 92
3
 72
0
 73
1
 93
5
 10
1151.1195333333333
 20
377.5851111111111
 10
1151.1195333333333
 20
376.25161111111106
 10
1111.1173555555556
 20
380.25211111111105
 10
1111.1173555555556
 20
381.58419999999995
 10
1151.1195333333333
 20
377.5851111111111
 97
0
 75
1
 76
1
 98
0
  0
HATCH
  5
2CC
330
17
100
AcDbEntity
  8
PERIPHERY
 62
7
420
0
100
AcDbHatch
 10
0.0
 20
0.0
 30
0.0
210
0.0
220
0.0
230
1.0
  2
SOLID
 70
1
 71
0
 91
1
 92
3
 72
0
 73
1
 93
5
 10
1151.1195333333333
 20
374.9181111111111
 10
1151.1195333333333
 20
373.5846111111111
 10
1111.1173555555556
 20
377.5851111111111
 10
1111.1173555555556
 20
378.9172
 10
1151.1195333333333
 20
374.9181111111111
 97
0
 75
1
 76
1
 98
0
  0
HATCH
  5
2CD
330
17
100
AcDbEntity
  8
PERIPHERY
 62
7
420
0
100
AcDbHatch
 10
0.0
 20
0.0
 30
0.0
210
0.0
220
0.0
230
1.0
  2
SOLID
 70
1
 71
0
 91
1
 92
3
 72
0
 73
1
 93
5
 10
1151.1195333333333
 20
372.2511111111111
 10
1151.1195333333333
 20
370.9176111111111
 10
1111.1173555555556
 20
374.9181111111111
 10
1111.1173555555556
 20
376.25161111111106
 10
1151.1195333333333
 20
372.2511111111111
 97
0
 75
1
 76
1
 98
0
  0
HATCH
  5
2CE
330
17
100
AcDbEntity
  8
PERIPHERY
 62
7
420
0
100
AcDbHatch
 10
0.0
 20
0.0
 30
0.0
210
0.0
220
0.0
230
1.0
  2
SOLID
 70
1
 71
0
 91
1
 92
3
 72
0
 73
1
 93
5
 10
1151.1195333333333
 20
369.5855222222222
 10
1151.1195333333333
 20
368.2520222222222
 10
1111.1173555555556
 20
372.2525222222222
 10
1111.1173555555556
 20
373.58602222222214
 10
1151.1195333333333
 20
369.5855222222222
 97
0
 75
1
 76
1
 98
0
  0
HATCH
  5
2CF
330
17
100
AcDbEntity
  8
PERIPHERY
 62
7
420
0
100
AcDbHatch
 10
0.0
 20
0.0
 30
0.0
210
0.0
220
0.0
230
1.0
  2
SOLID
 70
1
 71
0
 91
1
 92
3
 72
0
 73
1
 93
5
 10
1151.1195333333333
 20
366.91852222222224
 10
1151.1195333333333
 20
365.5864333333333
 10
1111.1173555555556
 20
369.5855222222222
 10
1111.1173555555556
 20
370.91902222222217
 10
1151.1195333333333
 20
366.91852222222224
 97
0
 75
1
 76
1
 98
0
  0
HATCH
  5
2D0
330
17
100
AcDbEntity
  8
PERIPHERY
 62
7
420
0
100
AcDbHatch
 10
0.0
 20
0.0
 30
0.0
210
0.0
220
0.0
230
1.0
  2
SOLID
 70
1
 71
0
 91
1
 92
3
 72
0
 73
1
 93
5
 10
1151.1195333333333
 20
364.25152222222215
 10
1151.1195333333333
 20
362.91943333333325
 10
1111.1173555555556
 20
366.9185222222221
 10
1111.1173555555556
 20
368.25202222222214
 10
1151.1195333333333
 20
364.25152222222215
 97
0
 75
1
 76
1
 98
0
  0
HATCH
  5
2D1
330
17
100
AcDbEntity
  8
PERIPHERY
 62
7
420
0
100
AcDbHatch
 10
0.0
 20
0.0
 30
0.0
210
0.0
220
0.0
230
1.0
  2
SOLID
 70
1
 71
0
 91
1
 92
3
 72
0
 73
1
 93
5
 10
1151.1195333333333
 20
361.58593333333334
 10
1151.1195333333333
 20
360.25384444444444
 10
1111.1173555555556
 20
364.2529333333333
 10
1111.1173555555556
 20
365.5864333333333
 10
1151.1195333333333
 20
361.58593333333334
 97
0
 75
1
 76
1
 98
0
  0
HATCH
  5
2D2
330
17
100
AcDbEntity
  8
PERIPHERY
 62
7
420
0
100
AcDbHatch
 10
0.0
 20
0.0
 30
0.0
210
0.0
220
0.0
230
1.0
  2
SOLID
 70
1
 71
0
 91
1
 92
3
 72
0
 73
1
 93
5
 10
1151.1195333333333
 20
358.91893333333326
 10
1151.1195333333333
 20
357.58684444444435
 10
1111.1173555555556
 20
361.58593333333323
 10
1111.1173555555556
 20
362.91943333333325
 10
1151.1195333333333
 20
358.91893333333326
 97
0
 75
1
 76
1
 98
0
  0
HATCH
  5
2D3
330
17
100
AcDbEntity
  8
PERIPHERY
 62
7
420
0
100
AcDbHatch
 10
0.0
 20
0.0
 30
0.0
210
0.0
220
0.0
230
1.0
  2
SOLID
 70
1
 71
0
 91
1
 92
3
 72
0
 73
1
 93
5
 10
1151.1195333333333
 20
356.2519333333333
 10
1151.1195333333333
 20
354.9198444444444
 10
1111.1173555555556
 20
358.91893333333326
 10
1111.1173555555556
 20
360.2524333333333
 10
1151.1195333333333
 20
356.2519333333333
 97
0
 75
1
 76
1
 98
0
  0
HATCH
  5
2D4
330
17
100
AcDbEntity
  8
PERIPHERY
 62
7
420
0
100
AcDbHatch
 10
0.0
 20
0.0
 30
0.0
210
0.0
220
0.0
230
1.0
  2
SOLID
 70
1
 71
0
 91
1
 92
3
 72
0
 73
1
 93
5
 10
1151.1195333333333
 20
353.58634444444436
 10
1151.1195333333333
 20
352.25425555555546
 10
1111.1173555555556
 20
356.25475555555545
 10
1111.1173555555556
 20
357.58684444444435
 10
1151.1195333333333
 20
353.58634444444436
 97
0
 75
1
 76
1
 98
0
  0
HATCH
  5
2D5
330
17
100
AcDbEntity
  8
PERIPHERY
 62
7
420
0
100
AcDbHatch
 10
0.0
 20
0.0
 30
0.0
210
0.0
220
0.0
230
1.0
  2
SOLID
 70
1
 71
0
 91
1
 92
3
 72
0
 73
1
 93
5
 10
1151.1195333333333
 20
350.9193444444444
 10
1151.1195333333333
 20
349.5872555555555
 10
1111.1173555555556
 20
353.5877555555555
 10
1111.1173555555556
 20
354.9198444444444
 10
1151.1195333333333
 20
350.9193444444444
 97
0
 75
1
 76
1
 98
0
  0
HATCH
  5
2D6
330
17
100
AcDbEntity
  8
PERIPHERY
 62
7
420
0
100
AcDbHatch
 10
0.0
 20
0.0
 30
0.0
210
0.0
220
0.0
230
1.0
  2
SOLID
 70
1
 71
0
 91
1
 92
3
 72
0
 73
1
 93
5
 10
1151.1195333333333
 20
348.2523444444444
 10
1151.1195333333333
 20
346.9202555555555
 10
1111.1173555555556
 20
350.9207555555555
 10
1111.1173555555556
 20
352.2528444444444
 10
1151.1195333333333
 20
348.2523444444444
 97
0
 75
1
 76
1
 98
0
  0
HATCH
  5
2D7
330
17
100
AcDbEntity
  8
PERIPHERY
 62
7
420
0
100
AcDbHatch
 10
0.0
 20
0.0
 30
0.0
210
0.0
220
0.0
230
1.0
  2
SOLID
 70
1
 71
0
 91
1
 92
3
 72
0
 73
1
 93
5
 10
1151.1195333333333
 20
345.5881666666666
 10
1151.1195333333333
 20
344.2546666666666
 10
1111.1173555555556
 20
348.2551666666666
 10
1111.1173555555556
 20
349.5872555555555
 10
1151.1195333333333
 20
345.5881666666666
 97
0
 75
1
 76
1
 98
0
  0
HATCH
  5
2D8
330
17
100
AcDbEntity
  8
PERIPHERY
 62
7
420
0
100
AcDbHatch
 10
0.0
 20
0.0
 30
0.0
210
0.0
220
0.0
230
1.0
  2
SOLID
 70
1
 71
0
 91
1
 92
3
 72
0
 73
1
 93
5
 10
1151.1195333333333
 20
342.92116666666664
 10
1151.1195333333333
 20
341.5876666666666
 10
1111.1173555555556
 20
345.5881666666666
 10
1111.1173555555556
 20
346.9202555555555
 10
1151.1195333333333
 20
342.92116666666664
 97
0
 75
1
 76
1
 98
0
  0
HATCH
  5
2D9
330
17
100
AcDbEntity
  8
PERIPHERY
 62
7
420
0
100
AcDbHatch
 10
0.0
 20
0.0
 30
0.0
210
0.0
220
0.0
230
1.0
  2
SOLID
 70
1
 71
0
 91
1
 92
3
 72
0
 73
1
 93
5
 10
1151.1195333333333
 20
340.25416666666666
 10
1151.1195333333333
 20
338.92066666666665
 10
1111.1173555555556
 20
342.92116666666664
 10
1111.1173555555556
 20
344.25325555555554
 10
1151.1195333333333
 20
340.25416666666666
 97
0
 75
1
 76
1
 98
0
  0
HATCH
  5
2DA
330
17
100
AcDbEntity
  8
PERIPHERY
 62
7
420
0
100
AcDbHatch
 10
0.0
 20
0.0
 30
0.0
210
0.0
220
0.0
230
1.0
  2
SOLID
 70
1
 71
0
 91
1
 92
3
 72
0
 73
1
 93
5
 10
1151.1195333333333
 20
337.58857777777774
 10
1151.1195333333333
 20
336.25507777777773
 10
1111.1173555555556
 20
340.2555777777777
 10
1111.1173555555556
 20
341.58907777777773
 10
1151.1195333333333
 20
337.58857777777774
 97
0
 75
1
 76
1
 98
0
  0
HATCH
  5
2DB
330
17
100
AcDbEntity
  8
PERIPHERY
 62
7
420
0
100
AcDbHatch
 10
0.0
 20
0.0
 30
0.0
210
0.0
220
0.0
230
1.0
  2
SOLID
 70
1
 71
0
 91
1
 92
3
 72
0
 73
1
 93
5
 10
1151.1195333333333
 20
332.25034444444435
 10
1151.1195333333333
 20
330.25079999999997
 10
1111.1173555555556
 20
334.24988888888885
 10
1111.1173555555556
 20
336.25084444444445
 10
1151.1195333333333
 20
332.25034444444435
 97
0
 75
1
 76
1
 98
0
  0
HATCH
  5
2DC
330
17
100
AcDbEntity
  8
PERIPHERY
 62
7
420
0
100
AcDbHatch
 10
0.0
 20
0.0
 30
0.0
210
0.0
220
0.0
230
1.0
  2
SOLID
 70
1
 71
0
 91
1
 92
3
 72
0
 73
1
 93
5
 10
1151.1195333333333
 20
328.2498444444444
 10
1151.1195333333333
 20
326.2503
 10
1111.1173555555556
 20
330.25079999999997
 10
1111.1173555555556
 20
332.25034444444435
 10
1151.1195333333333
 20
328.2498444444444
 97
0
 75
1
 76
1
 98
0
  0
HATCH
  5
2DD
330
17
100
AcDbEntity
  8
PERIPHERY
 62
7
420
0
100
AcDbHatch
 10
0.0
 20
0.0
 30
0.0
210
0.0
220
0.0
230
1.0
  2
SOLID
 70
1
 71
0
 91
1
 92
3
 72
0
 73
1
 93
5
 10
1151.1195333333333
 20
324.25075555555554
 10
1151.1195333333333
 20
322.24979999999994
 10
1111.1173555555556
 20
326.2502999999999
 10
1111.1173555555556
 20
328.2498444444443
 10
1151.1195333333333
 20
324.25075555555554
 97
0
 75
1
 76
1
 98
0
  0
HATCH
  5
2DE
330
17
100
AcDbEntity
  8
PERIPHERY
 62
7
420
0
100
AcDbHatch
 10
0.0
 20
0.0
 30
0.0
210
0.0
220
0.0
230
1.0
  2
SOLID
 70
1
 71
0
 91
1
 92
3
 72
0
 73
1
 93
5
 10
1151.1195333333333
 20
320.25025555555555
 10
1151.1195333333333
 20
318.2507111111111
 10
1111.1173555555556
 20
322.24980000000005
 10
1111.1173555555556
 20
324.2507555555556
 10
1151.1195333333333
 20
320.25025555555555
 97
0
 75
1
 76
1
 98
0
  0
HATCH
  5
2DF
330
17
100
AcDbEntity
  8
PERIPHERY
 62
7
420
0
100
AcDbHatch
 10
0.0
 20
0.0
 30
0.0
210
0.0
220
0.0
230
1.0
  2
SOLID
 70
1
 71
0
 91
1
 92
3
 72
0
 73
1
 93
5
 10
1151.1195333333333
 20
316.2497555555555
 10
1151.1195333333333
 20
314.25021111111107
 10
1111.1173555555556
 20
318.25071111111106
 10
1111.1173555555556
 20
320.25025555555544
 10
1151.1195333333333
 20
316.2497555555555
 97
0
 75
1
 76
1
 98
0
  0
HATCH
  5
2E0
330
17
100
AcDbEntity
  8
PERIPHERY
 62
7
420
0
100
AcDbHatch
 10
0.0
 20
0.0
 30
0.0
210
0.0
220
0.0
230
1.0
  2
SOLID
 70
1
 71
0
 91
1
 92
3
 72
0
 73
1
 93
5
 10
1151.1195333333333
 20
312.2506666666666
 10
1151.1195333333333
 20
310.249711111111
 10
1111.1173555555556
 20
314.250211111111
 10
1111.1173555555556
 20
316.2497555555554
 10
1151.1195333333333
 20
312.2506666666666
 97
0
 75
1
 76
1
 98
0
  0
HATCH
  5
2E1
330
17
100
AcDbEntity
  8
PERIPHERY
 62
7
420
0
100
AcDbHatch
 10
0.0
 20
0.0
 30
0.0
210
0.0
220
0.0
230
1.0
  2
SOLID
 70
1
 71
0
 91
1
 92
3
 72
0
 73
1
 93
5
 10
1151.1195333333333
 20
308.25016666666664
 10
1151.1195333333333
 20
306.2506222222222
 10
1111.1173555555556
 20
310.24971111111114
 10
1111.1173555555556
 20
312.2506666666667
 10
1151.1195333333333
 20
308.25016666666664
 97
0
 75
1
 76
1
 98
0
  0
HATCH
  5
2E2
330
17
100
AcDbEntity
  8
PERIPHERY
 62
7
420
0
100
AcDbHatch
 10
0.0
 20
0.0
 30
0.0
210
0.0
220
0.0
230
1.0
  2
SOLID
 70
1
 71
0
 91
1
 92
3
 72
0
 73
1
 93
5
 10
1151.1195333333333
 20
304.24966666666666
 10
1151.1195333333333
 20
302.2501222222223
 10
1111.1173555555556
 20
306.2506222222222
 10
1111.1173555555556
 20
308.25016666666664
 10
1151.1195333333333
 20
304.24966666666666
 97
0
 75
1
 76
1
 98
0
  0
HATCH
  5
2E3
330
17
100
AcDbEntity
  8
PERIPHERY
 62
7
420
0
100
AcDbHatch
 10
0.0
 20
0.0
 30
0.0
210
0.0
220
0.0
230
1.0
  2
SOLID
 70
1
 71
0
 91
1
 92
3
 72
0
 73
1
 93
5
 10
1151.1195333333333
 20
300.2491666666666
 10
1151.1195333333333
 20
298.24962222222223
 10
1111.1173555555556
 20
302.25012222222216
 10
1111.1173555555556
 20
304.2496666666666
 10
1151.1195333333333
 20
300.2491666666666
 97
0
 75
1
 76
1
 98
0
  0
HATCH
  5
2E4
330
17
100
AcDbEntity
  8
PERIPHERY
 62
7
420
0
100
AcDbHatch
 10
0.0
 20
0.0
 30
0.0
210
0.0
220
0.0
230
1.0
  2
SOLID
 70
1
 71
0
 91
1
 92
3
 72
0
 73
1
 93
5
 10
1151.1195333333333
 20
296.25007777777773
 10
1151.1195333333333
 20
294.2505333333333
 10
1111.1173555555556
 20
298.24962222222223
 10
1111.1173555555556
 20
300.2491666666666
 10
1151.1195333333333
 20
296.25007777777773
 97
0
 75
1
 76
1
 98
0
  0
HATCH
  5
2E5
330
17
100
AcDbEntity
  8
PERIPHERY
 62
7
420
0
100
AcDbHatch
 10
0.0
 20
0.0
 30
0.0
210
0.0
220
0.0
230
1.0
  2
SOLID
 70
1
 71
0
 91
1
 92
3
 72
0
 73
1
 93
5
 10
1151.1195333333333
 20
292.24957777777774
 10
1151.1195333333333
 20
290.25003333333336
 10
1111.1173555555556
 20
294.2505333333333
 10
1111.1173555555556
 20
296.25007777777773
 10
1151.1195333333333
 20
292.24957777777774
 97
0
 75
1
 76
1
 98
0
  0
HATCH
  5
2E6
330
17
100
AcDbEntity
  8
PERIPHERY
 62
7
420
0
100
AcDbHatch
 10
0.0
 20
0.0
 30
0.0
210
0.0
220
0.0
230
1.0
  2
SOLID
 70
1
 71
0
 91
1
 92
3
 72
0
 73
1
 93
5
 10
1151.1195333333333
 20
288.25048888888887
 10
1151.1195333333333
 20
286.24953333333326
 10
1111.1173555555556
 20
290.25003333333325
 10
1111.1173555555556
 20
292.2495777777777
 10
1151.1195333333333
 20
288.25048888888887
 97
0
 75
1
 76
1
 98
0
  0
HATCH
  5
2E7
330
17
100
AcDbEntity
  8
PERIPHERY
 62
7
420
0
100
AcDbHatch
 10
0.0
 20
0.0
 30
0.0
210
0.0
220
0.0
230
1.0
  2
SOLID
 70
1
 71
0
 91
1
 92
3
 72
0
 73
1
 93
5
 10
1151.1195333333333
 20
284.2499888888889
 10
1151.1195333333333
 20
282.24903333333333
 10
1111.1173555555556
 20
286.24953333333326
 10
1111.1173555555556
 20
288.25048888888887
 10
1151.1195333333333
 20
284.2499888888889
 97
0
 75
1
 76
1
 98
0
  0
HATCH
  5
2E8
330
17
100
AcDbEntity
  8
PERIPHERY
 62
7
420
0
100
AcDbHatch
 10
0.0
 20
0.0
 30
0.0
210
0.0
220
0.0
230
1.0
  2
SOLID
 70
1
 71
0
 91
1
 92
3
 72
0
 73
1
 93
5
 10
1151.1195333333333
 20
276.24898888888885
 10
1151.1195333333333
 20
272.24989999999997
 10
1111.1173555555556
 20
276.24898888888885
 10
1111.1173555555556
 20
280.24948888888883
 10
1151.1195333333333
 20
276.24898888888885
 97
0
 75
1
 76
1
 98
0
  0
HATCH
  5
2E9
330
17
100
AcDbEntity
  8
PERIPHERY
 62
7
420
0
100
AcDbHatch
 10
0.0
 20
0.0
 30
0.0
210
0.0
220
0.0
230
1.0
  2
SOLID
 70
1
 71
0
 91
1
 92
3
 72
0
 73
1
 93
5
 10
1151.1195333333333
 20
268.2494
 10
1151.1195333333333
 20
264.24890000000005
 10
1111.1173555555556
 20
268.2494
 10
1111.1173555555556
 20
272.24989999999997
 10
1151.1195333333333
 20
268.2494
 97
0
 75
1
 76
1
 98
0
  0
HATCH
  5
2EA
330
17
100
AcDbEntity
  8
PERIPHERY
 62
7
420
0
100
AcDbHatch
 10
0.0
 20
0.0
 30
0.0
210
0.0
220
0.0
230
1.0
  2
SOLID
 70
1
 71
0
 91
1
 92
3
 72
0
 73
1
 93
5
 10
1151.1195333333333
 20
260.2512222222221
 10
1151.1195333333333
 20
256.249311111111
 10
1111.1173555555556
 20
260.2512222222221
 10
1111.1173555555556
 20
264.24889999999994
 10
1151.1195333333333
 20
260.2512222222221
 97
0
 75
1
 76
1
 98
0
  0
HATCH
  5
2EB
330
17
100
AcDbEntity
  8
PERIPHERY
 62
7
420
0
100
AcDbHatch
 10
0.0
 20
0.0
 30
0.0
210
0.0
220
0.0
230
1.0
  2
SOLID
 70
1
 71
0
 91
1
 92
3
 72
0
 73
1
 93
5
 10
1151.1195333333333
 20
252.2502222222222
 10
1151.1195333333333
 20
248.25113333333337
 10
1111.1173555555556
 20
252.2502222222222
 10
1111.1173555555556
 20
256.249311111111
 10
1151.1195333333333
 20
252.2502222222222
 97
0
 75
1
 76
1
 98
0
  0
HATCH
  5
2EC
330
17
100
AcDbEntity
  8
PERIPHERY
 62
7
420
0
100
AcDbHatch
 10
0.0
 20
0.0
 30
0.0
210
0.0
220
0.0
230
1.0
  2
SOLID
 70
1
 71
0
 91
1
 92
3
 72
0
 73
1
 93
5
 10
1151.1195333333333
 20
244.24922222222224
 10
1151.1195333333333
 20
240.25013333333342
 10
1111.1173555555556
 20
244.24922222222224
 10
1111.1173555555556
 20
248.25113333333337
 10
1151.1195333333333
 20
244.24922222222224
 97
0
 75
1
 76
1
 98
0
  0
HATCH
  5
2ED
330
17
100
AcDbEntity
  8
PERIPHERY
 62
7
420
0
100
AcDbHatch
 10
0.0
 20
0.0
 30
0.0
210
0.0
220
0.0
230
1.0
  2
SOLID
 70
1
 71
0
 91
1
 92
3
 72
0
 73
1
 93
5
 10
1151.1195333333333
 20
236.25104444444446
 10
1151.1195333333333
 20
232.24913333333333
 10
1111.1173555555556
 20
236.25104444444446
 10
1111.1173555555556
 20
240.25013333333328
 10
1151.1195333333333
 20
236.25104444444446
 97
0
 75
1
 76
1
 98
0
  0
HATCH
  5
2EE
330
17
100
AcDbEntity
  8
PERIPHERY
 62
7
420
0
100
AcDbHatch
 10
0.0
 20
0.0
 30
0.0
210
0.0
220
0.0
230
1.0
  2
SOLID
 70
1
 71
0
 91
1
 92
3
 72
0
 73
1
 93
4
 10
1151.1195333333333
 20
228.25004444444437
 10
1111.1173555555556
 20
228.25004444444437
 10
1111.1173555555556
 20
232.24913333333316
 10
1151.1195333333333
 20
228.25004444444437
 97
0
 75
1
 76
1
 98
0
  0
TEXT
  5
2EF
330
17
100
AcDbEntity
  8
LABELS
 62
250
100
AcDbText
 10
534.7766799999999
 20
287.88670444444443
 30
0.0
 40
16.93333333333333
  1
1
 11
534.7766799999999
 21
287.88670444444443
 31
0.0
100
AcDbText
  0
TEXT
  5
2F0
330
17
100
AcDbEntity
  8
LABELS
 62
250
100
AcDbText
 10
590.7766244444443
 20
287.88670444444443
 30
0.0
 40
16.93333333333333
  1
3
 11
590.7766244444443
 21
287.88670444444443
 31
0.0
100
AcDbText
  0
TEXT
  5
2F1
330
17
100
AcDbEntity
  8
LABELS
 62
250
100
AcDbText
 10
646.77671
 20
287.88670444444443
 30
0.0
 40
16.93333333333333
  1
5
 11
646.77671
 21
287.88670444444443
 31
0.0
100
AcDbText
  0
TEXT
  5
2F2
330
17
100
AcDbEntity
  8
LABELS
 62
250
100
AcDbText
 10
702.7767955555555
 20
287.88670444444443
 30
0.0
 40
16.93333333333333
  1
7
 11
702.7767955555555
 21
287.88670444444443
 31
0.0
100
AcDbText
  0
TEXT
  5
2F3
330
17
100
AcDbEntity
  8
LABELS
 62
250
100
AcDbText
 10
758.7767399999999
 20
287.88670444444443
 30
0.0
 40
16.93333333333333
  1
9
 11
758.7767399999999
 21
287.88670444444443
 31
0.0
100
AcDbText
  0
TEXT
  5
2F4
330
17
100
AcDbEntity
  8
LABELS
 62
250
100
AcDbText
 10
810.4325788888889
 20
287.88670444444443
 30
0.0
 40
16.93333333333333
  1
10
 11
810.4325788888889
 21
287.88670444444443
 31
0.0
100
AcDbText
  0
TEXT
  5
2F5
330
17
100
AcDbEntity
  8
LABELS
 62
250
100
AcDbText
 10
870.7767699999999
 20
287.88670444444443
 30
0.0
 40
16.93333333333333
  1
8
 11
870.7767699999999
 21
287.88670444444443
 31
0.0
100
AcDbText
  0
TEXT
  5
2F6
330
17
100
AcDbEntity
  8
LABELS
 62
250
100
AcDbText
 10
926.7761499999999
 20
287.88670444444443
 30
0.0
 40
16.93333333333333
  1
6
 11
926.7761499999999
 21
287.88670444444443
 31
0.0
100
AcDbText
  0
TEXT
  5
2F7
330
17
100
AcDbEntity
  8
LABELS
 62
250
100
AcDbText
 10
982.776941111111
 20
287.88670444444443
 30
0.0
 40
16.93333333333333
  1
4
 11
982.776941111111
 21
287.88670444444443
 31
0.0
100
AcDbText
  0
TEXT
  5
2F8
330
17
100
AcDbEntity
  8
LABELS
 62
250
100
AcDbText
 10
1038.7761799999998
 20
287.88670444444443
 30
0.0
 40
16.93333333333333
  1
2
 11
1038.7761799999998
 21
287.88670444444443
 31
0.0
100
AcDbText
  0
TEXT
  5
2F9
330
17
100
AcDbEntity
  8
LABELS
 62
250
100
AcDbText
 10
1157.9724533333333
 20
751.3312944444443
 30
0.0
 40
16.93333333333333
  1
1
 11
1157.9724533333333
 21
751.3312944444443
 31
0.0
100
AcDbText
  0
TEXT
  5
2FA
330
17
100
AcDbEntity
  8
LABELS
 62
250
100
AcDbText
 10
1157.9724533333333
 20
695.3312088888889
 30
0.0
 40
16.93333333333333
  1
3
 11
1157.9724533333333
 21
695.3312088888889
 31
0.0
100
AcDbText
  0
TEXT
  5
2FB
330
17
100
AcDbEntity
  8
LABELS
 62
250
100
AcDbText
 10
1157.9724533333333
 20
639.3311233333333
 30
0.0
 40
16.93333333333333
  1
5
 11
1157.9724533333333
 21
639.3311233333333
 31
0.0
100
AcDbText
  0
TEXT
  5
2FC
330
17
100
AcDbEntity
  8
LABELS
 62
250
100
AcDbText
 10
1157.9724533333333
 20
583.3311788888889
 30
0.0
 40
16.93333333333333
  1
7
 11
1157.9724533333333
 21
583.3311788888889
 31
0.0
100
AcDbText
  0
TEXT
  5
2FD
330
17
100
AcDbEntity
  8
LABELS
 62
250
100
AcDbText
 10
1157.9724533333333
 20
527.3310933333333
 30
0.0
 40
16.93333333333333
  1
9
 11
1157.9724533333333
 21
527.3310933333333
 31
0.0
100
AcDbText
  0
TEXT
  5
2FE
330
17
100
AcDbEntity
  8
LABELS
 62
250
100
AcDbText
 10
1153.628771111111
 20
471.33241888888887
 30
0.0
 40
16.93333333333333
  1
10
 11
1153.628771111111
 21
471.33241888888887
 31
0.0
100
AcDbText
  0
TEXT
  5
2FF
330
17
100
AcDbEntity
  8
LABELS
 62
250
100
AcDbText
 10
1157.9724533333333
 20
415.3317688888889
 30
0.0
 40
16.93333333333333
  1
8
 11
1157.9724533333333
 21
415.3317688888889
 31
0.0
100
AcDbText
  0
TEXT
  5
300
330
17
100
AcDbEntity
  8
LABELS
 62
250
100
AcDbText
 10
1157.9724533333333
 20
359.33238888888883
 30
0.0
 40
16.93333333333333
  1
6
 11
1157.9724533333333
 21
359.33238888888883
 31
0.0
100
AcDbText
  0
TEXT
  5
301
330
17
100
AcDbEntity
  8
LABELS
 62
250
100
AcDbText
 10
1157.9724533333333
 20
303.3317388888888
 30
0.0
 40
16.93333333333333
  1
4
 11
1157.9724533333333
 21
303.3317388888888
 31
0.0
100
AcDbText
  0
TEXT
  5
302
330
17
100
AcDbEntity
  8
LABELS
 62
250
100
AcDbText
 10
1157.9724533333333
 20
247.33235888888888
 30
0.0
 40
16.93333333333333
  1
2
 11
1157.9724533333333
 21
247.33235888888888
 31
0.0
100
AcDbText
  0
LWPOLYLINE
  5
303
330
17
100
AcDbEntity
  8
PERIPHERY
370
25
420
0
100
AcDbPolyline
 90
2
 70
0
 43
3.999935555555555
 10
511.11996666666664
 20
220.2504555555555
 10
511.11996666666664
 20
196.25027777777765
  0
LWPOLYLINE
  5
304
330
17
100
AcDbEntity
  8
PERIPHERY
370
25
420
0
100
AcDbPolyline
 90
2
 70
0
 43
3.999935555555555
 10
573.342911111111
 20
220.2504555555555
 10
573.342911111111
 20
196.25027777777765
  0
LWPOLYLINE
  5
305
330
17
100
AcDbEntity
  8
PERIPHERY
370
25
420
0
100
AcDbPolyline
 90
2
 70
0
 43
3.999935555555555
 10
635.5630333333332
 20
220.2504555555555
 10
635.5630333333332
 20
196.25027777777765
  0
LWPOLYLINE
  5
306
330
17
100
AcDbEntity
  8
PERIPHERY
370
25
420
0
100
AcDbPolyline
 90
2
 70
0
 43
3.999935555555555
 10
697.7873888888888
 20
220.2504555555555
 10
697.7873888888888
 20
196.25027777777765
  0
LWPOLYLINE
  5
307
330
17
100
AcDbEntity
  8
PERIPHERY
370
25
420
0
100
AcDbPolyline
 90
2
 70
0
 43
3.999935555555555
 10
760.007511111111
 20
220.2504555555555
 10
760.007511111111
 20
196.25027777777765
  0
LWPOLYLINE
  5
308
330
17
100
AcDbEntity
  8
PERIPHERY
370
25
420
0
100
AcDbPolyline
 90
2
 70
0
 43
3.999935555555555
 10
822.2290444444444
 20
220.2504555555555
 10
822.2290444444444
 20
196.25027777777765
  0
LWPOLYLINE
  5
309
330
17
100
AcDbEntity
  8
PERIPHERY
370
25
420
0
100
AcDbPolyline
 90
2
 70
0
 43
3.999935555555555
 10
884.4519888888889
 20
220.2504555555555
 10
884.4519888888889
 20
196.25027777777765
  0
LWPOLYLINE
  5
30A
330
17
100
AcDbEntity
  8
PERIPHERY
370
25
420
0
100
AcDbPolyline
 90
2
 70
0
 43
3.999935555555555
 10
946.6735222222221
 20
220.2504555555555
 10
946.6735222222221
 20
196.25027777777765
  0
LWPOLYLINE
  5
30B
330
17
100
AcDbEntity
  8
PERIPHERY
370
25
420
0
100
AcDbPolyline
 90
2
 70
0
 43
3.999935555555555
 10
1008.8978777777777
 20
220.2504555555555
 10
1008.8978777777777
 20
196.25027777777765
  0
LWPOLYLINE
  5
30C
330
17
100
AcDbEntity
  8
PERIPHERY
370
25
420
0
100
AcDbPolyline
 90
2
 70
0
 43
3.999935555555555
 10
1071.119411111111
 20
220.2504555555555
 10
1071.119411111111
 20
196.25027777777765
  0
LWPOLYLINE
  5
30D
330
17
100
AcDbEntity
  8
PERIPHERY
370
25
420
0
100
AcDbPolyline
 90
2
 70
0
 43
8.000012222222221
 10
515.1190555555555
 20
244.24922222222224
 10
515.1190555555555
 20
204.2498666666667
  0
LWPOLYLINE
  5
30E
330
17
100
AcDbEntity
  8
PERIPHERY
370
25
420
0
100
AcDbPolyline
 90
2
 70
0
 43
6.438617777777777
 10
529.4277222222222
 20
244.24922222222224
 10
529.4277222222222
 20
204.2498666666667
  0
LWPOLYLINE
  5
30F
330
17
100
AcDbEntity
  8
PERIPHERY
370
25
420
0
100
AcDbPolyline
 90
2
 70
0
 43
5.5497588888888885
 10
541.3657222222222
 20
244.24922222222224
 10
541.3657222222222
 20
204.2498666666667
  0
LWPOLYLINE
  5
310
330
17
100
AcDbEntity
  8
PERIPHERY
370
25
420
0
100
AcDbPolyline
 90
2
 70
0
 43
4.954552222222222
 10
551.8446333333334
 20
244.24922222222224
 10
551.8446333333334
 20
204.2498666666667
  0
LWPOLYLINE
  5
311
330
17
100
AcDbEntity
  8
PERIPHERY
370
25
420
0
100
AcDbPolyline
 90
2
 70
0
 43
4.519224444444444
 10
561.303311111111
 20
244.24922222222224
 10
561.303311111111
 20
204.2498666666667
  0
LWPOLYLINE
  5
312
330
17
100
AcDbEntity
  8
PERIPHERY
370
25
420
0
100
AcDbPolyline
 90
2
 70
0
 43
4.182815555555555
 10
569.9957555555555
 20
244.24922222222224
 10
569.9957555555555
 20
204.2498666666667
  0
LWPOLYLINE
  5
313
330
17
100
AcDbEntity
  8
PERIPHERY
370
25
420
0
100
AcDbPolyline
 90
2
 70
0
 43
3.9124466666666664
 10
578.0842444444444
 20
244.24922222222224
 10
578.0842444444444
 20
204.2498666666667
  0
LWPOLYLINE
  5
314
330
17
100
AcDbEntity
  8
PERIPHERY
370
25
420
0
100
AcDbPolyline
 90
2
 70
0
 43
3.6889266666666662
 10
585.6802555555555
 20
244.24922222222224
 10
585.6802555555555
 20
204.2498666666667
  0
LWPOLYLINE
  5
315
330
17
100
AcDbEntity
  8
PERIPHERY
370
25
420
0
100
AcDbPolyline
 90
2
 70
0
 43
3.5001199999999995
 10
592.8656333333333
 20
244.24922222222224
 10
592.8656333333333
 20
204.2498666666667
  0
LWPOLYLINE
  5
316
330
17
100
AcDbEntity
  8
PERIPHERY
370
25
420
0
100
AcDbPolyline
 90
2
 70
0
 43
3.337842222222222
 10
599.6996444444444
 20
244.24922222222224
 10
599.6996444444444
 20
204.2498666666667
  0
LWPOLYLINE
  5
317
330
17
100
AcDbEntity
  8
PERIPHERY
370
25
420
0
100
AcDbPolyline
 90
2
 70
0
 43
3.1963077777777773
 10
606.2316777777777
 20
244.24922222222224
 10
606.2316777777777
 20
204.2498666666667
  0
LWPOLYLINE
  5
318
330
17
100
AcDbEntity
  8
PERIPHERY
370
25
420
0
100
AcDbPolyline
 90
2
 70
0
 43
3.0714244444444443
 10
612.4984222222221
 20
244.24922222222224
 10
612.4984222222221
 20
204.2498666666667
  0
LWPOLYLINE
  5
319
330
17
100
AcDbEntity
  8
PERIPHERY
370
25
420
0
100
AcDbPolyline
 90
2
 70
0
 43
2.9603699999999997
 10
618.5281
 20
244.24922222222224
 10
618.5281
 20
204.2498666666667
  0
LWPOLYLINE
  5
31A
330
17
100
AcDbEntity
  8
PERIPHERY
370
25
420
0
100
AcDbPolyline
 90
2
 70
0
 43
2.8604633333333327
 10
624.3475222222222
 20
244.24922222222224
 10
624.3475222222222
 20
204.2498666666667
  0
LWPOLYLINE
  5
31B
330
17
100
AcDbEntity
  8
PERIPHERY
370
25
420
0
100
AcDbPolyline
 90
2
 70
0
 43
2.770152222222222
 10
629.9764444444444
 20
244.24922222222224
 10
629.9764444444444
 20
204.2498666666667
  0
LWPOLYLINE
  5
31C
330
17
100
AcDbEntity
  8
PERIPHERY
370
25
420
0
100
AcDbPolyline
 90
2
 70
0
 43
2.6878844444444443
 10
635.4346222222222
 20
244.24922222222224
 10
635.4346222222222
 20
204.2498666666667
  0
LWPOLYLINE
  5
31D
330
17
100
AcDbEntity
  8
PERIPHERY
370
25
420
0
100
AcDbPolyline
 90
2
 70
0
 43
2.6125311111111107
 10
640.7333444444444
 20
244.24922222222224
 10
640.7333444444444
 20
204.2498666666667
  0
LWPOLYLINE
  5
31E
330
17
100
AcDbEntity
  8
PERIPHERY
370
25
420
0
100
AcDbPolyline
 90
2
 70
0
 43
2.5433866666666662
 10
645.8895444444444
 20
244.24922222222224
 10
645.8895444444444
 20
204.2498666666667
  0
LWPOLYLINE
  5
31F
330
17
100
AcDbEntity
  8
PERIPHERY
370
25
420
0
100
AcDbPolyline
 90
2
 70
0
 43
2.4793222222222218
 10
650.9102777777777
 20
244.24922222222224
 10
650.9102777777777
 20
204.2498666666667
  0
LWPOLYLINE
  5
320
330
17
100
AcDbEntity
  8
PERIPHERY
370
25
420
0
100
AcDbPolyline
 90
2
 70
0
 43
2.4199144444444443
 10
655.8096555555555
 20
244.24922222222224
 10
655.8096555555555
 20
204.2498666666667
  0
LWPOLYLINE
  5
321
330
17
100
AcDbEntity
  8
PERIPHERY
370
25
420
0
100
AcDbPolyline
 90
2
 70
0
 43
2.3645988888888887
 10
660.5947333333332
 20
244.24922222222224
 10
660.5947333333332
 20
204.2498666666667
  0
LWPOLYLINE
  5
322
330
17
100
AcDbEntity
  8
PERIPHERY
370
25
420
0
100
AcDbPolyline
 90
2
 70
0
 43
2.312952222222222
 10
665.2711555555555
 20
244.24922222222224
 10
665.2711555555555
 20
204.2498666666667
  0
LWPOLYLINE
  5
323
330
17
100
AcDbEntity
  8
PERIPHERY
370
25
420
0
100
AcDbPolyline
 90
2
 70
0
 43
2.264551111111111
 10
669.8473888888889
 20
244.24922222222224
 10
669.8473888888889
 20
204.2498666666667
  0
LWPOLYLINE
  5
324
330
17
100
AcDbEntity
  8
PERIPHERY
370
25
420
0
100
AcDbPolyline
 90
2
 70
0
 43
2.218972222222222
 10
674.3304888888888
 20
244.24922222222224
 10
674.3304888888888
 20
204.2498666666667
  0
LWPOLYLINE
  5
325
330
17
100
AcDbEntity
  8
PERIPHERY
370
25
420
0
100
AcDbPolyline
 90
2
 70
0
 43
2.1762155555555553
 10
678.7261
 20
244.24922222222224
 10
678.7261
 20
204.2498666666667
  0
LWPOLYLINE
  5
326
330
17
100
AcDbEntity
  8
PERIPHERY
370
25
420
0
100
AcDbPolyline
 90
2
 70
0
 43
2.1357166666666667
 10
683.0370444444443
 20
244.24922222222224
 10
683.0370444444443
 20
204.2498666666667
  0
LWPOLYLINE
  5
327
330
17
100
AcDbEntity
  8
PERIPHERY
370
25
420
0
100
AcDbPolyline
 90
2
 70
0
 43
2.097475555555555
 10
687.2703777777776
 20
244.24922222222224
 10
687.2703777777776
 20
204.2498666666667
  0
LWPOLYLINE
  5
328
330
17
100
AcDbEntity
  8
PERIPHERY
370
25
420
0
100
AcDbPolyline
 90
2
 70
0
 43
2.06121
 10
691.4289222222221
 20
244.24922222222224
 10
691.4289222222221
 20
204.2498666666667
  0
LWPOLYLINE
  5
329
330
17
100
AcDbEntity
  8
PERIPHERY
370
25
420
0
100
AcDbPolyline
 90
2
 70
0
 43
2.0267788888888885
 10
695.5169111111111
 20
244.24922222222224
 10
695.5169111111111
 20
204.2498666666667
  0
LWPOLYLINE
  5
32A
330
17
100
AcDbEntity
  8
PERIPHERY
370
25
420
0
100
AcDbPolyline
 90
2
 70
0
 43
1.9938999999999998
 10
699.5371666666666
 20
244.24922222222224
 10
699.5371666666666
 20
204.2498666666667
  0
LWPOLYLINE
  5
32B
330
17
100
AcDbEntity
  8
PERIPHERY
370
25
420
0
100
AcDbPolyline
 90
2
 70
0
 43
1.9627144444444442
 10
703.4925111111111
 20
244.24922222222224
 10
703.4925111111111
 20
204.2498666666667
  0
LWPOLYLINE
  5
32C
330
17
100
AcDbEntity
  8
PERIPHERY
370
25
420
0
100
AcDbPolyline
 90
2
 70
0
 43
1.9329399999999997
 10
707.3885888888888
 20
244.24922222222224
 10
707.3885888888888
 20
204.2498666666667
  0
LWPOLYLINE
  5
32D
330
17
100
AcDbEntity
  8
PERIPHERY
370
25
420
0
100
AcDbPolyline
 90
2
 70
0
 43
1.9044355555555552
 10
711.2253999999999
 20
244.24922222222224
 10
711.2253999999999
 20
204.2498666666667
  0
LWPOLYLINE
  5
32E
330
17
100
AcDbEntity
  8
PERIPHERY
370
25
420
0
100
AcDbPolyline
 90
2
 70
0
 43
1.8772011111111109
 10
715.0071777777777
 20
244.24922222222224
 10
715.0071777777777
 20
204.2498666666667
  0
LWPOLYLINE
  5
32F
330
17
100
AcDbEntity
  8
PERIPHERY
370
25
420
0
100
AcDbPolyline
 90
2
 70
0
 43
1.8510955555555555
 10
718.7353333333332
 20
244.24922222222224
 10
718.7353333333332
 20
204.2498666666667
  0
LWPOLYLINE
  5
330
330
17
100
AcDbEntity
  8
PERIPHERY
370
25
420
0
100
AcDbPolyline
 90
2
 70
0
 43
1.8259777777777777
 10
722.4126888888889
 20
244.24922222222224
 10
722.4126888888889
 20
204.2498666666667
  0
LWPOLYLINE
  5
331
330
17
100
AcDbEntity
  8
PERIPHERY
370
25
420
0
100
AcDbPolyline
 90
2
 70
0
 43
1.8019888888888886
 10
726.0392444444443
 20
244.24922222222224
 10
726.0392444444443
 20
204.2498666666667
  0
LWPOLYLINE
  5
332
330
17
100
AcDbEntity
  8
PERIPHERY
370
25
420
0
100
AcDbPolyline
 90
2
 70
0
 43
1.7788466666666665
 10
729.6220555555554
 20
244.24922222222224
 10
729.6220555555554
 20
204.2498666666667
  0
LWPOLYLINE
  5
333
330
17
100
AcDbEntity
  8
PERIPHERY
370
25
420
0
100
AcDbPolyline
 90
2
 70
0
 43
1.7565511111111107
 10
733.1554777777777
 20
244.24922222222224
 10
733.1554777777777
 20
204.2498666666667
  0
LWPOLYLINE
  5
334
330
17
100
AcDbEntity
  8
PERIPHERY
370
25
420
0
100
AcDbPolyline
 90
2
 70
0
 43
1.735102222222222
 10
736.6479777777777
 20
244.24922222222224
 10
736.6479777777777
 20
204.2498666666667
  0
LWPOLYLINE
  5
335
330
17
100
AcDbEntity
  8
PERIPHERY
370
25
420
0
100
AcDbPolyline
 90
2
 70
0
 43
1.7145
 10
740.0981444444444
 20
244.24922222222224
 10
740.0981444444444
 20
204.2498666666667
  0
LWPOLYLINE
  5
336
330
17
100
AcDbEntity
  8
PERIPHERY
370
25
420
0
100
AcDbPolyline
 90
2
 70
0
 43
1.694462222222222
 10
743.5073888888888
 20
244.24922222222224
 10
743.5073888888888
 20
204.2498666666667
  0
LWPOLYLINE
  5
337
330
17
100
AcDbEntity
  8
PERIPHERY
370
25
420
0
100
AcDbPolyline
 90
2
 70
0
 43
1.675271111111111
 10
746.8757111111111
 20
244.24922222222224
 10
746.8757111111111
 20
204.2498666666667
  0
LWPOLYLINE
  5
338
330
17
100
AcDbEntity
  8
PERIPHERY
370
25
420
0
100
AcDbPolyline
 90
2
 70
0
 43
1.6566444444444441
 10
750.2073444444444
 20
244.24922222222224
 10
750.2073444444444
 20
204.2498666666667
  0
LWPOLYLINE
  5
339
330
17
100
AcDbEntity
  8
PERIPHERY
370
25
420
0
100
AcDbPolyline
 90
2
 70
0
 43
1.6385822222222222
 10
753.5037
 20
244.24922222222224
 10
753.5037
 20
204.2498666666667
  0
LWPOLYLINE
  5
33A
330
17
100
AcDbEntity
  8
PERIPHERY
370
25
420
0
100
AcDbPolyline
 90
2
 70
0
 43
1.6210844444444443
 10
756.7619555555555
 20
244.24922222222224
 10
756.7619555555555
 20
204.2498666666667
  0
LWPOLYLINE
  5
33B
330
17
100
AcDbEntity
  8
PERIPHERY
370
25
420
0
100
AcDbPolyline
 90
2
 70
0
 43
1.604292222222222
 10
759.9891666666666
 20
244.24922222222224
 10
759.9891666666666
 20
204.2498666666667
  0
LWPOLYLINE
  5
33C
330
17
100
AcDbEntity
  8
PERIPHERY
370
25
420
0
100
AcDbPolyline
 90
2
 70
0
 43
1.5879233333333331
 10
763.1796888888888
 20
244.24922222222224
 10
763.1796888888888
 20
204.2498666666667
  0
LWPOLYLINE
  5
33D
330
17
100
AcDbEntity
  8
PERIPHERY
370
25
420
0
100
AcDbPolyline
 90
2
 70
0
 43
1.5719777777777777
 10
766.3391666666666
 20
244.24922222222224
 10
766.3391666666666
 20
204.2498666666667
  0
LWPOLYLINE
  5
33E
330
17
100
AcDbEntity
  8
PERIPHERY
370
25
420
0
100
AcDbPolyline
 90
2
 70
0
 43
1.5565966666666664
 10
769.4676
 20
244.24922222222224
 10
769.4676
 20
204.2498666666667
  0
LWPOLYLINE
  5
33F
330
17
100
AcDbEntity
  8
PERIPHERY
370
25
420
0
100
AcDbPolyline
 90
2
 70
0
 43
1.5416388888888888
 10
772.567811111111
 20
244.24922222222224
 10
772.567811111111
 20
204.2498666666667
  0
LWPOLYLINE
  5
340
330
17
100
AcDbEntity
  8
PERIPHERY
370
25
420
0
100
AcDbPolyline
 90
2
 70
0
 43
1.5271044444444444
 10
775.6355666666666
 20
244.24922222222224
 10
775.6355666666666
 20
204.2498666666667
  0
LWPOLYLINE
  5
341
330
17
100
AcDbEntity
  8
PERIPHERY
370
25
420
0
100
AcDbPolyline
 90
2
 70
0
 43
1.512852222222222
 10
778.6750999999999
 20
244.24922222222224
 10
778.6750999999999
 20
204.2498666666667
  0
LWPOLYLINE
  5
342
330
17
100
AcDbEntity
  8
PERIPHERY
370
25
420
0
100
AcDbPolyline
 90
2
 70
0
 43
1.4991644444444443
 10
781.6878222222222
 20
244.24922222222224
 10
781.6878222222222
 20
204.2498666666667
  0
LWPOLYLINE
  5
343
330
17
100
AcDbEntity
  8
PERIPHERY
370
25
420
0
100
AcDbPolyline
 90
2
 70
0
 43
1.4857588888888886
 10
784.6723222222222
 20
244.24922222222224
 10
784.6723222222222
 20
204.2498666666667
  0
LWPOLYLINE
  5
344
330
17
100
AcDbEntity
  8
PERIPHERY
370
25
420
0
100
AcDbPolyline
 90
2
 70
0
 43
1.4727766666666666
 10
787.630011111111
 20
244.24922222222224
 10
787.630011111111
 20
204.2498666666667
  0
LWPOLYLINE
  5
345
330
17
100
AcDbEntity
  8
PERIPHERY
370
25
420
0
100
AcDbPolyline
 90
2
 70
0
 43
1.4600766666666665
 10
790.5622999999999
 20
244.24922222222224
 10
790.5622999999999
 20
204.2498666666667
  0
LWPOLYLINE
  5
346
330
17
100
AcDbEntity
  8
PERIPHERY
370
25
420
0
100
AcDbPolyline
 90
2
 70
0
 43
1.4476588888888888
 10
793.4691888888889
 20
244.24922222222224
 10
793.4691888888889
 20
204.2498666666667
  0
LWPOLYLINE
  5
347
330
17
100
AcDbEntity
  8
PERIPHERY
370
25
420
0
100
AcDbPolyline
 90
2
 70
0
 43
1.4356644444444444
 10
796.3520888888889
 20
244.24922222222224
 10
796.3520888888889
 20
204.2498666666667
  0
LWPOLYLINE
  5
348
330
17
100
AcDbEntity
  8
PERIPHERY
370
25
420
0
100
AcDbPolyline
 90
2
 70
0
 43
1.423811111111111
 10
799.212411111111
 20
244.24922222222224
 10
799.212411111111
 20
204.2498666666667
  0
LWPOLYLINE
  5
349
330
17
100
AcDbEntity
  8
PERIPHERY
370
25
420
0
100
AcDbPolyline
 90
2
 70
0
 43
1.4123811111111109
 10
802.0487444444443
 20
244.24922222222224
 10
802.0487444444443
 20
204.2498666666667
  0
LWPOLYLINE
  5
34A
330
17
100
AcDbEntity
  8
PERIPHERY
370
25
420
0
100
AcDbPolyline
 90
2
 70
0
 43
1.4010922222222222
 10
804.8625
 20
244.24922222222224
 10
804.8625
 20
204.2498666666667
  0
LWPOLYLINE
  5
34B
330
17
100
AcDbEntity
  8
PERIPHERY
370
25
420
0
100
AcDbPolyline
 90
2
 70
0
 43
1.3902266666666665
 10
807.6522666666666
 20
244.24922222222224
 10
807.6522666666666
 20
204.2498666666667
  0
LWPOLYLINE
  5
34C
330
17
100
AcDbEntity
  8
PERIPHERY
370
25
420
0
100
AcDbPolyline
 90
2
 70
0
 43
1.3795022222222222
 10
810.4208666666666
 20
244.24922222222224
 10
810.4208666666666
 20
204.2498666666667
  0
LWPOLYLINE
  5
34D
330
17
100
AcDbEntity
  8
PERIPHERY
370
25
420
0
100
AcDbPolyline
 90
2
 70
0
 43
1.3690599999999997
 10
813.1725333333333
 20
244.24922222222224
 10
813.1725333333333
 20
204.2498666666667
  0
LWPOLYLINE
  5
34E
330
17
100
AcDbEntity
  8
PERIPHERY
370
25
420
0
100
AcDbPolyline
 90
2
 70
0
 43
1.3588999999999998
 10
815.8973888888889
 20
244.24922222222224
 10
815.8973888888889
 20
204.2498666666667
  0
LWPOLYLINE
  5
34F
330
17
100
AcDbEntity
  8
PERIPHERY
370
25
420
0
100
AcDbPolyline
 90
2
 70
0
 43
1.348881111111111
 10
818.6067222222222
 20
244.24922222222224
 10
818.6067222222222
 20
204.2498666666667
  0
LWPOLYLINE
  5
350
330
17
100
AcDbEntity
  8
PERIPHERY
370
25
420
0
100
AcDbPolyline
 90
2
 70
0
 43
1.3391444444444442
 10
821.2948888888887
 20
244.24922222222224
 10
821.2948888888887
 20
204.2498666666667
  0
LWPOLYLINE
  5
351
330
17
100
AcDbEntity
  8
PERIPHERY
370
25
420
0
100
AcDbPolyline
 90
2
 70
0
 43
1.329548888888889
 10
823.9618888888888
 20
244.24922222222224
 10
823.9618888888888
 20
204.2498666666667
  0
LWPOLYLINE
  5
352
330
17
100
AcDbEntity
  8
PERIPHERY
370
25
420
0
100
AcDbPolyline
 90
2
 70
0
 43
1.3202355555555554
 10
826.6133666666666
 20
244.24922222222224
 10
826.6133666666666
 20
204.2498666666667
  0
LWPOLYLINE
  5
353
330
17
100
AcDbEntity
  8
PERIPHERY
370
25
420
0
100
AcDbPolyline
 90
2
 70
0
 43
1.3110633333333332
 10
829.2422666666666
 20
244.24922222222224
 10
829.2422666666666
 20
204.2498666666667
  0
LWPOLYLINE
  5
354
330
17
100
AcDbEntity
  8
PERIPHERY
370
25
420
0
100
AcDbPolyline
 90
2
 70
0
 43
1.302032222222222
 10
831.8584666666666
 20
244.24922222222224
 10
831.8584666666666
 20
204.2498666666667
  0
LWPOLYLINE
  5
355
330
17
100
AcDbEntity
  8
PERIPHERY
370
25
420
0
100
AcDbPolyline
 90
2
 70
0
 43
1.2932833333333331
 10
834.4520888888889
 20
244.24922222222224
 10
834.4520888888889
 20
204.2498666666667
  0
LWPOLYLINE
  5
356
330
17
100
AcDbEntity
  8
PERIPHERY
370
25
420
0
100
AcDbPolyline
 90
2
 70
0
 43
1.2846755555555553
 10
837.0315999999999
 20
244.24922222222224
 10
837.0315999999999
 20
204.2498666666667
  0
LWPOLYLINE
  5
357
330
17
100
AcDbEntity
  8
PERIPHERY
370
25
420
0
100
AcDbPolyline
 90
2
 70
0
 43
1.2762088888888887
 10
839.5913555555554
 20
244.24922222222224
 10
839.5913555555554
 20
204.2498666666667
  0
LWPOLYLINE
  5
358
330
17
100
AcDbEntity
  8
PERIPHERY
370
25
420
0
100
AcDbPolyline
 90
2
 70
0
 43
1.2678833333333333
 10
842.1355888888888
 20
244.24922222222224
 10
842.1355888888888
 20
204.2498666666667
  0
LWPOLYLINE
  5
359
330
17
100
AcDbEntity
  8
PERIPHERY
370
25
420
0
100
AcDbPolyline
 90
2
 70
0
 43
1.259698888888889
 10
844.6628888888889
 20
244.24922222222224
 10
844.6628888888889
 20
204.2498666666667
  0
LWPOLYLINE
  5
35A
330
17
100
AcDbEntity
  8
PERIPHERY
370
25
420
0
100
AcDbPolyline
 90
2
 70
0
 43
1.2517966666666664
 10
847.1732555555556
 20
244.24922222222224
 10
847.1732555555556
 20
204.2498666666667
  0
LWPOLYLINE
  5
35B
330
17
100
AcDbEntity
  8
PERIPHERY
370
25
420
0
100
AcDbPolyline
 90
2
 70
0
 43
1.2440355555555556
 10
849.6709222222222
 20
244.24922222222224
 10
849.6709222222222
 20
204.2498666666667
  0
LWPOLYLINE
  5
35C
330
17
100
AcDbEntity
  8
PERIPHERY
370
25
420
0
100
AcDbPolyline
 90
2
 70
0
 43
1.2362744444444442
 10
852.1516555555554
 20
244.24922222222224
 10
852.1516555555554
 20
204.2498666666667
  0
LWPOLYLINE
  5
35D
330
17
100
AcDbEntity
  8
PERIPHERY
370
25
420
0
100
AcDbPolyline
 90
2
 70
0
 43
1.2287955555555554
 10
854.6154555555555
 20
244.24922222222224
 10
854.6154555555555
 20
204.2498666666667
  0
LWPOLYLINE
  5
35E
330
17
100
AcDbEntity
  8
PERIPHERY
370
25
420
0
100
AcDbPolyline
 90
2
 70
0
 43
1.2213166666666666
 10
857.0651444444444
 20
244.24922222222224
 10
857.0651444444444
 20
204.2498666666667
  0
LWPOLYLINE
  5
35F
330
17
100
AcDbEntity
  8
PERIPHERY
370
25
420
0
100
AcDbPolyline
 90
2
 70
0
 43
1.2141199999999999
 10
859.5021333333333
 20
244.24922222222224
 10
859.5021333333333
 20
204.2498666666667
  0
LWPOLYLINE
  5
360
330
17
100
AcDbEntity
  8
PERIPHERY
370
25
420
0
100
AcDbPolyline
 90
2
 70
0
 43
1.2069233333333331
 10
861.9221888888889
 20
244.24922222222224
 10
861.9221888888889
 20
204.2498666666667
  0
LWPOLYLINE
  5
361
330
17
100
AcDbEntity
  8
PERIPHERY
370
25
420
0
100
AcDbPolyline
 90
2
 70
0
 43
1.200008888888889
 10
864.3281333333332
 20
244.24922222222224
 10
864.3281333333332
 20
204.2498666666667
  0
LWPOLYLINE
  5
362
330
17
100
AcDbEntity
  8
PERIPHERY
370
25
420
0
100
AcDbPolyline
 90
2
 70
0
 43
1.1930944444444445
 10
866.7227888888888
 20
244.24922222222224
 10
866.7227888888888
 20
204.2498666666667
  0
LWPOLYLINE
  5
363
330
17
100
AcDbEntity
  8
PERIPHERY
370
25
420
0
100
AcDbPolyline
 90
2
 70
0
 43
1.186321111111111
 10
869.100511111111
 20
244.24922222222224
 10
869.100511111111
 20
204.2498666666667
  0
LWPOLYLINE
  5
364
330
17
100
AcDbEntity
  8
PERIPHERY
370
25
420
0
100
AcDbPolyline
 90
2
 70
0
 43
1.1796888888888888
 10
871.4655333333332
 20
244.24922222222224
 10
871.4655333333332
 20
204.2498666666667
  0
LWPOLYLINE
  5
365
330
17
100
AcDbEntity
  8
PERIPHERY
370
25
420
0
100
AcDbPolyline
 90
2
 70
0
 43
1.1730566666666666
 10
873.8192666666665
 20
244.24922222222224
 10
873.8192666666665
 20
204.2498666666667
  0
LWPOLYLINE
  5
366
330
17
100
AcDbEntity
  8
PERIPHERY
370
25
420
0
100
AcDbPolyline
 90
2
 70
0
 43
1.1665655555555554
 10
876.1588888888888
 20
244.24922222222224
 10
876.1588888888888
 20
204.2498666666667
  0
LWPOLYLINE
  5
367
330
17
100
AcDbEntity
  8
PERIPHERY
370
25
420
0
100
AcDbPolyline
 90
2
 70
0
 43
1.1603566666666665
 10
878.485811111111
 20
244.24922222222224
 10
878.485811111111
 20
204.2498666666667
  0
LWPOLYLINE
  5
368
330
17
100
AcDbEntity
  8
PERIPHERY
370
25
420
0
100
AcDbPolyline
 90
2
 70
0
 43
1.1540066666666664
 10
880.8000333333332
 20
244.24922222222224
 10
880.8000333333332
 20
204.2498666666667
  0
LWPOLYLINE
  5
369
330
17
100
AcDbEntity
  8
PERIPHERY
370
25
420
0
100
AcDbPolyline
 90
2
 70
0
 43
1.1479388888888888
 10
883.1015555555556
 20
244.24922222222224
 10
883.1015555555556
 20
204.2498666666667
  0
LWPOLYLINE
  5
36A
330
17
100
AcDbEntity
  8
PERIPHERY
370
25
420
0
100
AcDbPolyline
 90
2
 70
0
 43
1.141871111111111
 10
885.3917888888888
 20
244.24922222222224
 10
885.3917888888888
 20
204.2498666666667
  0
LWPOLYLINE
  5
36B
330
17
100
AcDbEntity
  8
PERIPHERY
370
25
420
0
100
AcDbPolyline
 90
2
 70
0
 43
1.1359444444444444
 10
887.6693222222221
 20
244.24922222222224
 10
887.6693222222221
 20
204.2498666666667
  0
LWPOLYLINE
  5
36C
330
17
100
AcDbEntity
  8
PERIPHERY
370
25
420
0
100
AcDbPolyline
 90
2
 70
0
 43
1.1301588888888887
 10
889.9369777777777
 20
244.24922222222224
 10
889.9369777777777
 20
204.2498666666667
  0
LWPOLYLINE
  5
36D
330
17
100
AcDbEntity
  8
PERIPHERY
370
25
420
0
100
AcDbPolyline
 90
2
 70
0
 43
1.1243733333333332
 10
892.1919333333332
 20
244.24922222222224
 10
892.1919333333332
 20
204.2498666666667
  0
LWPOLYLINE
  5
36E
330
17
100
AcDbEntity
  8
PERIPHERY
370
25
420
0
100
AcDbPolyline
 90
2
 70
0
 43
1.1185877777777775
 10
894.4327777777777
 20
244.24922222222224
 10
894.4327777777777
 20
204.2498666666667
  0
LWPOLYLINE
  5
36F
330
17
100
AcDbEntity
  8
PERIPHERY
370
25
420
0
100
AcDbPolyline
 90
2
 70
0
 43
1.1130844444444443
 10
896.6651555555555
 20
244.24922222222224
 10
896.6651555555555
 20
204.2498666666667
  0
LWPOLYLINE
  5
370
330
17
100
AcDbEntity
  8
PERIPHERY
370
25
420
0
100
AcDbPolyline
 90
2
 70
0
 43
1.1075811111111111
 10
898.8862444444443
 20
244.24922222222224
 10
898.8862444444443
 20
204.2498666666667
  0
LWPOLYLINE
  5
371
330
17
100
AcDbEntity
  8
PERIPHERY
370
25
420
0
100
AcDbPolyline
 90
2
 70
0
 43
1.1020777777777777
 10
901.0960444444444
 20
244.24922222222224
 10
901.0960444444444
 20
204.2498666666667
  0
LWPOLYLINE
  5
372
330
17
100
AcDbEntity
  8
PERIPHERY
370
25
420
0
100
AcDbPolyline
 90
2
 70
0
 43
1.0968566666666666
 10
903.2959666666666
 20
244.24922222222224
 10
903.2959666666666
 20
204.2498666666667
  0
LWPOLYLINE
  5
373
330
17
100
AcDbEntity
  8
PERIPHERY
370
25
420
0
100
AcDbPolyline
 90
2
 70
0
 43
1.0914944444444443
 10
905.4845999999999
 20
244.24922222222224
 10
905.4845999999999
 20
204.2498666666667
  0
LWPOLYLINE
  5
374
330
17
100
AcDbEntity
  8
PERIPHERY
370
25
420
0
100
AcDbPolyline
 90
2
 70
0
 43
1.0862733333333332
 10
907.6619444444444
 20
244.24922222222224
 10
907.6619444444444
 20
204.2498666666667
  0
LWPOLYLINE
  5
375
330
17
100
AcDbEntity
  8
PERIPHERY
370
25
420
0
100
AcDbPolyline
 90
2
 70
0
 43
1.0811933333333332
 10
909.8279999999999
 20
244.24922222222224
 10
909.8279999999999
 20
204.2498666666667
  0
LWPOLYLINE
  5
376
330
17
100
AcDbEntity
  8
PERIPHERY
370
25
420
0
100
AcDbPolyline
 90
2
 70
0
 43
1.076113333333333
 10
911.9855888888887
 20
244.24922222222224
 10
911.9855888888887
 20
204.2498666666667
  0
LWPOLYLINE
  5
377
330
17
100
AcDbEntity
  8
PERIPHERY
370
25
420
0
100
AcDbPolyline
 90
2
 70
0
 43
1.0711744444444444
 10
914.1333
 20
244.24922222222224
 10
914.1333
 20
204.2498666666667
  0
LWPOLYLINE
  5
378
330
17
100
AcDbEntity
  8
PERIPHERY
370
25
420
0
100
AcDbPolyline
 90
2
 70
0
 43
1.0662355555555556
 10
916.2711333333333
 20
244.24922222222224
 10
916.2711333333333
 20
204.2498666666667
  0
LWPOLYLINE
  5
379
330
17
100
AcDbEntity
  8
PERIPHERY
370
25
420
0
100
AcDbPolyline
 90
2
 70
0
 43
1.0614377777777777
 10
918.3990888888887
 20
244.24922222222224
 10
918.3990888888887
 20
204.2498666666667
  0
LWPOLYLINE
  5
37A
330
17
100
AcDbEntity
  8
PERIPHERY
370
25
420
0
100
AcDbPolyline
 90
2
 70
0
 43
1.05664
 10
920.5157555555554
 20
244.24922222222224
 10
920.5157555555554
 20
204.2498666666667
  0
LWPOLYLINE
  5
37B
330
17
100
AcDbEntity
  8
PERIPHERY
370
25
420
0
100
AcDbPolyline
 90
2
 70
0
 43
1.0519833333333333
 10
922.6239555555554
 20
244.24922222222224
 10
922.6239555555554
 20
204.2498666666667
  0
LWPOLYLINE
  5
37C
330
17
100
AcDbEntity
  8
PERIPHERY
370
25
420
0
100
AcDbPolyline
 90
2
 70
0
 43
1.0473266666666665
 10
924.7236888888889
 20
244.24922222222224
 10
924.7236888888889
 20
204.2498666666667
  0
LWPOLYLINE
  5
37D
330
17
100
AcDbEntity
  8
PERIPHERY
370
25
420
0
100
AcDbPolyline
 90
2
 70
0
 43
1.04267
 10
926.8135444444443
 20
244.24922222222224
 10
926.8135444444443
 20
204.2498666666667
  0
LWPOLYLINE
  5
37E
330
17
100
AcDbEntity
  8
PERIPHERY
370
25
420
0
100
AcDbPolyline
 90
2
 70
0
 43
1.0381544444444444
 10
928.893522222222
 20
244.24922222222224
 10
928.893522222222
 20
204.2498666666667
  0
LWPOLYLINE
  5
37F
330
17
100
AcDbEntity
  8
PERIPHERY
370
25
420
0
100
AcDbPolyline
 90
2
 70
0
 43
1.0336388888888888
 10
930.9664444444444
 20
244.24922222222224
 10
930.9664444444444
 20
204.2498666666667
  0
LWPOLYLINE
  5
380
330
17
100
AcDbEntity
  8
PERIPHERY
370
25
420
0
100
AcDbPolyline
 90
2
 70
0
 43
1.0292644444444443
 10
933.0280777777778
 20
244.24922222222224
 10
933.0280777777778
 20
204.2498666666667
  0
LWPOLYLINE
  5
381
330
17
100
AcDbEntity
  8
PERIPHERY
370
25
420
0
100
AcDbPolyline
 90
2
 70
0
 43
1.0248899999999999
 10
935.0840666666666
 20
244.24922222222224
 10
935.0840666666666
 20
204.2498666666667
  0
LWPOLYLINE
  5
382
330
17
100
AcDbEntity
  8
PERIPHERY
370
25
420
0
100
AcDbPolyline
 90
2
 70
0
 43
1.0206566666666665
 10
937.1287666666666
 20
244.24922222222224
 10
937.1287666666666
 20
204.2498666666667
  0
LWPOLYLINE
  5
383
330
17
100
AcDbEntity
  8
PERIPHERY
370
25
420
0
100
AcDbPolyline
 90
2
 70
0
 43
1.0164233333333332
 10
939.1664111111111
 20
244.24922222222224
 10
939.1664111111111
 20
204.2498666666667
  0
LWPOLYLINE
  5
384
330
17
100
AcDbEntity
  8
PERIPHERY
370
25
420
0
100
AcDbPolyline
 90
2
 70
0
 43
1.01219
 10
941.1941777777778
 20
244.24922222222224
 10
941.1941777777778
 20
204.2498666666667
  0
LWPOLYLINE
  5
385
330
17
100
AcDbEntity
  8
PERIPHERY
370
25
420
0
100
AcDbPolyline
 90
2
 70
0
 43
1.0079566666666666
 10
943.2148888888887
 20
244.24922222222224
 10
943.2148888888887
 20
204.2498666666667
  0
LWPOLYLINE
  5
386
330
17
100
AcDbEntity
  8
PERIPHERY
370
25
420
0
100
AcDbPolyline
 90
2
 70
0
 43
1.0038644444444444
 10
945.2271333333332
 20
244.24922222222224
 10
945.2271333333332
 20
204.2498666666667
  0
LWPOLYLINE
  5
387
330
17
100
AcDbEntity
  8
PERIPHERY
370
25
420
0
100
AcDbPolyline
 90
2
 70
0
 43
0.9999133333333332
 10
947.230911111111
 20
244.24922222222224
 10
947.230911111111
 20
204.2498666666667
  0
LWPOLYLINE
  5
388
330
17
100
AcDbEntity
  8
PERIPHERY
370
25
420
0
100
AcDbPolyline
 90
2
 70
0
 43
0.995821111111111
 10
949.2262222222221
 20
244.24922222222224
 10
949.2262222222221
 20
204.2498666666667
  0
LWPOLYLINE
  5
389
330
17
100
AcDbEntity
  8
PERIPHERY
370
25
420
0
100
AcDbPolyline
 90
2
 70
0
 43
0.992011111111111
 10
951.2130666666666
 20
244.24922222222224
 10
951.2130666666666
 20
204.2498666666667
  0
LWPOLYLINE
  5
38A
330
17
100
AcDbEntity
  8
PERIPHERY
370
25
420
0
100
AcDbPolyline
 90
2
 70
0
 43
0.9880599999999999
 10
953.1942666666665
 20
244.24922222222224
 10
953.1942666666665
 20
204.2498666666667
  0
LWPOLYLINE
  5
38B
330
17
100
AcDbEntity
  8
PERIPHERY
370
25
420
0
100
AcDbPolyline
 90
2
 70
0
 43
0.98425
 10
955.1655888888888
 20
244.24922222222224
 10
955.1655888888888
 20
204.2498666666667
  0
LWPOLYLINE
  5
38C
330
17
100
AcDbEntity
  8
PERIPHERY
370
25
420
0
100
AcDbPolyline
 90
2
 70
0
 43
0.9804399999999999
 10
957.1298555555554
 20
244.24922222222224
 10
957.1298555555554
 20
204.2498666666667
  0
LWPOLYLINE
  5
38D
330
17
100
AcDbEntity
  8
PERIPHERY
370
25
420
0
100
AcDbPolyline
 90
2
 70
0
 43
0.97663
 10
959.0870666666666
 20
244.24922222222224
 10
959.0870666666666
 20
204.2498666666667
  0
LWPOLYLINE
  5
38E
330
17
100
AcDbEntity
  8
PERIPHERY
370
25
420
0
100
AcDbPolyline
 90
2
 70
0
 43
0.9728199999999999
 10
961.0386333333333
 20
244.24922222222224
 10
961.0386333333333
 20
204.2498666666667
  0
LWPOLYLINE
  5
38F
330
17
100
AcDbEntity
  8
PERIPHERY
370
25
420
0
100
AcDbPolyline
 90
2
 70
0
 43
0.969151111111111
 10
962.9789111111111
 20
244.24922222222224
 10
962.9789111111111
 20
204.2498666666667
  0
LWPOLYLINE
  5
390
330
17
100
AcDbEntity
  8
PERIPHERY
370
25
420
0
100
AcDbPolyline
 90
2
 70
0
 43
0.9656233333333333
 10
964.9135444444444
 20
244.24922222222224
 10
964.9135444444444
 20
204.2498666666667
  0
LWPOLYLINE
  5
391
330
17
100
AcDbEntity
  8
PERIPHERY
370
25
420
0
100
AcDbPolyline
 90
2
 70
0
 43
0.9619544444444443
 10
966.8425333333332
 20
244.24922222222224
 10
966.8425333333332
 20
204.2498666666667
  0
LWPOLYLINE
  5
392
330
17
100
AcDbEntity
  8
PERIPHERY
370
25
420
0
100
AcDbPolyline
 90
2
 70
0
 43
0.9584266666666666
 10
968.7602333333333
 20
244.24922222222224
 10
968.7602333333333
 20
204.2498666666667
  0
LWPOLYLINE
  5
393
330
17
100
AcDbEntity
  8
PERIPHERY
370
25
420
0
100
AcDbPolyline
 90
2
 70
0
 43
0.9548988888888887
 10
970.676522222222
 20
244.24922222222224
 10
970.676522222222
 20
204.2498666666667
  0
LWPOLYLINE
  5
394
330
17
100
AcDbEntity
  8
PERIPHERY
370
25
420
0
100
AcDbPolyline
 90
2
 70
0
 43
0.9513711111111111
 10
972.580111111111
 20
244.24922222222224
 10
972.580111111111
 20
204.2498666666667
  0
LWPOLYLINE
  5
395
330
17
100
AcDbEntity
  8
PERIPHERY
370
25
420
0
100
AcDbPolyline
 90
2
 70
0
 43
0.9479844444444443
 10
974.4794666666666
 20
244.24922222222224
 10
974.4794666666666
 20
204.2498666666667
  0
LWPOLYLINE
  5
396
330
17
100
AcDbEntity
  8
PERIPHERY
370
25
420
0
100
AcDbPolyline
 90
2
 70
0
 43
0.9445977777777776
 10
976.3731777777776
 20
244.24922222222224
 10
976.3731777777776
 20
204.2498666666667
  0
LWPOLYLINE
  5
397
330
17
100
AcDbEntity
  8
PERIPHERY
370
25
420
0
100
AcDbPolyline
 90
2
 70
0
 43
0.9412111111111111
 10
978.2584222222222
 20
244.24922222222224
 10
978.2584222222222
 20
204.2498666666667
  0
LWPOLYLINE
  5
398
330
17
100
AcDbEntity
  8
PERIPHERY
370
25
420
0
100
AcDbPolyline
 90
2
 70
0
 43
0.9378244444444443
 10
980.1380222222222
 20
244.24922222222224
 10
980.1380222222222
 20
204.2498666666667
  0
LWPOLYLINE
  5
399
330
17
100
AcDbEntity
  8
PERIPHERY
370
25
420
0
100
AcDbPolyline
 90
2
 70
0
 43
0.9345788888888887
 10
982.0091555555555
 20
244.24922222222224
 10
982.0091555555555
 20
204.2498666666667
  0
LWPOLYLINE
  5
39A
330
17
100
AcDbEntity
  8
PERIPHERY
370
25
420
0
100
AcDbPolyline
 90
2
 70
0
 43
0.9313333333333332
 10
983.8746444444444
 20
244.24922222222224
 10
983.8746444444444
 20
204.2498666666667
  0
LWPOLYLINE
  5
39B
330
17
100
AcDbEntity
  8
PERIPHERY
370
25
420
0
100
AcDbPolyline
 90
2
 70
0
 43
0.9280877777777776
 10
985.7358999999999
 20
244.24922222222224
 10
985.7358999999999
 20
204.2498666666667
  0
LWPOLYLINE
  5
39C
330
17
100
AcDbEntity
  8
PERIPHERY
370
25
420
0
100
AcDbPolyline
 90
2
 70
0
 43
0.9248422222222221
 10
987.5872777777777
 20
244.24922222222224
 10
987.5872777777777
 20
204.2498666666667
  0
LWPOLYLINE
  5
39D
330
17
100
AcDbEntity
  8
PERIPHERY
370
25
420
0
100
AcDbPolyline
 90
2
 70
0
 43
0.9217377777777777
 10
989.4344222222221
 20
244.24922222222224
 10
989.4344222222221
 20
204.2498666666667
  0
LWPOLYLINE
  5
39E
330
17
100
AcDbEntity
  8
PERIPHERY
370
25
420
0
100
AcDbPolyline
 90
2
 70
0
 43
0.9184922222222222
 10
991.2759222222222
 20
244.24922222222224
 10
991.2759222222222
 20
204.2498666666667
  0
LWPOLYLINE
  5
39F
330
17
100
AcDbEntity
  8
PERIPHERY
370
25
420
0
100
AcDbPolyline
 90
2
 70
0
 43
0.9153877777777778
 10
993.1075444444444
 20
244.24922222222224
 10
993.1075444444444
 20
204.2498666666667
  0
LWPOLYLINE
  5
3A0
330
17
100
AcDbEntity
  8
PERIPHERY
370
25
420
0
100
AcDbPolyline
 90
2
 70
0
 43
0.9124244444444443
 10
994.9377555555554
 20
244.24922222222224
 10
994.9377555555554
 20
204.2498666666667
  0
LWPOLYLINE
  5
3A1
330
17
100
AcDbEntity
  8
PERIPHERY
370
25
420
0
100
AcDbPolyline
 90
2
 70
0
 43
0.9093199999999999
 10
996.7594999999999
 20
244.24922222222224
 10
996.7594999999999
 20
204.2498666666667
  0
LWPOLYLINE
  5
3A2
330
17
100
AcDbEntity
  8
PERIPHERY
370
25
420
0
100
AcDbPolyline
 90
2
 70
0
 43
0.9063566666666666
 10
998.5727777777777
 20
244.24922222222224
 10
998.5727777777777
 20
204.2498666666667
  0
LWPOLYLINE
  5
3A3
330
17
100
AcDbEntity
  8
PERIPHERY
370
25
420
0
100
AcDbPolyline
 90
2
 70
0
 43
0.9033933333333333
 10
1000.3846444444443
 20
244.24922222222224
 10
1000.3846444444443
 20
204.2498666666667
  0
LWPOLYLINE
  5
3A4
330
17
100
AcDbEntity
  8
PERIPHERY
370
25
420
0
100
AcDbPolyline
 90
2
 70
0
 43
0.90043
 10
1002.1866333333332
 20
244.24922222222224
 10
1002.1866333333332
 20
204.2498666666667
  0
LWPOLYLINE
  5
3A5
330
17
100
AcDbEntity
  8
PERIPHERY
370
25
420
0
100
AcDbPolyline
 90
2
 70
0
 43
0.8974666666666666
 10
1003.9857999999999
 20
244.24922222222224
 10
1003.9857999999999
 20
204.2498666666667
  0
LWPOLYLINE
  5
3A6
330
17
100
AcDbEntity
  8
PERIPHERY
370
25
420
0
100
AcDbPolyline
 90
2
 70
0
 43
0.8946444444444444
 10
1005.7779111111109
 20
244.24922222222224
 10
1005.7779111111109
 20
204.2498666666667
  0
LWPOLYLINE
  5
3A7
330
17
100
AcDbEntity
  8
PERIPHERY
370
25
420
0
100
AcDbPolyline
 90
2
 70
0
 43
0.891681111111111
 10
1007.5629666666665
 20
244.24922222222224
 10
1007.5629666666665
 20
204.2498666666667
  0
LWPOLYLINE
  5
3A8
330
17
100
AcDbEntity
  8
PERIPHERY
370
25
420
0
100
AcDbPolyline
 90
2
 70
0
 43
0.8888588888888889
 10
1009.3437888888889
 20
244.24922222222224
 10
1009.3437888888889
 20
204.2498666666667
  0
LWPOLYLINE
  5
3A9
330
17
100
AcDbEntity
  8
PERIPHERY
370
25
420
0
100
AcDbPolyline
 90
2
 70
0
 43
0.8860366666666666
 10
1011.1189666666667
 20
244.24922222222224
 10
1011.1189666666667
 20
204.2498666666667
  0
LWPOLYLINE
  5
3AA
330
17
100
AcDbEntity
  8
PERIPHERY
370
25
420
0
100
AcDbPolyline
 90
2
 70
0
 43
0.8833555555555554
 10
1012.8884999999998
 20
244.24922222222224
 10
1012.8884999999998
 20
204.2498666666667
  0
LWPOLYLINE
  5
3AB
330
17
100
AcDbEntity
  8
PERIPHERY
370
25
420
0
100
AcDbPolyline
 90
2
 70
0
 43
0.8805333333333333
 10
1014.6523888888887
 20
244.24922222222224
 10
1014.6523888888887
 20
204.2498666666667
  0
LWPOLYLINE
  5
3AC
330
17
100
AcDbEntity
  8
PERIPHERY
370
25
420
0
100
AcDbPolyline
 90
2
 70
0
 43
0.8778522222222221
 10
1016.4106333333333
 20
244.24922222222224
 10
1016.4106333333333
 20
204.2498666666667
  0
LWPOLYLINE
  5
3AD
330
17
100
AcDbEntity
  8
PERIPHERY
370
25
420
0
100
AcDbPolyline
 90
2
 70
0
 43
0.8750299999999999
 10
1018.1632333333332
 20
244.24922222222224
 10
1018.1632333333332
 20
204.2498666666667
  0
LWPOLYLINE
  5
3AE
330
17
100
AcDbEntity
  8
PERIPHERY
370
25
420
0
100
AcDbPolyline
 90
2
 70
0
 43
0.8723488888888887
 10
1019.9101888888887
 20
244.24922222222224
 10
1019.9101888888887
 20
204.2498666666667
  0
LWPOLYLINE
  5
3AF
330
17
100
AcDbEntity
  8
PERIPHERY
370
25
420
0
100
AcDbPolyline
 90
2
 70
0
 43
0.8698088888888887
 10
1021.6529111111109
 20
244.24922222222224
 10
1021.6529111111109
 20
204.2498666666667
  0
LWPOLYLINE
  5
3B0
330
17
100
AcDbEntity
  8
PERIPHERY
370
25
420
0
100
AcDbPolyline
 90
2
 70
0
 43
0.8671277777777777
 10
1023.3885777777776
 20
244.24922222222224
 10
1023.3885777777776
 20
204.2498666666667
  0
LWPOLYLINE
  5
3B1
330
17
100
AcDbEntity
  8
PERIPHERY
370
25
420
0
100
AcDbPolyline
 90
2
 70
0
 43
0.8644466666666666
 10
1025.1228333333333
 20
244.24922222222224
 10
1025.1228333333333
 20
204.2498666666667
  0
LWPOLYLINE
  5
3B2
330
17
100
AcDbEntity
  8
PERIPHERY
370
25
420
0
100
AcDbPolyline
 90
2
 70
0
 43
0.8619066666666666
 10
1026.848622222222
 20
244.24922222222224
 10
1026.848622222222
 20
204.2498666666667
  0
LWPOLYLINE
  5
3B3
330
17
100
AcDbEntity
  8
PERIPHERY
370
25
420
0
100
AcDbPolyline
 90
2
 70
0
 43
0.8593666666666666
 10
1028.5701777777776
 20
244.24922222222224
 10
1028.5701777777776
 20
204.2498666666667
  0
LWPOLYLINE
  5
3B4
330
17
100
AcDbEntity
  8
PERIPHERY
370
25
420
0
100
AcDbPolyline
 90
2
 70
0
 43
0.8568266666666665
 10
1030.2846777777777
 20
244.24922222222224
 10
1030.2846777777777
 20
204.2498666666667
  0
LWPOLYLINE
  5
3B5
330
17
100
AcDbEntity
  8
PERIPHERY
370
25
420
0
100
AcDbPolyline
 90
2
 70
0
 43
0.8542866666666666
 10
1031.9963555555555
 20
244.24922222222224
 10
1031.9963555555555
 20
204.2498666666667
  0
LWPOLYLINE
  5
3B6
330
17
100
AcDbEntity
  8
PERIPHERY
370
25
420
0
100
AcDbPolyline
 90
2
 70
0
 43
0.8517466666666667
 10
1033.7023888888887
 20
244.24922222222224
 10
1033.7023888888887
 20
204.2498666666667
  0
LWPOLYLINE
  5
3B7
330
17
100
AcDbEntity
  8
PERIPHERY
370
25
420
0
100
AcDbPolyline
 90
2
 70
0
 43
0.8493477777777777
 10
1035.4055999999998
 20
244.24922222222224
 10
1035.4055999999998
 20
204.2498666666667
  0
LWPOLYLINE
  5
3B8
330
17
100
AcDbEntity
  8
PERIPHERY
370
25
420
0
100
AcDbPolyline
 90
2
 70
0
 43
0.8468077777777776
 10
1037.1003444444443
 20
244.24922222222224
 10
1037.1003444444443
 20
204.2498666666667
  0
LWPOLYLINE
  5
3B9
330
17
100
AcDbEntity
  8
PERIPHERY
370
25
420
0
100
AcDbPolyline
 90
2
 70
0
 43
0.8444088888888889
 10
1038.7922666666666
 20
244.24922222222224
 10
1038.7922666666666
 20
204.2498666666667
  0
LWPOLYLINE
  5
3BA
330
17
100
AcDbEntity
  8
PERIPHERY
370
25
420
0
100
AcDbPolyline
 90
2
 70
0
 43
0.8420099999999999
 10
1040.4799555555553
 20
244.24922222222224
 10
1040.4799555555553
 20
204.2498666666667
  0
LWPOLYLINE
  5
3BB
330
17
100
AcDbEntity
  8
PERIPHERY
370
25
420
0
100
AcDbPolyline
 90
2
 70
0
 43
0.839611111111111
 10
1042.1605888888887
 20
244.24922222222224
 10
1042.1605888888887
 20
204.2498666666667
  0
LWPOLYLINE
  5
3BC
330
17
100
AcDbEntity
  8
PERIPHERY
370
25
420
0
100
AcDbPolyline
 90
2
 70
0
 43
0.8372122222222222
 10
1043.8369888888888
 20
244.24922222222224
 10
1043.8369888888888
 20
204.2498666666667
  0
LWPOLYLINE
  5
3BD
330
17
100
AcDbEntity
  8
PERIPHERY
370
25
420
0
100
AcDbPolyline
 90
2
 70
0
 43
0.8349544444444443
 10
1045.5091555555555
 20
244.24922222222224
 10
1045.5091555555555
 20
204.2498666666667
  0
LWPOLYLINE
  5
3BE
330
17
100
AcDbEntity
  8
PERIPHERY
370
25
420
0
100
AcDbPolyline
 90
2
 70
0
 43
0.8325555555555554
 10
1047.1770888888889
 20
244.24922222222224
 10
1047.1770888888889
 20
204.2498666666667
  0
LWPOLYLINE
  5
3BF
330
17
100
AcDbEntity
  8
PERIPHERY
370
25
420
0
100
AcDbPolyline
 90
2
 70
0
 43
0.8302977777777777
 10
1048.8379666666665
 20
244.24922222222224
 10
1048.8379666666665
 20
204.2498666666667
  0
LWPOLYLINE
  5
3C0
330
17
100
AcDbEntity
  8
PERIPHERY
370
25
420
0
100
AcDbPolyline
 90
2
 70
0
 43
0.8280399999999999
 10
1050.4974333333332
 20
244.24922222222224
 10
1050.4974333333332
 20
204.2498666666667
  0
LWPOLYLINE
  5
3C1
330
17
100
AcDbEntity
  8
PERIPHERY
370
25
420
0
100
AcDbPolyline
 90
2
 70
0
 43
0.8257822222222222
 10
1052.1512555555555
 20
244.24922222222224
 10
1052.1512555555555
 20
204.2498666666667
  0
LWPOLYLINE
  5
3C2
330
17
100
AcDbEntity
  8
PERIPHERY
370
25
420
0
100
AcDbPolyline
 90
2
 70
0
 43
0.8235244444444444
 10
1053.7994333333334
 20
244.24922222222224
 10
1053.7994333333334
 20
204.2498666666667
  0
LWPOLYLINE
  5
3C3
330
17
100
AcDbEntity
  8
PERIPHERY
370
25
420
0
100
AcDbPolyline
 90
2
 70
0
 43
0.8212666666666665
 10
1055.4447888888888
 20
244.24922222222224
 10
1055.4447888888888
 20
204.2498666666667
  0
LWPOLYLINE
  5
3C4
330
17
100
AcDbEntity
  8
PERIPHERY
370
25
420
0
100
AcDbPolyline
 90
2
 70
0
 43
0.8190088888888889
 10
1057.0845
 20
244.24922222222224
 10
1057.0845
 20
204.2498666666667
  0
LWPOLYLINE
  5
3C5
330
17
100
AcDbEntity
  8
PERIPHERY
370
25
420
0
100
AcDbPolyline
 90
2
 70
0
 43
0.816751111111111
 10
1058.7213888888887
 20
244.24922222222224
 10
1058.7213888888887
 20
204.2498666666667
  0
LWPOLYLINE
  5
3C6
330
17
100
AcDbEntity
  8
PERIPHERY
370
25
420
0
100
AcDbPolyline
 90
2
 70
0
 43
0.8146344444444444
 10
1060.3540444444443
 20
244.24922222222224
 10
1060.3540444444443
 20
204.2498666666667
  0
LWPOLYLINE
  5
3C7
330
17
100
AcDbEntity
  8
PERIPHERY
370
25
420
0
100
AcDbPolyline
 90
2
 70
0
 43
0.8125177777777777
 10
1061.9796444444444
 20
244.24922222222224
 10
1061.9796444444444
 20
204.2498666666667
  0
LWPOLYLINE
  5
3C8
330
17
100
AcDbEntity
  8
PERIPHERY
370
25
420
0
100
AcDbPolyline
 90
2
 70
0
 43
0.81026
 10
1063.6024222222222
 20
244.24922222222224
 10
1063.6024222222222
 20
204.2498666666667
  0
LWPOLYLINE
  5
3C9
330
17
100
AcDbEntity
  8
PERIPHERY
370
25
420
0
100
AcDbPolyline
 90
2
 70
0
 43
0.8081433333333332
 10
1065.2209666666665
 20
244.24922222222224
 10
1065.2209666666665
 20
204.2498666666667
  0
LWPOLYLINE
  5
3CA
330
17
100
AcDbEntity
  8
PERIPHERY
370
25
420
0
100
AcDbPolyline
 90
2
 70
0
 43
0.8060266666666667
 10
1066.8352777777777
 20
244.24922222222224
 10
1066.8352777777777
 20
204.2498666666667
  0
LWPOLYLINE
  5
3CB
330
17
100
AcDbEntity
  8
PERIPHERY
370
25
420
0
100
AcDbPolyline
 90
2
 70
0
 43
0.8039099999999999
 10
1068.4453555555556
 20
244.24922222222224
 10
1068.4453555555556
 20
204.2498666666667
  0
LWPOLYLINE
  5
3CC
330
17
100
AcDbEntity
  8
PERIPHERY
370
25
420
0
100
AcDbPolyline
 90
2
 70
0
 43
0.8019344444444444
 10
1070.052611111111
 20
244.24922222222224
 10
1070.052611111111
 20
204.2498666666667
  0
TEXT
  5
3CD
330
17
100
AcDbEntity
  8
LABELS
 62
250
100
AcDbText
 10
506.77628444444434
 20
182.13874333333334
 30
0.0
 40
16.93333333333333
  1
1
 11
506.77628444444434
 21
182.13874333333334
 31
0.0
100
AcDbText
  0
TEXT
  5
3CE
330
17
100
AcDbEntity
  8
LABELS
 62
250
100
AcDbText
 10
631.2207622222221
 20
182.13874333333334
 30
0.0
 40
16.93333333333333
  1
3
 11
631.2207622222221
 21
182.13874333333334
 31
0.0
100
AcDbText
  0
TEXT
  5
3CF
330
17
100
AcDbEntity
  8
LABELS
 62
250
100
AcDbText
 10
755.6645344444444
 20
182.13874333333334
 30
0.0
 40
16.93333333333333
  1
5
 11
755.6645344444444
 21
182.13874333333334
 31
0.0
100
AcDbText
  0
TEXT
  5
3D0
330
17
100
AcDbEntity
  8
LABELS
 62
250
100
AcDbText
 10
880.1088711111111
 20
182.13874333333334
 30
0.0
 40
16.93333333333333
  1
7
 11
880.1088711111111
 21
182.13874333333334
 31
0.0
100
AcDbText
  0
TEXT
  5
3D1
330
17
100
AcDbEntity
  8
LABELS
 62
250
100
AcDbText
 10
1004.5526433333332
 20
182.13874333333334
 30
0.0
 40
16.93333333333333
  1
9
 11
1004.5526433333332
 21
182.13874333333334
 31
0.0
100
AcDbText
  0
TEXT
  5
3D2
330
17
100
AcDbEntity
  8
LABELS
 62
250
100
AcDbText
 10
1062.4316233333334
 20
182.13874333333334
 30
0.0
 40
16.93333333333333
  1
10
 11
1062.4316233333334
 21
182.13874333333334
 31
0.0
100
AcDbText
  0
TEXT
  5
3D3
330
17
100
AcDbEntity
  8
LABELS
 62
250
100
AcDbText
 10
942.3313922222221
 20
182.13874333333334
 30
0.0
 40
16.93333333333333
  1
8
 11
942.3313922222221
 21
182.13874333333334
 31
0.0
100
AcDbText
  0
TEXT
  5
3D4
330
17
100
AcDbEntity
  8
LABELS
 62
250
100
AcDbText
 10
817.88635
 20
182.13874333333334
 30
0.0
 40
16.93333333333333
  1
6
 11
817.88635
 21
182.13874333333334
 31
0.0
100
AcDbText
  0
TEXT
  5
3D5
330
17
100
AcDbEntity
  8
LABELS
 62
250
100
AcDbText
 10
693.4425777777777
 20
182.13874333333334
 30
0.0
 40
16.93333333333333
  1
4
 11
693.4425777777777
 21
182.13874333333334
 31
0.0
100
AcDbText
  0
TEXT
  5
3D6
330
17
100
AcDbEntity
  8
LABELS
 62
250
100
AcDbText
 10
568.998241111111
 20
182.13874333333334
 30
0.0
 40
16.93333333333333
  1
2
 11
568.998241111111
 21
182.13874333333334
 31
0.0
100
AcDbText
  0
LWPOLYLINE
  5
3D7
330
17
100
AcDbEntity
  8
PERIPHERY
370
25
420
0
100
AcDbPolyline
 90
2
 70
0
 43
3.999935555555555
 10
447.11902222222216
 20
784.2504
 10
423.11884444444445
 20
784.2504
  0
LWPOLYLINE
  5
3D8
330
17
100
AcDbEntity
  8
PERIPHERY
370
25
420
0
100
AcDbPolyline
 90
2
 70
0
 43
3.999935555555555
 10
447.11902222222216
 20
722.0274555555555
 10
423.11884444444445
 20
722.0274555555555
  0
LWPOLYLINE
  5
3D9
330
17
100
AcDbEntity
  8
PERIPHERY
370
25
420
0
100
AcDbPolyline
 90
2
 70
0
 43
3.999935555555555
 10
447.11902222222216
 20
659.8059222222222
 10
423.11884444444445
 20
659.8059222222222
  0
LWPOLYLINE
  5
3DA
330
17
100
AcDbEntity
  8
PERIPHERY
370
25
420
0
100
AcDbPolyline
 90
2
 70
0
 43
3.999935555555555
 10
447.11902222222216
 20
597.5815666666666
 10
423.11884444444445
 20
597.5815666666666
  0
LWPOLYLINE
  5
3DB
330
17
100
AcDbEntity
  8
PERIPHERY
370
25
420
0
100
AcDbPolyline
 90
2
 70
0
 43
3.999935555555555
 10
447.11902222222216
 20
535.3614444444444
 10
423.11884444444445
 20
535.3614444444444
  0
LWPOLYLINE
  5
3DC
330
17
100
AcDbEntity
  8
PERIPHERY
370
25
420
0
100
AcDbPolyline
 90
2
 70
0
 43
3.999935555555555
 10
447.11902222222216
 20
473.14132222222224
 10
423.11884444444445
 20
473.14132222222224
  0
LWPOLYLINE
  5
3DD
330
17
100
AcDbEntity
  8
PERIPHERY
370
25
420
0
100
AcDbPolyline
 90
2
 70
0
 43
3.999935555555555
 10
447.11902222222216
 20
410.9183777777777
 10
423.11884444444445
 20
410.9183777777777
  0
LWPOLYLINE
  5
3DE
330
17
100
AcDbEntity
  8
PERIPHERY
370
25
420
0
100
AcDbPolyline
 90
2
 70
0
 43
3.999935555555555
 10
447.11902222222216
 20
348.6968444444444
 10
423.11884444444445
 20
348.6968444444444
  0
LWPOLYLINE
  5
3DF
330
17
100
AcDbEntity
  8
PERIPHERY
370
25
420
0
100
AcDbPolyline
 90
2
 70
0
 43
3.999935555555555
 10
447.11902222222216
 20
286.47248888888885
 10
423.11884444444445
 20
286.47248888888885
  0
LWPOLYLINE
  5
3E0
330
17
100
AcDbEntity
  8
PERIPHERY
370
25
420
0
100
AcDbPolyline
 90
2
 70
0
 43
3.999935555555555
 10
447.11902222222216
 20
224.25095555555555
 10
423.11884444444445
 20
224.25095555555555
  0
LWPOLYLINE
  5
3E1
330
17
100
AcDbEntity
  8
PERIPHERY
370
25
420
0
100
AcDbPolyline
 90
2
 70
0
 43
8.000012222222221
 10
471.1191999999999
 20
780.2498999999999
 10
431.11984444444437
 20
780.2498999999999
  0
LWPOLYLINE
  5
3E2
330
17
100
AcDbEntity
  8
PERIPHERY
370
25
420
0
100
AcDbPolyline
 90
2
 70
0
 43
6.438617777777777
 10
471.1191999999999
 20
765.9412333333332
 10
431.11984444444437
 20
765.9412333333332
  0
LWPOLYLINE
  5
3E3
330
17
100
AcDbEntity
  8
PERIPHERY
370
25
420
0
100
AcDbPolyline
 90
2
 70
0
 43
5.5497588888888885
 10
471.1191999999999
 20
754.0032333333332
 10
431.11984444444437
 20
754.0032333333332
  0
LWPOLYLINE
  5
3E4
330
17
100
AcDbEntity
  8
PERIPHERY
370
25
420
0
100
AcDbPolyline
 90
2
 70
0
 43
4.954552222222222
 10
471.1191999999999
 20
743.5257333333333
 10
431.11984444444437
 20
743.5257333333333
  0
LWPOLYLINE
  5
3E5
330
17
100
AcDbEntity
  8
PERIPHERY
370
25
420
0
100
AcDbPolyline
 90
2
 70
0
 43
4.519224444444444
 10
471.1191999999999
 20
734.0670555555555
 10
431.11984444444437
 20
734.0670555555555
  0
LWPOLYLINE
  5
3E6
330
17
100
AcDbEntity
  8
PERIPHERY
370
25
420
0
100
AcDbPolyline
 90
2
 70
0
 43
4.182815555555555
 10
471.1191999999999
 20
725.374611111111
 10
431.11984444444437
 20
725.374611111111
  0
LWPOLYLINE
  5
3E7
330
17
100
AcDbEntity
  8
PERIPHERY
370
25
420
0
100
AcDbPolyline
 90
2
 70
0
 43
3.9124466666666664
 10
471.1191999999999
 20
717.2861222222222
 10
431.11984444444437
 20
717.2861222222222
  0
LWPOLYLINE
  5
3E8
330
17
100
AcDbEntity
  8
PERIPHERY
370
25
420
0
100
AcDbPolyline
 90
2
 70
0
 43
3.6889266666666662
 10
471.1191999999999
 20
709.690111111111
 10
431.11984444444437
 20
709.690111111111
  0
LWPOLYLINE
  5
3E9
330
17
100
AcDbEntity
  8
PERIPHERY
370
25
420
0
100
AcDbPolyline
 90
2
 70
0
 43
3.5001199999999995
 10
471.1191999999999
 20
702.5047333333332
 10
431.11984444444437
 20
702.5047333333332
  0
LWPOLYLINE
  5
3EA
330
17
100
AcDbEntity
  8
PERIPHERY
370
25
420
0
100
AcDbPolyline
 90
2
 70
0
 43
3.337842222222222
 10
471.1191999999999
 20
695.6693111111111
 10
431.11984444444437
 20
695.6693111111111
  0
LWPOLYLINE
  5
3EB
330
17
100
AcDbEntity
  8
PERIPHERY
370
25
420
0
100
AcDbPolyline
 90
2
 70
0
 43
3.1963077777777773
 10
471.1191999999999
 20
689.1372777777777
 10
431.11984444444437
 20
689.1372777777777
  0
LWPOLYLINE
  5
3EC
330
17
100
AcDbEntity
  8
PERIPHERY
370
25
420
0
100
AcDbPolyline
 90
2
 70
0
 43
3.0714244444444443
 10
471.1191999999999
 20
682.8719444444444
 10
431.11984444444437
 20
682.8719444444444
  0
LWPOLYLINE
  5
3ED
330
17
100
AcDbEntity
  8
PERIPHERY
370
25
420
0
100
AcDbPolyline
 90
2
 70
0
 43
2.9603699999999997
 10
471.1191999999999
 20
676.8408555555555
 10
431.11984444444437
 20
676.8408555555555
  0
LWPOLYLINE
  5
3EE
330
17
100
AcDbEntity
  8
PERIPHERY
370
25
420
0
100
AcDbPolyline
 90
2
 70
0
 43
2.8604633333333327
 10
471.1191999999999
 20
671.0214333333332
 10
431.11984444444437
 20
671.0214333333332
  0
LWPOLYLINE
  5
3EF
330
17
100
AcDbEntity
  8
PERIPHERY
370
25
420
0
100
AcDbPolyline
 90
2
 70
0
 43
2.770152222222222
 10
471.1191999999999
 20
665.392511111111
 10
431.11984444444437
 20
665.392511111111
  0
LWPOLYLINE
  5
3F0
330
17
100
AcDbEntity
  8
PERIPHERY
370
25
420
0
100
AcDbPolyline
 90
2
 70
0
 43
2.6878844444444443
 10
471.1191999999999
 20
659.9357444444444
 10
431.11984444444437
 20
659.9357444444444
  0
LWPOLYLINE
  5
3F1
330
17
100
AcDbEntity
  8
PERIPHERY
370
25
420
0
100
AcDbPolyline
 90
2
 70
0
 43
2.6125311111111107
 10
471.1191999999999
 20
654.635611111111
 10
431.11984444444437
 20
654.635611111111
  0
LWPOLYLINE
  5
3F2
330
17
100
AcDbEntity
  8
PERIPHERY
370
25
420
0
100
AcDbPolyline
 90
2
 70
0
 43
2.5433866666666662
 10
471.1191999999999
 20
649.4808222222222
 10
431.11984444444437
 20
649.4808222222222
  0
LWPOLYLINE
  5
3F3
330
17
100
AcDbEntity
  8
PERIPHERY
370
25
420
0
100
AcDbPolyline
 90
2
 70
0
 43
2.4793222222222218
 10
471.1191999999999
 20
644.4586777777777
 10
431.11984444444437
 20
644.4586777777777
  0
LWPOLYLINE
  5
3F4
330
17
100
AcDbEntity
  8
PERIPHERY
370
25
420
0
100
AcDbPolyline
 90
2
 70
0
 43
2.4199144444444443
 10
471.1191999999999
 20
639.5592999999999
 10
431.11984444444437
 20
639.5592999999999
  0
LWPOLYLINE
  5
3F5
330
17
100
AcDbEntity
  8
PERIPHERY
370
25
420
0
100
AcDbPolyline
 90
2
 70
0
 43
2.3645988888888887
 10
471.1191999999999
 20
634.7756333333333
 10
431.11984444444437
 20
634.7756333333333
  0
LWPOLYLINE
  5
3F6
330
17
100
AcDbEntity
  8
PERIPHERY
370
25
420
0
100
AcDbPolyline
 90
2
 70
0
 43
2.312952222222222
 10
471.1191999999999
 20
630.0978
 10
431.11984444444437
 20
630.0978
  0
LWPOLYLINE
  5
3F7
330
17
100
AcDbEntity
  8
PERIPHERY
370
25
420
0
100
AcDbPolyline
 90
2
 70
0
 43
2.264551111111111
 10
471.1191999999999
 20
625.5215666666667
 10
431.11984444444437
 20
625.5215666666667
  0
LWPOLYLINE
  5
3F8
330
17
100
AcDbEntity
  8
PERIPHERY
370
25
420
0
100
AcDbPolyline
 90
2
 70
0
 43
2.218972222222222
 10
471.1191999999999
 20
621.0384666666666
 10
431.11984444444437
 20
621.0384666666666
  0
LWPOLYLINE
  5
3F9
330
17
100
AcDbEntity
  8
PERIPHERY
370
25
420
0
100
AcDbPolyline
 90
2
 70
0
 43
2.1762155555555553
 10
471.1191999999999
 20
616.6428555555555
 10
431.11984444444437
 20
616.6428555555555
  0
LWPOLYLINE
  5
3FA
330
17
100
AcDbEntity
  8
PERIPHERY
370
25
420
0
100
AcDbPolyline
 90
2
 70
0
 43
2.1357166666666667
 10
471.1191999999999
 20
612.3333222222221
 10
431.11984444444437
 20
612.3333222222221
  0
LWPOLYLINE
  5
3FB
330
17
100
AcDbEntity
  8
PERIPHERY
370
25
420
0
100
AcDbPolyline
 90
2
 70
0
 43
2.097475555555555
 10
471.1191999999999
 20
608.0999888888889
 10
431.11984444444437
 20
608.0999888888889
  0
LWPOLYLINE
  5
3FC
330
17
100
AcDbEntity
  8
PERIPHERY
370
25
420
0
100
AcDbPolyline
 90
2
 70
0
 43
2.06121
 10
471.1191999999999
 20
603.9400333333332
 10
431.11984444444437
 20
603.9400333333332
  0
LWPOLYLINE
  5
3FD
330
17
100
AcDbEntity
  8
PERIPHERY
370
25
420
0
100
AcDbPolyline
 90
2
 70
0
 43
2.0267788888888885
 10
471.1191999999999
 20
599.8534555555556
 10
431.11984444444437
 20
599.8534555555556
  0
LWPOLYLINE
  5
3FE
330
17
100
AcDbEntity
  8
PERIPHERY
370
25
420
0
100
AcDbPolyline
 90
2
 70
0
 43
1.9938999999999998
 10
471.1191999999999
 20
595.8317888888888
 10
431.11984444444437
 20
595.8317888888888
  0
LWPOLYLINE
  5
3FF
330
17
100
AcDbEntity
  8
PERIPHERY
370
25
420
0
100
AcDbPolyline
 90
2
 70
0
 43
1.9627144444444442
 10
471.1191999999999
 20
591.8778555555555
 10
431.11984444444437
 20
591.8778555555555
  0
LWPOLYLINE
  5
400
330
17
100
AcDbEntity
  8
PERIPHERY
370
25
420
0
100
AcDbPolyline
 90
2
 70
0
 43
1.9329399999999997
 10
471.1191999999999
 20
587.9817777777778
 10
431.11984444444437
 20
587.9817777777778
  0
LWPOLYLINE
  5
401
330
17
100
AcDbEntity
  8
PERIPHERY
370
25
420
0
100
AcDbPolyline
 90
2
 70
0
 43
1.9044355555555552
 10
471.1191999999999
 20
584.1449666666666
 10
431.11984444444437
 20
584.1449666666666
  0
LWPOLYLINE
  5
402
330
17
100
AcDbEntity
  8
PERIPHERY
370
25
420
0
100
AcDbPolyline
 90
2
 70
0
 43
1.8772011111111109
 10
471.1191999999999
 20
580.3631888888889
 10
431.11984444444437
 20
580.3631888888889
  0
LWPOLYLINE
  5
403
330
17
100
AcDbEntity
  8
PERIPHERY
370
25
420
0
100
AcDbPolyline
 90
2
 70
0
 43
1.8510955555555555
 10
471.1191999999999
 20
576.6350333333332
 10
431.11984444444437
 20
576.6350333333332
  0
LWPOLYLINE
  5
404
330
17
100
AcDbEntity
  8
PERIPHERY
370
25
420
0
100
AcDbPolyline
 90
2
 70
0
 43
1.8259777777777777
 10
471.1191999999999
 20
572.9576777777778
 10
431.11984444444437
 20
572.9576777777778
  0
LWPOLYLINE
  5
405
330
17
100
AcDbEntity
  8
PERIPHERY
370
25
420
0
100
AcDbPolyline
 90
2
 70
0
 43
1.8019888888888886
 10
471.1191999999999
 20
569.3311222222222
 10
431.11984444444437
 20
569.3311222222222
  0
LWPOLYLINE
  5
406
330
17
100
AcDbEntity
  8
PERIPHERY
370
25
420
0
100
AcDbPolyline
 90
2
 70
0
 43
1.7788466666666665
 10
471.1191999999999
 20
565.748311111111
 10
431.11984444444437
 20
565.748311111111
  0
LWPOLYLINE
  5
407
330
17
100
AcDbEntity
  8
PERIPHERY
370
25
420
0
100
AcDbPolyline
 90
2
 70
0
 43
1.7565511111111107
 10
471.1191999999999
 20
562.2148888888888
 10
431.11984444444437
 20
562.2148888888888
  0
LWPOLYLINE
  5
408
330
17
100
AcDbEntity
  8
PERIPHERY
370
25
420
0
100
AcDbPolyline
 90
2
 70
0
 43
1.735102222222222
 10
471.1191999999999
 20
558.7223888888889
 10
431.11984444444437
 20
558.7223888888889
  0
LWPOLYLINE
  5
409
330
17
100
AcDbEntity
  8
PERIPHERY
370
25
420
0
100
AcDbPolyline
 90
2
 70
0
 43
1.7145
 10
471.1191999999999
 20
555.2722222222221
 10
431.11984444444437
 20
555.2722222222221
  0
LWPOLYLINE
  5
40A
330
17
100
AcDbEntity
  8
PERIPHERY
370
25
420
0
100
AcDbPolyline
 90
2
 70
0
 43
1.694462222222222
 10
471.1191999999999
 20
551.8629777777777
 10
431.11984444444437
 20
551.8629777777777
  0
LWPOLYLINE
  5
40B
330
17
100
AcDbEntity
  8
PERIPHERY
370
25
420
0
100
AcDbPolyline
 90
2
 70
0
 43
1.675271111111111
 10
471.1191999999999
 20
548.4932444444445
 10
431.11984444444437
 20
548.4932444444445
  0
LWPOLYLINE
  5
40C
330
17
100
AcDbEntity
  8
PERIPHERY
370
25
420
0
100
AcDbPolyline
 90
2
 70
0
 43
1.6566444444444441
 10
471.1191999999999
 20
545.161611111111
 10
431.11984444444437
 20
545.161611111111
  0
LWPOLYLINE
  5
40D
330
17
100
AcDbEntity
  8
PERIPHERY
370
25
420
0
100
AcDbPolyline
 90
2
 70
0
 43
1.6385822222222222
 10
471.1191999999999
 20
541.8652555555556
 10
431.11984444444437
 20
541.8652555555556
  0
LWPOLYLINE
  5
40E
330
17
100
AcDbEntity
  8
PERIPHERY
370
25
420
0
100
AcDbPolyline
 90
2
 70
0
 43
1.6210844444444443
 10
471.1191999999999
 20
538.607
 10
431.11984444444437
 20
538.607
  0
LWPOLYLINE
  5
40F
330
17
100
AcDbEntity
  8
PERIPHERY
370
25
420
0
100
AcDbPolyline
 90
2
 70
0
 43
1.604292222222222
 10
471.1191999999999
 20
535.3797888888889
 10
431.11984444444437
 20
535.3797888888889
  0
LWPOLYLINE
  5
410
330
17
100
AcDbEntity
  8
PERIPHERY
370
25
420
0
100
AcDbPolyline
 90
2
 70
0
 43
1.5879233333333331
 10
471.1191999999999
 20
532.1892666666666
 10
431.11984444444437
 20
532.1892666666666
  0
LWPOLYLINE
  5
411
330
17
100
AcDbEntity
  8
PERIPHERY
370
25
420
0
100
AcDbPolyline
 90
2
 70
0
 43
1.5719777777777777
 10
471.1191999999999
 20
529.0297888888889
 10
431.11984444444437
 20
529.0297888888889
  0
LWPOLYLINE
  5
412
330
17
100
AcDbEntity
  8
PERIPHERY
370
25
420
0
100
AcDbPolyline
 90
2
 70
0
 43
1.5565966666666664
 10
471.1191999999999
 20
525.9027666666666
 10
431.11984444444437
 20
525.9027666666666
  0
LWPOLYLINE
  5
413
330
17
100
AcDbEntity
  8
PERIPHERY
370
25
420
0
100
AcDbPolyline
 90
2
 70
0
 43
1.5416388888888888
 10
471.1191999999999
 20
522.8011444444444
 10
431.11984444444437
 20
522.8011444444444
  0
LWPOLYLINE
  5
414
330
17
100
AcDbEntity
  8
PERIPHERY
370
25
420
0
100
AcDbPolyline
 90
2
 70
0
 43
1.5271044444444444
 10
471.1191999999999
 20
519.7333888888888
 10
431.11984444444437
 20
519.7333888888888
  0
LWPOLYLINE
  5
415
330
17
100
AcDbEntity
  8
PERIPHERY
370
25
420
0
100
AcDbPolyline
 90
2
 70
0
 43
1.512852222222222
 10
471.1191999999999
 20
516.6938555555555
 10
431.11984444444437
 20
516.6938555555555
  0
LWPOLYLINE
  5
416
330
17
100
AcDbEntity
  8
PERIPHERY
370
25
420
0
100
AcDbPolyline
 90
2
 70
0
 43
1.4991644444444443
 10
471.1191999999999
 20
513.6811333333333
 10
431.11984444444437
 20
513.6811333333333
  0
LWPOLYLINE
  5
417
330
17
100
AcDbEntity
  8
PERIPHERY
370
25
420
0
100
AcDbPolyline
 90
2
 70
0
 43
1.4857588888888886
 10
471.1191999999999
 20
510.6966333333333
 10
431.11984444444437
 20
510.6966333333333
  0
LWPOLYLINE
  5
418
330
17
100
AcDbEntity
  8
PERIPHERY
370
25
420
0
100
AcDbPolyline
 90
2
 70
0
 43
1.4727766666666666
 10
471.1191999999999
 20
507.73894444444437
 10
431.11984444444437
 20
507.73894444444437
  0
LWPOLYLINE
  5
419
330
17
100
AcDbEntity
  8
PERIPHERY
370
25
420
0
100
AcDbPolyline
 90
2
 70
0
 43
1.4600766666666665
 10
471.1191999999999
 20
504.80665555555555
 10
431.11984444444437
 20
504.80665555555555
  0
LWPOLYLINE
  5
41A
330
17
100
AcDbEntity
  8
PERIPHERY
370
25
420
0
100
AcDbPolyline
 90
2
 70
0
 43
1.4476588888888888
 10
471.1191999999999
 20
501.9011777777777
 10
431.11984444444437
 20
501.9011777777777
  0
LWPOLYLINE
  5
41B
330
17
100
AcDbEntity
  8
PERIPHERY
370
25
420
0
100
AcDbPolyline
 90
2
 70
0
 43
1.4356644444444444
 10
471.1191999999999
 20
499.0182777777777
 10
431.11984444444437
 20
499.0182777777777
  0
LWPOLYLINE
  5
41C
330
17
100
AcDbEntity
  8
PERIPHERY
370
25
420
0
100
AcDbPolyline
 90
2
 70
0
 43
1.423811111111111
 10
471.1191999999999
 20
496.1565444444444
 10
431.11984444444437
 20
496.1565444444444
  0
LWPOLYLINE
  5
41D
330
17
100
AcDbEntity
  8
PERIPHERY
370
25
420
0
100
AcDbPolyline
 90
2
 70
0
 43
1.4123811111111109
 10
471.1191999999999
 20
493.3216222222222
 10
431.11984444444437
 20
493.3216222222222
  0
LWPOLYLINE
  5
41E
330
17
100
AcDbEntity
  8
PERIPHERY
370
25
420
0
100
AcDbPolyline
 90
2
 70
0
 43
1.4010922222222222
 10
471.1191999999999
 20
490.5078666666666
 10
431.11984444444437
 20
490.5078666666666
  0
LWPOLYLINE
  5
41F
330
17
100
AcDbEntity
  8
PERIPHERY
370
25
420
0
100
AcDbPolyline
 90
2
 70
0
 43
1.3902266666666665
 10
471.1191999999999
 20
487.7181
 10
431.11984444444437
 20
487.7181
  0
LWPOLYLINE
  5
420
330
17
100
AcDbEntity
  8
PERIPHERY
370
25
420
0
100
AcDbPolyline
 90
2
 70
0
 43
1.3795022222222222
 10
471.1191999999999
 20
484.9495
 10
431.11984444444437
 20
484.9495
  0
LWPOLYLINE
  5
421
330
17
100
AcDbEntity
  8
PERIPHERY
370
25
420
0
100
AcDbPolyline
 90
2
 70
0
 43
1.3690599999999997
 10
471.1191999999999
 20
482.1978333333333
 10
431.11984444444437
 20
482.1978333333333
  0
LWPOLYLINE
  5
422
330
17
100
AcDbEntity
  8
PERIPHERY
370
25
420
0
100
AcDbPolyline
 90
2
 70
0
 43
1.3588999999999998
 10
471.1191999999999
 20
479.4729777777777
 10
431.11984444444437
 20
479.4729777777777
  0
LWPOLYLINE
  5
423
330
17
100
AcDbEntity
  8
PERIPHERY
370
25
420
0
100
AcDbPolyline
 90
2
 70
0
 43
1.348881111111111
 10
471.1191999999999
 20
476.76364444444437
 10
431.11984444444437
 20
476.76364444444437
  0
LWPOLYLINE
  5
424
330
17
100
AcDbEntity
  8
PERIPHERY
370
25
420
0
100
AcDbPolyline
 90
2
 70
0
 43
1.3391444444444442
 10
471.1191999999999
 20
474.07547777777773
 10
431.11984444444437
 20
474.07547777777773
  0
LWPOLYLINE
  5
425
330
17
100
AcDbEntity
  8
PERIPHERY
370
25
420
0
100
AcDbPolyline
 90
2
 70
0
 43
1.329548888888889
 10
471.1191999999999
 20
471.40847777777776
 10
431.11984444444437
 20
471.40847777777776
  0
LWPOLYLINE
  5
426
330
17
100
AcDbEntity
  8
PERIPHERY
370
25
420
0
100
AcDbPolyline
 90
2
 70
0
 43
1.3202355555555554
 10
471.1191999999999
 20
468.75699999999995
 10
431.11984444444437
 20
468.75699999999995
  0
LWPOLYLINE
  5
427
330
17
100
AcDbEntity
  8
PERIPHERY
370
25
420
0
100
AcDbPolyline
 90
2
 70
0
 43
1.3110633333333332
 10
471.1191999999999
 20
466.12809999999996
 10
431.11984444444437
 20
466.12809999999996
  0
LWPOLYLINE
  5
428
330
17
100
AcDbEntity
  8
PERIPHERY
370
25
420
0
100
AcDbPolyline
 90
2
 70
0
 43
1.302032222222222
 10
471.1191999999999
 20
463.51189999999997
 10
431.11984444444437
 20
463.51189999999997
  0
LWPOLYLINE
  5
429
330
17
100
AcDbEntity
  8
PERIPHERY
370
25
420
0
100
AcDbPolyline
 90
2
 70
0
 43
1.2932833333333331
 10
471.1191999999999
 20
460.91827777777775
 10
431.11984444444437
 20
460.91827777777775
  0
LWPOLYLINE
  5
42A
330
17
100
AcDbEntity
  8
PERIPHERY
370
25
420
0
100
AcDbPolyline
 90
2
 70
0
 43
1.2846755555555553
 10
471.1191999999999
 20
458.33876666666663
 10
431.11984444444437
 20
458.33876666666663
  0
LWPOLYLINE
  5
42B
330
17
100
AcDbEntity
  8
PERIPHERY
370
25
420
0
100
AcDbPolyline
 90
2
 70
0
 43
1.2762088888888887
 10
471.1191999999999
 20
455.77901111111106
 10
431.11984444444437
 20
455.77901111111106
  0
LWPOLYLINE
  5
42C
330
17
100
AcDbEntity
  8
PERIPHERY
370
25
420
0
100
AcDbPolyline
 90
2
 70
0
 43
1.2678833333333333
 10
471.1191999999999
 20
453.2347777777777
 10
431.11984444444437
 20
453.2347777777777
  0
LWPOLYLINE
  5
42D
330
17
100
AcDbEntity
  8
PERIPHERY
370
25
420
0
100
AcDbPolyline
 90
2
 70
0
 43
1.259698888888889
 10
471.1191999999999
 20
450.70747777777774
 10
431.11984444444437
 20
450.70747777777774
  0
LWPOLYLINE
  5
42E
330
17
100
AcDbEntity
  8
PERIPHERY
370
25
420
0
100
AcDbPolyline
 90
2
 70
0
 43
1.2517966666666664
 10
471.1191999999999
 20
448.1971111111111
 10
431.11984444444437
 20
448.1971111111111
  0
LWPOLYLINE
  5
42F
330
17
100
AcDbEntity
  8
PERIPHERY
370
25
420
0
100
AcDbPolyline
 90
2
 70
0
 43
1.2440355555555556
 10
471.1191999999999
 20
445.69944444444445
 10
431.11984444444437
 20
445.69944444444445
  0
LWPOLYLINE
  5
430
330
17
100
AcDbEntity
  8
PERIPHERY
370
25
420
0
100
AcDbPolyline
 90
2
 70
0
 43
1.2362744444444442
 10
471.1191999999999
 20
443.2187111111111
 10
431.11984444444437
 20
443.2187111111111
  0
LWPOLYLINE
  5
431
330
17
100
AcDbEntity
  8
PERIPHERY
370
25
420
0
100
AcDbPolyline
 90
2
 70
0
 43
1.2287955555555554
 10
471.1191999999999
 20
440.7549111111111
 10
431.11984444444437
 20
440.7549111111111
  0
LWPOLYLINE
  5
432
330
17
100
AcDbEntity
  8
PERIPHERY
370
25
420
0
100
AcDbPolyline
 90
2
 70
0
 43
1.2213166666666666
 10
471.1191999999999
 20
438.3052222222222
 10
431.11984444444437
 20
438.3052222222222
  0
LWPOLYLINE
  5
433
330
17
100
AcDbEntity
  8
PERIPHERY
370
25
420
0
100
AcDbPolyline
 90
2
 70
0
 43
1.2141199999999999
 10
471.1191999999999
 20
435.86823333333325
 10
431.11984444444437
 20
435.86823333333325
  0
LWPOLYLINE
  5
434
330
17
100
AcDbEntity
  8
PERIPHERY
370
25
420
0
100
AcDbPolyline
 90
2
 70
0
 43
1.2069233333333331
 10
471.1191999999999
 20
433.44817777777774
 10
431.11984444444437
 20
433.44817777777774
  0
LWPOLYLINE
  5
435
330
17
100
AcDbEntity
  8
PERIPHERY
370
25
420
0
100
AcDbPolyline
 90
2
 70
0
 43
1.200008888888889
 10
471.1191999999999
 20
431.04223333333334
 10
431.11984444444437
 20
431.04223333333334
  0
LWPOLYLINE
  5
436
330
17
100
AcDbEntity
  8
PERIPHERY
370
25
420
0
100
AcDbPolyline
 90
2
 70
0
 43
1.1930944444444445
 10
471.1191999999999
 20
428.64757777777777
 10
431.11984444444437
 20
428.64757777777777
  0
LWPOLYLINE
  5
437
330
17
100
AcDbEntity
  8
PERIPHERY
370
25
420
0
100
AcDbPolyline
 90
2
 70
0
 43
1.186321111111111
 10
471.1191999999999
 20
426.2698555555555
 10
431.11984444444437
 20
426.2698555555555
  0
LWPOLYLINE
  5
438
330
17
100
AcDbEntity
  8
PERIPHERY
370
25
420
0
100
AcDbPolyline
 90
2
 70
0
 43
1.1796888888888888
 10
471.1191999999999
 20
423.9048333333333
 10
431.11984444444437
 20
423.9048333333333
  0
LWPOLYLINE
  5
439
330
17
100
AcDbEntity
  8
PERIPHERY
370
25
420
0
100
AcDbPolyline
 90
2
 70
0
 43
1.1730566666666666
 10
471.1191999999999
 20
421.5511
 10
431.11984444444437
 20
421.5511
  0
LWPOLYLINE
  5
43A
330
17
100
AcDbEntity
  8
PERIPHERY
370
25
420
0
100
AcDbPolyline
 90
2
 70
0
 43
1.1665655555555554
 10
471.1191999999999
 20
419.21147777777776
 10
431.11984444444437
 20
419.21147777777776
  0
LWPOLYLINE
  5
43B
330
17
100
AcDbEntity
  8
PERIPHERY
370
25
420
0
100
AcDbPolyline
 90
2
 70
0
 43
1.1603566666666665
 10
471.1191999999999
 20
416.88455555555555
 10
431.11984444444437
 20
416.88455555555555
  0
LWPOLYLINE
  5
43C
330
17
100
AcDbEntity
  8
PERIPHERY
370
25
420
0
100
AcDbPolyline
 90
2
 70
0
 43
1.1540066666666664
 10
471.1191999999999
 20
414.57033333333334
 10
431.11984444444437
 20
414.57033333333334
  0
LWPOLYLINE
  5
43D
330
17
100
AcDbEntity
  8
PERIPHERY
370
25
420
0
100
AcDbPolyline
 90
2
 70
0
 43
1.1479388888888888
 10
471.1191999999999
 20
412.26881111111106
 10
431.11984444444437
 20
412.26881111111106
  0
LWPOLYLINE
  5
43E
330
17
100
AcDbEntity
  8
PERIPHERY
370
25
420
0
100
AcDbPolyline
 90
2
 70
0
 43
1.141871111111111
 10
471.1191999999999
 20
409.97857777777773
 10
431.11984444444437
 20
409.97857777777773
  0
LWPOLYLINE
  5
43F
330
17
100
AcDbEntity
  8
PERIPHERY
370
25
420
0
100
AcDbPolyline
 90
2
 70
0
 43
1.1359444444444444
 10
471.1191999999999
 20
407.70104444444445
 10
431.11984444444437
 20
407.70104444444445
  0
LWPOLYLINE
  5
440
330
17
100
AcDbEntity
  8
PERIPHERY
370
25
420
0
100
AcDbPolyline
 90
2
 70
0
 43
1.1301588888888887
 10
471.1191999999999
 20
405.4333888888888
 10
431.11984444444437
 20
405.4333888888888
  0
LWPOLYLINE
  5
441
330
17
100
AcDbEntity
  8
PERIPHERY
370
25
420
0
100
AcDbPolyline
 90
2
 70
0
 43
1.1243733333333332
 10
471.1191999999999
 20
403.17843333333326
 10
431.11984444444437
 20
403.17843333333326
  0
LWPOLYLINE
  5
442
330
17
100
AcDbEntity
  8
PERIPHERY
370
25
420
0
100
AcDbPolyline
 90
2
 70
0
 43
1.1185877777777775
 10
471.1191999999999
 20
400.93758888888885
 10
431.11984444444437
 20
400.93758888888885
  0
LWPOLYLINE
  5
443
330
17
100
AcDbEntity
  8
PERIPHERY
370
25
420
0
100
AcDbPolyline
 90
2
 70
0
 43
1.1130844444444443
 10
471.1191999999999
 20
398.7052111111111
 10
431.11984444444437
 20
398.7052111111111
  0
LWPOLYLINE
  5
444
330
17
100
AcDbEntity
  8
PERIPHERY
370
25
420
0
100
AcDbPolyline
 90
2
 70
0
 43
1.1075811111111111
 10
471.1191999999999
 20
396.4841222222222
 10
431.11984444444437
 20
396.4841222222222
  0
LWPOLYLINE
  5
445
330
17
100
AcDbEntity
  8
PERIPHERY
370
25
420
0
100
AcDbPolyline
 90
2
 70
0
 43
1.1020777777777777
 10
471.1191999999999
 20
394.27432222222217
 10
431.11984444444437
 20
394.27432222222217
  0
LWPOLYLINE
  5
446
330
17
100
AcDbEntity
  8
PERIPHERY
370
25
420
0
100
AcDbPolyline
 90
2
 70
0
 43
1.0968566666666666
 10
471.1191999999999
 20
392.07439999999997
 10
431.11984444444437
 20
392.07439999999997
  0
LWPOLYLINE
  5
447
330
17
100
AcDbEntity
  8
PERIPHERY
370
25
420
0
100
AcDbPolyline
 90
2
 70
0
 43
1.0914944444444443
 10
471.1191999999999
 20
389.88576666666665
 10
431.11984444444437
 20
389.88576666666665
  0
LWPOLYLINE
  5
448
330
17
100
AcDbEntity
  8
PERIPHERY
370
25
420
0
100
AcDbPolyline
 90
2
 70
0
 43
1.0862733333333332
 10
471.1191999999999
 20
387.7084222222222
 10
431.11984444444437
 20
387.7084222222222
  0
LWPOLYLINE
  5
449
330
17
100
AcDbEntity
  8
PERIPHERY
370
25
420
0
100
AcDbPolyline
 90
2
 70
0
 43
1.0811933333333332
 10
471.1191999999999
 20
385.5423666666666
 10
431.11984444444437
 20
385.5423666666666
  0
LWPOLYLINE
  5
44A
330
17
100
AcDbEntity
  8
PERIPHERY
370
25
420
0
100
AcDbPolyline
 90
2
 70
0
 43
1.076113333333333
 10
471.1191999999999
 20
383.38477777777774
 10
431.11984444444437
 20
383.38477777777774
  0
LWPOLYLINE
  5
44B
330
17
100
AcDbEntity
  8
PERIPHERY
370
25
420
0
100
AcDbPolyline
 90
2
 70
0
 43
1.0711744444444444
 10
471.1191999999999
 20
381.23706666666664
 10
431.11984444444437
 20
381.23706666666664
  0
LWPOLYLINE
  5
44C
330
17
100
AcDbEntity
  8
PERIPHERY
370
25
420
0
100
AcDbPolyline
 90
2
 70
0
 43
1.0662355555555556
 10
471.1191999999999
 20
379.0992333333333
 10
431.11984444444437
 20
379.0992333333333
  0
LWPOLYLINE
  5
44D
330
17
100
AcDbEntity
  8
PERIPHERY
370
25
420
0
100
AcDbPolyline
 90
2
 70
0
 43
1.0614377777777777
 10
471.1191999999999
 20
376.97127777777774
 10
431.11984444444437
 20
376.97127777777774
  0
LWPOLYLINE
  5
44E
330
17
100
AcDbEntity
  8
PERIPHERY
370
25
420
0
100
AcDbPolyline
 90
2
 70
0
 43
1.05664
 10
471.1191999999999
 20
374.85461111111107
 10
431.11984444444437
 20
374.85461111111107
  0
LWPOLYLINE
  5
44F
330
17
100
AcDbEntity
  8
PERIPHERY
370
25
420
0
100
AcDbPolyline
 90
2
 70
0
 43
1.0519833333333333
 10
471.1191999999999
 20
372.7464111111111
 10
431.11984444444437
 20
372.7464111111111
  0
LWPOLYLINE
  5
450
330
17
100
AcDbEntity
  8
PERIPHERY
370
25
420
0
100
AcDbPolyline
 90
2
 70
0
 43
1.0473266666666665
 10
471.1191999999999
 20
370.64667777777777
 10
431.11984444444437
 20
370.64667777777777
  0
LWPOLYLINE
  5
451
330
17
100
AcDbEntity
  8
PERIPHERY
370
25
420
0
100
AcDbPolyline
 90
2
 70
0
 43
1.04267
 10
471.1191999999999
 20
368.5568222222222
 10
431.11984444444437
 20
368.5568222222222
  0
LWPOLYLINE
  5
452
330
17
100
AcDbEntity
  8
PERIPHERY
370
25
420
0
100
AcDbPolyline
 90
2
 70
0
 43
1.0381544444444444
 10
471.1191999999999
 20
366.47684444444445
 10
431.11984444444437
 20
366.47684444444445
  0
LWPOLYLINE
  5
453
330
17
100
AcDbEntity
  8
PERIPHERY
370
25
420
0
100
AcDbPolyline
 90
2
 70
0
 43
1.0336388888888888
 10
471.1191999999999
 20
364.40392222222215
 10
431.11984444444437
 20
364.40392222222215
  0
LWPOLYLINE
  5
454
330
17
100
AcDbEntity
  8
PERIPHERY
370
25
420
0
100
AcDbPolyline
 90
2
 70
0
 43
1.0292644444444443
 10
471.1191999999999
 20
362.3422888888889
 10
431.11984444444437
 20
362.3422888888889
  0
LWPOLYLINE
  5
455
330
17
100
AcDbEntity
  8
PERIPHERY
370
25
420
0
100
AcDbPolyline
 90
2
 70
0
 43
1.0248899999999999
 10
471.1191999999999
 20
360.2863
 10
431.11984444444437
 20
360.2863
  0
LWPOLYLINE
  5
456
330
17
100
AcDbEntity
  8
PERIPHERY
370
25
420
0
100
AcDbPolyline
 90
2
 70
0
 43
1.0206566666666665
 10
471.1191999999999
 20
358.2416
 10
431.11984444444437
 20
358.2416
  0
LWPOLYLINE
  5
457
330
17
100
AcDbEntity
  8
PERIPHERY
370
25
420
0
100
AcDbPolyline
 90
2
 70
0
 43
1.0164233333333332
 10
471.1191999999999
 20
356.2039555555555
 10
431.11984444444437
 20
356.2039555555555
  0
LWPOLYLINE
  5
458
330
17
100
AcDbEntity
  8
PERIPHERY
370
25
420
0
100
AcDbPolyline
 90
2
 70
0
 43
1.01219
 10
471.1191999999999
 20
354.1761888888888
 10
431.11984444444437
 20
354.1761888888888
  0
LWPOLYLINE
  5
459
330
17
100
AcDbEntity
  8
PERIPHERY
370
25
420
0
100
AcDbPolyline
 90
2
 70
0
 43
1.0079566666666666
 10
471.1191999999999
 20
352.1554777777778
 10
431.11984444444437
 20
352.1554777777778
  0
LWPOLYLINE
  5
45A
330
17
100
AcDbEntity
  8
PERIPHERY
370
25
420
0
100
AcDbPolyline
 90
2
 70
0
 43
1.0038644444444444
 10
471.1191999999999
 20
350.1432333333333
 10
431.11984444444437
 20
350.1432333333333
  0
LWPOLYLINE
  5
45B
330
17
100
AcDbEntity
  8
PERIPHERY
370
25
420
0
100
AcDbPolyline
 90
2
 70
0
 43
0.9999133333333332
 10
471.1191999999999
 20
348.13945555555557
 10
431.11984444444437
 20
348.13945555555557
  0
LWPOLYLINE
  5
45C
330
17
100
AcDbEntity
  8
PERIPHERY
370
25
420
0
100
AcDbPolyline
 90
2
 70
0
 43
0.995821111111111
 10
471.1191999999999
 20
346.1441444444444
 10
431.11984444444437
 20
346.1441444444444
  0
LWPOLYLINE
  5
45D
330
17
100
AcDbEntity
  8
PERIPHERY
370
25
420
0
100
AcDbPolyline
 90
2
 70
0
 43
0.992011111111111
 10
471.1191999999999
 20
344.1573
 10
431.11984444444437
 20
344.1573
  0
LWPOLYLINE
  5
45E
330
17
100
AcDbEntity
  8
PERIPHERY
370
25
420
0
100
AcDbPolyline
 90
2
 70
0
 43
0.9880599999999999
 10
471.1191999999999
 20
342.1761
 10
431.11984444444437
 20
342.1761
  0
LWPOLYLINE
  5
45F
330
17
100
AcDbEntity
  8
PERIPHERY
370
25
420
0
100
AcDbPolyline
 90
2
 70
0
 43
0.98425
 10
471.1191999999999
 20
340.20477777777774
 10
431.11984444444437
 20
340.20477777777774
  0
LWPOLYLINE
  5
460
330
17
100
AcDbEntity
  8
PERIPHERY
370
25
420
0
100
AcDbPolyline
 90
2
 70
0
 43
0.9804399999999999
 10
471.1191999999999
 20
338.24051111111106
 10
431.11984444444437
 20
338.24051111111106
  0
LWPOLYLINE
  5
461
330
17
100
AcDbEntity
  8
PERIPHERY
370
25
420
0
100
AcDbPolyline
 90
2
 70
0
 43
0.97663
 10
471.1191999999999
 20
336.28329999999994
 10
431.11984444444437
 20
336.28329999999994
  0
LWPOLYLINE
  5
462
330
17
100
AcDbEntity
  8
PERIPHERY
370
25
420
0
100
AcDbPolyline
 90
2
 70
0
 43
0.9728199999999999
 10
471.1191999999999
 20
334.3317333333333
 10
431.11984444444437
 20
334.3317333333333
  0
LWPOLYLINE
  5
463
330
17
100
AcDbEntity
  8
PERIPHERY
370
25
420
0
100
AcDbPolyline
 90
2
 70
0
 43
0.969151111111111
 10
471.1191999999999
 20
332.3914555555555
 10
431.11984444444437
 20
332.3914555555555
  0
LWPOLYLINE
  5
464
330
17
100
AcDbEntity
  8
PERIPHERY
370
25
420
0
100
AcDbPolyline
 90
2
 70
0
 43
0.9656233333333333
 10
471.1191999999999
 20
330.45682222222223
 10
431.11984444444437
 20
330.45682222222223
  0
LWPOLYLINE
  5
465
330
17
100
AcDbEntity
  8
PERIPHERY
370
25
420
0
100
AcDbPolyline
 90
2
 70
0
 43
0.9619544444444443
 10
471.1191999999999
 20
328.5278333333333
 10
431.11984444444437
 20
328.5278333333333
  0
LWPOLYLINE
  5
466
330
17
100
AcDbEntity
  8
PERIPHERY
370
25
420
0
100
AcDbPolyline
 90
2
 70
0
 43
0.9584266666666666
 10
471.1191999999999
 20
326.61013333333335
 10
431.11984444444437
 20
326.61013333333335
  0
LWPOLYLINE
  5
467
330
17
100
AcDbEntity
  8
PERIPHERY
370
25
420
0
100
AcDbPolyline
 90
2
 70
0
 43
0.9548988888888887
 10
471.1191999999999
 20
324.69384444444444
 10
431.11984444444437
 20
324.69384444444444
  0
LWPOLYLINE
  5
468
330
17
100
AcDbEntity
  8
PERIPHERY
370
25
420
0
100
AcDbPolyline
 90
2
 70
0
 43
0.9513711111111111
 10
471.1191999999999
 20
322.7902555555556
 10
431.11984444444437
 20
322.7902555555556
  0
LWPOLYLINE
  5
469
330
17
100
AcDbEntity
  8
PERIPHERY
370
25
420
0
100
AcDbPolyline
 90
2
 70
0
 43
0.9479844444444443
 10
471.1191999999999
 20
320.8909
 10
431.11984444444437
 20
320.8909
  0
LWPOLYLINE
  5
46A
330
17
100
AcDbEntity
  8
PERIPHERY
370
25
420
0
100
AcDbPolyline
 90
2
 70
0
 43
0.9445977777777776
 10
471.1191999999999
 20
318.99718888888884
 10
431.11984444444437
 20
318.99718888888884
  0
LWPOLYLINE
  5
46B
330
17
100
AcDbEntity
  8
PERIPHERY
370
25
420
0
100
AcDbPolyline
 90
2
 70
0
 43
0.9412111111111111
 10
471.1191999999999
 20
317.1119444444445
 10
431.11984444444437
 20
317.1119444444445
  0
LWPOLYLINE
  5
46C
330
17
100
AcDbEntity
  8
PERIPHERY
370
25
420
0
100
AcDbPolyline
 90
2
 70
0
 43
0.9378244444444443
 10
471.1191999999999
 20
315.2323444444444
 10
431.11984444444437
 20
315.2323444444444
  0
LWPOLYLINE
  5
46D
330
17
100
AcDbEntity
  8
PERIPHERY
370
25
420
0
100
AcDbPolyline
 90
2
 70
0
 43
0.9345788888888887
 10
471.1191999999999
 20
313.3612111111111
 10
431.11984444444437
 20
313.3612111111111
  0
LWPOLYLINE
  5
46E
330
17
100
AcDbEntity
  8
PERIPHERY
370
25
420
0
100
AcDbPolyline
 90
2
 70
0
 43
0.9313333333333332
 10
471.1191999999999
 20
311.4957222222222
 10
431.11984444444437
 20
311.4957222222222
  0
LWPOLYLINE
  5
46F
330
17
100
AcDbEntity
  8
PERIPHERY
370
25
420
0
100
AcDbPolyline
 90
2
 70
0
 43
0.9280877777777776
 10
471.1191999999999
 20
309.63446666666664
 10
431.11984444444437
 20
309.63446666666664
  0
LWPOLYLINE
  5
470
330
17
100
AcDbEntity
  8
PERIPHERY
370
25
420
0
100
AcDbPolyline
 90
2
 70
0
 43
0.9248422222222221
 10
471.1191999999999
 20
307.7830888888888
 10
431.11984444444437
 20
307.7830888888888
  0
LWPOLYLINE
  5
471
330
17
100
AcDbEntity
  8
PERIPHERY
370
25
420
0
100
AcDbPolyline
 90
2
 70
0
 43
0.9217377777777777
 10
471.1191999999999
 20
305.93594444444443
 10
431.11984444444437
 20
305.93594444444443
  0
LWPOLYLINE
  5
472
330
17
100
AcDbEntity
  8
PERIPHERY
370
25
420
0
100
AcDbPolyline
 90
2
 70
0
 43
0.9184922222222222
 10
471.1191999999999
 20
304.09444444444443
 10
431.11984444444437
 20
304.09444444444443
  0
LWPOLYLINE
  5
473
330
17
100
AcDbEntity
  8
PERIPHERY
370
25
420
0
100
AcDbPolyline
 90
2
 70
0
 43
0.9153877777777778
 10
471.1191999999999
 20
302.2628222222222
 10
431.11984444444437
 20
302.2628222222222
  0
LWPOLYLINE
  5
474
330
17
100
AcDbEntity
  8
PERIPHERY
370
25
420
0
100
AcDbPolyline
 90
2
 70
0
 43
0.9124244444444443
 10
471.1191999999999
 20
300.43261111111104
 10
431.11984444444437
 20
300.43261111111104
  0
LWPOLYLINE
  5
475
330
17
100
AcDbEntity
  8
PERIPHERY
370
25
420
0
100
AcDbPolyline
 90
2
 70
0
 43
0.9093199999999999
 10
471.1191999999999
 20
298.6108666666666
 10
431.11984444444437
 20
298.6108666666666
  0
LWPOLYLINE
  5
476
330
17
100
AcDbEntity
  8
PERIPHERY
370
25
420
0
100
AcDbPolyline
 90
2
 70
0
 43
0.9063566666666666
 10
471.1191999999999
 20
296.79758888888887
 10
431.11984444444437
 20
296.79758888888887
  0
LWPOLYLINE
  5
477
330
17
100
AcDbEntity
  8
PERIPHERY
370
25
420
0
100
AcDbPolyline
 90
2
 70
0
 43
0.9033933333333333
 10
471.1191999999999
 20
294.9857222222222
 10
431.11984444444437
 20
294.9857222222222
  0
LWPOLYLINE
  5
478
330
17
100
AcDbEntity
  8
PERIPHERY
370
25
420
0
100
AcDbPolyline
 90
2
 70
0
 43
0.90043
 10
471.1191999999999
 20
293.1837333333333
 10
431.11984444444437
 20
293.1837333333333
  0
LWPOLYLINE
  5
479
330
17
100
AcDbEntity
  8
PERIPHERY
370
25
420
0
100
AcDbPolyline
 90
2
 70
0
 43
0.8974666666666666
 10
471.1191999999999
 20
291.3845666666666
 10
431.11984444444437
 20
291.3845666666666
  0
LWPOLYLINE
  5
47A
330
17
100
AcDbEntity
  8
PERIPHERY
370
25
420
0
100
AcDbPolyline
 90
2
 70
0
 43
0.8946444444444444
 10
471.1191999999999
 20
289.59245555555555
 10
431.11984444444437
 20
289.59245555555555
  0
LWPOLYLINE
  5
47B
330
17
100
AcDbEntity
  8
PERIPHERY
370
25
420
0
100
AcDbPolyline
 90
2
 70
0
 43
0.891681111111111
 10
471.1191999999999
 20
287.80740000000003
 10
431.11984444444437
 20
287.80740000000003
  0
LWPOLYLINE
  5
47C
330
17
100
AcDbEntity
  8
PERIPHERY
370
25
420
0
100
AcDbPolyline
 90
2
 70
0
 43
0.8888588888888889
 10
471.1191999999999
 20
286.0265777777778
 10
431.11984444444437
 20
286.0265777777778
  0
LWPOLYLINE
  5
47D
330
17
100
AcDbEntity
  8
PERIPHERY
370
25
420
0
100
AcDbPolyline
 90
2
 70
0
 43
0.8860366666666666
 10
471.1191999999999
 20
284.25139999999993
 10
431.11984444444437
 20
284.25139999999993
  0
LWPOLYLINE
  5
47E
330
17
100
AcDbEntity
  8
PERIPHERY
370
25
420
0
100
AcDbPolyline
 90
2
 70
0
 43
0.8833555555555554
 10
471.1191999999999
 20
282.4818666666667
 10
431.11984444444437
 20
282.4818666666667
  0
LWPOLYLINE
  5
47F
330
17
100
AcDbEntity
  8
PERIPHERY
370
25
420
0
100
AcDbPolyline
 90
2
 70
0
 43
0.8805333333333333
 10
471.1191999999999
 20
280.7179777777778
 10
431.11984444444437
 20
280.7179777777778
  0
LWPOLYLINE
  5
480
330
17
100
AcDbEntity
  8
PERIPHERY
370
25
420
0
100
AcDbPolyline
 90
2
 70
0
 43
0.8778522222222221
 10
471.1191999999999
 20
278.9597333333333
 10
431.11984444444437
 20
278.9597333333333
  0
LWPOLYLINE
  5
481
330
17
100
AcDbEntity
  8
PERIPHERY
370
25
420
0
100
AcDbPolyline
 90
2
 70
0
 43
0.8750299999999999
 10
471.1191999999999
 20
277.20713333333333
 10
431.11984444444437
 20
277.20713333333333
  0
LWPOLYLINE
  5
482
330
17
100
AcDbEntity
  8
PERIPHERY
370
25
420
0
100
AcDbPolyline
 90
2
 70
0
 43
0.8723488888888887
 10
471.1191999999999
 20
275.4601777777778
 10
431.11984444444437
 20
275.4601777777778
  0
LWPOLYLINE
  5
483
330
17
100
AcDbEntity
  8
PERIPHERY
370
25
420
0
100
AcDbPolyline
 90
2
 70
0
 43
0.8698088888888887
 10
471.1191999999999
 20
273.71745555555555
 10
431.11984444444437
 20
273.71745555555555
  0
LWPOLYLINE
  5
484
330
17
100
AcDbEntity
  8
PERIPHERY
370
25
420
0
100
AcDbPolyline
 90
2
 70
0
 43
0.8671277777777777
 10
471.1191999999999
 20
271.98178888888884
 10
431.11984444444437
 20
271.98178888888884
  0
LWPOLYLINE
  5
485
330
17
100
AcDbEntity
  8
PERIPHERY
370
25
420
0
100
AcDbPolyline
 90
2
 70
0
 43
0.8644466666666666
 10
471.1191999999999
 20
270.2475333333333
 10
431.11984444444437
 20
270.2475333333333
  0
LWPOLYLINE
  5
486
330
17
100
AcDbEntity
  8
PERIPHERY
370
25
420
0
100
AcDbPolyline
 90
2
 70
0
 43
0.8619066666666666
 10
471.1191999999999
 20
268.5231555555555
 10
431.11984444444437
 20
268.5231555555555
  0
LWPOLYLINE
  5
487
330
17
100
AcDbEntity
  8
PERIPHERY
370
25
420
0
100
AcDbPolyline
 90
2
 70
0
 43
0.8593666666666666
 10
471.1191999999999
 20
266.8001888888889
 10
431.11984444444437
 20
266.8001888888889
  0
LWPOLYLINE
  5
488
330
17
100
AcDbEntity
  8
PERIPHERY
370
25
420
0
100
AcDbPolyline
 90
2
 70
0
 43
0.8568266666666665
 10
471.1191999999999
 20
265.08568888888885
 10
431.11984444444437
 20
265.08568888888885
  0
LWPOLYLINE
  5
489
330
17
100
AcDbEntity
  8
PERIPHERY
370
25
420
0
100
AcDbPolyline
 90
2
 70
0
 43
0.8542866666666666
 10
471.1191999999999
 20
263.37401111111103
 10
431.11984444444437
 20
263.37401111111103
  0
LWPOLYLINE
  5
48A
330
17
100
AcDbEntity
  8
PERIPHERY
370
25
420
0
100
AcDbPolyline
 90
2
 70
0
 43
0.8517466666666667
 10
471.1191999999999
 20
261.6679777777777
 10
431.11984444444437
 20
261.6679777777777
  0
LWPOLYLINE
  5
48B
330
17
100
AcDbEntity
  8
PERIPHERY
370
25
420
0
100
AcDbPolyline
 90
2
 70
0
 43
0.8493477777777777
 10
471.1191999999999
 20
259.9647666666666
 10
431.11984444444437
 20
259.9647666666666
  0
LWPOLYLINE
  5
48C
330
17
100
AcDbEntity
  8
PERIPHERY
370
25
420
0
100
AcDbPolyline
 90
2
 70
0
 43
0.8468077777777776
 10
471.1191999999999
 20
258.2700222222221
 10
431.11984444444437
 20
258.2700222222221
  0
LWPOLYLINE
  5
48D
330
17
100
AcDbEntity
  8
PERIPHERY
370
25
420
0
100
AcDbPolyline
 90
2
 70
0
 43
0.8444088888888889
 10
471.1191999999999
 20
256.57809999999995
 10
431.11984444444437
 20
256.57809999999995
  0
LWPOLYLINE
  5
48E
330
17
100
AcDbEntity
  8
PERIPHERY
370
25
420
0
100
AcDbPolyline
 90
2
 70
0
 43
0.8420099999999999
 10
471.1191999999999
 20
254.89041111111104
 10
431.11984444444437
 20
254.89041111111104
  0
LWPOLYLINE
  5
48F
330
17
100
AcDbEntity
  8
PERIPHERY
370
25
420
0
100
AcDbPolyline
 90
2
 70
0
 43
0.839611111111111
 10
471.1191999999999
 20
253.20977777777784
 10
431.11984444444437
 20
253.20977777777784
  0
LWPOLYLINE
  5
490
330
17
100
AcDbEntity
  8
PERIPHERY
370
25
420
0
100
AcDbPolyline
 90
2
 70
0
 43
0.8372122222222222
 10
471.1191999999999
 20
251.5333777777777
 10
431.11984444444437
 20
251.5333777777777
  0
LWPOLYLINE
  5
491
330
17
100
AcDbEntity
  8
PERIPHERY
370
25
420
0
100
AcDbPolyline
 90
2
 70
0
 43
0.8349544444444443
 10
471.1191999999999
 20
249.8612111111111
 10
431.11984444444437
 20
249.8612111111111
  0
LWPOLYLINE
  5
492
330
17
100
AcDbEntity
  8
PERIPHERY
370
25
420
0
100
AcDbPolyline
 90
2
 70
0
 43
0.8325555555555554
 10
471.1191999999999
 20
248.19327777777775
 10
431.11984444444437
 20
248.19327777777775
  0
LWPOLYLINE
  5
493
330
17
100
AcDbEntity
  8
PERIPHERY
370
25
420
0
100
AcDbPolyline
 90
2
 70
0
 43
0.8302977777777777
 10
471.1191999999999
 20
246.53239999999994
 10
431.11984444444437
 20
246.53239999999994
  0
LWPOLYLINE
  5
494
330
17
100
AcDbEntity
  8
PERIPHERY
370
25
420
0
100
AcDbPolyline
 90
2
 70
0
 43
0.8280399999999999
 10
471.1191999999999
 20
244.87293333333338
 10
431.11984444444437
 20
244.87293333333338
  0
LWPOLYLINE
  5
495
330
17
100
AcDbEntity
  8
PERIPHERY
370
25
420
0
100
AcDbPolyline
 90
2
 70
0
 43
0.8257822222222222
 10
471.1191999999999
 20
243.21911111111112
 10
431.11984444444437
 20
243.21911111111112
  0
LWPOLYLINE
  5
496
330
17
100
AcDbEntity
  8
PERIPHERY
370
25
420
0
100
AcDbPolyline
 90
2
 70
0
 43
0.8235244444444444
 10
471.1191999999999
 20
241.57093333333333
 10
431.11984444444437
 20
241.57093333333333
  0
LWPOLYLINE
  5
497
330
17
100
AcDbEntity
  8
PERIPHERY
370
25
420
0
100
AcDbPolyline
 90
2
 70
0
 43
0.8212666666666665
 10
471.1191999999999
 20
239.9255777777777
 10
431.11984444444437
 20
239.9255777777777
  0
LWPOLYLINE
  5
498
330
17
100
AcDbEntity
  8
PERIPHERY
370
25
420
0
100
AcDbPolyline
 90
2
 70
0
 43
0.8190088888888889
 10
471.1191999999999
 20
238.2858666666667
 10
431.11984444444437
 20
238.2858666666667
  0
LWPOLYLINE
  5
499
330
17
100
AcDbEntity
  8
PERIPHERY
370
25
420
0
100
AcDbPolyline
 90
2
 70
0
 43
0.816751111111111
 10
471.1191999999999
 20
236.64897777777767
 10
431.11984444444437
 20
236.64897777777767
  0
LWPOLYLINE
  5
49A
330
17
100
AcDbEntity
  8
PERIPHERY
370
25
420
0
100
AcDbPolyline
 90
2
 70
0
 43
0.8146344444444444
 10
471.1191999999999
 20
235.01632222222224
 10
431.11984444444437
 20
235.01632222222224
  0
LWPOLYLINE
  5
49B
330
17
100
AcDbEntity
  8
PERIPHERY
370
25
420
0
100
AcDbPolyline
 90
2
 70
0
 43
0.8125177777777777
 10
471.1191999999999
 20
233.39072222222217
 10
431.11984444444437
 20
233.39072222222217
  0
LWPOLYLINE
  5
49C
330
17
100
AcDbEntity
  8
PERIPHERY
370
25
420
0
100
AcDbPolyline
 90
2
 70
0
 43
0.81026
 10
471.1191999999999
 20
231.76794444444442
 10
431.11984444444437
 20
231.76794444444442
  0
LWPOLYLINE
  5
49D
330
17
100
AcDbEntity
  8
PERIPHERY
370
25
420
0
100
AcDbPolyline
 90
2
 70
0
 43
0.8081433333333332
 10
471.1191999999999
 20
230.14939999999993
 10
431.11984444444437
 20
230.14939999999993
  0
LWPOLYLINE
  5
49E
330
17
100
AcDbEntity
  8
PERIPHERY
370
25
420
0
100
AcDbPolyline
 90
2
 70
0
 43
0.8060266666666667
 10
471.1191999999999
 20
228.5350888888888
 10
431.11984444444437
 20
228.5350888888888
  0
LWPOLYLINE
  5
49F
330
17
100
AcDbEntity
  8
PERIPHERY
370
25
420
0
100
AcDbPolyline
 90
2
 70
0
 43
0.8039099999999999
 10
471.1191999999999
 20
226.92501111111108
 10
431.11984444444437
 20
226.92501111111108
  0
LWPOLYLINE
  5
4A0
330
17
100
AcDbEntity
  8
PERIPHERY
370
25
420
0
100
AcDbPolyline
 90
2
 70
0
 43
0.8019344444444444
 10
471.1191999999999
 20
225.3177555555555
 10
431.11984444444437
 20
225.3177555555555
  0
TEXT
  5
4A1
330
17
100
AcDbEntity
  8
LABELS
 62
250
100
AcDbText
 10
407.58998999999994
 20
779.658221111111
 30
0.0
 40
16.93333333333333
  1
1
 11
407.58998999999994
 21
779.658221111111
 31
0.0
100
AcDbText
  0
TEXT
  5
4A2
330
17
100
AcDbEntity
  8
LABELS
 62
250
100
AcDbText
 10
407.58998999999994
 20
655.0098377777778
 30
0.0
 40
16.93333333333333
  1
3
 11
407.58998999999994
 21
655.0098377777778
 31
0.0
100
AcDbText
  0
TEXT
  5
4A3
330
17
100
AcDbEntity
  8
LABELS
 62
250
100
AcDbText
 10
407.58998999999994
 20
530.3621599999999
 30
0.0
 40
16.93333333333333
  1
5
 11
407.58998999999994
 21
530.3621599999999
 31
0.0
100
AcDbText
  0
TEXT
  5
4A4
330
17
100
AcDbEntity
  8
LABELS
 62
250
100
AcDbText
 10
407.58998999999994
 20
405.7144822222222
 30
0.0
 40
16.93333333333333
  1
7
 11
407.58998999999994
 21
405.7144822222222
 31
0.0
100
AcDbText
  0
TEXT
  5
4A5
330
17
100
AcDbEntity
  8
LABELS
 62
250
100
AcDbText
 10
407.58998999999994
 20
281.0668044444444
 30
0.0
 40
16.93333333333333
  1
9
 11
407.58998999999994
 21
281.0668044444444
 31
0.0
100
AcDbText
  0
TEXT
  5
4A6
330
17
100
AcDbEntity
  8
LABELS
 62
250
100
AcDbText
 10
403.2470133333333
 20
218.74225999999993
 30
0.0
 40
16.93333333333333
  1
10
 11
403.2470133333333
 21
218.74225999999993
 31
0.0
100
AcDbText
  0
TEXT
  5
4A7
330
17
100
AcDbEntity
  8
LABELS
 62
250
100
AcDbText
 10
407.58998999999994
 20
343.38993777777773
 30
0.0
 40
16.93333333333333
  1
8
 11
407.58998999999994
 21
343.38993777777773
 31
0.0
100
AcDbText
  0
TEXT
  5
4A8
330
17
100
AcDbEntity
  8
LABELS
 62
250
100
AcDbText
 10
407.58998999999994
 20
468.0390266666666
 30
0.0
 40
16.93333333333333
  1
6
 11
407.58998999999994
 21
468.0390266666666
 31
0.0
100
AcDbText
  0
TEXT
  5
4A9
330
17
100
AcDbEntity
  8
LABELS
 62
250
100
AcDbText
 10
407.58998999999994
 20
592.6859988888888
 30
0.0
 40
16.93333333333333
  1
4
 11
407.58998999999994
 21
592.6859988888888
 31
0.0
100
AcDbText
  0
TEXT
  5
4AA
330
17
100
AcDbEntity
  8
LABELS
 62
250
100
AcDbText
 10
407.58998999999994
 20
717.3343822222222
 30
0.0
 40
16.93333333333333
  1
2
 11
407.58998999999994
 21
717.3343822222222
 31
0.0
100
AcDbText
  0
TEXT
  5
4AB
330
17
100
AcDbEntity
  8
NOTES
 62
250
100
AcDbText
 10
791.1196888888887
 20
913.6509257777777
 30
0.0
 40
9.6
  1
Region: PERIPHERY   Aspect: 4:3   4X   Full PH=800 mm   Tile height=784 mm   If this tile fills the frame, multiply labeled LW/PH by 1.02
 72
1
 11
791.1196888888887
 21
913.6509257777777
 31
0.0
100
AcDbText
 73
2
  0
ENDSEC
  0
SECTION
  2
OBJECTS
  0
DICTIONARY
  5
A
330
0
100
AcDbDictionary
281
1
  3
ACAD_COLOR
350
B
  3
ACAD_GROUP
350
C
  3
ACAD_LAYOUT
350
D
  3
ACAD_MATERIAL
350
E
  3
ACAD_MLEADERSTYLE
350
F
  3
ACAD_MLINESTYLE
350
10
  3
ACAD_PLOTSETTINGS
350
11
  3
ACAD_PLOTSTYLENAME
350
12
  3
ACAD_SCALELIST
350
14
  3
ACAD_TABLESTYLE
350
15
  3
ACAD_VISUALSTYLE
350
16
  3
EZDXF_META
350
2D
  0
DICTIONARY
  5
B
330
A
100
AcDbDictionary
281
1
  0
DICTIONARY
  5
C
330
A
100
AcDbDictionary
281
1
  0
DICTIONARY
  5
D
330
A
100
AcDbDictionary
281
1
  3
Model
350
1A
  3
Layout1
350
1E
  0
DICTIONARY
  5
E
330
A
100
AcDbDictionary
281
1
  3
ByBlock
350
1F
  3
ByLayer
350
20
  3
Global
350
21
  0
DICTIONARY
  5
F
330
A
100
AcDbDictionary
281
1
  3
Standard
350
2C
  0
DICTIONARY
  5
10
330
A
100
AcDbDictionary
281
1
  3
Standard
350
22
  0
DICTIONARY
  5
11
330
A
100
AcDbDictionary
281
1
  0
ACDBDICTIONARYWDFLT
  5
12
330
A
100
AcDbDictionary
281
1
  3
Normal
350
13
100
AcDbDictionaryWithDefault
340
13
  0
ACDBPLACEHOLDER
  5
13
330
12
  0
DICTIONARY
  5
14
330
A
100
AcDbDictionary
281
1
  0
DICTIONARY
  5
15
330
A
100
AcDbDictionary
281
1
  0
DICTIONARY
  5
16
330
A
100
AcDbDictionary
281
1
  3
2dWireframe
350
5A
  3
Basic
350
5B
  3
Brighten
350
5C
  3
ColorChange
350
5D
  3
Conceptual
350
5E
  3
Dim
350
5F
  3
EdgeColorOff
350
60
  3
Facepattern
350
61
  3
Flat
350
62
  3
FlatWithEdges
350
63
  3
Gouraud
350
64
  3
GouraudWithEdges
350
65
  3
Hidden
350
66
  3
JitterOff
350
67
  3
Linepattern
350
68
  3
Modeling
350
69
  3
OverhangOff
350
6A
  3
Realistic
350
6B
  3
Shaded
350
6C
  3
Shaded with edges
350
6D
  3
Shades of Gray
350
6E
  3
Sketchy
350
6F
  3
Thicken
350
70
  3
Wireframe
350
71
  3
X-Ray
350
72
  0
LAYOUT
  5
1A
330
D
100
AcDbPlotSettings
  1

  4
A3
  6

 40
7.5
 41
20.0
 42
7.5
 43
20.0
 44
420.0
 45
297.0
 46
0.0
 47
0.0
 48
0.0
 49
0.0
140
0.0
141
0.0
142
1.0
143
1.0
 70
1024
 72
1
 73
0
 74
5
  7

 75
16
 76
0
 77
2
 78
300
147
1.0
148
0.0
149
0.0
100
AcDbLayout
  1
Model
 70
1
 71
0
 10
0.0
 20
0.0
 11
420.0
 21
297.0
 12
0.0
 22
0.0
 32
0.0
 14
1e+20
 24
1e+20
 34
1e+20
 15
-1e+20
 25
-1e+20
 35
-1e+20
146
0.0
 13
0.0
 23
0.0
 33
0.0
 16
1.0
 26
0.0
 36
0.0
 17
0.0
 27
1.0
 37
0.0
 76
1
330
17
  0
LAYOUT
  5
1E
330
D
100
AcDbPlotSettings
  1

  4
A3
  6

 40
7.5
 41
20.0
 42
7.5
 43
20.0
 44
420.0
 45
297.0
 46
0.0
 47
0.0
 48
0.0
 49
0.0
140
0.0
141
0.0
142
1.0
143
1.0
 70
0
 72
1
 73
0
 74
5
  7

 75
16
 76
0
 77
2
 78
300
147
1.0
148
0.0
149
0.0
100
AcDbLayout
  1
Layout1
 70
1
 71
1
 10
0.0
 20
0.0
 11
420.0
 21
297.0
 12
0.0
 22
0.0
 32
0.0
 14
1e+20
 24
1e+20
 34
1e+20
 15
-1e+20
 25
-1e+20
 35
-1e+20
146
0.0
 13
0.0
 23
0.0
 33
0.0
 16
1.0
 26
0.0
 36
0.0
 17
0.0
 27
1.0
 37
0.0
 76
1
330
1B
  0
MATERIAL
  5
1F
102
{ACAD_REACTORS
330
E
102
}
330
E
100
AcDbMaterial
  1
ByBlock
  2

 70
0
 40
1.0
 71
1
 41
1.0
 91
-1023410177
 42
1.0
 72
1
  3

 73
1
 74
1
 75
1
 44
0.5
 73
0
 45
1.0
 46
1.0
 77
1
  4

 78
1
 79
1
170
1
 48
1.0
171
1
  6

172
1
173
1
174
1
140
1.0
141
1.0
175
1
  7

176
1
177
1
178
1
143
1.0
179
1
  8

270
1
271
1
272
1
145
1.0
146
1.0
273
1
  9

274
1
275
1
276
1
 42
1.0
 72
1
  3

 73
1
 74
1
 75
1
 94
63
  0
MATERIAL
  5
20
102
{ACAD_REACTORS
330
E
102
}
330
E
100
AcDbMaterial
  1
ByLayer
  2

 70
0
 40
1.0
 71
1
 41
1.0
 91
-1023410177
 42
1.0
 72
1
  3

 73
1
 74
1
 75
1
 44
0.5
 73
0
 45
1.0
 46
1.0
 77
1
  4

 78
1
 79
1
170
1
 48
1.0
171
1
  6

172
1
173
1
174
1
140
1.0
141
1.0
175
1
  7

176
1
177
1
178
1
143
1.0
179
1
  8

270
1
271
1
272
1
145
1.0
146
1.0
273
1
  9

274
1
275
1
276
1
 42
1.0
 72
1
  3

 73
1
 74
1
 75
1
 94
63
  0
MATERIAL
  5
21
102
{ACAD_REACTORS
330
E
102
}
330
E
100
AcDbMaterial
  1
Global
  2

 70
0
 40
1.0
 71
1
 41
1.0
 91
-1023410177
 42
1.0
 72
1
  3

 73
1
 74
1
 75
1
 44
0.5
 73
0
 45
1.0
 46
1.0
 77
1
  4

 78
1
 79
1
170
1
 48
1.0
171
1
  6

172
1
173
1
174
1
140
1.0
141
1.0
175
1
  7

176
1
177
1
178
1
143
1.0
179
1
  8

270
1
271
1
272
1
145
1.0
146
1.0
273
1
  9

274
1
275
1
276
1
 42
1.0
 72
1
  3

 73
1
 74
1
 75
1
 94
63
  0
MLINESTYLE
  5
22
102
{ACAD_REACTORS
330
10
102
}
330
10
100
AcDbMlineStyle
  2
Standard
 70
0
  3

 62
256
 51
90.0
 52
90.0
 71
2
 49
0.5
 62
256
  6
BYLAYER
 49
-0.5
 62
256
  6
BYLAYER
  0
MLEADERSTYLE
  5
2C
102
{ACAD_REACTORS
330
F
102
}
330
F
100
AcDbMLeaderStyle
179
2
170
2
171
1
172
0
 90
2
 40
0.0
 41
0.0
173
1
 91
-1056964608
 92
-2
290
1
 42
2.0
291
1
 43
8.0
  3
Standard
 44
4.0
300

342
29
174
1
175
1
176
0
178
1
 93
-1056964608
 45
4.0
292
0
297
0
 46
4.0
 94
-1056964608
 47
1.0
 49
1.0
140
1.0
294
1
141
0.0
177
0
142
1.0
295
0
296
0
143
3.75
271
0
272
9
273
9
  0
DICTIONARY
  5
2D
330
A
100
AcDbDictionary
280
1
281
1
  3
CREATED_BY_EZDXF
350
2E
  3
WRITTEN_BY_EZDXF
350
4AE
  0
DICTIONARYVAR
  5
2E
330
2D
100
DictionaryVariables
280
0
  1
1.4.4 @ 2026-08-24T02:36:13.496779+00:00
  0
VISUALSTYLE
  5
5A
102
{ACAD_REACTORS
330
16
102
}
330
16
100
AcDbVisualStyle
  2
2dWireframe
 70
4
177
3
291
0
 70
58
 90
2
176
1
 90
2
176
1
 90
0
176
1
 90
0
176
1
 40
0.6
176
1
 40
30.0
176
1
 62
7
420
16777215
176
1
 90
1
176
1
 90
4
176
1
 62
7
176
1
 62
257
176
1
 90
1
176
1
 90
1
176
1
 40
1.0
176
1
 90
8
176
1
 62
7
176
1
 40
1.0
176
1
 90
1
176
1
 90
6
176
1
 90
2
176
1
 62
7
176
1
 90
5
176
1
 90
0
176
1
 90
0
176
1
290
0
176
1
 90
1
176
1
 40
0.0
176
1
 90
0
176
1
290
1
176
1
290
1
176
1
290
0
176
1
290
0
176
1
290
0
176
1
290
0
176
1
290
0
176
1
290
0
176
1
290
0
176
1
 90
50
176
1
 40
0.0
176
1
 40
1.0
176
1
 90
0
176
1
 62
18
420
0
176
1
 90
50
176
1
 90
3
176
1
 62
5
420
255
176
1
290
0
176
1
 90
50
176
1
 90
50
176
1
 90
50
176
1
290
0
176
1
 90
50
176
1
 62
256
176
0
 40
1.0
176
0
 90
2
176
1
  1
strokes_ogs.tif
176
1
290
0
176
1
 40
1.0
176
1
 40
1.0
176
1
  0
VISUALSTYLE
  5
5B
102
{ACAD_REACTORS
330
16
102
}
330
16
100
AcDbVisualStyle
  2
Basic
 70
7
177
3
291
1
 70
58
 90
2
176
1
 90
2
176
1
 90
0
176
1
 90
1
176
1
 40
0.6
176
1
 40
30.0
176
1
 62
7
420
16777215
176
1
 90
1
176
1
 90
4
176
1
 62
7
176
1
 62
257
176
1
 90
1
176
1
 90
1
176
1
 40
1.0
176
1
 90
8
176
1
 62
7
176
1
 40
1.0
176
1
 90
1
176
1
 90
6
176
1
 90
2
176
1
 62
7
176
1
 90
5
176
1
 90
0
176
1
 90
0
176
1
290
0
176
1
 90
1
176
1
 40
0.0
176
1
 90
0
176
1
290
0
176
1
290
1
176
1
290
1
176
1
290
0
176
1
290
0
176
1
290
0
176
1
290
0
176
1
290
0
176
1
290
0
176
1
 90
50
176
1
 40
0.0
176
1
 40
1.0
176
1
 90
0
176
1
 62
18
420
0
176
1
 90
50
176
1
 90
3
176
1
 62
5
420
255
176
1
290
0
176
1
 90
50
176
1
 90
50
176
1
 90
50
176
1
290
0
176
1
 90
50
176
1
 62
256
176
0
 40
1.0
176
0
 90
2
176
1
  1
strokes_ogs.tif
176
1
290
0
176
1
 40
1.0
176
1
 40
1.0
176
1
  0
VISUALSTYLE
  5
5C
102
{ACAD_REACTORS
330
16
102
}
330
16
100
AcDbVisualStyle
  2
Brighten
 70
12
177
3
291
1
 70
58
 90
2
176
1
 90
2
176
1
 90
0
176
1
 90
2
176
1
 40
0.6
176
1
 40
30.0
176
1
 62
7
420
16777215
176
1
 90
1
176
1
 90
4
176
1
 62
7
176
1
 62
257
176
1
 90
1
176
1
 90
1
176
1
 40
1.0
176
1
 90
8
176
1
 62
7
176
1
 40
1.0
176
1
 90
1
176
1
 90
6
176
1
 90
2
176
1
 62
7
176
1
 90
5
176
1
 90
0
176
1
 90
0
176
1
290
0
176
1
 90
1
176
1
 40
0.0
176
1
 90
0
176
1
290
0
176
1
290
1
176
1
290
1
176
1
290
0
176
1
290
0
176
1
290
0
176
1
290
0
176
1
290
0
176
1
290
0
176
1
 90
50
176
1
 40
0.0
176
1
 40
1.0
176
1
 90
0
176
1
 62
18
420
0
176
1
 90
50
176
1
 90
3
176
1
 62
5
420
255
176
1
290
0
176
1
 90
50
176
1
 90
50
176
1
 90
50
176
1
290
0
176
1
 90
50
176
1
 62
256
176
0
 40
1.0
176
0
 90
2
176
1
  1
strokes_ogs.tif
176
1
290
0
176
1
 40
1.0
176
1
 40
1.0
176
1
  0
VISUALSTYLE
  5
5D
102
{ACAD_REACTORS
330
16
102
}
330
16
100
AcDbVisualStyle
  2
ColorChange
 70
16
177
3
291
1
 70
58
 90
2
176
1
 90
2
176
1
 90
0
176
1
 90
2
176
1
 40
0.6
176
1
 40
30.0
176
1
 62
7
420
16777215
176
1
 90
1
176
1
 90
4
176
1
 62
7
176
1
 62
257
176
1
 90
1
176
1
 90
1
176
1
 40
1.0
176
1
 90
8
176
1
 62
7
176
1
 40
1.0
176
1
 90
1
176
1
 90
6
176
1
 90
2
176
1
 62
7
176
1
 90
5
176
1
 90
0
176
1
 90
0
176
1
290
0
176
1
 90
1
176
1
 40
0.0
176
1
 90
0
176
1
290
0
176
1
290
1
176
1
290
1
176
1
290
0
176
1
290
0
176
1
290
0
176
1
290
0
176
1
290
0
176
1
290
0
176
1
 90
50
176
1
 40
0.0
176
1
 40
1.0
176
1
 90
0
176
1
 62
18
420
0
176
1
 90
50
176
1
 90
3
176
1
 62
5
420
255
176
1
290
0
176
1
 90
50
176
1
 90
50
176
1
 90
50
176
1
290
0
176
1
 90
50
176
1
 62
256
176
0
 40
1.0
176
0
 90
2
176
1
  1
strokes_ogs.tif
176
1
290
0
176
1
 40
1.0
176
1
 40
1.0
176
1
  0
VISUALSTYLE
  5
5E
102
{ACAD_REACTORS
330
16
102
}
330
16
100
AcDbVisualStyle
  2
Conceptual
 70
9
177
3
291
0
 70
58
 90
2
176
1
 90
2
176
1
 90
0
176
1
 90
3
176
1
 40
0.6
176
1
 40
30.0
176
1
 62
7
420
16777215
176
1
 90
1
176
1
 90
4
176
1
 62
7
176
1
 62
257
176
1
 90
1
176
1
 90
1
176
1
 40
1.0
176
1
 90
8
176
1
 62
7
176
1
 40
1.0
176
1
 90
1
176
1
 90
6
176
1
 90
2
176
1
 62
7
176
1
 90
5
176
1
 90
0
176
1
 90
0
176
1
290
0
176
1
 90
1
176
1
 40
0.0
176
1
 90
0
176
1
290
0
176
1
290
1
176
1
290
1
176
1
290
0
176
1
290
0
176
1
290
0
176
1
290
0
176
1
290
0
176
1
290
0
176
1
 90
50
176
1
 40
0.0
176
1
 40
1.0
176
1
 90
0
176
1
 62
18
420
0
176
1
 90
50
176
1
 90
3
176
1
 62
5
420
255
176
1
290
0
176
1
 90
50
176
1
 90
50
176
1
 90
50
176
1
290
0
176
1
 90
50
176
1
 62
256
176
0
 40
1.0
176
0
 90
2
176
1
  1
strokes_ogs.tif
176
1
290
0
176
1
 40
1.0
176
1
 40
1.0
176
1
  0
VISUALSTYLE
  5
5F
102
{ACAD_REACTORS
330
16
102
}
330
16
100
AcDbVisualStyle
  2
Dim
 70
11
177
3
291
1
 70
58
 90
2
176
1
 90
2
176
1
 90
0
176
1
 90
2
176
1
 40
0.6
176
1
 40
30.0
176
1
 62
7
420
16777215
176
1
 90
1
176
1
 90
4
176
1
 62
7
176
1
 62
257
176
1
 90
1
176
1
 90
1
176
1
 40
1.0
176
1
 90
8
176
1
 62
7
176
1
 40
1.0
176
1
 90
1
176
1
 90
6
176
1
 90
2
176
1
 62
7
176
1
 90
5
176
1
 90
0
176
1
 90
0
176
1
290
0
176
1
 90
1
176
1
 40
0.0
176
1
 90
0
176
1
290
0
176
1
290
1
176
1
290
1
176
1
290
0
176
1
290
0
176
1
290
0
176
1
290
0
176
1
290
0
176
1
290
0
176
1
 90
50
176
1
 40
0.0
176
1
 40
1.0
176
1
 90
0
176
1
 62
18
420
0
176
1
 90
50
176
1
 90
3
176
1
 62
5
420
255
176
1
290
0
176
1
 90
50
176
1
 90
50
176
1
 90
50
176
1
290
0
176
1
 90
50
176
1
 62
256
176
0
 40
1.0
176
0
 90
2
176
1
  1
strokes_ogs.tif
176
1
290
0
176
1
 40
1.0
176
1
 40
1.0
176
1
  0
VISUALSTYLE
  5
60
102
{ACAD_REACTORS
330
16
102
}
330
16
100
AcDbVisualStyle
  2
EdgeColorOff
 70
22
177
3
291
1
 70
58
 90
2
176
1
 90
2
176
1
 90
0
176
1
 90
2
176
1
 40
0.6
176
1
 40
30.0
176
1
 62
7
420
16777215
176
1
 90
1
176
1
 90
4
176
1
 62
7
176
1
 62
257
176
1
 90
1
176
1
 90
1
176
1
 40
1.0
176
1
 90
8
176
1
 62
7
176
1
 40
1.0
176
1
 90
1
176
1
 90
6
176
1
 90
2
176
1
 62
7
176
1
 90
5
176
1
 90
0
176
1
 90
0
176
1
290
0
176
1
 90
1
176
1
 40
0.0
176
1
 90
0
176
1
290
0
176
1
290
1
176
1
290
1
176
1
290
0
176
1
290
0
176
1
290
0
176
1
290
0
176
1
290
0
176
1
290
0
176
1
 90
50
176
1
 40
0.0
176
1
 40
1.0
176
1
 90
0
176
1
 62
18
420
0
176
1
 90
50
176
1
 90
3
176
1
 62
5
420
255
176
1
290
0
176
1
 90
50
176
1
 90
50
176
1
 90
50
176
1
290
0
176
1
 90
50
176
1
 62
256
176
0
 40
1.0
176
0
 90
2
176
1
  1
strokes_ogs.tif
176
1
290
0
176
1
 40
1.0
176
1
 40
1.0
176
1
  0
VISUALSTYLE
  5
61
102
{ACAD_REACTORS
330
16
102
}
330
16
100
AcDbVisualStyle
  2
Facepattern
 70
15
177
3
291
1
 70
58
 90
2
176
1
 90
2
176
1
 90
0
176
1
 90
2
176
1
 40
0.6
176
1
 40
30.0
176
1
 62
7
420
16777215
176
1
 90
1
176
1
 90
4
176
1
 62
7
176
1
 62
257
176
1
 90
1
176
1
 90
1
176
1
 40
1.0
176
1
 90
8
176
1
 62
7
176
1
 40
1.0
176
1
 90
1
176
1
 90
6
176
1
 90
2
176
1
 62
7
176
1
 90
5
176
1
 90
0
176
1
 90
0
176
1
290
0
176
1
 90
1
176
1
 40
0.0
176
1
 90
0
176
1
290
0
176
1
290
1
176
1
290
1
176
1
290
0
176
1
290
0
176
1
290
0
176
1
290
0
176
1
290
0
176
1
290
0
176
1
 90
50
176
1
 40
0.0
176
1
 40
1.0
176
1
 90
0
176
1
 62
18
420
0
176
1
 90
50
176
1
 90
3
176
1
 62
5
420
255
176
1
290
0
176
1
 90
50
176
1
 90
50
176
1
 90
50
176
1
290
0
176
1
 90
50
176
1
 62
256
176
0
 40
1.0
176
0
 90
2
176
1
  1
strokes_ogs.tif
176
1
290
0
176
1
 40
1.0
176
1
 40
1.0
176
1
  0
VISUALSTYLE
  5
62
102
{ACAD_REACTORS
330
16
102
}
330
16
100
AcDbVisualStyle
  2
Flat
 70
0
177
3
291
1
 70
58
 90
2
176
1
 90
2
176
1
 90
0
176
1
 90
2
176
1
 40
0.6
176
1
 40
30.0
176
1
 62
7
420
16777215
176
1
 90
1
176
1
 90
4
176
1
 62
7
176
1
 62
257
176
1
 90
1
176
1
 90
1
176
1
 40
1.0
176
1
 90
8
176
1
 62
7
176
1
 40
1.0
176
1
 90
1
176
1
 90
6
176
1
 90
2
176
1
 62
7
176
1
 90
5
176
1
 90
0
176
1
 90
0
176
1
290
0
176
1
 90
1
176
1
 40
0.0
176
1
 90
0
176
1
290
0
176
1
290
1
176
1
290
1
176
1
290
0
176
1
290
0
176
1
290
0
176
1
290
0
176
1
290
0
176
1
290
0
176
1
 90
50
176
1
 40
0.0
176
1
 40
1.0
176
1
 90
0
176
1
 62
18
420
0
176
1
 90
50
176
1
 90
3
176
1
 62
5
420
255
176
1
290
0
176
1
 90
50
176
1
 90
50
176
1
 90
50
176
1
290
0
176
1
 90
50
176
1
 62
256
176
0
 40
1.0
176
0
 90
2
176
1
  1
strokes_ogs.tif
176
1
290
0
176
1
 40
1.0
176
1
 40
1.0
176
1
  0
VISUALSTYLE
  5
63
102
{ACAD_REACTORS
330
16
102
}
330
16
100
AcDbVisualStyle
  2
FlatWithEdges
 70
1
177
3
291
1
 70
58
 90
2
176
1
 90
2
176
1
 90
0
176
1
 90
2
176
1
 40
0.6
176
1
 40
30.0
176
1
 62
7
420
16777215
176
1
 90
1
176
1
 90
4
176
1
 62
7
176
1
 62
257
176
1
 90
1
176
1
 90
1
176
1
 40
1.0
176
1
 90
8
176
1
 62
7
176
1
 40
1.0
176
1
 90
1
176
1
 90
6
176
1
 90
2
176
1
 62
7
176
1
 90
5
176
1
 90
0
176
1
 90
0
176
1
290
0
176
1
 90
1
176
1
 40
0.0
176
1
 90
0
176
1
290
0
176
1
290
1
176
1
290
1
176
1
290
0
176
1
290
0
176
1
290
0
176
1
290
0
176
1
290
0
176
1
290
0
176
1
 90
50
176
1
 40
0.0
176
1
 40
1.0
176
1
 90
0
176
1
 62
18
420
0
176
1
 90
50
176
1
 90
3
176
1
 62
5
420
255
176
1
290
0
176
1
 90
50
176
1
 90
50
176
1
 90
50
176
1
290
0
176
1
 90
50
176
1
 62
256
176
0
 40
1.0
176
0
 90
2
176
1
  1
strokes_ogs.tif
176
1
290
0
176
1
 40
1.0
176
1
 40
1.0
176
1
  0
VISUALSTYLE
  5
64
102
{ACAD_REACTORS
330
16
102
}
330
16
100
AcDbVisualStyle
  2
Gouraud
 70
2
177
3
291
1
 70
58
 90
2
176
1
 90
2
176
1
 90
0
176
1
 90
2
176
1
 40
0.6
176
1
 40
30.0
176
1
 62
7
420
16777215
176
1
 90
1
176
1
 90
4
176
1
 62
7
176
1
 62
257
176
1
 90
1
176
1
 90
1
176
1
 40
1.0
176
1
 90
8
176
1
 62
7
176
1
 40
1.0
176
1
 90
1
176
1
 90
6
176
1
 90
2
176
1
 62
7
176
1
 90
5
176
1
 90
0
176
1
 90
0
176
1
290
0
176
1
 90
1
176
1
 40
0.0
176
1
 90
0
176
1
290
0
176
1
290
1
176
1
290
1
176
1
290
0
176
1
290
0
176
1
290
0
176
1
290
0
176
1
290
0
176
1
290
0
176
1
 90
50
176
1
 40
0.0
176
1
 40
1.0
176
1
 90
0
176
1
 62
18
420
0
176
1
 90
50
176
1
 90
3
176
1
 62
5
420
255
176
1
290
0
176
1
 90
50
176
1
 90
50
176
1
 90
50
176
1
290
0
176
1
 90
50
176
1
 62
256
176
0
 40
1.0
176
0
 90
2
176
1
  1
strokes_ogs.tif
176
1
290
0
176
1
 40
1.0
176
1
 40
1.0
176
1
  0
VISUALSTYLE
  5
65
102
{ACAD_REACTORS
330
16
102
}
330
16
100
AcDbVisualStyle
  2
GouraudWithEdges
 70
3
177
3
291
1
 70
58
 90
2
176
1
 90
2
176
1
 90
0
176
1
 90
2
176
1
 40
0.6
176
1
 40
30.0
176
1
 62
7
420
16777215
176
1
 90
1
176
1
 90
4
176
1
 62
7
176
1
 62
257
176
1
 90
1
176
1
 90
1
176
1
 40
1.0
176
1
 90
8
176
1
 62
7
176
1
 40
1.0
176
1
 90
1
176
1
 90
6
176
1
 90
2
176
1
 62
7
176
1
 90
5
176
1
 90
0
176
1
 90
0
176
1
290
0
176
1
 90
1
176
1
 40
0.0
176
1
 90
0
176
1
290
0
176
1
290
1
176
1
290
1
176
1
290
0
176
1
290
0
176
1
290
0
176
1
290
0
176
1
290
0
176
1
290
0
176
1
 90
50
176
1
 40
0.0
176
1
 40
1.0
176
1
 90
0
176
1
 62
18
420
0
176
1
 90
50
176
1
 90
3
176
1
 62
5
420
255
176
1
290
0
176
1
 90
50
176
1
 90
50
176
1
 90
50
176
1
290
0
176
1
 90
50
176
1
 62
256
176
0
 40
1.0
176
0
 90
2
176
1
  1
strokes_ogs.tif
176
1
290
0
176
1
 40
1.0
176
1
 40
1.0
176
1
  0
VISUALSTYLE
  5
66
102
{ACAD_REACTORS
330
16
102
}
330
16
100
AcDbVisualStyle
  2
Hidden
 70
6
177
3
291
0
 70
58
 90
2
176
1
 90
2
176
1
 90
0
176
1
 90
1
176
1
 40
0.6
176
1
 40
30.0
176
1
 62
7
420
16777215
176
1
 90
1
176
1
 90
4
176
1
 62
7
176
1
 62
257
176
1
 90
1
176
1
 90
1
176
1
 40
1.0
176
1
 90
8
176
1
 62
7
176
1
 40
1.0
176
1
 90
1
176
1
 90
6
176
1
 90
2
176
1
 62
7
176
1
 90
5
176
1
 90
0
176
1
 90
0
176
1
290
0
176
1
 90
1
176
1
 40
0.0
176
1
 90
0
176
1
290
0
176
1
290
1
176
1
290
1
176
1
290
0
176
1
290
0
176
1
290
0
176
1
290
0
176
1
290
0
176
1
290
0
176
1
 90
50
176
1
 40
0.0
176
1
 40
1.0
176
1
 90
0
176
1
 62
18
420
0
176
1
 90
50
176
1
 90
3
176
1
 62
5
420
255
176
1
290
0
176
1
 90
50
176
1
 90
50
176
1
 90
50
176
1
290
0
176
1
 90
50
176
1
 62
256
176
0
 40
1.0
176
0
 90
2
176
1
  1
strokes_ogs.tif
176
1
290
0
176
1
 40
1.0
176
1
 40
1.0
176
1
  0
VISUALSTYLE
  5
67
102
{ACAD_REACTORS
330
16
102
}
330
16
100
AcDbVisualStyle
  2
JitterOff
 70
20
177
3
291
1
 70
58
 90
2
176
1
 90
2
176
1
 90
0
176
1
 90
2
176
1
 40
0.6
176
1
 40
30.0
176
1
 62
7
420
16777215
176
1
 90
1
176
1
 90
4
176
1
 62
7
176
1
 62
257
176
1
 90
1
176
1
 90
1
176
1
 40
1.0
176
1
 90
8
176
1
 62
7
176
1
 40
1.0
176
1
 90
1
176
1
 90
6
176
1
 90
2
176
1
 62
7
176
1
 90
5
176
1
 90
0
176
1
 90
0
176
1
290
0
176
1
 90
1
176
1
 40
0.0
176
1
 90
0
176
1
290
0
176
1
290
1
176
1
290
1
176
1
290
0
176
1
290
0
176
1
290
0
176
1
290
0
176
1
290
0
176
1
290
0
176
1
 90
50
176
1
 40
0.0
176
1
 40
1.0
176
1
 90
0
176
1
 62
18
420
0
176
1
 90
50
176
1
 90
3
176
1
 62
5
420
255
176
1
290
0
176
1
 90
50
176
1
 90
50
176
1
 90
50
176
1
290
0
176
1
 90
50
176
1
 62
256
176
0
 40
1.0
176
0
 90
2
176
1
  1
strokes_ogs.tif
176
1
290
0
176
1
 40
1.0
176
1
 40
1.0
176
1
  0
VISUALSTYLE
  5
68
102
{ACAD_REACTORS
330
16
102
}
330
16
100
AcDbVisualStyle
  2
Linepattern
 70
14
177
3
291
1
 70
58
 90
2
176
1
 90
2
176
1
 90
0
176
1
 90
2
176
1
 40
0.6
176
1
 40
30.0
176
1
 62
7
420
16777215
176
1
 90
1
176
1
 90
4
176
1
 62
7
176
1
 62
257
176
1
 90
1
176
1
 90
1
176
1
 40
1.0
176
1
 90
8
176
1
 62
7
176
1
 40
1.0
176
1
 90
1
176
1
 90
6
176
1
 90
2
176
1
 62
7
176
1
 90
5
176
1
 90
0
176
1
 90
0
176
1
290
0
176
1
 90
1
176
1
 40
0.0
176
1
 90
0
176
1
290
0
176
1
290
1
176
1
290
1
176
1
290
0
176
1
290
0
176
1
290
0
176
1
290
0
176
1
290
0
176
1
290
0
176
1
 90
50
176
1
 40
0.0
176
1
 40
1.0
176
1
 90
0
176
1
 62
18
420
0
176
1
 90
50
176
1
 90
3
176
1
 62
5
420
255
176
1
290
0
176
1
 90
50
176
1
 90
50
176
1
 90
50
176
1
290
0
176
1
 90
50
176
1
 62
256
176
0
 40
1.0
176
0
 90
2
176
1
  1
strokes_ogs.tif
176
1
290
0
176
1
 40
1.0
176
1
 40
1.0
176
1
  0
VISUALSTYLE
  5
69
102
{ACAD_REACTORS
330
16
102
}
330
16
100
AcDbVisualStyle
  2
Modeling
 70
10
177
3
291
0
 70
58
 90
2
176
1
 90
2
176
1
 90
0
176
1
 90
2
176
1
 40
0.6
176
1
 40
30.0
176
1
 62
7
420
16777215
176
1
 90
1
176
1
 90
4
176
1
 62
7
176
1
 62
257
176
1
 90
1
176
1
 90
1
176
1
 40
1.0
176
1
 90
8
176
1
 62
7
176
1
 40
1.0
176
1
 90
1
176
1
 90
6
176
1
 90
2
176
1
 62
7
176
1
 90
5
176
1
 90
0
176
1
 90
0
176
1
290
0
176
1
 90
1
176
1
 40
0.0
176
1
 90
0
176
1
290
0
176
1
290
1
176
1
290
1
176
1
290
0
176
1
290
0
176
1
290
0
176
1
290
0
176
1
290
0
176
1
290
0
176
1
 90
50
176
1
 40
0.0
176
1
 40
1.0
176
1
 90
0
176
1
 62
18
420
0
176
1
 90
50
176
1
 90
3
176
1
 62
5
420
255
176
1
290
0
176
1
 90
50
176
1
 90
50
176
1
 90
50
176
1
290
0
176
1
 90
50
176
1
 62
256
176
0
 40
1.0
176
0
 90
2
176
1
  1
strokes_ogs.tif
176
1
290
0
176
1
 40
1.0
176
1
 40
1.0
176
1
  0
VISUALSTYLE
  5
6A
102
{ACAD_REACTORS
330
16
102
}
330
16
100
AcDbVisualStyle
  2
OverhangOff
 70
21
177
3
291
1
 70
58
 90
2
176
1
 90
2
176
1
 90
0
176
1
 90
2
176
1
 40
0.6
176
1
 40
30.0
176
1
 62
7
420
16777215
176
1
 90
1
176
1
 90
4
176
1
 62
7
176
1
 62
257
176
1
 90
1
176
1
 90
1
176
1
 40
1.0
176
1
 90
8
176
1
 62
7
176
1
 40
1.0
176
1
 90
1
176
1
 90
6
176
1
 90
2
176
1
 62
7
176
1
 90
5
176
1
 90
0
176
1
 90
0
176
1
290
0
176
1
 90
1
176
1
 40
0.0
176
1
 90
0
176
1
290
0
176
1
290
1
176
1
290
1
176
1
290
0
176
1
290
0
176
1
290
0
176
1
290
0
176
1
290
0
176
1
290
0
176
1
 90
50
176
1
 40
0.0
176
1
 40
1.0
176
1
 90
0
176
1
 62
18
420
0
176
1
 90
50
176
1
 90
3
176
1
 62
5
420
255
176
1
290
0
176
1
 90
50
176
1
 90
50
176
1
 90
50
176
1
290
0
176
1
 90
50
176
1
 62
256
176
0
 40
1.0
176
0
 90
2
176
1
  1
strokes_ogs.tif
176
1
290
0
176
1
 40
1.0
176
1
 40
1.0
176
1
  0
VISUALSTYLE
  5
6B
102
{ACAD_REACTORS
330
16
102
}
330
16
100
AcDbVisualStyle
  2
Realistic
 70
8
177
3
291
0
 70
58
 90
2
176
1
 90
2
176
1
 90
0
176
1
 90
2
176
1
 40
0.6
176
1
 40
30.0
176
1
 62
7
420
16777215
176
1
 90
1
176
1
 90
4
176
1
 62
7
176
1
 62
257
176
1
 90
1
176
1
 90
1
176
1
 40
1.0
176
1
 90
8
176
1
 62
7
176
1
 40
1.0
176
1
 90
1
176
1
 90
6
176
1
 90
2
176
1
 62
7
176
1
 90
5
176
1
 90
0
176
1
 90
0
176
1
290
0
176
1
 90
1
176
1
 40
0.0
176
1
 90
0
176
1
290
0
176
1
290
1
176
1
290
1
176
1
290
0
176
1
290
0
176
1
290
0
176
1
290
0
176
1
290
0
176
1
290
0
176
1
 90
50
176
1
 40
0.0
176
1
 40
1.0
176
1
 90
0
176
1
 62
18
420
0
176
1
 90
50
176
1
 90
3
176
1
 62
5
420
255
176
1
290
0
176
1
 90
50
176
1
 90
50
176
1
 90
50
176
1
290
0
176
1
 90
50
176
1
 62
256
176
0
 40
1.0
176
0
 90
2
176
1
  1
strokes_ogs.tif
176
1
290
0
176
1
 40
1.0
176
1
 40
1.0
176
1
  0
VISUALSTYLE
  5
6C
102
{ACAD_REACTORS
330
16
102
}
330
16
100
AcDbVisualStyle
  2
Shaded
 70
27
177
3
291
0
 70
58
 90
2
176
1
 90
2
176
1
 90
0
176
1
 90
2
176
1
 40
0.6
176
1
 40
30.0
176
1
 62
7
420
16777215
176
1
 90
1
176
1
 90
4
176
1
 62
7
176
1
 62
257
176
1
 90
1
176
1
 90
1
176
1
 40
1.0
176
1
 90
8
176
1
 62
7
176
1
 40
1.0
176
1
 90
1
176
1
 90
6
176
1
 90
2
176
1
 62
7
176
1
 90
5
176
1
 90
0
176
1
 90
0
176
1
290
0
176
1
 90
1
176
1
 40
0.0
176
1
 90
0
176
1
290
0
176
1
290
1
176
1
290
1
176
1
290
0
176
1
290
0
176
1
290
0
176
1
290
0
176
1
290
0
176
1
290
0
176
1
 90
50
176
1
 40
0.0
176
1
 40
1.0
176
1
 90
0
176
1
 62
18
420
0
176
1
 90
50
176
1
 90
3
176
1
 62
5
420
255
176
1
290
0
176
1
 90
50
176
1
 90
50
176
1
 90
50
176
1
290
0
176
1
 90
50
176
1
 62
256
176
0
 40
1.0
176
0
 90
2
176
1
  1
strokes_ogs.tif
176
1
290
0
176
1
 40
1.0
176
1
 40
1.0
176
1
  0
VISUALSTYLE
  5
6D
102
{ACAD_REACTORS
330
16
102
}
330
16
100
AcDbVisualStyle
  2
Shaded with edges
 70
26
177
3
291
0
 70
58
 90
2
176
1
 90
2
176
1
 90
0
176
1
 90
2
176
1
 40
0.6
176
1
 40
30.0
176
1
 62
7
420
16777215
176
1
 90
1
176
1
 90
4
176
1
 62
7
176
1
 62
257
176
1
 90
1
176
1
 90
1
176
1
 40
1.0
176
1
 90
8
176
1
 62
7
176
1
 40
1.0
176
1
 90
1
176
1
 90
6
176
1
 90
2
176
1
 62
7
176
1
 90
5
176
1
 90
0
176
1
 90
0
176
1
290
0
176
1
 90
1
176
1
 40
0.0
176
1
 90
0
176
1
290
0
176
1
290
1
176
1
290
1
176
1
290
0
176
1
290
0
176
1
290
0
176
1
290
0
176
1
290
0
176
1
290
0
176
1
 90
50
176
1
 40
0.0
176
1
 40
1.0
176
1
 90
0
176
1
 62
18
420
0
176
1
 90
50
176
1
 90
3
176
1
 62
5
420
255
176
1
290
0
176
1
 90
50
176
1
 90
50
176
1
 90
50
176
1
290
0
176
1
 90
50
176
1
 62
256
176
0
 40
1.0
176
0
 90
2
176
1
  1
strokes_ogs.tif
176
1
290
0
176
1
 40
1.0
176
1
 40
1.0
176
1
  0
VISUALSTYLE
  5
6E
102
{ACAD_REACTORS
330
16
102
}
330
16
100
AcDbVisualStyle
  2
Shades of Gray
 70
23
177
3
291
0
 70
58
 90
2
176
1
 90
2
176
1
 90
0
176
1
 90
2
176
1
 40
0.6
176
1
 40
30.0
176
1
 62
7
420
16777215
176
1
 90
1
176
1
 90
4
176
1
 62
7
176
1
 62
257
176
1
 90
1
176
1
 90
1
176
1
 40
1.0
176
1
 90
8
176
1
 62
7
176
1
 40
1.0
176
1
 90
1
176
1
 90
6
176
1
 90
2
176
1
 62
7
176
1
 90
5
176
1
 90
0
176
1
 90
0
176
1
290
0
176
1
 90
1
176
1
 40
0.0
176
1
 90
0
176
1
290
0
176
1
290
1
176
1
290
1
176
1
290
0
176
1
290
0
176
1
290
0
176
1
290
0
176
1
290
0
176
1
290
0
176
1
 90
50
176
1
 40
0.0
176
1
 40
1.0
176
1
 90
0
176
1
 62
18
420
0
176
1
 90
50
176
1
 90
3
176
1
 62
5
420
255
176
1
290
0
176
1
 90
50
176
1
 90
50
176
1
 90
50
176
1
290
0
176
1
 90
50
176
1
 62
256
176
0
 40
1.0
176
0
 90
2
176
1
  1
strokes_ogs.tif
176
1
290
0
176
1
 40
1.0
176
1
 40
1.0
176
1
  0
VISUALSTYLE
  5
6F
102
{ACAD_REACTORS
330
16
102
}
330
16
100
AcDbVisualStyle
  2
Sketchy
 70
24
177
3
291
0
 70
58
 90
2
176
1
 90
2
176
1
 90
0
176
1
 90
1
176
1
 40
0.6
176
1
 40
30.0
176
1
 62
7
420
16777215
176
1
 90
1
176
1
 90
4
176
1
 62
7
176
1
 62
257
176
1
 90
1
176
1
 90
1
176
1
 40
1.0
176
1
 90
8
176
1
 62
7
176
1
 40
1.0
176
1
 90
1
176
1
 90
6
176
1
 90
2
176
1
 62
7
176
1
 90
5
176
1
 90
0
176
1
 90
0
176
1
290
0
176
1
 90
1
176
1
 40
0.0
176
1
 90
0
176
1
290
0
176
1
290
1
176
1
290
1
176
1
290
0
176
1
290
0
176
1
290
0
176
1
290
0
176
1
290
0
176
1
290
0
176
1
 90
50
176
1
 40
0.0
176
1
 40
1.0
176
1
 90
0
176
1
 62
18
420
0
176
1
 90
50
176
1
 90
3
176
1
 62
5
420
255
176
1
290
0
176
1
 90
50
176
1
 90
50
176
1
 90
50
176
1
290
0
176
1
 90
50
176
1
 62
256
176
0
 40
1.0
176
0
 90
2
176
1
  1
strokes_ogs.tif
176
1
290
0
176
1
 40
1.0
176
1
 40
1.0
176
1
  0
VISUALSTYLE
  5
70
102
{ACAD_REACTORS
330
16
102
}
330
16
100
AcDbVisualStyle
  2
Thicken
 70
13
177
3
291
1
 70
58
 90
2
176
1
 90
2
176
1
 90
0
176
1
 90
2
176
1
 40
0.6
176
1
 40
30.0
176
1
 62
7
420
16777215
176
1
 90
1
176
1
 90
4
176
1
 62
7
176
1
 62
257
176
1
 90
1
176
1
 90
1
176
1
 40
1.0
176
1
 90
8
176
1
 62
7
176
1
 40
1.0
176
1
 90
1
176
1
 90
6
176
1
 90
2
176
1
 62
7
176
1
 90
5
176
1
 90
0
176
1
 90
0
176
1
290
0
176
1
 90
1
176
1
 40
0.0
176
1
 90
0
176
1
290
0
176
1
290
1
176
1
290
1
176
1
290
0
176
1
290
0
176
1
290
0
176
1
290
0
176
1
290
0
176
1
290
0
176
1
 90
50
176
1
 40
0.0
176
1
 40
1.0
176
1
 90
0
176
1
 62
18
420
0
176
1
 90
50
176
1
 90
3
176
1
 62
5
420
255
176
1
290
0
176
1
 90
50
176
1
 90
50
176
1
 90
50
176
1
290
0
176
1
 90
50
176
1
 62
256
176
0
 40
1.0
176
0
 90
2
176
1
  1
strokes_ogs.tif
176
1
290
0
176
1
 40
1.0
176
1
 40
1.0
176
1
  0
VISUALSTYLE
  5
71
102
{ACAD_REACTORS
330
16
102
}
330
16
100
AcDbVisualStyle
  2
Wireframe
 70
5
177
3
291
0
 70
58
 90
2
176
1
 90
2
176
1
 90
0
176
1
 90
0
176
1
 40
0.6
176
1
 40
30.0
176
1
 62
7
420
16777215
176
1
 90
1
176
1
 90
4
176
1
 62
7
176
1
 62
257
176
1
 90
1
176
1
 90
1
176
1
 40
1.0
176
1
 90
8
176
1
 62
7
176
1
 40
1.0
176
1
 90
1
176
1
 90
6
176
1
 90
2
176
1
 62
7
176
1
 90
5
176
1
 90
0
176
1
 90
0
176
1
290
0
176
1
 90
1
176
1
 40
0.0
176
1
 90
0
176
1
290
0
176
1
290
1
176
1
290
1
176
1
290
0
176
1
290
0
176
1
290
0
176
1
290
0
176
1
290
0
176
1
290
0
176
1
 90
50
176
1
 40
0.0
176
1
 40
1.0
176
1
 90
0
176
1
 62
18
420
0
176
1
 90
50
176
1
 90
3
176
1
 62
5
420
255
176
1
290
0
176
1
 90
50
176
1
 90
50
176
1
 90
50
176
1
290
0
176
1
 90
50
176
1
 62
256
176
0
 40
1.0
176
0
 90
2
176
1
  1
strokes_ogs.tif
176
1
290
0
176
1
 40
1.0
176
1
 40
1.0
176
1
  0
VISUALSTYLE
  5
72
102
{ACAD_REACTORS
330
16
102
}
330
16
100
AcDbVisualStyle
  2
X-Ray
 70
25
177
3
291
0
 70
58
 90
2
176
1
 90
2
176
1
 90
0
176
1
 90
2
176
1
 40
0.5
176
1
 40
30.0
176
1
 62
7
420
16777215
176
1
 90
1
176
1
 90
4
176
1
 62
7
176
1
 62
257
176
1
 90
1
176
1
 90
1
176
1
 40
1.0
176
1
 90
8
176
1
 62
7
176
1
 40
1.0
176
1
 90
1
176
1
 90
6
176
1
 90
2
176
1
 62
7
176
1
 90
5
176
1
 90
0
176
1
 90
0
176
1
290
0
176
1
 90
1
176
1
 40
0.0
176
1
 90
0
176
1
290
0
176
1
290
1
176
1
290
1
176
1
290
0
176
1
290
0
176
1
290
0
176
1
290
0
176
1
290
0
176
1
290
0
176
1
 90
50
176
1
 40
0.0
176
1
 40
1.0
176
1
 90
0
176
1
 62
18
420
0
176
1
 90
50
176
1
 90
3
176
1
 62
5
420
255
176
1
290
0
176
1
 90
50
176
1
 90
50
176
1
 90
50
176
1
290
0
176
1
 90
50
176
1
 62
256
176
0
 40
1.0
176
0
 90
2
176
1
  1
strokes_ogs.tif
176
1
290
0
176
1
 40
1.0
176
1
 40
1.0
176
1
  0
DICTIONARYVAR
  5
4AE
330
2D
100
DictionaryVariables
280
0
  1
1.4.4 @ 2026-08-24T02:36:13.527980+00:00
  0
ENDSEC
  0
EOF
