  0
SECTION
  2
HEADER
  9
$ACADVER
  1
AC1027
  9
$ACADMAINTVER
 70
105
  9
$DWGCODEPAGE
  3
ANSI_1252
  9
$LASTSAVEDBY
  1
ezdxf
  9
$REQUIREDVERSIONS
160
0
  9
$INSBASE
 10
0.0
 20
0.0
 30
0.0
  9
$EXTMIN
 10
386.177036
 20
222.928448
 30
0.000000
  9
$EXTMAX
 10
1267.197264
 20
952.167309
 30
0.000000
  9
$LIMMIN
 10
386.177036
 20
222.928448
  9
$LIMMAX
 10
1267.197264
 20
952.167309
  9
$ORTHOMODE
 70
0
  9
$REGENMODE
 70
1
  9
$FILLMODE
 70
1
  9
$QTEXTMODE
 70
0
  9
$MIRRTEXT
 70
1
  9
$LTSCALE
 40
1.0
  9
$ATTMODE
 70
1
  9
$TEXTSIZE
 40
2.5
  9
$TRACEWID
 40
1.0
  9
$TEXTSTYLE
  7
OpenSans
  9
$CLAYER
  8
0
  9
$CELTYPE
  6
ByLayer
  9
$CECOLOR
 62
256
  9
$CELTSCALE
 40
1.0
  9
$DISPSILH
 70
0
  9
$DIMSCALE
 40
1.0
  9
$DIMASZ
 40
0.175
  9
$DIMEXO
 40
0.125
  9
$DIMDLI
 40
3.75
  9
$DIMRND
 40
0.0
  9
$DIMDLE
 40
0.0
  9
$DIMEXE
 40
0.375
  9
$DIMTP
 40
0.0
  9
$DIMTM
 40
0.0
  9
$DIMTXT
 40
0.25
  9
$DIMCEN
 40
2.5
  9
$DIMTSZ
 40
0.0
  9
$DIMTOL
 70
0
  9
$DIMLIM
 70
0
  9
$DIMTIH
 70
0
  9
$DIMTOH
 70
0
  9
$DIMSE1
 70
0
  9
$DIMSE2
 70
0
  9
$DIMTAD
 70
1
  9
$DIMZIN
 70
12
  9
$DIMBLK
  1
ARCHTICK
  9
$DIMASO
 70
1
  9
$DIMSHO
 70
1
  9
$DIMPOST
  1

  9
$DIMAPOST
  1

  9
$DIMALT
 70
0
  9
$DIMALTD
 70
3
  9
$DIMALTF
 40
0.03937007874
  9
$DIMLFAC
 40
100.0
  9
$DIMTOFL
 70
1
  9
$DIMTVP
 40
0.0
  9
$DIMTIX
 70
0
  9
$DIMSOXD
 70
0
  9
$DIMSAH
 70
0
  9
$DIMBLK1
  1

  9
$DIMBLK2
  1

  9
$DIMSTYLE
  2
EZDXF
  9
$DIMCLRD
 70
0
  9
$DIMCLRE
 70
0
  9
$DIMCLRT
 70
0
  9
$DIMTFAC
 40
0.5
  9
$DIMGAP
 40
0.1
  9
$DIMJUST
 70
0
  9
$DIMSD1
 70
0
  9
$DIMSD2
 70
0
  9
$DIMTOLJ
 70
0
  9
$DIMTZIN
 70
8
  9
$DIMALTZ
 70
0
  9
$DIMALTTZ
 70
0
  9
$DIMUPT
 70
1
  9
$DIMDEC
 70
2
  9
$DIMTDEC
 70
2
  9
$DIMALTU
 70
2
  9
$DIMALTTD
 70
3
  9
$DIMTXSTY
  7
OpenSansCondensed-Light
  9
$DIMAUNIT
 70
0
  9
$DIMADEC
 70
2
  9
$DIMALTRND
 40
0.0
  9
$DIMAZIN
 70
3
  9
$DIMDSEP
 70
46
  9
$DIMATFIT
 70
3
  9
$DIMFRAC
 70
0
  9
$DIMLDRBLK
  1

  9
$DIMLUNIT
 70
2
  9
$DIMLWD
 70
-2
  9
$DIMLWE
 70
-2
  9
$DIMTMOVE
 70
2
  9
$DIMFXL
 40
1.0
  9
$DIMFXLON
 70
0
  9
$DIMJOGANG
 40
0.785398163397
  9
$DIMTFILL
 70
0
  9
$DIMTFILLCLR
 70
0
  9
$DIMARCSYM
 70
0
  9
$DIMLTYPE
  6

  9
$DIMLTEX1
  6

  9
$DIMLTEX2
  6

  9
$DIMTXTDIRECTION
 70
0
  9
$LUNITS
 70
2
  9
$LUPREC
 70
4
  9
$SKETCHINC
 40
1.0
  9
$FILLETRAD
 40
10.0
  9
$AUNITS
 70
0
  9
$AUPREC
 70
2
  9
$MENU
  1
.
  9
$ELEVATION
 40
0.0
  9
$PELEVATION
 40
0.0
  9
$THICKNESS
 40
0.0
  9
$LIMCHECK
 70
0
  9
$CHAMFERA
 40
0.0
  9
$CHAMFERB
 40
0.0
  9
$CHAMFERC
 40
0.0
  9
$CHAMFERD
 40
0.0
  9
$SKPOLY
 70
0
  9
$TDCREATE
 40
2461277.151875
  9
$TDUCREATE
 40
2458532.153996898
  9
$TDUPDATE
 40
2461277.151875
  9
$TDUUPDATE
 40
2458532.1544311
  9
$TDINDWG
 40
0.0
  9
$TDUSRTIMER
 40
0.0
  9
$USRTIMER
 70
1
  9
$ANGBASE
 50
0.0
  9
$ANGDIR
 70
0
  9
$PDMODE
 70
0
  9
$PDSIZE
 40
0.0
  9
$PLINEWID
 40
0.0
  9
$SPLFRAME
 70
0
  9
$SPLINETYPE
 70
6
  9
$SPLINESEGS
 70
8
  9
$HANDSEED
  5
7DE
  9
$SURFTAB1
 70
6
  9
$SURFTAB2
 70
6
  9
$SURFTYPE
 70
6
  9
$SURFU
 70
6
  9
$SURFV
 70
6
  9
$UCSBASE
  2

  9
$UCSNAME
  2

  9
$UCSORG
 10
0.0
 20
0.0
 30
0.0
  9
$UCSXDIR
 10
1.0
 20
0.0
 30
0.0
  9
$UCSYDIR
 10
0.0
 20
1.0
 30
0.0
  9
$UCSORTHOREF
  2

  9
$UCSORTHOVIEW
 70
0
  9
$UCSORGTOP
 10
0.0
 20
0.0
 30
0.0
  9
$UCSORGBOTTOM
 10
0.0
 20
0.0
 30
0.0
  9
$UCSORGLEFT
 10
0.0
 20
0.0
 30
0.0
  9
$UCSORGRIGHT
 10
0.0
 20
0.0
 30
0.0
  9
$UCSORGFRONT
 10
0.0
 20
0.0
 30
0.0
  9
$UCSORGBACK
 10
0.0
 20
0.0
 30
0.0
  9
$PUCSBASE
  2

  9
$PUCSNAME
  2

  9
$PUCSORG
 10
0.0
 20
0.0
 30
0.0
  9
$PUCSXDIR
 10
1.0
 20
0.0
 30
0.0
  9
$PUCSYDIR
 10
0.0
 20
1.0
 30
0.0
  9
$PUCSORTHOREF
  2

  9
$PUCSORTHOVIEW
 70
0
  9
$PUCSORGTOP
 10
0.0
 20
0.0
 30
0.0
  9
$PUCSORGBOTTOM
 10
0.0
 20
0.0
 30
0.0
  9
$PUCSORGLEFT
 10
0.0
 20
0.0
 30
0.0
  9
$PUCSORGRIGHT
 10
0.0
 20
0.0
 30
0.0
  9
$PUCSORGFRONT
 10
0.0
 20
0.0
 30
0.0
  9
$PUCSORGBACK
 10
0.0
 20
0.0
 30
0.0
  9
$USERI1
 70
0
  9
$USERI2
 70
0
  9
$USERI3
 70
0
  9
$USERI4
 70
0
  9
$USERI5
 70
0
  9
$USERR1
 40
0.0
  9
$USERR2
 40
0.0
  9
$USERR3
 40
0.0
  9
$USERR4
 40
0.0
  9
$USERR5
 40
0.0
  9
$WORLDVIEW
 70
1
  9
$SHADEDGE
 70
3
  9
$SHADEDIF
 70
70
  9
$TILEMODE
 70
1
  9
$MAXACTVP
 70
64
  9
$PINSBASE
 10
0.0
 20
0.0
 30
0.0
  9
$PLIMCHECK
 70
0
  9
$PEXTMIN
 10
1e+20
 20
1e+20
 30
1e+20
  9
$PEXTMAX
 10
-1e+20
 20
-1e+20
 30
-1e+20
  9
$PLIMMIN
 10
0.0
 20
0.0
  9
$PLIMMAX
 10
420.0
 20
297.0
  9
$UNITMODE
 70
0
  9
$VISRETAIN
 70
1
  9
$PLINEGEN
 70
0
  9
$PSLTSCALE
 70
1
  9
$TREEDEPTH
 70
3020
  9
$CMLSTYLE
  2
Standard
  9
$CMLJUST
 70
0
  9
$CMLSCALE
 40
20.0
  9
$PROXYGRAPHICS
 70
1
  9
$MEASUREMENT
 70
1
  9
$CELWEIGHT
370
-1
  9
$ENDCAPS
280
0
  9
$JOINSTYLE
280
0
  9
$LWDISPLAY
290
1
  9
$INSUNITS
 70
4
  9
$HYPERLINKBASE
  1

  9
$STYLESHEET
  1

  9
$XEDIT
290
1
  9
$CEPSNTYPE
380
0
  9
$PSTYLEMODE
290
1
  9
$FINGERPRINTGUID
  2
{9FB18C32-AE2F-4BA3-B49B-CE09FB1C11AF}
  9
$VERSIONGUID
  2
{BC85641D-68C9-454E-B278-1C435CE30B52}
  9
$EXTNAMES
290
1
  9
$PSVPSCALE
 40
0.0
  9
$OLESTARTUP
290
0
  9
$SORTENTS
280
127
  9
$INDEXCTL
280
0
  9
$HIDETEXT
280
1
  9
$XCLIPFRAME
280
1
  9
$HALOGAP
280
0
  9
$OBSCOLOR
 70
257
  9
$OBSLTYPE
280
0
  9
$INTERSECTIONDISPLAY
280
0
  9
$INTERSECTIONCOLOR
 70
257
  9
$DIMASSOC
280
2
  9
$PROJECTNAME
  1

  9
$CAMERADISPLAY
290
0
  9
$LENSLENGTH
 40
50.0
  9
$CAMERAHEIGHT
 40
0.0
  9
$STEPSPERSEC
 40
24.0
  9
$STEPSIZE
 40
100.0
  9
$3DDWFPREC
 40
2.0
  9
$PSOLWIDTH
 40
0.005
  9
$PSOLHEIGHT
 40
0.08
  9
$LOFTANG1
 40
1.570796326795
  9
$LOFTANG2
 40
1.570796326795
  9
$LOFTMAG1
 40
0.0
  9
$LOFTMAG2
 40
0.0
  9
$LOFTPARAM
 70
7
  9
$LOFTNORMALS
280
1
  9
$LATITUDE
 40
37.795
  9
$LONGITUDE
 40
-122.394
  9
$NORTHDIRECTION
 40
0.0
  9
$TIMEZONE
 70
-8000
  9
$LIGHTGLYPHDISPLAY
280
1
  9
$TILEMODELIGHTSYNCH
280
1
  9
$CMATERIAL
347
20
  9
$SOLIDHIST
280
0
  9
$SHOWHIST
280
1
  9
$DWFFRAME
280
2
  9
$DGNFRAME
280
2
  9
$REALWORLDSCALE
290
1
  9
$INTERFERECOLOR
 62
256
  9
$CSHADOW
280
0
  9
$SHADOWPLANELOCATION
 40
0.0
  0
ENDSEC
  0
SECTION
  2
CLASSES
  0
CLASS
  1
ACDBDICTIONARYWDFLT
  2
AcDbDictionaryWithDefault
  3
ObjectDBX Classes
 90
0
 91
0
280
0
281
0
  0
CLASS
  1
SUN
  2
AcDbSun
  3
SCENEOE
 90
1153
 91
0
280
0
281
0
  0
CLASS
  1
VISUALSTYLE
  2
AcDbVisualStyle
  3
ObjectDBX Classes
 90
4095
 91
0
280
0
281
0
  0
CLASS
  1
MATERIAL
  2
AcDbMaterial
  3
ObjectDBX Classes
 90
1153
 91
0
280
0
281
0
  0
CLASS
  1
SCALE
  2
AcDbScale
  3
ObjectDBX Classes
 90
1153
 91
0
280
0
281
0
  0
CLASS
  1
TABLESTYLE
  2
AcDbTableStyle
  3
ObjectDBX Classes
 90
4095
 91
0
280
0
281
0
  0
CLASS
  1
MLEADERSTYLE
  2
AcDbMLeaderStyle
  3
ACDB_MLEADERSTYLE_CLASS
 90
4095
 91
0
280
0
281
0
  0
CLASS
  1
DICTIONARYVAR
  2
AcDbDictionaryVar
  3
ObjectDBX Classes
 90
0
 91
0
280
0
281
0
  0
CLASS
  1
CELLSTYLEMAP
  2
AcDbCellStyleMap
  3
ObjectDBX Classes
 90
1152
 91
0
280
0
281
0
  0
CLASS
  1
MENTALRAYRENDERSETTINGS
  2
AcDbMentalRayRenderSettings
  3
SCENEOE
 90
1024
 91
0
280
0
281
0
  0
CLASS
  1
ACDBDETAILVIEWSTYLE
  2
AcDbDetailViewStyle
  3
ObjectDBX Classes
 90
1025
 91
0
280
0
281
0
  0
CLASS
  1
ACDBSECTIONVIEWSTYLE
  2
AcDbSectionViewStyle
  3
ObjectDBX Classes
 90
1025
 91
0
280
0
281
0
  0
CLASS
  1
RASTERVARIABLES
  2
AcDbRasterVariables
  3
ISM
 90
0
 91
0
280
0
281
0
  0
CLASS
  1
ACDBPLACEHOLDER
  2
AcDbPlaceHolder
  3
ObjectDBX Classes
 90
0
 91
0
280
0
281
0
  0
CLASS
  1
LAYOUT
  2
AcDbLayout
  3
ObjectDBX Classes
 90
0
 91
0
280
0
281
0
  0
ENDSEC
  0
SECTION
  2
TABLES
  0
TABLE
  2
VPORT
  5
8
330
0
100
AcDbSymbolTable
 70
1
  0
VPORT
  5
23
330
8
100
AcDbSymbolTableRecord
100
AcDbViewportTableRecord
  2
*Active
 70
0
 10
0.0
 20
0.0
 11
1.0
 21
1.0
 12
826.6871501388887
 22
587.5478786111111
 13
0.0
 23
0.0
 14
0.5
 24
0.5
 15
0.5
 25
0.5
 16
0.0
 26
0.0
 36
1.0
 17
0.0
 27
0.0
 37
0.0
 40
787.5779698799998
 41
1.208136695459794
 42
50.0
 43
0.0
 44
0.0
 50
0.0
 51
0.0
 71
0
 72
1000
 73
1
 74
3
 75
0
 76
0
 77
0
 78
0
281
0
 65
0
146
0.0
  0
ENDTAB
  0
TABLE
  2
LTYPE
  5
2
330
0
100
AcDbSymbolTable
 70
21
  0
LTYPE
  5
24
330
2
100
AcDbSymbolTableRecord
100
AcDbLinetypeTableRecord
  2
ByBlock
 70
0
  3

 72
65
 73
0
 40
0.0
  0
LTYPE
  5
25
330
2
100
AcDbSymbolTableRecord
100
AcDbLinetypeTableRecord
  2
ByLayer
 70
0
  3

 72
65
 73
0
 40
0.0
  0
LTYPE
  5
26
330
2
100
AcDbSymbolTableRecord
100
AcDbLinetypeTableRecord
  2
Continuous
 70
0
  3

 72
65
 73
0
 40
0.0
  0
LTYPE
  5
2F
330
2
100
AcDbSymbolTableRecord
100
AcDbLinetypeTableRecord
  2
CENTER
 70
0
  3
Center ____ _ ____ _ ____ _ ____ _ ____ _ ____
 72
65
 73
4
 40
5.08
 49
3.175
 74
0
 49
-0.635
 74
0
 49
0.635
 74
0
 49
-0.635
 74
0
  0
LTYPE
  5
30
330
2
100
AcDbSymbolTableRecord
100
AcDbLinetypeTableRecord
  2
CENTERX2
 70
0
  3
Center (2x) ________  __  ________  __  ________
 72
65
 73
4
 40
8.89
 49
6.35
 74
0
 49
-0.635
 74
0
 49
1.27
 74
0
 49
-0.635
 74
0
  0
LTYPE
  5
31
330
2
100
AcDbSymbolTableRecord
100
AcDbLinetypeTableRecord
  2
CENTER2
 70
0
  3
Center (.5x) ____ _ ____ _ ____ _ ____ _ ____
 72
65
 73
4
 40
2.54
 49
1.587
 74
0
 49
-0.318
 74
0
 49
0.318
 74
0
 49
-0.318
 74
0
  0
LTYPE
  5
32
330
2
100
AcDbSymbolTableRecord
100
AcDbLinetypeTableRecord
  2
DASHED
 70
0
  3
Dashed __ __ __ __ __ __ __ __ __ __ __ __ __ _
 72
65
 73
2
 40
1.524
 49
1.27
 74
0
 49
-0.254
 74
0
  0
LTYPE
  5
33
330
2
100
AcDbSymbolTableRecord
100
AcDbLinetypeTableRecord
  2
DASHEDX2
 70
0
  3
Dashed (2x) ____  ____  ____  ____  ____  ____
 72
65
 73
2
 40
3.048
 49
2.54
 74
0
 49
-0.508
 74
0
  0
LTYPE
  5
34
330
2
100
AcDbSymbolTableRecord
100
AcDbLinetypeTableRecord
  2
DASHED2
 70
0
  3
Dashed (.5x) _ _ _ _ _ _ _ _ _ _ _ _ _ _
 72
65
 73
2
 40
0.762
 49
0.635
 74
0
 49
-0.127
 74
0
  0
LTYPE
  5
35
330
2
100
AcDbSymbolTableRecord
100
AcDbLinetypeTableRecord
  2
PHANTOM
 70
0
  3
Phantom ______  __  __  ______  __  __  ______
 72
65
 73
6
 40
6.35
 49
3.175
 74
0
 49
-0.635
 74
0
 49
0.635
 74
0
 49
-0.635
 74
0
 49
0.635
 74
0
 49
-0.635
 74
0
  0
LTYPE
  5
36
330
2
100
AcDbSymbolTableRecord
100
AcDbLinetypeTableRecord
  2
PHANTOMX2
 70
0
  3
Phantom (2x)____________    ____    ____    ____________
 72
65
 73
6
 40
10.795
 49
6.35
 74
0
 49
-0.635
 74
0
 49
1.27
 74
0
 49
-0.635
 74
0
 49
1.27
 74
0
 49
-0.635
 74
0
  0
LTYPE
  5
37
330
2
100
AcDbSymbolTableRecord
100
AcDbLinetypeTableRecord
  2
PHANTOM2
 70
0
  3
Phantom (.5x) ___ _ _ ___ _ _ ___ _ _ ___ _ _ ___
 72
65
 73
6
 40
3.175
 49
1.587
 74
0
 49
-0.318
 74
0
 49
0.318
 74
0
 49
-0.318
 74
0
 49
0.318
 74
0
 49
-0.318
 74
0
  0
LTYPE
  5
38
330
2
100
AcDbSymbolTableRecord
100
AcDbLinetypeTableRecord
  2
DASHDOT
 70
0
  3
Dash dot __ . __ . __ . __ . __ . __ . __ . __
 72
65
 73
4
 40
3.556
 49
2.54
 74
0
 49
-0.508
 74
0
 49
0.0
 74
0
 49
-0.508
 74
0
  0
LTYPE
  5
39
330
2
100
AcDbSymbolTableRecord
100
AcDbLinetypeTableRecord
  2
DASHDOTX2
 70
0
  3
Dash dot (2x) ____  .  ____  .  ____  .  ____
 72
65
 73
4
 40
6.096
 49
5.08
 74
0
 49
-0.508
 74
0
 49
0.0
 74
0
 49
-0.508
 74
0
  0
LTYPE
  5
3A
330
2
100
AcDbSymbolTableRecord
100
AcDbLinetypeTableRecord
  2
DASHDOT2
 70
0
  3
Dash dot (.5x) _ . _ . _ . _ . _ . _ . _ . _
 72
65
 73
4
 40
1.778
 49
1.27
 74
0
 49
-0.254
 74
0
 49
0.0
 74
0
 49
-0.254
 74
0
  0
LTYPE
  5
3B
330
2
100
AcDbSymbolTableRecord
100
AcDbLinetypeTableRecord
  2
DOT
 70
0
  3
Dot .  .  .  .  .  .  .  .  .  .  .  .  .  .  .  .
 72
65
 73
2
 40
0.508
 49
0.0
 74
0
 49
-0.508
 74
0
  0
LTYPE
  5
3C
330
2
100
AcDbSymbolTableRecord
100
AcDbLinetypeTableRecord
  2
DOTX2
 70
0
  3
Dot (2x) .    .    .    .    .    .    .    . 
 72
65
 73
2
 40
1.016
 49
0.0
 74
0
 49
-1.016
 74
0
  0
LTYPE
  5
3D
330
2
100
AcDbSymbolTableRecord
100
AcDbLinetypeTableRecord
  2
DOT2
 70
0
  3
Dot (.5) . . . . . . . . . . . . . . . . . . . 
 72
65
 73
2
 40
0.254
 49
0.0
 74
0
 49
-0.254
 74
0
  0
LTYPE
  5
3E
330
2
100
AcDbSymbolTableRecord
100
AcDbLinetypeTableRecord
  2
DIVIDE
 70
0
  3
Divide __ . . __ . . __ . . __ . . __ . . __
 72
65
 73
6
 40
4.064
 49
2.54
 74
0
 49
-0.508
 74
0
 49
0.0
 74
0
 49
-0.508
 74
0
 49
0.0
 74
0
 49
-0.508
 74
0
  0
LTYPE
  5
3F
330
2
100
AcDbSymbolTableRecord
100
AcDbLinetypeTableRecord
  2
DIVIDEX2
 70
0
  3
Divide (2x) ____  . .  ____  . .  ____  . .  ____
 72
65
 73
6
 40
6.604
 49
5.08
 74
0
 49
-0.508
 74
0
 49
0.0
 74
0
 49
-0.508
 74
0
 49
0.0
 74
0
 49
-0.508
 74
0
  0
LTYPE
  5
40
330
2
100
AcDbSymbolTableRecord
100
AcDbLinetypeTableRecord
  2
DIVIDE2
 70
0
  3
Divide(.5x) _ . _ . _ . _ . _ . _ . _ . _
 72
65
 73
6
 40
2.032
 49
1.27
 74
0
 49
-0.254
 74
0
 49
0.0
 74
0
 49
-0.254
 74
0
 49
0.0
 74
0
 49
-0.254
 74
0
  0
ENDTAB
  0
TABLE
  2
LAYER
  5
1
330
0
100
AcDbSymbolTable
 70
8
  0
LAYER
  5
27
330
1
100
AcDbSymbolTableRecord
100
AcDbLayerTableRecord
  2
0
 70
0
 62
7
  6
Continuous
370
-3
390
13
347
21
  0
LAYER
  5
28
330
1
100
AcDbSymbolTableRecord
100
AcDbLayerTableRecord
  2
Defpoints
 70
0
 62
7
  6
Continuous
290
0
370
-3
390
13
347
21
  0
LAYER
  5
8A
330
1
100
AcDbSymbolTableRecord
100
AcDbLayerTableRecord
  2
FRAME
 70
0
 62
7
  6
Continuous
370
-3
390
13
347
21
1001
AcAecLayerStandard
1000

1000
Border, framing arrows, registration
  0
LAYER
  5
8C
330
1
100
AcDbSymbolTableRecord
100
AcDbLayerTableRecord
  2
CENTER
 70
0
 62
7
  6
Continuous
370
-3
390
13
347
21
1001
AcAecLayerStandard
1000

1000
Central wedges, zone plate, pulse bars
  0
LAYER
  5
8D
330
1
100
AcDbSymbolTableRecord
100
AcDbLayerTableRecord
  2
PERIPHERY
 70
0
 62
7
  6
Continuous
370
-3
390
13
347
21
1001
AcAecLayerStandard
1000

1000
Corner wedges, checkerboards, edge patterns
  0
LAYER
  5
8E
330
1
100
AcDbSymbolTableRecord
100
AcDbLayerTableRecord
  2
SFR
 70
0
 62
7
  6
Continuous
370
-3
390
13
347
21
1001
AcAecLayerStandard
1000

1000
Slanted-edge SFR bars, H-bars, corner squares
  0
LAYER
  5
8F
330
1
100
AcDbSymbolTableRecord
100
AcDbLayerTableRecord
  2
LABELS
 70
0
 62
7
  6
Continuous
370
-3
390
13
347
21
1001
AcAecLayerStandard
1000

1000
Frequency and aspect-ratio labels
  0
LAYER
  5
90
330
1
100
AcDbSymbolTableRecord
100
AcDbLayerTableRecord
  2
NOTES
 70
0
 62
7
  6
Continuous
370
-3
390
13
347
21
1001
AcAecLayerStandard
1000

1000
Print notes and picture-height callouts
  0
ENDTAB
  0
TABLE
  2
STYLE
  5
5
330
0
100
AcDbSymbolTable
 70
26
  0
STYLE
  5
29
330
5
100
AcDbSymbolTableRecord
100
AcDbTextStyleTableRecord
  2
Standard
 70
0
 40
0.0
 41
1.0
 50
0.0
 71
0
 42
2.5
  3
txt
  4

  0
STYLE
  5
41
330
5
100
AcDbSymbolTableRecord
100
AcDbTextStyleTableRecord
  2
OpenSans-Light
 70
0
 40
0.0
 41
1.0
 50
0.0
 71
0
 42
2.5
  3
OpenSans-Light.ttf
  4

  0
STYLE
  5
42
330
5
100
AcDbSymbolTableRecord
100
AcDbTextStyleTableRecord
  2
OpenSans-Light-Italic
 70
0
 40
0.0
 41
1.0
 50
0.0
 71
0
 42
2.5
  3
OpenSans-LightItalic.ttf
  4

  0
STYLE
  5
43
330
5
100
AcDbSymbolTableRecord
100
AcDbTextStyleTableRecord
  2
OpenSans
 70
0
 40
0.0
 41
1.0
 50
0.0
 71
0
 42
2.5
  3
OpenSans-Regular.ttf
  4

  0
STYLE
  5
44
330
5
100
AcDbSymbolTableRecord
100
AcDbTextStyleTableRecord
  2
OpenSans-Italic
 70
0
 40
0.0
 41
1.0
 50
0.0
 71
0
 42
2.5
  3
OpenSans-Italic.ttf
  4

  0
STYLE
  5
45
330
5
100
AcDbSymbolTableRecord
100
AcDbTextStyleTableRecord
  2
OpenSans-SemiBold
 70
0
 40
0.0
 41
1.0
 50
0.0
 71
0
 42
2.5
  3
OpenSans-SemiBold.ttf
  4

  0
STYLE
  5
46
330
5
100
AcDbSymbolTableRecord
100
AcDbTextStyleTableRecord
  2
OpenSans-SemiBoldItalic
 70
0
 40
0.0
 41
1.0
 50
0.0
 71
0
 42
2.5
  3
OpenSans-SemiBoldItalic.ttf
  4

  0
STYLE
  5
47
330
5
100
AcDbSymbolTableRecord
100
AcDbTextStyleTableRecord
  2
OpenSans-Bold
 70
0
 40
0.0
 41
1.0
 50
0.0
 71
0
 42
2.5
  3
OpenSans-Bold.ttf
  4

  0
STYLE
  5
48
330
5
100
AcDbSymbolTableRecord
100
AcDbTextStyleTableRecord
  2
OpenSans-BoldItalic
 70
0
 40
0.0
 41
1.0
 50
0.0
 71
0
 42
2.5
  3
OpenSans-BoldItalic.ttf
  4

  0
STYLE
  5
49
330
5
100
AcDbSymbolTableRecord
100
AcDbTextStyleTableRecord
  2
OpenSans-ExtraBold
 70
0
 40
0.0
 41
1.0
 50
0.0
 71
0
 42
2.5
  3
OpenSans-ExtraBold.ttf
  4

  0
STYLE
  5
4A
330
5
100
AcDbSymbolTableRecord
100
AcDbTextStyleTableRecord
  2
OpenSans-ExtraBoldItalic
 70
0
 40
0.0
 41
1.0
 50
0.0
 71
0
 42
2.5
  3
OpenSans-ExtraBoldItalic.ttf
  4

  0
STYLE
  5
4B
330
5
100
AcDbSymbolTableRecord
100
AcDbTextStyleTableRecord
  2
OpenSansCondensed-Bold
 70
0
 40
0.0
 41
1.0
 50
0.0
 71
0
 42
2.5
  3
OpenSansCondensed-Bold.ttf
  4

  0
STYLE
  5
4C
330
5
100
AcDbSymbolTableRecord
100
AcDbTextStyleTableRecord
  2
OpenSansCondensed-Light
 70
0
 40
0.0
 41
1.0
 50
0.0
 71
0
 42
2.5
  3
OpenSansCondensed-Light.ttf
  4

  0
STYLE
  5
4D
330
5
100
AcDbSymbolTableRecord
100
AcDbTextStyleTableRecord
  2
OpenSansCondensed-Italic
 70
0
 40
0.0
 41
1.0
 50
0.0
 71
0
 42
2.5
  3
OpenSansCondensed-LightItalic.ttf
  4

  0
STYLE
  5
4E
330
5
100
AcDbSymbolTableRecord
100
AcDbTextStyleTableRecord
  2
LiberationSans
 70
0
 40
0.0
 41
1.0
 50
0.0
 71
0
 42
2.5
  3
LiberationSans-Regular.ttf
  4

  0
STYLE
  5
4F
330
5
100
AcDbSymbolTableRecord
100
AcDbTextStyleTableRecord
  2
LiberationSans-Bold
 70
0
 40
0.0
 41
1.0
 50
0.0
 71
0
 42
2.5
  3
LiberationSans-Bold.ttf
  4

  0
STYLE
  5
50
330
5
100
AcDbSymbolTableRecord
100
AcDbTextStyleTableRecord
  2
LiberationSans-BoldItalic
 70
0
 40
0.0
 41
1.0
 50
0.0
 71
0
 42
2.5
  3
LiberationSans-BoldItalic.ttf
  4

  0
STYLE
  5
51
330
5
100
AcDbSymbolTableRecord
100
AcDbTextStyleTableRecord
  2
LiberationSans-Italic
 70
0
 40
0.0
 41
1.0
 50
0.0
 71
0
 42
2.5
  3
LiberationSans-Italic.ttf
  4

  0
STYLE
  5
52
330
5
100
AcDbSymbolTableRecord
100
AcDbTextStyleTableRecord
  2
LiberationSerif
 70
0
 40
0.0
 41
1.0
 50
0.0
 71
0
 42
2.5
  3
LiberationSerif-Regular.ttf
  4

  0
STYLE
  5
53
330
5
100
AcDbSymbolTableRecord
100
AcDbTextStyleTableRecord
  2
LiberationSerif-Bold
 70
0
 40
0.0
 41
1.0
 50
0.0
 71
0
 42
2.5
  3
LiberationSerif-Bold.ttf
  4

  0
STYLE
  5
54
330
5
100
AcDbSymbolTableRecord
100
AcDbTextStyleTableRecord
  2
LiberationSerif-BoldItalic
 70
0
 40
0.0
 41
1.0
 50
0.0
 71
0
 42
2.5
  3
LiberationSerif-BoldItalic.ttf
  4

  0
STYLE
  5
55
330
5
100
AcDbSymbolTableRecord
100
AcDbTextStyleTableRecord
  2
LiberationSerif-Italic
 70
0
 40
0.0
 41
1.0
 50
0.0
 71
0
 42
2.5
  3
LiberationSerif-Italic.ttf
  4

  0
STYLE
  5
56
330
5
100
AcDbSymbolTableRecord
100
AcDbTextStyleTableRecord
  2
LiberationMono
 70
0
 40
0.0
 41
1.0
 50
0.0
 71
0
 42
2.5
  3
LiberationMono-Regular.ttf
  4

  0
STYLE
  5
57
330
5
100
AcDbSymbolTableRecord
100
AcDbTextStyleTableRecord
  2
LiberationMono-Bold
 70
0
 40
0.0
 41
1.0
 50
0.0
 71
0
 42
2.5
  3
LiberationMono-Bold.ttf
  4

  0
STYLE
  5
58
330
5
100
AcDbSymbolTableRecord
100
AcDbTextStyleTableRecord
  2
LiberationMono-BoldItalic
 70
0
 40
0.0
 41
1.0
 50
0.0
 71
0
 42
2.5
  3
LiberationMono-BoldItalic.ttf
  4

  0
STYLE
  5
59
330
5
100
AcDbSymbolTableRecord
100
AcDbTextStyleTableRecord
  2
LiberationMono-Italic
 70
0
 40
0.0
 41
1.0
 50
0.0
 71
0
 42
2.5
  3
LiberationMono-Italic.ttf
  4

  0
ENDTAB
  0
TABLE
  2
VIEW
  5
7
330
0
100
AcDbSymbolTable
 70
0
  0
ENDTAB
  0
TABLE
  2
UCS
  5
6
330
0
100
AcDbSymbolTable
 70
0
  0
ENDTAB
  0
TABLE
  2
APPID
  5
3
330
0
100
AcDbSymbolTable
 70
4
  0
APPID
  5
2A
330
3
100
AcDbSymbolTableRecord
100
AcDbRegAppTableRecord
  2
ACAD
 70
0
  0
APPID
  5
8B
330
3
100
AcDbSymbolTableRecord
100
AcDbRegAppTableRecord
  2
AcAecLayerStandard
 70
0
  0
APPID
  5
7DB
330
3
100
AcDbSymbolTableRecord
100
AcDbRegAppTableRecord
  2
HATCHBACKGROUNDCOLOR
 70
0
  0
APPID
  5
7DC
330
3
100
AcDbSymbolTableRecord
100
AcDbRegAppTableRecord
  2
EZDXF
 70
0
  0
ENDTAB
  0
TABLE
  2
DIMSTYLE
  5
4
330
0
100
AcDbSymbolTable
 70
12
100
AcDbDimStyleTable
  0
DIMSTYLE
105
2B
330
4
100
AcDbSymbolTableRecord
100
AcDbDimStyleTableRecord
  2
Standard
 70
0
 40
1.0
 41
2.5
 42
0.625
 43
3.75
 44
1.25
 45
0.0
 46
0.0
 47
0.0
 48
0.0
 49
2.5
140
2.5
141
2.5
142
0.0
143
0.03937007874
144
1.0
145
0.0
146
1.0
147
0.625
148
0.0
 69
0
 70
0
 71
0
 72
0
 73
0
 74
0
 75
0
 76
0
 77
1
 78
8
 79
3
170
0
171
3
172
1
173
0
174
0
175
0
176
0
177
0
178
0
179
2
271
2
272
2
273
2
274
3
275
0
276
0
277
2
278
44
279
0
280
0
281
0
282
0
283
0
284
8
285
0
286
0
288
0
289
3
290
0
371
-2
372
-2
  0
DIMSTYLE
105
73
330
4
100
AcDbSymbolTableRecord
100
AcDbDimStyleTableRecord
  2
EZDXF
 70
0
 40
1.0
 41
0.175
 42
0.125
 43
3.75
 44
0.375
 45
0.0
 46
0.0
 47
0.0
 48
0.0
 49
2.5
140
0.25
141
2.5
142
0.0
143
0.03937007874
144
100.0
145
0.0
146
0.5
147
0.1
148
0.0
 69
0
 70
0
 71
0
 72
0
 73
0
 74
0
 75
0
 76
0
 77
1
 78
12
 79
3
170
0
171
3
172
1
173
0
174
0
175
0
176
0
177
0
178
0
179
2
271
2
272
2
273
2
274
3
275
0
276
0
277
2
278
46
279
2
280
0
281
0
282
0
283
0
284
8
285
0
286
0
288
1
289
3
290
0
340
4C
342
74
371
-2
372
-2
  0
DIMSTYLE
105
7C
330
4
100
AcDbSymbolTableRecord
100
AcDbDimStyleTableRecord
  2
EZ_M_100_H25_CM
 70
0
 40
1.0
 41
0.25
 42
0.125
 43
3.75
 44
0.375
 45
0.0
 46
0.0
 47
0.0
 48
0.0
 49
2.5
140
0.25
141
2.5
142
0.125
143
0.03937007874
144
100.0
145
0.0
146
0.5
147
0.1
148
0.0
 69
0
 70
0
 71
0
 72
0
 73
0
 74
0
 75
0
 76
0
 77
1
 78
12
 79
3
170
0
171
3
172
1
173
0
174
0
175
0
176
0
177
0
178
0
179
2
271
2
272
2
273
2
274
3
275
0
276
0
277
2
278
46
279
2
280
0
281
0
282
0
283
0
284
8
285
0
286
0
288
1
289
3
290
0
340
4C
371
-2
372
-2
  0
DIMSTYLE
105
7D
330
4
100
AcDbSymbolTableRecord
100
AcDbDimStyleTableRecord
  2
EZ_M_50_H25_CM
 70
0
 40
1.0
 41
0.125
 42
0.0625
 43
3.75
 44
0.1875
 45
0.0
 46
0.0
 47
0.0
 48
0.0
 49
2.5
140
0.125
141
2.5
142
0.0625
143
0.03937007874
144
100.0
145
0.0
146
0.5
147
0.05
148
0.0
 69
0
 70
0
 71
0
 72
0
 73
0
 74
0
 75
0
 76
0
 77
1
 78
12
 79
3
170
0
171
3
172
1
173
0
174
0
175
0
176
0
177
0
178
0
179
2
271
2
272
2
273
2
274
3
275
0
276
0
277
2
278
46
279
2
280
0
281
0
282
0
283
0
284
8
285
0
286
0
288
1
289
3
290
0
340
4C
371
-2
372
-2
  0
DIMSTYLE
105
7E
330
4
100
AcDbSymbolTableRecord
100
AcDbDimStyleTableRecord
  2
EZ_M_25_H25_CM
 70
0
 40
1.0
 41
0.0625
 42
0.03125
 43
3.75
 44
0.09375
 45
0.0
 46
0.0
 47
0.0
 48
0.0
 49
2.5
140
0.0625
141
2.5
142
0.03125
143
0.03937007874
144
100.0
145
0.0
146
0.5
147
0.025
148
0.0
 69
0
 70
0
 71
0
 72
0
 73
0
 74
0
 75
0
 76
0
 77
1
 78
12
 79
3
170
0
171
3
172
1
173
0
174
0
175
0
176
0
177
0
178
0
179
2
271
2
272
2
273
2
274
3
275
0
276
0
277
2
278
46
279
2
280
0
281
0
282
0
283
0
284
8
285
0
286
0
288
1
289
3
290
0
340
4C
371
-2
372
-2
  0
DIMSTYLE
105
7F
330
4
100
AcDbSymbolTableRecord
100
AcDbDimStyleTableRecord
  2
EZ_M_20_H25_CM
 70
0
 40
1.0
 41
0.05
 42
0.025
 43
3.75
 44
0.07500000000000001
 45
0.0
 46
0.0
 47
0.0
 48
0.0
 49
2.5
140
0.05
141
2.5
142
0.025
143
0.03937007874
144
100.0
145
0.0
146
0.5
147
0.020000000000000004
148
0.0
 69
0
 70
0
 71
0
 72
0
 73
0
 74
0
 75
0
 76
0
 77
1
 78
12
 79
3
170
0
171
3
172
1
173
0
174
0
175
0
176
0
177
0
178
0
179
2
271
2
272
2
273
2
274
3
275
0
276
0
277
2
278
46
279
2
280
0
281
0
282
0
283
0
284
8
285
0
286
0
288
1
289
3
290
0
340
4C
371
-2
372
-2
  0
DIMSTYLE
105
80
330
4
100
AcDbSymbolTableRecord
100
AcDbDimStyleTableRecord
  2
EZ_M_10_H25_CM
 70
0
 40
1.0
 41
0.025
 42
0.0125
 43
3.75
 44
0.037500000000000006
 45
0.0
 46
0.0
 47
0.0
 48
0.0
 49
2.5
140
0.025
141
2.5
142
0.0125
143
0.03937007874
144
100.0
145
0.0
146
0.5
147
0.010000000000000002
148
0.0
 69
0
 70
0
 71
0
 72
0
 73
0
 74
0
 75
0
 76
0
 77
1
 78
12
 79
3
170
0
171
3
172
1
173
0
174
0
175
0
176
0
177
0
178
0
179
2
271
2
272
2
273
2
274
3
275
0
276
0
277
2
278
46
279
2
280
0
281
0
282
0
283
0
284
8
285
0
286
0
288
1
289
3
290
0
340
4C
371
-2
372
-2
  0
DIMSTYLE
105
81
330
4
100
AcDbSymbolTableRecord
100
AcDbDimStyleTableRecord
  2
EZ_M_5_H25_CM
 70
0
 40
1.0
 41
0.0125
 42
0.00625
 43
3.75
 44
0.018750000000000003
 45
0.0
 46
0.0
 47
0.0
 48
0.0
 49
2.5
140
0.0125
141
2.5
142
0.00625
143
0.03937007874
144
100.0
145
0.0
146
0.5
147
0.005000000000000001
148
0.0
 69
0
 70
0
 71
0
 72
0
 73
0
 74
0
 75
0
 76
0
 77
1
 78
12
 79
3
170
0
171
3
172
1
173
0
174
0
175
0
176
0
177
0
178
0
179
2
271
2
272
2
273
2
274
3
275
0
276
0
277
2
278
46
279
2
280
0
281
0
282
0
283
0
284
8
285
0
286
0
288
1
289
3
290
0
340
4C
371
-2
372
-2
  0
DIMSTYLE
105
82
330
4
100
AcDbSymbolTableRecord
100
AcDbDimStyleTableRecord
  2
EZ_M_1_H25_CM
 70
0
 40
1.0
 41
0.0025
 42
0.00125
 43
3.75
 44
0.00375
 45
0.0
 46
0.0
 47
0.0
 48
0.0
 49
2.5
140
0.0025
141
2.5
142
0.00125
143
0.03937007874
144
100.0
145
0.0
146
0.5
147
0.001
148
0.0
 69
0
 70
0
 71
0
 72
0
 73
0
 74
0
 75
0
 76
0
 77
1
 78
12
 79
3
170
0
171
3
172
1
173
0
174
0
175
0
176
0
177
0
178
0
179
2
271
2
272
2
273
2
274
3
275
0
276
0
277
2
278
46
279
2
280
0
281
0
282
0
283
0
284
8
285
0
286
0
288
1
289
3
290
0
340
4C
371
-2
372
-2
  0
DIMSTYLE
105
83
330
4
100
AcDbSymbolTableRecord
100
AcDbDimStyleTableRecord
  2
EZ_RADIUS
 70
0
 40
1.0
 41
0.25
 42
0.125
 43
3.75
 44
0.375
 45
0.0
 46
0.0
 47
0.0
 48
0.0
 49
2.5
140
0.25
141
0.0
142
0.0
143
0.03937007874
144
100.0
145
0.0
146
0.5
147
0.1
148
0.0
 69
0
 70
0
 71
0
 72
0
 73
0
 74
0
 75
0
 76
0
 77
1
 78
12
 79
3
170
0
171
3
172
0
173
0
174
0
175
0
176
0
177
0
178
0
179
2
271
2
272
2
273
2
274
3
275
0
276
0
277
2
278
46
279
1
280
0
281
0
282
0
283
0
284
8
285
0
286
0
288
1
289
3
290
0
340
4C
342
84
371
-2
372
-2
  0
DIMSTYLE
105
88
330
4
100
AcDbSymbolTableRecord
100
AcDbDimStyleTableRecord
  2
EZ_RADIUS_INSIDE
 70
0
 40
1.0
 41
0.25
 42
0.125
 43
3.75
 44
0.375
 45
0.0
 46
0.0
 47
0.0
 48
0.0
 49
2.5
140
0.25
141
0.0
142
0.0
143
0.03937007874
144
100.0
145
0.0
146
0.5
147
0.1
148
0.0
 69
0
 70
0
 71
0
 72
0
 73
0
 74
0
 75
0
 76
0
 77
0
 78
12
 79
3
170
0
171
3
172
0
173
0
174
1
175
0
176
0
177
0
178
0
179
2
271
2
272
2
273
2
274
3
275
0
276
0
277
2
278
46
279
0
280
0
281
0
282
0
283
0
284
8
285
0
286
0
288
1
289
0
290
0
340
4C
342
84
371
-2
372
-2
  0
DIMSTYLE
105
89
330
4
100
AcDbSymbolTableRecord
100
AcDbDimStyleTableRecord
  2
EZ_CURVED
 70
0
 40
1.0
 41
0.25
 42
0.125
 43
3.75
 44
0.375
 45
0.0
 46
0.0
 47
0.0
 48
0.0
 49
2.5
140
0.25
141
2.5
142
0.0
143
0.03937007874
144
100.0
145
0.0
146
0.5
147
0.1
148
0.0
 69
0
 70
0
 71
0
 72
0
 73
0
 74
0
 75
0
 76
0
 77
1
 78
12
 79
2
 90
2
170
0
171
3
172
1
173
0
174
0
175
0
176
0
177
0
178
0
179
2
271
2
272
2
273
2
274
3
275
0
276
0
277
2
278
46
279
2
280
0
281
0
282
0
283
0
284
8
285
0
286
0
288
1
289
3
290
0
340
4C
371
-2
372
-2
  0
ENDTAB
  0
TABLE
  2
BLOCK_RECORD
  5
9
330
0
100
AcDbSymbolTable
 70
5
  0
BLOCK_RECORD
  5
17
330
9
100
AcDbSymbolTableRecord
100
AcDbBlockTableRecord
  2
*Model_Space
340
1A
 70
0
280
1
281
0
  0
BLOCK_RECORD
  5
1B
330
9
100
AcDbSymbolTableRecord
100
AcDbBlockTableRecord
  2
*Paper_Space
340
1E
 70
0
280
1
281
0
  0
BLOCK_RECORD
  5
74
330
9
100
AcDbSymbolTableRecord
100
AcDbBlockTableRecord
  2
_ARCHTICK
340
0
 70
0
280
1
281
0
  0
BLOCK_RECORD
  5
78
330
9
100
AcDbSymbolTableRecord
100
AcDbBlockTableRecord
  2
_CLOSEDFILLED
340
0
 70
0
280
1
281
0
  0
BLOCK_RECORD
  5
84
330
9
100
AcDbSymbolTableRecord
100
AcDbBlockTableRecord
  2
_CLOSEDBLANK
340
0
 70
0
280
1
281
0
  0
ENDTAB
  0
ENDSEC
  0
SECTION
  2
BLOCKS
  0
BLOCK
  5
18
330
17
100
AcDbEntity
  8
0
100
AcDbBlockBegin
  2
*Model_Space
 70
0
 10
0.0
 20
0.0
 30
0.0
  3
*Model_Space
  1

  0
ENDBLK
  5
19
330
17
100
AcDbEntity
  8
0
100
AcDbBlockEnd
  0
BLOCK
  5
1C
330
1B
100
AcDbEntity
  8
0
100
AcDbBlockBegin
  2
*Paper_Space
 70
0
 10
0.0
 20
0.0
 30
0.0
  3
*Paper_Space
  1

  0
ENDBLK
  5
1D
330
1B
100
AcDbEntity
  8
0
100
AcDbBlockEnd
  0
BLOCK
  5
75
330
74
100
AcDbEntity
  8
0
100
AcDbBlockBegin
  2
_ARCHTICK
 70
0
 10
0.0
 20
0.0
 30
0.0
  3
_ARCHTICK
  1

  0
LWPOLYLINE
  5
77
330
74
100
AcDbEntity
  8
0
  6
BYBLOCK
 62
0
100
AcDbPolyline
 90
2
 70
0
 43
0.15
 10
-0.5
 20
-0.5
 10
0.5
 20
0.5
  0
ENDBLK
  5
76
330
74
100
AcDbEntity
  8
0
100
AcDbBlockEnd
  0
BLOCK
  5
79
330
78
100
AcDbEntity
  8
0
100
AcDbBlockBegin
  2
_CLOSEDFILLED
 70
0
 10
0.0
 20
0.0
 30
0.0
  3
_CLOSEDFILLED
  1

  0
SOLID
  5
7B
330
78
100
AcDbEntity
  8
0
  6
BYBLOCK
 62
0
100
AcDbTrace
 10
-1.0
 20
0.16439898372402537
 30
0.0
 11
0.0
 21
0.0
 31
0.0
 12
-1.0
 22
-0.16439898372402537
 32
0.0
 13
-1.0
 23
-0.16439898372402537
 33
0.0
  0
ENDBLK
  5
7A
330
78
100
AcDbEntity
  8
0
100
AcDbBlockEnd
  0
BLOCK
  5
85
330
84
100
AcDbEntity
  8
0
100
AcDbBlockBegin
  2
_CLOSEDBLANK
 70
0
 10
0.0
 20
0.0
 30
0.0
  3
_CLOSEDBLANK
  1

  0
LWPOLYLINE
  5
87
330
84
100
AcDbEntity
  8
0
  6
BYBLOCK
 62
0
100
AcDbPolyline
 90
3
 70
1
 10
-1.0
 20
0.16439898372402537
 10
0.0
 20
0.0
 10
-1.0
 20
-0.16439898372402537
  0
ENDBLK
  5
86
330
84
100
AcDbEntity
  8
0
100
AcDbBlockEnd
  0
ENDSEC
  0
SECTION
  2
ENTITIES
  0
LWPOLYLINE
  5
91
330
17
100
AcDbEntity
  8
FRAME
 62
250
100
AcDbPolyline
 90
5
 70
1
 10
510.61932913888876
 20
949.9673518888887
 10
1142.7549711388885
 20
949.9673518888887
 10
1142.7549711388885
 20
921.967309111111
 10
510.61932913888876
 20
921.967309111111
 10
510.61932913888876
 20
949.9673518888887
  0
SOLID
  5
92
330
17
100
AcDbEntity
  8
FRAME
 62
250
420
0
100
AcDbTrace
 10
510.61932913888876
 20
949.9673518888887
 30
0.0
 11
510.61932913888876
 21
921.967309111111
 31
0.0
 12
1142.7549711388885
 22
921.967309111111
 32
0.0
 13
1142.7549711388885
 23
921.967309111111
 33
0.0
  0
SOLID
  5
93
330
17
100
AcDbEntity
  8
FRAME
 62
250
420
0
100
AcDbTrace
 10
1142.7549711388885
 20
921.967309111111
 30
0.0
 11
1142.7549711388885
 21
949.9673518888887
 31
0.0
 12
510.61932913888876
 22
949.9673518888887
 32
0.0
 13
510.61932913888876
 23
949.9673518888887
 33
0.0
  0
HATCH
  5
94
330
17
100
AcDbEntity
  8
FRAME
 62
7
420
0
100
AcDbHatch
 10
0.0
 20
0.0
 30
0.0
210
0.0
220
0.0
230
1.0
  2
SOLID
 70
1
 71
0
 91
1
 92
3
 72
0
 73
1
 93
5
 10
510.61932913888876
 20
949.9673518888887
 10
1142.7549711388885
 20
949.9673518888887
 10
1142.7549711388885
 20
921.967309111111
 10
510.61932913888876
 20
921.967309111111
 10
510.61932913888876
 20
949.9673518888887
 97
0
 75
1
 76
1
 98
0
  0
LWPOLYLINE
  5
95
330
17
100
AcDbEntity
  8
FRAME
 62
250
100
AcDbPolyline
 90
5
 70
1
 10
510.61932913888876
 20
250.92849088888892
 10
1142.7549711388885
 20
250.92849088888892
 10
1142.7549711388885
 20
222.92844811111118
 10
510.61932913888876
 20
222.92844811111118
 10
510.61932913888876
 20
250.92849088888892
  0
SOLID
  5
96
330
17
100
AcDbEntity
  8
FRAME
 62
250
420
0
100
AcDbTrace
 10
510.61932913888876
 20
250.92849088888892
 30
0.0
 11
510.61932913888876
 21
222.92844811111118
 31
0.0
 12
1142.7549711388885
 22
222.92844811111118
 32
0.0
 13
1142.7549711388885
 23
222.92844811111118
 33
0.0
  0
SOLID
  5
97
330
17
100
AcDbEntity
  8
FRAME
 62
250
420
0
100
AcDbTrace
 10
1142.7549711388885
 20
222.92844811111118
 30
0.0
 11
1142.7549711388885
 21
250.92849088888892
 31
0.0
 12
510.61932913888876
 22
250.92849088888892
 32
0.0
 13
510.61932913888876
 23
250.92849088888892
 33
0.0
  0
HATCH
  5
98
330
17
100
AcDbEntity
  8
FRAME
 62
7
420
0
100
AcDbHatch
 10
0.0
 20
0.0
 30
0.0
210
0.0
220
0.0
230
1.0
  2
SOLID
 70
1
 71
0
 91
1
 92
3
 72
0
 73
1
 93
5
 10
510.61932913888876
 20
250.92849088888892
 10
1142.7549711388885
 20
250.92849088888892
 10
1142.7549711388885
 20
222.92844811111118
 10
510.61932913888876
 20
222.92844811111118
 10
510.61932913888876
 20
250.92849088888892
 97
0
 75
1
 76
1
 98
0
  0
LWPOLYLINE
  5
99
330
17
100
AcDbEntity
  8
FRAME
 62
250
100
AcDbPolyline
 90
5
 70
1
 10
510.61932913888876
 20
921.967309111111
 10
531.6193612222221
 20
921.967309111111
 10
531.6193612222221
 20
250.92849088888892
 10
510.61932913888876
 20
250.92849088888892
 10
510.61932913888876
 20
921.967309111111
  0
SOLID
  5
9A
330
17
100
AcDbEntity
  8
FRAME
 62
250
420
0
100
AcDbTrace
 10
510.61932913888876
 20
921.967309111111
 30
0.0
 11
510.61932913888876
 21
250.92849088888892
 31
0.0
 12
531.6193612222221
 22
250.92849088888892
 32
0.0
 13
531.6193612222221
 23
250.92849088888892
 33
0.0
  0
SOLID
  5
9B
330
17
100
AcDbEntity
  8
FRAME
 62
250
420
0
100
AcDbTrace
 10
531.6193612222221
 20
250.92849088888892
 30
0.0
 11
531.6193612222221
 21
921.967309111111
 31
0.0
 12
510.61932913888876
 22
921.967309111111
 32
0.0
 13
510.61932913888876
 23
921.967309111111
 33
0.0
  0
HATCH
  5
9C
330
17
100
AcDbEntity
  8
FRAME
 62
7
420
0
100
AcDbHatch
 10
0.0
 20
0.0
 30
0.0
210
0.0
220
0.0
230
1.0
  2
SOLID
 70
1
 71
0
 91
1
 92
3
 72
0
 73
1
 93
5
 10
510.61932913888876
 20
921.967309111111
 10
531.6193612222221
 20
921.967309111111
 10
531.6193612222221
 20
250.92849088888892
 10
510.61932913888876
 20
250.92849088888892
 10
510.61932913888876
 20
921.967309111111
 97
0
 75
1
 76
1
 98
0
  0
LWPOLYLINE
  5
9D
330
17
100
AcDbEntity
  8
FRAME
 62
250
100
AcDbPolyline
 90
5
 70
1
 10
1121.7549390555555
 20
921.967309111111
 10
1142.7549711388885
 20
921.967309111111
 10
1142.7549711388885
 20
250.92849088888892
 10
1121.7549390555555
 20
250.92849088888892
 10
1121.7549390555555
 20
921.967309111111
  0
SOLID
  5
9E
330
17
100
AcDbEntity
  8
FRAME
 62
250
420
0
100
AcDbTrace
 10
1121.7549390555555
 20
921.967309111111
 30
0.0
 11
1121.7549390555555
 21
250.92849088888892
 31
0.0
 12
1142.7549711388885
 22
250.92849088888892
 32
0.0
 13
1142.7549711388885
 23
250.92849088888892
 33
0.0
  0
SOLID
  5
9F
330
17
100
AcDbEntity
  8
FRAME
 62
250
420
0
100
AcDbTrace
 10
1142.7549711388885
 20
250.92849088888892
 30
0.0
 11
1142.7549711388885
 21
921.967309111111
 31
0.0
 12
1121.7549390555555
 22
921.967309111111
 32
0.0
 13
1121.7549390555555
 23
921.967309111111
 33
0.0
  0
HATCH
  5
A0
330
17
100
AcDbEntity
  8
FRAME
 62
7
420
0
100
AcDbHatch
 10
0.0
 20
0.0
 30
0.0
210
0.0
220
0.0
230
1.0
  2
SOLID
 70
1
 71
0
 91
1
 92
3
 72
0
 73
1
 93
5
 10
1121.7549390555555
 20
921.967309111111
 10
1142.7549711388885
 20
921.967309111111
 10
1142.7549711388885
 20
250.92849088888892
 10
1121.7549390555555
 20
250.92849088888892
 10
1121.7549390555555
 20
921.967309111111
 97
0
 75
1
 76
1
 98
0
  0
LWPOLYLINE
  5
A1
330
17
100
AcDbEntity
  8
CENTER
 62
250
100
AcDbPolyline
 90
5
 70
1
 10
761.1201722222221
 20
544.2500333333334
 10
761.1201722222221
 20
464.24991111111115
 10
821.1202638888889
 20
464.24991111111115
 10
821.1202638888889
 20
544.2500333333334
 10
761.1201722222221
 20
544.2500333333334
  0
SOLID
  5
A2
330
17
100
AcDbEntity
  8
CENTER
 62
250
420
0
100
AcDbTrace
 10
821.1202638888889
 20
544.2500333333334
 30
0.0
 11
761.1201722222221
 21
544.2500333333334
 31
0.0
 12
761.1201722222221
 22
464.24991111111115
 32
0.0
 13
761.1201722222221
 23
464.24991111111115
 33
0.0
  0
SOLID
  5
A3
330
17
100
AcDbEntity
  8
CENTER
 62
250
420
0
100
AcDbTrace
 10
761.1201722222221
 20
464.24991111111115
 30
0.0
 11
821.1202638888889
 21
464.24991111111115
 31
0.0
 12
821.1202638888889
 22
544.2500333333334
 32
0.0
 13
821.1202638888889
 23
544.2500333333334
 33
0.0
  0
HATCH
  5
A4
330
17
100
AcDbEntity
  8
CENTER
 62
7
420
0
100
AcDbHatch
 10
0.0
 20
0.0
 30
0.0
210
0.0
220
0.0
230
1.0
  2
SOLID
 70
1
 71
0
 91
1
 92
3
 72
0
 73
1
 93
5
 10
761.1201722222221
 20
544.2500333333334
 10
761.1201722222221
 20
464.24991111111115
 10
821.1202638888889
 20
464.24991111111115
 10
821.1202638888889
 20
544.2500333333334
 10
761.1201722222221
 20
544.2500333333334
 97
0
 75
1
 76
1
 98
0
  0
LWPOLYLINE
  5
A5
330
17
100
AcDbEntity
  8
CENTER
 62
250
100
AcDbPolyline
 90
5
 70
1
 10
785.1199972222221
 20
816.2501666666665
 10
815.1205722222221
 20
816.2501666666665
 10
797.1204388888887
 20
576.2497999999999
 10
767.1198638888887
 20
576.2497999999999
 10
785.1199972222221
 20
816.2501666666665
  0
SOLID
  5
A6
330
17
100
AcDbEntity
  8
CENTER
 62
250
420
0
100
AcDbTrace
 10
785.1199972222221
 20
816.2501666666665
 30
0.0
 11
767.1198638888887
 21
576.2497999999999
 31
0.0
 12
797.1204388888887
 22
576.2497999999999
 32
0.0
 13
797.1204388888887
 23
576.2497999999999
 33
0.0
  0
SOLID
  5
A7
330
17
100
AcDbEntity
  8
CENTER
 62
250
420
0
100
AcDbTrace
 10
797.1204388888887
 20
576.2497999999999
 30
0.0
 11
815.1205722222221
 21
816.2501666666665
 31
0.0
 12
785.1199972222221
 22
816.2501666666665
 32
0.0
 13
785.1199972222221
 23
816.2501666666665
 33
0.0
  0
HATCH
  5
A8
330
17
100
AcDbEntity
  8
CENTER
 62
7
420
0
100
AcDbHatch
 10
0.0
 20
0.0
 30
0.0
210
0.0
220
0.0
230
1.0
  2
SOLID
 70
1
 71
0
 91
1
 92
3
 72
0
 73
1
 93
5
 10
785.1199972222221
 20
816.2501666666665
 10
815.1205722222221
 20
816.2501666666665
 10
797.1204388888887
 20
576.2497999999999
 10
767.1198638888887
 20
576.2497999999999
 10
785.1199972222221
 20
816.2501666666665
 97
0
 75
1
 76
1
 98
0
  0
LWPOLYLINE
  5
A9
330
17
100
AcDbEntity
  8
CENTER
 62
250
100
AcDbPolyline
 90
5
 70
1
 10
701.1200805555554
 20
364.2487
 10
701.1200805555554
 20
404.25087777777776
 10
881.1192972222221
 20
380.25070000000005
 10
881.1192972222221
 20
340.2485222222222
 10
701.1200805555554
 20
364.2487
  0
SOLID
  5
AA
330
17
100
AcDbEntity
  8
CENTER
 62
250
420
0
100
AcDbTrace
 10
701.1200805555554
 20
364.2487
 30
0.0
 11
881.1192972222221
 21
340.2485222222222
 31
0.0
 12
881.1192972222221
 22
380.25070000000005
 32
0.0
 13
881.1192972222221
 23
380.25070000000005
 33
0.0
  0
SOLID
  5
AB
330
17
100
AcDbEntity
  8
CENTER
 62
250
420
0
100
AcDbTrace
 10
881.1192972222221
 20
380.25070000000005
 30
0.0
 11
701.1200805555554
 21
404.25087777777776
 31
0.0
 12
701.1200805555554
 22
364.2487
 32
0.0
 13
701.1200805555554
 23
364.2487
 33
0.0
  0
HATCH
  5
AC
330
17
100
AcDbEntity
  8
CENTER
 62
7
420
0
100
AcDbHatch
 10
0.0
 20
0.0
 30
0.0
210
0.0
220
0.0
230
1.0
  2
SOLID
 70
1
 71
0
 91
1
 92
3
 72
0
 73
1
 93
5
 10
701.1200805555554
 20
364.2487
 10
701.1200805555554
 20
404.25087777777776
 10
881.1192972222221
 20
380.25070000000005
 10
881.1192972222221
 20
340.2485222222222
 10
701.1200805555554
 20
364.2487
 97
0
 75
1
 76
1
 98
0
  0
LWPOLYLINE
  5
AD
330
17
100
AcDbEntity
  8
CENTER
 62
250
370
35
100
AcDbPolyline
 90
3
 70
0
 43
3.999935555555555
 10
740.1196638888888
 20
810.2501222222221
 10
753.6197638888888
 20
810.2501222222221
 10
753.6197638888888
 20
829.705111111111
  0
LWPOLYLINE
  5
AE
330
17
100
AcDbEntity
  8
CENTER
 62
250
370
35
100
AcDbPolyline
 90
3
 70
0
 43
3.999935555555555
 10
842.1197138888888
 20
808.7952666666666
 10
828.6196138888889
 20
808.7952666666666
 10
828.6196138888889
 20
828.2502555555556
  0
LWPOLYLINE
  5
AF
330
17
100
AcDbEntity
  8
CENTER
 62
250
370
35
100
AcDbPolyline
 90
3
 70
0
 43
3.999935555555555
 10
842.1197138888888
 20
582.2498444444444
 10
828.6196138888889
 20
582.2498444444444
 10
828.6196138888889
 20
562.7948555555555
  0
LWPOLYLINE
  5
B0
330
17
100
AcDbEntity
  8
CENTER
 62
250
370
35
100
AcDbPolyline
 90
3
 70
0
 43
3.999935555555555
 10
753.6197638888888
 20
564.2497111111111
 10
753.6197638888888
 20
582.2498444444444
 10
739.0285222222221
 20
582.2498444444444
  0
LWPOLYLINE
  5
B1
330
17
100
AcDbEntity
  8
CENTER
 62
250
370
35
100
AcDbPolyline
 90
2
 70
0
 43
3.999935555555555
 10
804.6197888888888
 20
830.2497999999999
 10
789.6200305555556
 20
830.2497999999999
  0
LWPOLYLINE
  5
B2
330
17
100
AcDbEntity
  8
CENTER
 62
250
370
35
100
AcDbPolyline
 90
2
 70
0
 43
3.999935555555555
 10
789.6200305555556
 20
840.2503444444443
 10
789.6200305555556
 20
820.2506666666666
  0
LWPOLYLINE
  5
B3
330
17
100
AcDbEntity
  8
CENTER
 62
250
370
35
100
AcDbPolyline
 90
2
 70
0
 43
3.999935555555555
 10
779.1203055555554
 20
562.2487555555555
 10
794.1200638888888
 20
562.2487555555555
  0
LWPOLYLINE
  5
B4
330
17
100
AcDbEntity
  8
CENTER
 62
250
370
35
100
AcDbPolyline
 90
2
 70
0
 43
3.999935555555555
 10
794.1200638888888
 20
552.2496222222222
 10
794.1200638888888
 20
572.2493
  0
LWPOLYLINE
  5
B5
330
17
100
AcDbEntity
  8
CENTER
 62
250
370
35
100
AcDbPolyline
 90
3
 70
0
 43
3.999935555555555
 10
706.7112555555555
 20
304.2510777777777
 10
706.7112555555555
 20
322.25121111111105
 10
692.1200138888888
 20
322.25121111111105
  0
LWPOLYLINE
  5
B6
330
17
100
AcDbEntity
  8
CENTER
 62
250
370
35
100
AcDbPolyline
 90
3
 70
0
 43
3.999935555555555
 10
707.8023972222221
 20
440.2511444444444
 10
707.8023972222221
 20
422.251011111111
 10
693.2111555555555
 20
422.251011111111
  0
LWPOLYLINE
  5
B7
330
17
100
AcDbEntity
  8
CENTER
 62
250
370
35
100
AcDbPolyline
 90
3
 70
0
 43
3.999935555555555
 10
877.7114638888888
 20
440.2511444444444
 10
877.7114638888888
 20
422.251011111111
 10
892.3027055555555
 20
422.251011111111
  0
LWPOLYLINE
  5
B8
330
17
100
AcDbEntity
  8
CENTER
 62
250
370
35
100
AcDbPolyline
 90
3
 70
0
 43
3.999935555555555
 10
891.2115638888889
 20
322.2512111111111
 10
877.7114638888888
 20
322.2512111111111
 10
877.7114638888888
 20
302.79622222222224
  0
LWPOLYLINE
  5
B9
330
17
100
AcDbEntity
  8
CENTER
 62
250
370
35
100
AcDbPolyline
 90
2
 70
0
 43
3.999935555555555
 10
690.6192972222221
 20
388.2502888888888
 10
690.6192972222221
 20
368.250611111111
  0
LWPOLYLINE
  5
BA
330
17
100
AcDbEntity
  8
CENTER
 62
250
370
35
100
AcDbPolyline
 90
2
 70
0
 43
3.999935555555555
 10
683.1199472222222
 20
368.250611111111
 10
698.1197055555555
 20
368.250611111111
  0
LWPOLYLINE
  5
BB
330
17
100
AcDbEntity
  8
CENTER
 62
250
370
35
100
AcDbPolyline
 90
2
 70
0
 43
3.999935555555555
 10
891.6200805555553
 20
354.25097777777773
 10
891.6200805555553
 20
374.2506555555555
  0
LWPOLYLINE
  5
BC
330
17
100
AcDbEntity
  8
CENTER
 62
250
370
35
100
AcDbPolyline
 90
2
 70
0
 43
3.999935555555555
 10
899.1194305555555
 20
374.2506555555555
 10
884.1196722222222
 20
374.2506555555555
  0
LWPOLYLINE
  5
BD
330
17
100
AcDbEntity
  8
CENTER
 62
250
100
AcDbPolyline
 90
5
 70
1
 10
1097.1198388888888
 20
668.250011111111
 10
1091.1201472222222
 20
668.250011111111
 10
1091.1201472222222
 20
700.2497777777777
 10
1097.1198388888888
 20
700.2497777777777
 10
1097.1198388888888
 20
668.250011111111
  0
SOLID
  5
BE
330
17
100
AcDbEntity
  8
CENTER
 62
250
420
0
100
AcDbTrace
 10
1097.1198388888888
 20
668.250011111111
 30
0.0
 11
1097.1198388888888
 21
700.2497777777777
 31
0.0
 12
1091.1201472222222
 22
700.2497777777777
 32
0.0
 13
1091.1201472222222
 23
700.2497777777777
 33
0.0
  0
SOLID
  5
BF
330
17
100
AcDbEntity
  8
CENTER
 62
250
420
0
100
AcDbTrace
 10
1091.1201472222222
 20
700.2497777777777
 30
0.0
 11
1091.1201472222222
 21
668.250011111111
 31
0.0
 12
1097.1198388888888
 22
668.250011111111
 32
0.0
 13
1097.1198388888888
 23
668.250011111111
 33
0.0
  0
HATCH
  5
C0
330
17
100
AcDbEntity
  8
CENTER
 62
7
420
0
100
AcDbHatch
 10
0.0
 20
0.0
 30
0.0
210
0.0
220
0.0
230
1.0
  2
SOLID
 70
1
 71
0
 91
1
 92
3
 72
0
 73
1
 93
5
 10
1097.1198388888888
 20
668.250011111111
 10
1091.1201472222222
 20
668.250011111111
 10
1091.1201472222222
 20
700.2497777777777
 10
1097.1198388888888
 20
700.2497777777777
 10
1097.1198388888888
 20
668.250011111111
 97
0
 75
1
 76
1
 98
0
  0
LWPOLYLINE
  5
C1
330
17
100
AcDbEntity
  8
CENTER
 62
250
100
AcDbPolyline
 90
5
 70
1
 10
1094.120522222222
 20
628.2506555555555
 10
1091.1201472222222
 20
628.2506555555555
 10
1091.1201472222222
 20
660.2504222222221
 10
1094.120522222222
 20
660.2504222222221
 10
1094.120522222222
 20
628.2506555555555
  0
SOLID
  5
C2
330
17
100
AcDbEntity
  8
CENTER
 62
250
420
0
100
AcDbTrace
 10
1094.120522222222
 20
628.2506555555555
 30
0.0
 11
1094.120522222222
 21
660.2504222222221
 31
0.0
 12
1091.1201472222222
 22
660.2504222222221
 32
0.0
 13
1091.1201472222222
 23
660.2504222222221
 33
0.0
  0
SOLID
  5
C3
330
17
100
AcDbEntity
  8
CENTER
 62
250
420
0
100
AcDbTrace
 10
1091.1201472222222
 20
660.2504222222221
 30
0.0
 11
1091.1201472222222
 21
628.2506555555555
 31
0.0
 12
1094.120522222222
 22
628.2506555555555
 32
0.0
 13
1094.120522222222
 23
628.2506555555555
 33
0.0
  0
HATCH
  5
C4
330
17
100
AcDbEntity
  8
CENTER
 62
7
420
0
100
AcDbHatch
 10
0.0
 20
0.0
 30
0.0
210
0.0
220
0.0
230
1.0
  2
SOLID
 70
1
 71
0
 91
1
 92
3
 72
0
 73
1
 93
5
 10
1094.120522222222
 20
628.2506555555555
 10
1091.1201472222222
 20
628.2506555555555
 10
1091.1201472222222
 20
660.2504222222221
 10
1094.120522222222
 20
660.2504222222221
 10
1094.120522222222
 20
628.2506555555555
 97
0
 75
1
 76
1
 98
0
  0
LWPOLYLINE
  5
C5
330
17
100
AcDbEntity
  8
CENTER
 62
250
100
AcDbPolyline
 90
5
 70
1
 10
1093.1299222222221
 20
588.2498888888888
 10
1091.1201472222222
 20
588.2498888888888
 10
1091.1201472222222
 20
620.2496555555556
 10
1093.1299222222221
 20
620.2496555555556
 10
1093.1299222222221
 20
588.2498888888888
  0
SOLID
  5
C6
330
17
100
AcDbEntity
  8
CENTER
 62
250
420
0
100
AcDbTrace
 10
1093.1299222222221
 20
588.2498888888888
 30
0.0
 11
1093.1299222222221
 21
620.2496555555556
 31
0.0
 12
1091.1201472222222
 22
620.2496555555556
 32
0.0
 13
1091.1201472222222
 23
620.2496555555556
 33
0.0
  0
SOLID
  5
C7
330
17
100
AcDbEntity
  8
CENTER
 62
250
420
0
100
AcDbTrace
 10
1091.1201472222222
 20
620.2496555555556
 30
0.0
 11
1091.1201472222222
 21
588.2498888888888
 31
0.0
 12
1093.1299222222221
 22
588.2498888888888
 32
0.0
 13
1093.1299222222221
 23
588.2498888888888
 33
0.0
  0
HATCH
  5
C8
330
17
100
AcDbEntity
  8
CENTER
 62
7
420
0
100
AcDbHatch
 10
0.0
 20
0.0
 30
0.0
210
0.0
220
0.0
230
1.0
  2
SOLID
 70
1
 71
0
 91
1
 92
3
 72
0
 73
1
 93
5
 10
1093.1299222222221
 20
588.2498888888888
 10
1091.1201472222222
 20
588.2498888888888
 10
1091.1201472222222
 20
620.2496555555556
 10
1093.1299222222221
 20
620.2496555555556
 10
1093.1299222222221
 20
588.2498888888888
 97
0
 75
1
 76
1
 98
0
  0
LWPOLYLINE
  5
C9
330
17
100
AcDbEntity
  8
CENTER
 62
250
100
AcDbPolyline
 90
5
 70
1
 10
1091.720222222222
 20
308.2515777777778
 10
1091.1201472222222
 20
308.2515777777778
 10
1091.1201472222222
 20
340.2513444444445
 10
1091.720222222222
 20
340.2513444444445
 10
1091.720222222222
 20
308.2515777777778
  0
SOLID
  5
CA
330
17
100
AcDbEntity
  8
CENTER
 62
250
420
0
100
AcDbTrace
 10
1091.720222222222
 20
308.2515777777778
 30
0.0
 11
1091.720222222222
 21
340.2513444444445
 31
0.0
 12
1091.1201472222222
 22
340.2513444444445
 32
0.0
 13
1091.1201472222222
 23
340.2513444444445
 33
0.0
  0
SOLID
  5
CB
330
17
100
AcDbEntity
  8
CENTER
 62
250
420
0
100
AcDbTrace
 10
1091.1201472222222
 20
340.2513444444445
 30
0.0
 11
1091.1201472222222
 21
308.2515777777778
 31
0.0
 12
1091.720222222222
 22
308.2515777777778
 32
0.0
 13
1091.720222222222
 23
308.2515777777778
 33
0.0
  0
HATCH
  5
CC
330
17
100
AcDbEntity
  8
CENTER
 62
7
420
0
100
AcDbHatch
 10
0.0
 20
0.0
 30
0.0
210
0.0
220
0.0
230
1.0
  2
SOLID
 70
1
 71
0
 91
1
 92
3
 72
0
 73
1
 93
5
 10
1091.720222222222
 20
308.2515777777778
 10
1091.1201472222222
 20
308.2515777777778
 10
1091.1201472222222
 20
340.2513444444445
 10
1091.720222222222
 20
340.2513444444445
 10
1091.720222222222
 20
308.2515777777778
 97
0
 75
1
 76
1
 98
0
  0
LWPOLYLINE
  5
CD
330
17
100
AcDbEntity
  8
CENTER
 62
250
100
AcDbPolyline
 90
5
 70
1
 10
1091.7805472222221
 20
348.25093333333325
 10
1091.1201472222222
 20
348.25093333333325
 10
1091.1201472222222
 20
380.25069999999994
 10
1091.7805472222221
 20
380.25069999999994
 10
1091.7805472222221
 20
348.25093333333325
  0
SOLID
  5
CE
330
17
100
AcDbEntity
  8
CENTER
 62
250
420
0
100
AcDbTrace
 10
1091.7805472222221
 20
348.25093333333325
 30
0.0
 11
1091.7805472222221
 21
380.25069999999994
 31
0.0
 12
1091.1201472222222
 22
380.25069999999994
 32
0.0
 13
1091.1201472222222
 23
380.25069999999994
 33
0.0
  0
SOLID
  5
CF
330
17
100
AcDbEntity
  8
CENTER
 62
250
420
0
100
AcDbTrace
 10
1091.1201472222222
 20
380.25069999999994
 30
0.0
 11
1091.1201472222222
 21
348.25093333333325
 31
0.0
 12
1091.7805472222221
 22
348.25093333333325
 32
0.0
 13
1091.7805472222221
 23
348.25093333333325
 33
0.0
  0
HATCH
  5
D0
330
17
100
AcDbEntity
  8
CENTER
 62
7
420
0
100
AcDbHatch
 10
0.0
 20
0.0
 30
0.0
210
0.0
220
0.0
230
1.0
  2
SOLID
 70
1
 71
0
 91
1
 92
3
 72
0
 73
1
 93
5
 10
1091.7805472222221
 20
348.25093333333325
 10
1091.1201472222222
 20
348.25093333333325
 10
1091.1201472222222
 20
380.25069999999994
 10
1091.7805472222221
 20
380.25069999999994
 10
1091.7805472222221
 20
348.25093333333325
 97
0
 75
1
 76
1
 98
0
  0
LWPOLYLINE
  5
D1
330
17
100
AcDbEntity
  8
CENTER
 62
250
100
AcDbPolyline
 90
5
 70
1
 10
1091.8705055555554
 20
388.25169999999997
 10
1091.1201472222222
 20
388.25169999999997
 10
1091.1201472222222
 20
420.2500555555555
 10
1091.8705055555554
 20
420.2500555555555
 10
1091.8705055555554
 20
388.25169999999997
  0
SOLID
  5
D2
330
17
100
AcDbEntity
  8
CENTER
 62
250
420
0
100
AcDbTrace
 10
1091.8705055555554
 20
388.25169999999997
 30
0.0
 11
1091.8705055555554
 21
420.2500555555555
 31
0.0
 12
1091.1201472222222
 22
420.2500555555555
 32
0.0
 13
1091.1201472222222
 23
420.2500555555555
 33
0.0
  0
SOLID
  5
D3
330
17
100
AcDbEntity
  8
CENTER
 62
250
420
0
100
AcDbTrace
 10
1091.1201472222222
 20
420.2500555555555
 30
0.0
 11
1091.1201472222222
 21
388.25169999999997
 31
0.0
 12
1091.8705055555554
 22
388.25169999999997
 32
0.0
 13
1091.8705055555554
 23
388.25169999999997
 33
0.0
  0
HATCH
  5
D4
330
17
100
AcDbEntity
  8
CENTER
 62
7
420
0
100
AcDbHatch
 10
0.0
 20
0.0
 30
0.0
210
0.0
220
0.0
230
1.0
  2
SOLID
 70
1
 71
0
 91
1
 92
3
 72
0
 73
1
 93
5
 10
1091.8705055555554
 20
388.25169999999997
 10
1091.1201472222222
 20
388.25169999999997
 10
1091.1201472222222
 20
420.2500555555555
 10
1091.8705055555554
 20
420.2500555555555
 10
1091.8705055555554
 20
388.25169999999997
 97
0
 75
1
 76
1
 98
0
  0
LWPOLYLINE
  5
D5
330
17
100
AcDbEntity
  8
CENTER
 62
250
100
AcDbPolyline
 90
5
 70
1
 10
1091.990097222222
 20
428.2510555555555
 10
1091.1201472222222
 20
428.2510555555555
 10
1091.1201472222222
 20
460.2508222222222
 10
1091.990097222222
 20
460.2508222222222
 10
1091.990097222222
 20
428.2510555555555
  0
SOLID
  5
D6
330
17
100
AcDbEntity
  8
CENTER
 62
250
420
0
100
AcDbTrace
 10
1091.990097222222
 20
428.2510555555555
 30
0.0
 11
1091.990097222222
 21
460.2508222222222
 31
0.0
 12
1091.1201472222222
 22
460.2508222222222
 32
0.0
 13
1091.1201472222222
 23
460.2508222222222
 33
0.0
  0
SOLID
  5
D7
330
17
100
AcDbEntity
  8
CENTER
 62
250
420
0
100
AcDbTrace
 10
1091.1201472222222
 20
460.2508222222222
 30
0.0
 11
1091.1201472222222
 21
428.2510555555555
 31
0.0
 12
1091.990097222222
 22
428.2510555555555
 32
0.0
 13
1091.990097222222
 23
428.2510555555555
 33
0.0
  0
HATCH
  5
D8
330
17
100
AcDbEntity
  8
CENTER
 62
7
420
0
100
AcDbHatch
 10
0.0
 20
0.0
 30
0.0
210
0.0
220
0.0
230
1.0
  2
SOLID
 70
1
 71
0
 91
1
 92
3
 72
0
 73
1
 93
5
 10
1091.990097222222
 20
428.2510555555555
 10
1091.1201472222222
 20
428.2510555555555
 10
1091.1201472222222
 20
460.2508222222222
 10
1091.990097222222
 20
460.2508222222222
 10
1091.990097222222
 20
428.2510555555555
 97
0
 75
1
 76
1
 98
0
  0
LWPOLYLINE
  5
D9
330
17
100
AcDbEntity
  8
CENTER
 62
250
100
AcDbPolyline
 90
5
 70
1
 10
1092.1096888888887
 20
468.2518222222222
 10
1091.1190888888887
 20
468.2518222222222
 10
1091.1190888888887
 20
500.2501777777777
 10
1092.1096888888887
 20
500.2501777777777
 10
1092.1096888888887
 20
468.2518222222222
  0
SOLID
  5
DA
330
17
100
AcDbEntity
  8
CENTER
 62
250
420
0
100
AcDbTrace
 10
1092.1096888888887
 20
468.2518222222222
 30
0.0
 11
1092.1096888888887
 21
500.2501777777777
 31
0.0
 12
1091.1190888888887
 22
500.2501777777777
 32
0.0
 13
1091.1190888888887
 23
500.2501777777777
 33
0.0
  0
SOLID
  5
DB
330
17
100
AcDbEntity
  8
CENTER
 62
250
420
0
100
AcDbTrace
 10
1091.1190888888887
 20
500.2501777777777
 30
0.0
 11
1091.1190888888887
 21
468.2518222222222
 31
0.0
 12
1092.1096888888887
 22
468.2518222222222
 32
0.0
 13
1092.1096888888887
 23
468.2518222222222
 33
0.0
  0
HATCH
  5
DC
330
17
100
AcDbEntity
  8
CENTER
 62
7
420
0
100
AcDbHatch
 10
0.0
 20
0.0
 30
0.0
210
0.0
220
0.0
230
1.0
  2
SOLID
 70
1
 71
0
 91
1
 92
3
 72
0
 73
1
 93
5
 10
1092.1096888888887
 20
468.2518222222222
 10
1091.1190888888887
 20
468.2518222222222
 10
1091.1190888888887
 20
500.2501777777777
 10
1092.1096888888887
 20
500.2501777777777
 10
1092.1096888888887
 20
468.2518222222222
 97
0
 75
1
 76
1
 98
0
  0
LWPOLYLINE
  5
DD
330
17
100
AcDbEntity
  8
CENTER
 62
250
100
AcDbPolyline
 90
5
 70
1
 10
1092.3192388888888
 20
508.25117777777774
 10
1091.1190888888889
 20
508.25117777777774
 10
1091.1190888888889
 20
540.2509444444444
 10
1092.3192388888888
 20
540.2509444444444
 10
1092.3192388888888
 20
508.25117777777774
  0
SOLID
  5
DE
330
17
100
AcDbEntity
  8
CENTER
 62
250
420
0
100
AcDbTrace
 10
1092.3192388888888
 20
508.25117777777774
 30
0.0
 11
1092.3192388888888
 21
540.2509444444444
 31
0.0
 12
1091.1190888888889
 22
540.2509444444444
 32
0.0
 13
1091.1190888888889
 23
540.2509444444444
 33
0.0
  0
SOLID
  5
DF
330
17
100
AcDbEntity
  8
CENTER
 62
250
420
0
100
AcDbTrace
 10
1091.1190888888889
 20
540.2509444444444
 30
0.0
 11
1091.1190888888889
 21
508.25117777777774
 31
0.0
 12
1092.3192388888888
 22
508.25117777777774
 32
0.0
 13
1092.3192388888888
 23
508.25117777777774
 33
0.0
  0
HATCH
  5
E0
330
17
100
AcDbEntity
  8
CENTER
 62
7
420
0
100
AcDbHatch
 10
0.0
 20
0.0
 30
0.0
210
0.0
220
0.0
230
1.0
  2
SOLID
 70
1
 71
0
 91
1
 92
3
 72
0
 73
1
 93
5
 10
1092.3192388888888
 20
508.25117777777774
 10
1091.1190888888889
 20
508.25117777777774
 10
1091.1190888888889
 20
540.2509444444444
 10
1092.3192388888888
 20
540.2509444444444
 10
1092.3192388888888
 20
508.25117777777774
 97
0
 75
1
 76
1
 98
0
  0
LWPOLYLINE
  5
E1
330
17
100
AcDbEntity
  8
CENTER
 62
250
100
AcDbPolyline
 90
5
 70
1
 10
1092.6198055555556
 20
548.2505333333332
 10
1091.1201472222222
 20
548.2505333333332
 10
1091.1201472222222
 20
580.2502999999999
 10
1092.6198055555556
 20
580.2502999999999
 10
1092.6198055555556
 20
548.2505333333332
  0
SOLID
  5
E2
330
17
100
AcDbEntity
  8
CENTER
 62
250
420
0
100
AcDbTrace
 10
1092.6198055555556
 20
548.2505333333332
 30
0.0
 11
1092.6198055555556
 21
580.2502999999999
 31
0.0
 12
1091.1201472222222
 22
580.2502999999999
 32
0.0
 13
1091.1201472222222
 23
580.2502999999999
 33
0.0
  0
SOLID
  5
E3
330
17
100
AcDbEntity
  8
CENTER
 62
250
420
0
100
AcDbTrace
 10
1091.1201472222222
 20
580.2502999999999
 30
0.0
 11
1091.1201472222222
 21
548.2505333333332
 31
0.0
 12
1092.6198055555556
 22
548.2505333333332
 32
0.0
 13
1092.6198055555556
 23
548.2505333333332
 33
0.0
  0
HATCH
  5
E4
330
17
100
AcDbEntity
  8
CENTER
 62
7
420
0
100
AcDbHatch
 10
0.0
 20
0.0
 30
0.0
210
0.0
220
0.0
230
1.0
  2
SOLID
 70
1
 71
0
 91
1
 92
3
 72
0
 73
1
 93
5
 10
1092.6198055555556
 20
548.2505333333332
 10
1091.1201472222222
 20
548.2505333333332
 10
1091.1201472222222
 20
580.2502999999999
 10
1092.6198055555556
 20
580.2502999999999
 10
1092.6198055555556
 20
548.2505333333332
 97
0
 75
1
 76
1
 98
0
  0
LWPOLYLINE
  5
E5
330
17
100
AcDbEntity
  8
CENTER
 62
250
100
AcDbPolyline
 90
5
 70
1
 10
668.1201888888888
 20
872.250111111111
 10
668.1201888888888
 20
880.2496999999998
 10
644.1193055555555
 20
880.2496999999998
 10
644.1193055555555
 20
872.250111111111
 10
668.1201888888888
 20
872.250111111111
  0
SOLID
  5
E6
330
17
100
AcDbEntity
  8
CENTER
 62
250
420
0
100
AcDbTrace
 10
644.1193055555555
 20
872.250111111111
 30
0.0
 11
668.1201888888888
 21
872.250111111111
 31
0.0
 12
668.1201888888888
 22
880.2496999999998
 32
0.0
 13
668.1201888888888
 23
880.2496999999998
 33
0.0
  0
SOLID
  5
E7
330
17
100
AcDbEntity
  8
CENTER
 62
250
420
0
100
AcDbTrace
 10
668.1201888888888
 20
880.2496999999998
 30
0.0
 11
644.1193055555555
 21
880.2496999999998
 31
0.0
 12
644.1193055555555
 22
872.250111111111
 32
0.0
 13
644.1193055555555
 23
872.250111111111
 33
0.0
  0
HATCH
  5
E8
330
17
100
AcDbEntity
  8
CENTER
 62
7
420
0
100
AcDbHatch
 10
0.0
 20
0.0
 30
0.0
210
0.0
220
0.0
230
1.0
  2
SOLID
 70
1
 71
0
 91
1
 92
3
 72
0
 73
1
 93
5
 10
668.1201888888888
 20
872.250111111111
 10
668.1201888888888
 20
880.2496999999998
 10
644.1193055555555
 20
880.2496999999998
 10
644.1193055555555
 20
872.250111111111
 10
668.1201888888888
 20
872.250111111111
 97
0
 75
1
 76
1
 98
0
  0
LWPOLYLINE
  5
E9
330
17
100
AcDbEntity
  8
CENTER
 62
250
100
AcDbPolyline
 90
5
 70
1
 10
698.1207638888889
 20
876.2491999999999
 10
698.1207638888889
 20
880.2496999999998
 10
674.1209388888888
 20
880.2496999999998
 10
674.1209388888888
 20
876.2491999999999
 10
698.1207638888889
 20
876.2491999999999
  0
SOLID
  5
EA
330
17
100
AcDbEntity
  8
CENTER
 62
250
420
0
100
AcDbTrace
 10
674.1209388888888
 20
876.2491999999999
 30
0.0
 11
698.1207638888889
 21
876.2491999999999
 31
0.0
 12
698.1207638888889
 22
880.2496999999998
 32
0.0
 13
698.1207638888889
 23
880.2496999999998
 33
0.0
  0
SOLID
  5
EB
330
17
100
AcDbEntity
  8
CENTER
 62
250
420
0
100
AcDbTrace
 10
698.1207638888889
 20
880.2496999999998
 30
0.0
 11
674.1209388888888
 21
880.2496999999998
 31
0.0
 12
674.1209388888888
 22
876.2491999999999
 32
0.0
 13
674.1209388888888
 23
876.2491999999999
 33
0.0
  0
HATCH
  5
EC
330
17
100
AcDbEntity
  8
CENTER
 62
7
420
0
100
AcDbHatch
 10
0.0
 20
0.0
 30
0.0
210
0.0
220
0.0
230
1.0
  2
SOLID
 70
1
 71
0
 91
1
 92
3
 72
0
 73
1
 93
5
 10
698.1207638888889
 20
876.2491999999999
 10
698.1207638888889
 20
880.2496999999998
 10
674.1209388888888
 20
880.2496999999998
 10
674.1209388888888
 20
876.2491999999999
 10
698.1207638888889
 20
876.2491999999999
 97
0
 75
1
 76
1
 98
0
  0
LWPOLYLINE
  5
ED
330
17
100
AcDbEntity
  8
CENTER
 62
250
100
AcDbPolyline
 90
5
 70
1
 10
728.1202805555554
 20
877.5685888888888
 10
728.1202805555554
 20
880.2482888888889
 10
704.1204555555554
 20
880.2482888888889
 10
704.1204555555554
 20
877.5685888888888
 10
728.1202805555554
 20
877.5685888888888
  0
SOLID
  5
EE
330
17
100
AcDbEntity
  8
CENTER
 62
250
420
0
100
AcDbTrace
 10
704.1204555555554
 20
877.5685888888888
 30
0.0
 11
728.1202805555554
 21
877.5685888888888
 31
0.0
 12
728.1202805555554
 22
880.2482888888889
 32
0.0
 13
728.1202805555554
 23
880.2482888888889
 33
0.0
  0
SOLID
  5
EF
330
17
100
AcDbEntity
  8
CENTER
 62
250
420
0
100
AcDbTrace
 10
728.1202805555554
 20
880.2482888888889
 30
0.0
 11
704.1204555555554
 21
880.2482888888889
 31
0.0
 12
704.1204555555554
 22
877.5685888888888
 32
0.0
 13
704.1204555555554
 23
877.5685888888888
 33
0.0
  0
HATCH
  5
F0
330
17
100
AcDbEntity
  8
CENTER
 62
7
420
0
100
AcDbHatch
 10
0.0
 20
0.0
 30
0.0
210
0.0
220
0.0
230
1.0
  2
SOLID
 70
1
 71
0
 91
1
 92
3
 72
0
 73
1
 93
5
 10
728.1202805555554
 20
877.5685888888888
 10
728.1202805555554
 20
880.2482888888889
 10
704.1204555555554
 20
880.2482888888889
 10
704.1204555555554
 20
877.5685888888888
 10
728.1202805555554
 20
877.5685888888888
 97
0
 75
1
 76
1
 98
0
  0
LWPOLYLINE
  5
F1
330
17
100
AcDbEntity
  8
CENTER
 62
250
100
AcDbPolyline
 90
5
 70
1
 10
938.1200722222221
 20
879.4481888888888
 10
938.1200722222221
 20
880.2482888888889
 10
914.1202472222221
 20
880.2482888888889
 10
914.1202472222221
 20
879.4481888888888
 10
938.1200722222221
 20
879.4481888888888
  0
SOLID
  5
F2
330
17
100
AcDbEntity
  8
CENTER
 62
250
420
0
100
AcDbTrace
 10
914.1202472222221
 20
879.4481888888888
 30
0.0
 11
938.1200722222221
 21
879.4481888888888
 31
0.0
 12
938.1200722222221
 22
880.2482888888889
 32
0.0
 13
938.1200722222221
 23
880.2482888888889
 33
0.0
  0
SOLID
  5
F3
330
17
100
AcDbEntity
  8
CENTER
 62
250
420
0
100
AcDbTrace
 10
938.1200722222221
 20
880.2482888888889
 30
0.0
 11
914.1202472222221
 21
880.2482888888889
 31
0.0
 12
914.1202472222221
 22
879.4481888888888
 32
0.0
 13
914.1202472222221
 23
879.4481888888888
 33
0.0
  0
HATCH
  5
F4
330
17
100
AcDbEntity
  8
CENTER
 62
7
420
0
100
AcDbHatch
 10
0.0
 20
0.0
 30
0.0
210
0.0
220
0.0
230
1.0
  2
SOLID
 70
1
 71
0
 91
1
 92
3
 72
0
 73
1
 93
5
 10
938.1200722222221
 20
879.4481888888888
 10
938.1200722222221
 20
880.2482888888889
 10
914.1202472222221
 20
880.2482888888889
 10
914.1202472222221
 20
879.4481888888888
 10
938.1200722222221
 20
879.4481888888888
 97
0
 75
1
 76
1
 98
0
  0
LWPOLYLINE
  5
F5
330
17
100
AcDbEntity
  8
CENTER
 62
250
100
AcDbPolyline
 90
5
 70
1
 10
908.1205555555554
 20
879.3691666666665
 10
908.1205555555554
 20
880.2496999999998
 10
884.1207305555554
 20
880.2496999999998
 10
884.1207305555554
 20
879.3691666666665
 10
908.1205555555554
 20
879.3691666666665
  0
SOLID
  5
F6
330
17
100
AcDbEntity
  8
CENTER
 62
250
420
0
100
AcDbTrace
 10
884.1207305555554
 20
879.3691666666665
 30
0.0
 11
908.1205555555554
 21
879.3691666666665
 31
0.0
 12
908.1205555555554
 22
880.2496999999998
 32
0.0
 13
908.1205555555554
 23
880.2496999999998
 33
0.0
  0
SOLID
  5
F7
330
17
100
AcDbEntity
  8
CENTER
 62
250
420
0
100
AcDbTrace
 10
908.1205555555554
 20
880.2496999999998
 30
0.0
 11
884.1207305555554
 21
880.2496999999998
 31
0.0
 12
884.1207305555554
 22
879.3691666666665
 32
0.0
 13
884.1207305555554
 23
879.3691666666665
 33
0.0
  0
HATCH
  5
F8
330
17
100
AcDbEntity
  8
CENTER
 62
7
420
0
100
AcDbHatch
 10
0.0
 20
0.0
 30
0.0
210
0.0
220
0.0
230
1.0
  2
SOLID
 70
1
 71
0
 91
1
 92
3
 72
0
 73
1
 93
5
 10
908.1205555555554
 20
879.3691666666665
 10
908.1205555555554
 20
880.2496999999998
 10
884.1207305555554
 20
880.2496999999998
 10
884.1207305555554
 20
879.3691666666665
 10
908.1205555555554
 20
879.3691666666665
 97
0
 75
1
 76
1
 98
0
  0
LWPOLYLINE
  5
F9
330
17
100
AcDbEntity
  8
CENTER
 62
250
100
AcDbPolyline
 90
5
 70
1
 10
878.1199805555555
 20
879.2492222222222
 10
878.1199805555555
 20
880.2496999999998
 10
854.1212138888887
 20
880.2496999999998
 10
854.1212138888887
 20
879.2492222222222
 10
878.1199805555555
 20
879.2492222222222
  0
SOLID
  5
FA
330
17
100
AcDbEntity
  8
CENTER
 62
250
420
0
100
AcDbTrace
 10
854.1212138888887
 20
879.2492222222222
 30
0.0
 11
878.1199805555555
 21
879.2492222222222
 31
0.0
 12
878.1199805555555
 22
880.2496999999998
 32
0.0
 13
878.1199805555555
 23
880.2496999999998
 33
0.0
  0
SOLID
  5
FB
330
17
100
AcDbEntity
  8
CENTER
 62
250
420
0
100
AcDbTrace
 10
878.1199805555555
 20
880.2496999999998
 30
0.0
 11
854.1212138888887
 21
880.2496999999998
 31
0.0
 12
854.1212138888887
 22
879.2492222222222
 32
0.0
 13
854.1212138888887
 23
879.2492222222222
 33
0.0
  0
HATCH
  5
FC
330
17
100
AcDbEntity
  8
CENTER
 62
7
420
0
100
AcDbHatch
 10
0.0
 20
0.0
 30
0.0
210
0.0
220
0.0
230
1.0
  2
SOLID
 70
1
 71
0
 91
1
 92
3
 72
0
 73
1
 93
5
 10
878.1199805555555
 20
879.2492222222222
 10
878.1199805555555
 20
880.2496999999998
 10
854.1212138888887
 20
880.2496999999998
 10
854.1212138888887
 20
879.2492222222222
 10
878.1199805555555
 20
879.2492222222222
 97
0
 75
1
 76
1
 98
0
  0
LWPOLYLINE
  5
FD
330
17
100
AcDbEntity
  8
CENTER
 62
250
100
AcDbPolyline
 90
5
 70
1
 10
848.1204638888888
 20
879.0897666666666
 10
848.1204638888888
 20
880.2496999999998
 10
824.1206388888888
 20
880.2496999999998
 10
824.1206388888888
 20
879.0897666666666
 10
848.1204638888888
 20
879.0897666666666
  0
SOLID
  5
FE
330
17
100
AcDbEntity
  8
CENTER
 62
250
420
0
100
AcDbTrace
 10
824.1206388888888
 20
879.0897666666666
 30
0.0
 11
848.1204638888888
 21
879.0897666666666
 31
0.0
 12
848.1204638888888
 22
880.2496999999998
 32
0.0
 13
848.1204638888888
 23
880.2496999999998
 33
0.0
  0
SOLID
  5
FF
330
17
100
AcDbEntity
  8
CENTER
 62
250
420
0
100
AcDbTrace
 10
848.1204638888888
 20
880.2496999999998
 30
0.0
 11
824.1206388888888
 21
880.2496999999998
 31
0.0
 12
824.1206388888888
 22
879.0897666666666
 32
0.0
 13
824.1206388888888
 23
879.0897666666666
 33
0.0
  0
HATCH
  5
100
330
17
100
AcDbEntity
  8
CENTER
 62
7
420
0
100
AcDbHatch
 10
0.0
 20
0.0
 30
0.0
210
0.0
220
0.0
230
1.0
  2
SOLID
 70
1
 71
0
 91
1
 92
3
 72
0
 73
1
 93
5
 10
848.1204638888888
 20
879.0897666666666
 10
848.1204638888888
 20
880.2496999999998
 10
824.1206388888888
 20
880.2496999999998
 10
824.1206388888888
 20
879.0897666666666
 10
848.1204638888888
 20
879.0897666666666
 97
0
 75
1
 76
1
 98
0
  0
LWPOLYLINE
  5
101
330
17
100
AcDbEntity
  8
CENTER
 62
250
100
AcDbPolyline
 90
5
 70
1
 10
818.1198888888888
 20
878.9289
 10
818.1198888888888
 20
880.2496999999998
 10
794.1200638888888
 20
880.2496999999998
 10
794.1200638888888
 20
878.9289
 10
818.1198888888888
 20
878.9289
  0
SOLID
  5
102
330
17
100
AcDbEntity
  8
CENTER
 62
250
420
0
100
AcDbTrace
 10
794.1200638888888
 20
878.9289
 30
0.0
 11
818.1198888888888
 21
878.9289
 31
0.0
 12
818.1198888888888
 22
880.2496999999998
 32
0.0
 13
818.1198888888888
 23
880.2496999999998
 33
0.0
  0
SOLID
  5
103
330
17
100
AcDbEntity
  8
CENTER
 62
250
420
0
100
AcDbTrace
 10
818.1198888888888
 20
880.2496999999998
 30
0.0
 11
794.1200638888888
 21
880.2496999999998
 31
0.0
 12
794.1200638888888
 22
878.9289
 32
0.0
 13
794.1200638888888
 23
878.9289
 33
0.0
  0
HATCH
  5
104
330
17
100
AcDbEntity
  8
CENTER
 62
7
420
0
100
AcDbHatch
 10
0.0
 20
0.0
 30
0.0
210
0.0
220
0.0
230
1.0
  2
SOLID
 70
1
 71
0
 91
1
 92
3
 72
0
 73
1
 93
5
 10
818.1198888888888
 20
878.9289
 10
818.1198888888888
 20
880.2496999999998
 10
794.1200638888888
 20
880.2496999999998
 10
794.1200638888888
 20
878.9289
 10
818.1198888888888
 20
878.9289
 97
0
 75
1
 76
1
 98
0
  0
LWPOLYLINE
  5
105
330
17
100
AcDbEntity
  8
CENTER
 62
250
100
AcDbPolyline
 90
5
 70
1
 10
788.1203722222222
 20
878.6494999999999
 10
788.1203722222222
 20
880.2496999999998
 10
764.1205472222222
 20
880.2496999999998
 10
764.1205472222222
 20
878.6494999999999
 10
788.1203722222222
 20
878.6494999999999
  0
SOLID
  5
106
330
17
100
AcDbEntity
  8
CENTER
 62
250
420
0
100
AcDbTrace
 10
764.1205472222222
 20
878.6494999999999
 30
0.0
 11
788.1203722222222
 21
878.6494999999999
 31
0.0
 12
788.1203722222222
 22
880.2496999999998
 32
0.0
 13
788.1203722222222
 23
880.2496999999998
 33
0.0
  0
SOLID
  5
107
330
17
100
AcDbEntity
  8
CENTER
 62
250
420
0
100
AcDbTrace
 10
788.1203722222222
 20
880.2496999999998
 30
0.0
 11
764.1205472222222
 21
880.2496999999998
 31
0.0
 12
764.1205472222222
 22
878.6494999999999
 32
0.0
 13
764.1205472222222
 23
878.6494999999999
 33
0.0
  0
HATCH
  5
108
330
17
100
AcDbEntity
  8
CENTER
 62
7
420
0
100
AcDbHatch
 10
0.0
 20
0.0
 30
0.0
210
0.0
220
0.0
230
1.0
  2
SOLID
 70
1
 71
0
 91
1
 92
3
 72
0
 73
1
 93
5
 10
788.1203722222222
 20
878.6494999999999
 10
788.1203722222222
 20
880.2496999999998
 10
764.1205472222222
 20
880.2496999999998
 10
764.1205472222222
 20
878.6494999999999
 10
788.1203722222222
 20
878.6494999999999
 97
0
 75
1
 76
1
 98
0
  0
LWPOLYLINE
  5
109
330
17
100
AcDbEntity
  8
CENTER
 62
250
100
AcDbPolyline
 90
5
 70
1
 10
758.1197972222222
 20
878.2501555555556
 10
758.1197972222222
 20
880.2496999999998
 10
734.1210305555554
 20
880.2496999999998
 10
734.1210305555554
 20
878.2501555555556
 10
758.1197972222222
 20
878.2501555555556
  0
SOLID
  5
10A
330
17
100
AcDbEntity
  8
CENTER
 62
250
420
0
100
AcDbTrace
 10
734.1210305555554
 20
878.2501555555556
 30
0.0
 11
758.1197972222222
 21
878.2501555555556
 31
0.0
 12
758.1197972222222
 22
880.2496999999998
 32
0.0
 13
758.1197972222222
 23
880.2496999999998
 33
0.0
  0
SOLID
  5
10B
330
17
100
AcDbEntity
  8
CENTER
 62
250
420
0
100
AcDbTrace
 10
758.1197972222222
 20
880.2496999999998
 30
0.0
 11
734.1210305555554
 21
880.2496999999998
 31
0.0
 12
734.1210305555554
 22
878.2501555555556
 32
0.0
 13
734.1210305555554
 23
878.2501555555556
 33
0.0
  0
HATCH
  5
10C
330
17
100
AcDbEntity
  8
CENTER
 62
7
420
0
100
AcDbHatch
 10
0.0
 20
0.0
 30
0.0
210
0.0
220
0.0
230
1.0
  2
SOLID
 70
1
 71
0
 91
1
 92
3
 72
0
 73
1
 93
5
 10
758.1197972222222
 20
878.2501555555556
 10
758.1197972222222
 20
880.2496999999998
 10
734.1210305555554
 20
880.2496999999998
 10
734.1210305555554
 20
878.2501555555556
 10
758.1197972222222
 20
878.2501555555556
 97
0
 75
1
 76
1
 98
0
  0
TEXT
  5
10D
330
17
100
AcDbEntity
  8
LABELS
 62
250
100
AcDbText
 10
1085.054944722222
 20
715.4333333333333
 30
0.0
 40
16.93333333333333
  1
1
 11
1085.054944722222
 21
715.4333333333333
 31
0.0
100
AcDbText
  0
TEXT
  5
10E
330
17
100
AcDbEntity
  8
LABELS
 62
250
100
AcDbText
 10
1083.1108922222222
 20
282.9284833333333
 30
0.0
 40
16.93333333333333
  1
10
 11
1083.1108922222222
 21
282.9284833333333
 31
0.0
100
AcDbText
  0
TEXT
  5
10F
330
17
100
AcDbEntity
  8
LABELS
 62
250
100
AcDbText
 10
630.5007780555554
 20
873.0339833333334
 30
0.0
 40
16.93333333333333
  1
1
 11
630.5007780555554
 21
873.0339833333334
 31
0.0
100
AcDbText
  0
TEXT
  5
110
330
17
100
AcDbEntity
  8
LABELS
 62
250
100
AcDbText
 10
943.9400588888888
 20
872.24997
 30
0.0
 40
16.93333333333333
  1
10
 11
943.9400588888888
 21
872.24997
 31
0.0
100
AcDbText
  0
LWPOLYLINE
  5
111
330
17
100
AcDbEntity
  8
CENTER
 62
250
370
35
100
AcDbPolyline
 90
65
 70
0
 43
3.999935555555555
 10
636.6199555555554
 20
624.2501555555555
 10
636.4108590162489
 20
618.7291220106338
 10
635.7971406629773
 20
613.3675288628472
 10
634.7991573927136
 20
608.192524842665
 10
633.4372661024304
 20
603.2312586805556
 10
631.7318236891003
 20
598.5108791069879
 10
629.7031870496961
 20
594.0585348524306
 10
627.3717130811903
 20
589.9013746473526
 10
624.7577586805555
 20
586.0665472222222
 10
621.8816807447646
 20
582.5812013075086
 10
618.76383617079
 20
579.4724856336805
 10
615.4245818556043
 20
576.7675489312065
 10
611.8842746961805
 20
574.4935399305556
 10
608.163271589491
 20
572.6776073621962
 10
604.2819294325086
 20
571.3468999565972
 10
600.2606051222059
 20
570.5285664442274
 10
596.1196555555555
 20
570.2497555555556
 10
591.9787059889051
 20
570.5285509412978
 10
587.9573816786024
 20
571.3468420789931
 10
584.07603952162
 20
572.6774864393446
 10
580.3550364149305
 20
574.4933414930556
 10
576.8147292555067
 20
576.7672647108291
 10
573.4754749403211
 20
579.472113563368
 10
570.3576303663465
 20
582.580745521376
 10
567.4815524305554
 20
586.0660180555556
 10
564.8675980299208
 20
589.9007886366102
 10
562.5361240614149
 20
594.057914735243
 10
560.5074874220106
 20
598.5102538221571
 10
558.8020450086805
 20
603.2306633680556
 10
557.4401537183973
 20
608.1920008436415
 10
556.4421704481337
 20
613.367123719618
 10
555.8284520948621
 20
618.7288894666883
 10
555.6193555555554
 20
624.2501555555556
 10
555.8284520948621
 20
629.7714216444227
 10
556.4421704481337
 20
635.133187391493
 10
557.4401537183973
 20
640.3083102674696
 10
558.8020450086805
 20
645.2696477430555
 10
560.5074874220106
 20
649.990057288954
 10
562.5361240614149
 20
654.442396375868
 10
564.8675980299208
 20
658.5995224745008
 10
567.4815524305554
 20
662.4342930555556
 10
570.3576303663465
 20
665.9195655897352
 10
573.4754749403211
 20
669.0281975477429
 10
576.8147292555067
 20
671.7330464002821
 10
580.3550364149305
 20
674.0069696180556
 10
584.07603952162
 20
675.8228246717665
 10
587.9573816786024
 20
677.1534690321181
 10
591.9787059889051
 20
677.9717601698134
 10
596.1196555555555
 20
678.2505555555556
 10
600.2606051222059
 20
677.9717601698134
 10
604.2819294325086
 20
677.1534690321181
 10
608.163271589491
 20
675.8228246717665
 10
611.8842746961805
 20
674.0069696180556
 10
615.4245818556043
 20
671.7330464002821
 10
618.76383617079
 20
669.0281975477429
 10
621.8816807447646
 20
665.9195655897352
 10
624.7577586805555
 20
662.4342930555556
 10
627.3717130811903
 20
658.5995224745008
 10
629.7031870496961
 20
654.442396375868
 10
631.7318236891003
 20
649.990057288954
 10
633.4372661024304
 20
645.2696477430555
 10
634.7991573927136
 20
640.3083102674696
 10
635.7971406629773
 20
635.133187391493
 10
636.4108590162489
 20
629.7714216444227
 10
636.6199555555554
 20
624.2501555555555
  0
LWPOLYLINE
  5
112
330
17
100
AcDbEntity
  8
CENTER
 62
250
370
35
100
AcDbPolyline
 90
2
 70
0
 43
3.999935555555555
 10
555.6193555555554
 20
624.2501555555555
 10
636.6199555555554
 20
624.2501555555555
  0
LWPOLYLINE
  5
113
330
17
100
AcDbEntity
  8
CENTER
 62
250
370
35
100
AcDbPolyline
 90
2
 70
0
 43
3.999935555555555
 10
596.1196555555555
 20
678.2505555555555
 10
596.1196555555555
 20
570.2497555555556
  0
LWPOLYLINE
  5
114
330
17
100
AcDbEntity
  8
CENTER
 62
250
370
35
100
AcDbPolyline
 90
2
 70
0
 43
3.999935555555555
 10
567.4811555555555
 20
586.0654888888888
 10
624.7570972222221
 20
662.4334111111111
  0
LWPOLYLINE
  5
115
330
17
100
AcDbEntity
  8
CENTER
 62
250
370
35
100
AcDbPolyline
 90
2
 70
0
 43
3.999935555555555
 10
567.4822138888889
 20
662.4334111111111
 10
624.7581555555554
 20
586.0654888888888
  0
TEXT
  5
116
330
17
100
AcDbEntity
  8
LABELS
 62
250
100
AcDbText
 10
653.6394372222221
 20
779.3308433333333
 30
0.0
 40
16.93333333333333
  1
1
 11
653.6394372222221
 21
779.3308433333333
 31
0.0
100
AcDbText
  0
TEXT
  5
117
330
17
100
AcDbEntity
  8
LABELS
 62
250
100
AcDbText
 10
666.0614130555555
 20
731.3310522222222
 30
0.0
 40
16.93333333333333
  1
2
 11
666.0614130555555
 21
731.3310522222222
 31
0.0
100
AcDbText
  0
TEXT
  5
118
330
17
100
AcDbEntity
  8
LABELS
 62
250
100
AcDbText
 10
671.3256688888888
 20
683.3312611111111
 30
0.0
 40
16.93333333333333
  1
3
 11
671.3256688888888
 21
683.3312611111111
 31
0.0
100
AcDbText
  0
TEXT
  5
119
330
17
100
AcDbEntity
  8
LABELS
 62
250
100
AcDbText
 10
673.9136113888889
 20
635.3307644444444
 30
0.0
 40
16.93333333333333
  1
4
 11
673.9136113888889
 21
635.3307644444444
 31
0.0
100
AcDbText
  0
TEXT
  5
11A
330
17
100
AcDbEntity
  8
LABELS
 62
250
100
AcDbText
 10
675.7672822222222
 20
587.3308322222222
 30
0.0
 40
16.93333333333333
  1
5
 11
675.7672822222222
 21
587.3308322222222
 31
0.0
100
AcDbText
  0
TEXT
  5
11B
330
17
100
AcDbEntity
  8
LABELS
 62
250
100
AcDbText
 10
676.3263997222222
 20
539.3310411111111
 30
0.0
 40
16.93333333333333
  1
6
 11
676.3263997222222
 21
539.3310411111111
 31
0.0
100
AcDbText
  0
LWPOLYLINE
  5
11C
330
17
100
AcDbEntity
  8
CENTER
 62
250
370
35
100
AcDbPolyline
 90
2
 70
0
 43
1.9999677777777776
 10
662.1204972222222
 20
784.2504
 10
680.1206305555554
 20
784.2504
  0
LWPOLYLINE
  5
11D
330
17
100
AcDbEntity
  8
CENTER
 62
250
370
35
100
AcDbPolyline
 90
2
 70
0
 43
1.9999677777777776
 10
679.5205555555555
 20
772.250311111111
 10
685.5202472222221
 20
772.250311111111
  0
LWPOLYLINE
  5
11E
330
17
100
AcDbEntity
  8
CENTER
 62
250
370
35
100
AcDbPolyline
 90
2
 70
0
 43
1.9999677777777776
 10
677.1202555555554
 20
760.2502222222222
 10
689.1196388888889
 20
760.2502222222222
  0
LWPOLYLINE
  5
11F
330
17
100
AcDbEntity
  8
CENTER
 62
250
370
35
100
AcDbPolyline
 90
2
 70
0
 43
1.9999677777777776
 10
685.7001638888888
 20
748.2501333333332
 10
691.7009138888887
 20
748.2501333333332
  0
LWPOLYLINE
  5
120
330
17
100
AcDbEntity
  8
CENTER
 62
250
370
35
100
AcDbPolyline
 90
2
 70
0
 43
1.9999677777777776
 10
675.6195388888889
 20
736.2500444444443
 10
693.6196722222221
 20
736.2500444444443
  0
LWPOLYLINE
  5
121
330
17
100
AcDbEntity
  8
CENTER
 62
250
370
35
100
AcDbPolyline
 90
2
 70
0
 43
1.9999677777777776
 10
689.1196388888887
 20
724.2499555555555
 10
695.1203888888889
 20
724.2499555555555
  0
LWPOLYLINE
  5
122
330
17
100
AcDbEntity
  8
CENTER
 62
250
370
35
100
AcDbPolyline
 90
2
 70
0
 43
1.9999677777777776
 10
684.3200972222222
 20
712.2498666666667
 10
696.3205388888889
 20
712.2498666666667
  0
LWPOLYLINE
  5
123
330
17
100
AcDbEntity
  8
CENTER
 62
250
370
35
100
AcDbPolyline
 90
2
 70
0
 43
1.9999677777777776
 10
691.3103888888888
 20
700.2497777777777
 10
697.3111388888888
 20
700.2497777777777
  0
LWPOLYLINE
  5
124
330
17
100
AcDbEntity
  8
CENTER
 62
250
370
35
100
AcDbPolyline
 90
2
 70
0
 43
1.9999677777777776
 10
680.1195722222222
 20
688.2496888888888
 10
698.1197055555555
 20
688.2496888888888
  0
LWPOLYLINE
  5
125
330
17
100
AcDbEntity
  8
CENTER
 62
250
370
35
100
AcDbPolyline
 90
2
 70
0
 43
1.9999677777777776
 10
692.8111055555554
 20
676.2495999999999
 10
698.8107972222222
 20
676.2495999999999
  0
LWPOLYLINE
  5
126
330
17
100
AcDbEntity
  8
CENTER
 62
250
370
35
100
AcDbPolyline
 90
2
 70
0
 43
1.9999677777777776
 10
687.4104305555554
 20
664.2509222222222
 10
699.4108722222221
 20
664.2509222222222
  0
LWPOLYLINE
  5
127
330
17
100
AcDbEntity
  8
CENTER
 62
250
370
35
100
AcDbPolyline
 90
2
 70
0
 43
1.9999677777777776
 10
693.9202388888889
 20
652.2494222222222
 10
699.9199305555554
 20
652.2494222222222
  0
LWPOLYLINE
  5
128
330
17
100
AcDbEntity
  8
CENTER
 62
250
370
35
100
AcDbPolyline
 90
2
 70
0
 43
1.9999677777777776
 10
682.3695888888888
 20
640.2493333333333
 10
700.3697222222221
 20
640.2493333333333
  0
LWPOLYLINE
  5
129
330
17
100
AcDbEntity
  8
CENTER
 62
250
370
35
100
AcDbPolyline
 90
2
 70
0
 43
1.9999677777777776
 10
694.7594972222221
 20
628.2492444444443
 10
700.7602472222221
 20
628.2492444444443
  0
LWPOLYLINE
  5
12A
330
17
100
AcDbEntity
  8
CENTER
 62
250
370
35
100
AcDbPolyline
 90
2
 70
0
 43
1.9999677777777776
 10
689.1196388888887
 20
616.2491555555555
 10
701.1200805555554
 20
616.2491555555555
  0
LWPOLYLINE
  5
12B
330
17
100
AcDbEntity
  8
CENTER
 62
250
370
35
100
AcDbPolyline
 90
2
 70
0
 43
1.9999677777777776
 10
695.4505888888888
 20
604.2490666666666
 10
701.4502805555554
 20
604.2490666666666
  0
LWPOLYLINE
  5
12C
330
17
100
AcDbEntity
  8
CENTER
 62
250
370
35
100
AcDbPolyline
 90
2
 70
0
 43
1.9999677777777776
 10
683.7210805555554
 20
592.2489777777778
 10
701.7212138888888
 20
592.2489777777778
  0
LWPOLYLINE
  5
12D
330
17
100
AcDbEntity
  8
CENTER
 62
250
370
35
100
AcDbPolyline
 90
2
 70
0
 43
1.9999677777777776
 10
695.9903388888888
 20
580.2488888888888
 10
701.9900305555554
 20
580.2488888888888
  0
LWPOLYLINE
  5
12E
330
17
100
AcDbEntity
  8
CENTER
 62
250
370
35
100
AcDbPolyline
 90
2
 70
0
 43
1.9999677777777776
 10
690.2001972222222
 20
568.2488
 10
702.2006388888889
 20
568.2488
  0
LWPOLYLINE
  5
12F
330
17
100
AcDbEntity
  8
CENTER
 62
250
370
35
100
AcDbPolyline
 90
2
 70
0
 43
1.9999677777777776
 10
696.4104972222221
 20
556.2487111111111
 10
702.4101888888888
 20
556.2487111111111
  0
LWPOLYLINE
  5
130
330
17
100
AcDbEntity
  8
CENTER
 62
250
370
35
100
AcDbPolyline
 90
2
 70
0
 43
1.9999677777777776
 10
684.6196055555555
 20
544.2486222222221
 10
702.6197388888888
 20
544.2486222222221
  0
LWPOLYLINE
  5
131
330
17
100
AcDbEntity
  8
CENTER
 62
250
100
AcDbPolyline
 90
54
 70
1
 10
686.1203222222222
 20
784.2504
 10
688.5798888888888
 20
779.451211111111
 10
691.5199388888888
 20
772.250311111111
 10
693.1095555555555
 20
767.4511222222221
 10
695.1193305555555
 20
760.2502222222222
 10
696.2591555555556
 20
755.4510333333332
 10
697.6984888888888
 20
748.2501333333332
 10
698.5388055555555
 20
743.4509444444442
 10
699.6193638888889
 20
736.2500444444443
 10
700.2490722222221
 20
731.4508555555553
 10
701.1190222222223
 20
724.2499555555554
 10
702.3191722222223
 20
712.2498666666664
 10
703.3097722222221
 20
700.2497777777776
 10
704.1204555555556
 20
688.2496888888887
 10
704.8094305555555
 20
676.2495999999999
 10
705.4095055555556
 20
664.249511111111
 10
705.9185638888889
 20
652.2480111111109
 10
706.3694138888889
 20
640.2479222222221
 10
706.7588805555555
 20
628.2478333333332
 10
707.1187138888888
 20
616.2477444444444
 10
707.4499722222222
 20
604.2476555555554
 10
707.7198472222221
 20
592.2475666666664
 10
707.9897222222222
 20
580.2474777777776
 10
708.1992722222221
 20
568.2473888888886
 10
708.4098805555554
 20
556.2472999999998
 10
708.6194305555555
 20
544.2472111111108
 10
709.6100305555555
 20
544.2472111111108
 10
709.4597472222222
 20
556.2472999999998
 10
709.3084055555555
 20
568.2473888888886
 10
709.1284888888888
 20
580.2474777777776
 10
708.9189388888889
 20
592.2475666666664
 10
708.7093888888888
 20
604.2476555555554
 10
708.4395138888889
 20
616.2477444444444
 10
708.1685805555555
 20
628.2478333333331
 10
707.8690722222221
 20
640.2479222222221
 10
707.509238888889
 20
652.2480111111109
 10
707.1187138888888
 20
664.249511111111
 10
706.6689222222221
 20
676.2495999999999
 10
706.1291722222222
 20
688.2496888888886
 10
705.4687722222221
 20
700.2497777777776
 10
704.7184138888888
 20
712.2498666666664
 10
703.7881388888889
 20
724.2499555555553
 10
703.1287972222221
 20
731.4508555555553
 10
702.6186805555554
 20
736.2500444444443
 10
701.7794222222221
 20
743.4509444444442
 10
701.119022222222
 20
748.2501333333331
 10
700.0088305555554
 20
755.4510333333332
 10
699.1081888888888
 20
760.2502222222222
 10
697.5482055555555
 20
767.4511222222221
 10
696.3184222222221
 20
772.2503111111109
 10
694.0387722222222
 20
779.451211111111
 10
692.1189555555554
 20
784.2504
 10
686.1203222222222
 20
784.2504
 10
686.1203222222222
 20
784.2504
  0
SOLID
  5
132
330
17
100
AcDbEntity
  8
CENTER
 62
250
420
0
100
AcDbTrace
 10
692.1189555555554
 20
784.2504
 30
0.0
 11
686.1203222222222
 21
784.2504
 31
0.0
 12
688.5798888888888
 22
779.451211111111
 32
0.0
 13
688.5798888888888
 23
779.451211111111
 33
0.0
  0
SOLID
  5
133
330
17
100
AcDbEntity
  8
CENTER
 62
250
420
0
100
AcDbTrace
 10
692.1189555555554
 20
784.2504
 30
0.0
 11
688.5798888888888
 21
779.451211111111
 31
0.0
 12
691.5199388888888
 22
772.250311111111
 32
0.0
 13
691.5199388888888
 23
772.250311111111
 33
0.0
  0
SOLID
  5
134
330
17
100
AcDbEntity
  8
CENTER
 62
250
420
0
100
AcDbTrace
 10
692.1189555555554
 20
784.2504
 30
0.0
 11
691.5199388888888
 21
772.250311111111
 31
0.0
 12
693.1095555555555
 22
767.4511222222221
 32
0.0
 13
693.1095555555555
 23
767.4511222222221
 33
0.0
  0
SOLID
  5
135
330
17
100
AcDbEntity
  8
CENTER
 62
250
420
0
100
AcDbTrace
 10
692.1189555555554
 20
784.2504
 30
0.0
 11
693.1095555555555
 21
767.4511222222221
 31
0.0
 12
695.1193305555555
 22
760.2502222222222
 32
0.0
 13
695.1193305555555
 23
760.2502222222222
 33
0.0
  0
SOLID
  5
136
330
17
100
AcDbEntity
  8
CENTER
 62
250
420
0
100
AcDbTrace
 10
692.1189555555554
 20
784.2504
 30
0.0
 11
695.1193305555555
 21
760.2502222222222
 31
0.0
 12
696.2591555555556
 22
755.4510333333332
 32
0.0
 13
696.2591555555556
 23
755.4510333333332
 33
0.0
  0
SOLID
  5
137
330
17
100
AcDbEntity
  8
CENTER
 62
250
420
0
100
AcDbTrace
 10
692.1189555555554
 20
784.2504
 30
0.0
 11
696.2591555555556
 21
755.4510333333332
 31
0.0
 12
697.6984888888888
 22
748.2501333333332
 32
0.0
 13
697.6984888888888
 23
748.2501333333332
 33
0.0
  0
SOLID
  5
138
330
17
100
AcDbEntity
  8
CENTER
 62
250
420
0
100
AcDbTrace
 10
692.1189555555554
 20
784.2504
 30
0.0
 11
697.6984888888888
 21
748.2501333333332
 31
0.0
 12
698.5388055555555
 22
743.4509444444442
 32
0.0
 13
698.5388055555555
 23
743.4509444444442
 33
0.0
  0
SOLID
  5
139
330
17
100
AcDbEntity
  8
CENTER
 62
250
420
0
100
AcDbTrace
 10
707.4499722222222
 20
604.2476555555554
 30
0.0
 11
707.7198472222221
 21
592.2475666666664
 31
0.0
 12
707.9897222222222
 22
580.2474777777776
 32
0.0
 13
707.9897222222222
 23
580.2474777777776
 33
0.0
  0
SOLID
  5
13A
330
17
100
AcDbEntity
  8
CENTER
 62
250
420
0
100
AcDbTrace
 10
707.9897222222222
 20
580.2474777777776
 30
0.0
 11
708.1992722222221
 21
568.2473888888886
 31
0.0
 12
708.4098805555554
 22
556.2472999999998
 32
0.0
 13
708.4098805555554
 23
556.2472999999998
 33
0.0
  0
SOLID
  5
13B
330
17
100
AcDbEntity
  8
CENTER
 62
250
420
0
100
AcDbTrace
 10
708.4098805555554
 20
556.2472999999998
 30
0.0
 11
708.6194305555555
 21
544.2472111111108
 31
0.0
 12
709.6100305555555
 22
544.2472111111108
 32
0.0
 13
709.6100305555555
 23
544.2472111111108
 33
0.0
  0
SOLID
  5
13C
330
17
100
AcDbEntity
  8
CENTER
 62
250
420
0
100
AcDbTrace
 10
707.9897222222222
 20
580.2474777777776
 30
0.0
 11
708.4098805555554
 21
556.2472999999998
 31
0.0
 12
709.6100305555555
 22
544.2472111111108
 32
0.0
 13
709.6100305555555
 23
544.2472111111108
 33
0.0
  0
SOLID
  5
13D
330
17
100
AcDbEntity
  8
CENTER
 62
250
420
0
100
AcDbTrace
 10
707.4499722222222
 20
604.2476555555554
 30
0.0
 11
707.9897222222222
 21
580.2474777777776
 31
0.0
 12
709.6100305555555
 22
544.2472111111108
 32
0.0
 13
709.6100305555555
 23
544.2472111111108
 33
0.0
  0
SOLID
  5
13E
330
17
100
AcDbEntity
  8
CENTER
 62
250
420
0
100
AcDbTrace
 10
707.1187138888888
 20
616.2477444444444
 30
0.0
 11
707.4499722222222
 21
604.2476555555554
 31
0.0
 12
709.6100305555555
 22
544.2472111111108
 32
0.0
 13
709.6100305555555
 23
544.2472111111108
 33
0.0
  0
SOLID
  5
13F
330
17
100
AcDbEntity
  8
CENTER
 62
250
420
0
100
AcDbTrace
 10
706.7588805555555
 20
628.2478333333332
 30
0.0
 11
707.1187138888888
 21
616.2477444444444
 31
0.0
 12
709.6100305555555
 22
544.2472111111108
 32
0.0
 13
709.6100305555555
 23
544.2472111111108
 33
0.0
  0
SOLID
  5
140
330
17
100
AcDbEntity
  8
CENTER
 62
250
420
0
100
AcDbTrace
 10
706.3694138888889
 20
640.2479222222221
 30
0.0
 11
706.7588805555555
 21
628.2478333333332
 31
0.0
 12
709.6100305555555
 22
544.2472111111108
 32
0.0
 13
709.6100305555555
 23
544.2472111111108
 33
0.0
  0
SOLID
  5
141
330
17
100
AcDbEntity
  8
CENTER
 62
250
420
0
100
AcDbTrace
 10
706.3694138888889
 20
640.2479222222221
 30
0.0
 11
709.6100305555555
 21
544.2472111111108
 31
0.0
 12
709.4597472222222
 22
556.2472999999998
 32
0.0
 13
709.4597472222222
 23
556.2472999999998
 33
0.0
  0
SOLID
  5
142
330
17
100
AcDbEntity
  8
CENTER
 62
250
420
0
100
AcDbTrace
 10
706.3694138888889
 20
640.2479222222221
 30
0.0
 11
709.4597472222222
 21
556.2472999999998
 31
0.0
 12
709.3084055555555
 22
568.2473888888886
 32
0.0
 13
709.3084055555555
 23
568.2473888888886
 33
0.0
  0
SOLID
  5
143
330
17
100
AcDbEntity
  8
CENTER
 62
250
420
0
100
AcDbTrace
 10
705.9185638888889
 20
652.2480111111109
 30
0.0
 11
706.3694138888889
 21
640.2479222222221
 31
0.0
 12
709.3084055555555
 22
568.2473888888886
 32
0.0
 13
709.3084055555555
 23
568.2473888888886
 33
0.0
  0
SOLID
  5
144
330
17
100
AcDbEntity
  8
CENTER
 62
250
420
0
100
AcDbTrace
 10
705.9185638888889
 20
652.2480111111109
 30
0.0
 11
709.3084055555555
 21
568.2473888888886
 31
0.0
 12
709.1284888888888
 22
580.2474777777776
 32
0.0
 13
709.1284888888888
 23
580.2474777777776
 33
0.0
  0
SOLID
  5
145
330
17
100
AcDbEntity
  8
CENTER
 62
250
420
0
100
AcDbTrace
 10
705.4095055555556
 20
664.249511111111
 30
0.0
 11
705.9185638888889
 21
652.2480111111109
 31
0.0
 12
709.1284888888888
 22
580.2474777777776
 32
0.0
 13
709.1284888888888
 23
580.2474777777776
 33
0.0
  0
SOLID
  5
146
330
17
100
AcDbEntity
  8
CENTER
 62
250
420
0
100
AcDbTrace
 10
705.4095055555556
 20
664.249511111111
 30
0.0
 11
709.1284888888888
 21
580.2474777777776
 31
0.0
 12
708.9189388888889
 22
592.2475666666664
 32
0.0
 13
708.9189388888889
 23
592.2475666666664
 33
0.0
  0
SOLID
  5
147
330
17
100
AcDbEntity
  8
CENTER
 62
250
420
0
100
AcDbTrace
 10
705.4095055555556
 20
664.249511111111
 30
0.0
 11
708.9189388888889
 21
592.2475666666664
 31
0.0
 12
708.7093888888888
 22
604.2476555555554
 32
0.0
 13
708.7093888888888
 23
604.2476555555554
 33
0.0
  0
SOLID
  5
148
330
17
100
AcDbEntity
  8
CENTER
 62
250
420
0
100
AcDbTrace
 10
704.8094305555555
 20
676.2495999999999
 30
0.0
 11
705.4095055555556
 21
664.249511111111
 31
0.0
 12
708.7093888888888
 22
604.2476555555554
 32
0.0
 13
708.7093888888888
 23
604.2476555555554
 33
0.0
  0
SOLID
  5
149
330
17
100
AcDbEntity
  8
CENTER
 62
250
420
0
100
AcDbTrace
 10
704.8094305555555
 20
676.2495999999999
 30
0.0
 11
708.7093888888888
 21
604.2476555555554
 31
0.0
 12
708.4395138888889
 22
616.2477444444444
 32
0.0
 13
708.4395138888889
 23
616.2477444444444
 33
0.0
  0
SOLID
  5
14A
330
17
100
AcDbEntity
  8
CENTER
 62
250
420
0
100
AcDbTrace
 10
704.1204555555556
 20
688.2496888888887
 30
0.0
 11
704.8094305555555
 21
676.2495999999999
 31
0.0
 12
708.4395138888889
 22
616.2477444444444
 32
0.0
 13
708.4395138888889
 23
616.2477444444444
 33
0.0
  0
SOLID
  5
14B
330
17
100
AcDbEntity
  8
CENTER
 62
250
420
0
100
AcDbTrace
 10
704.1204555555556
 20
688.2496888888887
 30
0.0
 11
708.4395138888889
 21
616.2477444444444
 31
0.0
 12
708.1685805555555
 22
628.2478333333331
 32
0.0
 13
708.1685805555555
 23
628.2478333333331
 33
0.0
  0
SOLID
  5
14C
330
17
100
AcDbEntity
  8
CENTER
 62
250
420
0
100
AcDbTrace
 10
704.1204555555556
 20
688.2496888888887
 30
0.0
 11
708.1685805555555
 21
628.2478333333331
 31
0.0
 12
707.8690722222221
 22
640.2479222222221
 32
0.0
 13
707.8690722222221
 23
640.2479222222221
 33
0.0
  0
SOLID
  5
14D
330
17
100
AcDbEntity
  8
CENTER
 62
250
420
0
100
AcDbTrace
 10
703.3097722222221
 20
700.2497777777776
 30
0.0
 11
704.1204555555556
 21
688.2496888888887
 31
0.0
 12
707.8690722222221
 22
640.2479222222221
 32
0.0
 13
707.8690722222221
 23
640.2479222222221
 33
0.0
  0
SOLID
  5
14E
330
17
100
AcDbEntity
  8
CENTER
 62
250
420
0
100
AcDbTrace
 10
703.3097722222221
 20
700.2497777777776
 30
0.0
 11
707.8690722222221
 21
640.2479222222221
 31
0.0
 12
707.509238888889
 22
652.2480111111109
 32
0.0
 13
707.509238888889
 23
652.2480111111109
 33
0.0
  0
SOLID
  5
14F
330
17
100
AcDbEntity
  8
CENTER
 62
250
420
0
100
AcDbTrace
 10
702.3191722222223
 20
712.2498666666664
 30
0.0
 11
703.3097722222221
 21
700.2497777777776
 31
0.0
 12
707.509238888889
 22
652.2480111111109
 32
0.0
 13
707.509238888889
 23
652.2480111111109
 33
0.0
  0
SOLID
  5
150
330
17
100
AcDbEntity
  8
CENTER
 62
250
420
0
100
AcDbTrace
 10
702.3191722222223
 20
712.2498666666664
 30
0.0
 11
707.509238888889
 21
652.2480111111109
 31
0.0
 12
707.1187138888888
 22
664.249511111111
 32
0.0
 13
707.1187138888888
 23
664.249511111111
 33
0.0
  0
SOLID
  5
151
330
17
100
AcDbEntity
  8
CENTER
 62
250
420
0
100
AcDbTrace
 10
702.3191722222223
 20
712.2498666666664
 30
0.0
 11
707.1187138888888
 21
664.249511111111
 31
0.0
 12
706.6689222222221
 22
676.2495999999999
 32
0.0
 13
706.6689222222221
 23
676.2495999999999
 33
0.0
  0
SOLID
  5
152
330
17
100
AcDbEntity
  8
CENTER
 62
250
420
0
100
AcDbTrace
 10
701.1190222222223
 20
724.2499555555554
 30
0.0
 11
702.3191722222223
 21
712.2498666666664
 31
0.0
 12
706.6689222222221
 22
676.2495999999999
 32
0.0
 13
706.6689222222221
 23
676.2495999999999
 33
0.0
  0
SOLID
  5
153
330
17
100
AcDbEntity
  8
CENTER
 62
250
420
0
100
AcDbTrace
 10
701.1190222222223
 20
724.2499555555554
 30
0.0
 11
706.6689222222221
 21
676.2495999999999
 31
0.0
 12
706.1291722222222
 22
688.2496888888886
 32
0.0
 13
706.1291722222222
 23
688.2496888888886
 33
0.0
  0
SOLID
  5
154
330
17
100
AcDbEntity
  8
CENTER
 62
250
420
0
100
AcDbTrace
 10
700.2490722222221
 20
731.4508555555553
 30
0.0
 11
701.1190222222223
 21
724.2499555555554
 31
0.0
 12
706.1291722222222
 22
688.2496888888886
 32
0.0
 13
706.1291722222222
 23
688.2496888888886
 33
0.0
  0
SOLID
  5
155
330
17
100
AcDbEntity
  8
CENTER
 62
250
420
0
100
AcDbTrace
 10
699.6193638888889
 20
736.2500444444443
 30
0.0
 11
700.2490722222221
 21
731.4508555555553
 31
0.0
 12
706.1291722222222
 22
688.2496888888886
 32
0.0
 13
706.1291722222222
 23
688.2496888888886
 33
0.0
  0
SOLID
  5
156
330
17
100
AcDbEntity
  8
CENTER
 62
250
420
0
100
AcDbTrace
 10
699.6193638888889
 20
736.2500444444443
 30
0.0
 11
706.1291722222222
 21
688.2496888888886
 31
0.0
 12
705.4687722222221
 22
700.2497777777776
 32
0.0
 13
705.4687722222221
 23
700.2497777777776
 33
0.0
  0
SOLID
  5
157
330
17
100
AcDbEntity
  8
CENTER
 62
250
420
0
100
AcDbTrace
 10
698.5388055555555
 20
743.4509444444442
 30
0.0
 11
699.6193638888889
 21
736.2500444444443
 31
0.0
 12
705.4687722222221
 22
700.2497777777776
 32
0.0
 13
705.4687722222221
 23
700.2497777777776
 33
0.0
  0
SOLID
  5
158
330
17
100
AcDbEntity
  8
CENTER
 62
250
420
0
100
AcDbTrace
 10
692.1189555555554
 20
784.2504
 30
0.0
 11
698.5388055555555
 21
743.4509444444442
 31
0.0
 12
705.4687722222221
 22
700.2497777777776
 32
0.0
 13
705.4687722222221
 23
700.2497777777776
 33
0.0
  0
SOLID
  5
159
330
17
100
AcDbEntity
  8
CENTER
 62
250
420
0
100
AcDbTrace
 10
692.1189555555554
 20
784.2504
 30
0.0
 11
705.4687722222221
 21
700.2497777777776
 31
0.0
 12
704.7184138888888
 22
712.2498666666664
 32
0.0
 13
704.7184138888888
 23
712.2498666666664
 33
0.0
  0
SOLID
  5
15A
330
17
100
AcDbEntity
  8
CENTER
 62
250
420
0
100
AcDbTrace
 10
692.1189555555554
 20
784.2504
 30
0.0
 11
704.7184138888888
 21
712.2498666666664
 31
0.0
 12
703.7881388888889
 22
724.2499555555553
 32
0.0
 13
703.7881388888889
 23
724.2499555555553
 33
0.0
  0
SOLID
  5
15B
330
17
100
AcDbEntity
  8
CENTER
 62
250
420
0
100
AcDbTrace
 10
692.1189555555554
 20
784.2504
 30
0.0
 11
703.7881388888889
 21
724.2499555555553
 31
0.0
 12
703.1287972222221
 22
731.4508555555553
 32
0.0
 13
703.1287972222221
 23
731.4508555555553
 33
0.0
  0
SOLID
  5
15C
330
17
100
AcDbEntity
  8
CENTER
 62
250
420
0
100
AcDbTrace
 10
692.1189555555554
 20
784.2504
 30
0.0
 11
703.1287972222221
 21
731.4508555555553
 31
0.0
 12
702.6186805555554
 22
736.2500444444443
 32
0.0
 13
702.6186805555554
 23
736.2500444444443
 33
0.0
  0
SOLID
  5
15D
330
17
100
AcDbEntity
  8
CENTER
 62
250
420
0
100
AcDbTrace
 10
692.1189555555554
 20
784.2504
 30
0.0
 11
702.6186805555554
 21
736.2500444444443
 31
0.0
 12
701.7794222222221
 22
743.4509444444442
 32
0.0
 13
701.7794222222221
 23
743.4509444444442
 33
0.0
  0
SOLID
  5
15E
330
17
100
AcDbEntity
  8
CENTER
 62
250
420
0
100
AcDbTrace
 10
692.1189555555554
 20
784.2504
 30
0.0
 11
701.7794222222221
 21
743.4509444444442
 31
0.0
 12
701.119022222222
 22
748.2501333333331
 32
0.0
 13
701.119022222222
 23
748.2501333333331
 33
0.0
  0
SOLID
  5
15F
330
17
100
AcDbEntity
  8
CENTER
 62
250
420
0
100
AcDbTrace
 10
692.1189555555554
 20
784.2504
 30
0.0
 11
701.119022222222
 21
748.2501333333331
 31
0.0
 12
700.0088305555554
 22
755.4510333333332
 32
0.0
 13
700.0088305555554
 23
755.4510333333332
 33
0.0
  0
SOLID
  5
160
330
17
100
AcDbEntity
  8
CENTER
 62
250
420
0
100
AcDbTrace
 10
692.1189555555554
 20
784.2504
 30
0.0
 11
700.0088305555554
 21
755.4510333333332
 31
0.0
 12
699.1081888888888
 22
760.2502222222222
 32
0.0
 13
699.1081888888888
 23
760.2502222222222
 33
0.0
  0
SOLID
  5
161
330
17
100
AcDbEntity
  8
CENTER
 62
250
420
0
100
AcDbTrace
 10
692.1189555555554
 20
784.2504
 30
0.0
 11
699.1081888888888
 21
760.2502222222222
 31
0.0
 12
697.5482055555555
 22
767.4511222222221
 32
0.0
 13
697.5482055555555
 23
767.4511222222221
 33
0.0
  0
SOLID
  5
162
330
17
100
AcDbEntity
  8
CENTER
 62
250
420
0
100
AcDbTrace
 10
692.1189555555554
 20
784.2504
 30
0.0
 11
697.5482055555555
 21
767.4511222222221
 31
0.0
 12
696.3184222222221
 22
772.2503111111109
 32
0.0
 13
696.3184222222221
 23
772.2503111111109
 33
0.0
  0
SOLID
  5
163
330
17
100
AcDbEntity
  8
CENTER
 62
250
420
0
100
AcDbTrace
 10
696.3184222222221
 20
772.2503111111109
 30
0.0
 11
694.0387722222222
 21
779.451211111111
 31
0.0
 12
692.1189555555554
 22
784.2504
 32
0.0
 13
692.1189555555554
 23
784.2504
 33
0.0
  0
HATCH
  5
164
330
17
100
AcDbEntity
  8
CENTER
 62
7
420
0
100
AcDbHatch
 10
0.0
 20
0.0
 30
0.0
210
0.0
220
0.0
230
1.0
  2
SOLID
 70
1
 71
0
 91
1
 92
3
 72
0
 73
1
 93
54
 10
686.1203222222222
 20
784.2504
 10
688.5798888888888
 20
779.451211111111
 10
691.5199388888888
 20
772.250311111111
 10
693.1095555555555
 20
767.4511222222221
 10
695.1193305555555
 20
760.2502222222222
 10
696.2591555555556
 20
755.4510333333332
 10
697.6984888888888
 20
748.2501333333332
 10
698.5388055555555
 20
743.4509444444442
 10
699.6193638888889
 20
736.2500444444443
 10
700.2490722222221
 20
731.4508555555553
 10
701.1190222222223
 20
724.2499555555554
 10
702.3191722222223
 20
712.2498666666664
 10
703.3097722222221
 20
700.2497777777776
 10
704.1204555555556
 20
688.2496888888887
 10
704.8094305555555
 20
676.2495999999999
 10
705.4095055555556
 20
664.249511111111
 10
705.9185638888889
 20
652.2480111111109
 10
706.3694138888889
 20
640.2479222222221
 10
706.7588805555555
 20
628.2478333333332
 10
707.1187138888888
 20
616.2477444444444
 10
707.4499722222222
 20
604.2476555555554
 10
707.7198472222221
 20
592.2475666666664
 10
707.9897222222222
 20
580.2474777777776
 10
708.1992722222221
 20
568.2473888888886
 10
708.4098805555554
 20
556.2472999999998
 10
708.6194305555555
 20
544.2472111111108
 10
709.6100305555555
 20
544.2472111111108
 10
709.4597472222222
 20
556.2472999999998
 10
709.3084055555555
 20
568.2473888888886
 10
709.1284888888888
 20
580.2474777777776
 10
708.9189388888889
 20
592.2475666666664
 10
708.7093888888888
 20
604.2476555555554
 10
708.4395138888889
 20
616.2477444444444
 10
708.1685805555555
 20
628.2478333333331
 10
707.8690722222221
 20
640.2479222222221
 10
707.509238888889
 20
652.2480111111109
 10
707.1187138888888
 20
664.249511111111
 10
706.6689222222221
 20
676.2495999999999
 10
706.1291722222222
 20
688.2496888888886
 10
705.4687722222221
 20
700.2497777777776
 10
704.7184138888888
 20
712.2498666666664
 10
703.7881388888889
 20
724.2499555555553
 10
703.1287972222221
 20
731.4508555555553
 10
702.6186805555554
 20
736.2500444444443
 10
701.7794222222221
 20
743.4509444444442
 10
701.119022222222
 20
748.2501333333331
 10
700.0088305555554
 20
755.4510333333332
 10
699.1081888888888
 20
760.2502222222222
 10
697.5482055555555
 20
767.4511222222221
 10
696.3184222222221
 20
772.2503111111109
 10
694.0387722222222
 20
779.451211111111
 10
692.1189555555554
 20
784.2504
 10
686.1203222222222
 20
784.2504
 10
686.1203222222222
 20
784.2504
 97
0
 75
1
 76
1
 98
0
  0
LWPOLYLINE
  5
165
330
17
100
AcDbEntity
  8
CENTER
 62
250
100
AcDbPolyline
 90
54
 70
1
 10
698.1197055555555
 20
784.2504
 10
699.4701388888889
 20
779.451211111111
 10
701.1200805555555
 20
772.250311111111
 10
702.0207222222222
 20
767.4511222222221
 10
703.1309138888888
 20
760.2502222222222
 10
703.7606222222222
 20
755.4510333333332
 10
704.5406138888889
 20
748.2501333333332
 10
705.0210972222222
 20
743.4509444444442
 10
705.6201138888888
 20
736.2500444444443
 10
705.9799472222221
 20
731.4508555555553
 10
706.4604305555555
 20
724.2499555555554
 10
707.1197722222222
 20
712.2498666666664
 10
707.6605805555555
 20
700.2497777777776
 10
708.1103722222223
 20
688.2496888888887
 10
708.5008972222222
 20
676.2495999999999
 10
708.8310972222223
 20
664.249511111111
 10
709.1306055555556
 20
652.2480111111109
 10
709.3708472222222
 20
640.2479222222221
 10
709.5814555555556
 20
628.2478333333332
 10
709.7910055555556
 20
616.2477444444444
 10
709.9709222222223
 20
604.2476555555554
 10
710.1212055555555
 20
592.2475666666664
 10
710.2714888888889
 20
580.2474777777776
 10
710.3910805555556
 20
568.2473888888886
 10
710.5106722222223
 20
556.2472999999998
 10
710.6313222222223
 20
544.2472111111108
 10
711.620863888889
 20
544.2472111111108
 10
711.5605388888889
 20
556.2472999999998
 10
711.4705805555556
 20
568.2473888888886
 10
711.4102555555555
 20
580.2474777777776
 10
711.3202972222222
 20
592.2475666666664
 10
711.2303388888889
 20
604.2476555555554
 10
711.1107472222222
 20
616.2477444444444
 10
710.9911555555556
 20
628.2478333333331
 10
710.8715638888889
 20
640.2479222222221
 10
710.7212805555556
 20
652.2480111111109
 10
710.5413638888889
 20
664.249511111111
 10
710.3603888888889
 20
676.2495999999999
 10
710.1201472222223
 20
688.2496888888886
 10
709.8502722222223
 20
700.2497777777776
 10
709.5200722222222
 20
712.2498666666664
 10
709.1295472222223
 20
724.2499555555553
 10
708.8300388888889
 20
731.4508555555553
 10
708.6204888888889
 20
736.2500444444443
 10
708.2606555555556
 20
743.4509444444442
 10
707.9897222222223
 20
748.2501333333331
 10
707.5102972222223
 20
755.4510333333332
 10
707.1197722222223
 20
760.2502222222222
 10
706.4604305555557
 20
767.4511222222221
 10
705.9196222222223
 20
772.2503111111109
 10
704.9300805555556
 20
779.451211111111
 10
704.1193972222222
 20
784.2504
 10
698.1197055555555
 20
784.2504
 10
698.1197055555555
 20
784.2504
  0
SOLID
  5
166
330
17
100
AcDbEntity
  8
CENTER
 62
250
420
0
100
AcDbTrace
 10
704.1193972222222
 20
784.2504
 30
0.0
 11
698.1197055555555
 21
784.2504
 31
0.0
 12
699.4701388888889
 22
779.451211111111
 32
0.0
 13
699.4701388888889
 23
779.451211111111
 33
0.0
  0
SOLID
  5
167
330
17
100
AcDbEntity
  8
CENTER
 62
250
420
0
100
AcDbTrace
 10
704.1193972222222
 20
784.2504
 30
0.0
 11
699.4701388888889
 21
779.451211111111
 31
0.0
 12
701.1200805555555
 22
772.250311111111
 32
0.0
 13
701.1200805555555
 23
772.250311111111
 33
0.0
  0
SOLID
  5
168
330
17
100
AcDbEntity
  8
CENTER
 62
250
420
0
100
AcDbTrace
 10
704.1193972222222
 20
784.2504
 30
0.0
 11
701.1200805555555
 21
772.250311111111
 31
0.0
 12
702.0207222222222
 22
767.4511222222221
 32
0.0
 13
702.0207222222222
 23
767.4511222222221
 33
0.0
  0
SOLID
  5
169
330
17
100
AcDbEntity
  8
CENTER
 62
250
420
0
100
AcDbTrace
 10
704.1193972222222
 20
784.2504
 30
0.0
 11
702.0207222222222
 21
767.4511222222221
 31
0.0
 12
703.1309138888888
 22
760.2502222222222
 32
0.0
 13
703.1309138888888
 23
760.2502222222222
 33
0.0
  0
SOLID
  5
16A
330
17
100
AcDbEntity
  8
CENTER
 62
250
420
0
100
AcDbTrace
 10
704.1193972222222
 20
784.2504
 30
0.0
 11
703.1309138888888
 21
760.2502222222222
 31
0.0
 12
703.7606222222222
 22
755.4510333333332
 32
0.0
 13
703.7606222222222
 23
755.4510333333332
 33
0.0
  0
SOLID
  5
16B
330
17
100
AcDbEntity
  8
CENTER
 62
250
420
0
100
AcDbTrace
 10
704.1193972222222
 20
784.2504
 30
0.0
 11
703.7606222222222
 21
755.4510333333332
 31
0.0
 12
704.5406138888889
 22
748.2501333333332
 32
0.0
 13
704.5406138888889
 23
748.2501333333332
 33
0.0
  0
SOLID
  5
16C
330
17
100
AcDbEntity
  8
CENTER
 62
250
420
0
100
AcDbTrace
 10
704.1193972222222
 20
784.2504
 30
0.0
 11
704.5406138888889
 21
748.2501333333332
 31
0.0
 12
705.0210972222222
 22
743.4509444444442
 32
0.0
 13
705.0210972222222
 23
743.4509444444442
 33
0.0
  0
SOLID
  5
16D
330
17
100
AcDbEntity
  8
CENTER
 62
250
420
0
100
AcDbTrace
 10
704.1193972222222
 20
784.2504
 30
0.0
 11
705.0210972222222
 21
743.4509444444442
 31
0.0
 12
705.6201138888888
 22
736.2500444444443
 32
0.0
 13
705.6201138888888
 23
736.2500444444443
 33
0.0
  0
SOLID
  5
16E
330
17
100
AcDbEntity
  8
CENTER
 62
250
420
0
100
AcDbTrace
 10
704.1193972222222
 20
784.2504
 30
0.0
 11
705.6201138888888
 21
736.2500444444443
 31
0.0
 12
705.9799472222221
 22
731.4508555555553
 32
0.0
 13
705.9799472222221
 23
731.4508555555553
 33
0.0
  0
SOLID
  5
16F
330
17
100
AcDbEntity
  8
CENTER
 62
250
420
0
100
AcDbTrace
 10
704.1193972222222
 20
784.2504
 30
0.0
 11
705.9799472222221
 21
731.4508555555553
 31
0.0
 12
706.4604305555555
 22
724.2499555555554
 32
0.0
 13
706.4604305555555
 23
724.2499555555554
 33
0.0
  0
SOLID
  5
170
330
17
100
AcDbEntity
  8
CENTER
 62
250
420
0
100
AcDbTrace
 10
704.1193972222222
 20
784.2504
 30
0.0
 11
706.4604305555555
 21
724.2499555555554
 31
0.0
 12
707.1197722222222
 22
712.2498666666664
 32
0.0
 13
707.1197722222222
 23
712.2498666666664
 33
0.0
  0
SOLID
  5
171
330
17
100
AcDbEntity
  8
CENTER
 62
250
420
0
100
AcDbTrace
 10
704.1193972222222
 20
784.2504
 30
0.0
 11
707.1197722222222
 21
712.2498666666664
 31
0.0
 12
707.6605805555555
 22
700.2497777777776
 32
0.0
 13
707.6605805555555
 23
700.2497777777776
 33
0.0
  0
SOLID
  5
172
330
17
100
AcDbEntity
  8
CENTER
 62
250
420
0
100
AcDbTrace
 10
709.9709222222223
 20
604.2476555555554
 30
0.0
 11
710.1212055555555
 21
592.2475666666664
 31
0.0
 12
710.2714888888889
 22
580.2474777777776
 32
0.0
 13
710.2714888888889
 23
580.2474777777776
 33
0.0
  0
SOLID
  5
173
330
17
100
AcDbEntity
  8
CENTER
 62
250
420
0
100
AcDbTrace
 10
710.3910805555556
 20
568.2473888888886
 30
0.0
 11
710.5106722222223
 21
556.2472999999998
 31
0.0
 12
710.6313222222223
 22
544.2472111111108
 32
0.0
 13
710.6313222222223
 23
544.2472111111108
 33
0.0
  0
SOLID
  5
174
330
17
100
AcDbEntity
  8
CENTER
 62
250
420
0
100
AcDbTrace
 10
710.2714888888889
 20
580.2474777777776
 30
0.0
 11
710.3910805555556
 21
568.2473888888886
 31
0.0
 12
710.6313222222223
 22
544.2472111111108
 32
0.0
 13
710.6313222222223
 23
544.2472111111108
 33
0.0
  0
SOLID
  5
175
330
17
100
AcDbEntity
  8
CENTER
 62
250
420
0
100
AcDbTrace
 10
710.2714888888889
 20
580.2474777777776
 30
0.0
 11
710.6313222222223
 21
544.2472111111108
 31
0.0
 12
711.620863888889
 22
544.2472111111108
 32
0.0
 13
711.620863888889
 23
544.2472111111108
 33
0.0
  0
SOLID
  5
176
330
17
100
AcDbEntity
  8
CENTER
 62
250
420
0
100
AcDbTrace
 10
709.9709222222223
 20
604.2476555555554
 30
0.0
 11
710.2714888888889
 21
580.2474777777776
 31
0.0
 12
711.620863888889
 22
544.2472111111108
 32
0.0
 13
711.620863888889
 23
544.2472111111108
 33
0.0
  0
SOLID
  5
177
330
17
100
AcDbEntity
  8
CENTER
 62
250
420
0
100
AcDbTrace
 10
709.7910055555556
 20
616.2477444444444
 30
0.0
 11
709.9709222222223
 21
604.2476555555554
 31
0.0
 12
711.620863888889
 22
544.2472111111108
 32
0.0
 13
711.620863888889
 23
544.2472111111108
 33
0.0
  0
SOLID
  5
178
330
17
100
AcDbEntity
  8
CENTER
 62
250
420
0
100
AcDbTrace
 10
709.5814555555556
 20
628.2478333333332
 30
0.0
 11
709.7910055555556
 21
616.2477444444444
 31
0.0
 12
711.620863888889
 22
544.2472111111108
 32
0.0
 13
711.620863888889
 23
544.2472111111108
 33
0.0
  0
SOLID
  5
179
330
17
100
AcDbEntity
  8
CENTER
 62
250
420
0
100
AcDbTrace
 10
709.3708472222222
 20
640.2479222222221
 30
0.0
 11
709.5814555555556
 21
628.2478333333332
 31
0.0
 12
711.620863888889
 22
544.2472111111108
 32
0.0
 13
711.620863888889
 23
544.2472111111108
 33
0.0
  0
SOLID
  5
17A
330
17
100
AcDbEntity
  8
CENTER
 62
250
420
0
100
AcDbTrace
 10
709.1306055555556
 20
652.2480111111109
 30
0.0
 11
709.3708472222222
 21
640.2479222222221
 31
0.0
 12
711.620863888889
 22
544.2472111111108
 32
0.0
 13
711.620863888889
 23
544.2472111111108
 33
0.0
  0
SOLID
  5
17B
330
17
100
AcDbEntity
  8
CENTER
 62
250
420
0
100
AcDbTrace
 10
709.1306055555556
 20
652.2480111111109
 30
0.0
 11
711.620863888889
 21
544.2472111111108
 31
0.0
 12
711.5605388888889
 22
556.2472999999998
 32
0.0
 13
711.5605388888889
 23
556.2472999999998
 33
0.0
  0
SOLID
  5
17C
330
17
100
AcDbEntity
  8
CENTER
 62
250
420
0
100
AcDbTrace
 10
708.8310972222223
 20
664.249511111111
 30
0.0
 11
709.1306055555556
 21
652.2480111111109
 31
0.0
 12
711.5605388888889
 22
556.2472999999998
 32
0.0
 13
711.5605388888889
 23
556.2472999999998
 33
0.0
  0
SOLID
  5
17D
330
17
100
AcDbEntity
  8
CENTER
 62
250
420
0
100
AcDbTrace
 10
708.8310972222223
 20
664.249511111111
 30
0.0
 11
711.5605388888889
 21
556.2472999999998
 31
0.0
 12
711.4705805555556
 22
568.2473888888886
 32
0.0
 13
711.4705805555556
 23
568.2473888888886
 33
0.0
  0
SOLID
  5
17E
330
17
100
AcDbEntity
  8
CENTER
 62
250
420
0
100
AcDbTrace
 10
708.8310972222223
 20
664.249511111111
 30
0.0
 11
711.4705805555556
 21
568.2473888888886
 31
0.0
 12
711.4102555555555
 22
580.2474777777776
 32
0.0
 13
711.4102555555555
 23
580.2474777777776
 33
0.0
  0
SOLID
  5
17F
330
17
100
AcDbEntity
  8
CENTER
 62
250
420
0
100
AcDbTrace
 10
708.5008972222222
 20
676.2495999999999
 30
0.0
 11
708.8310972222223
 21
664.249511111111
 31
0.0
 12
711.4102555555555
 22
580.2474777777776
 32
0.0
 13
711.4102555555555
 23
580.2474777777776
 33
0.0
  0
SOLID
  5
180
330
17
100
AcDbEntity
  8
CENTER
 62
250
420
0
100
AcDbTrace
 10
708.5008972222222
 20
676.2495999999999
 30
0.0
 11
711.4102555555555
 21
580.2474777777776
 31
0.0
 12
711.3202972222222
 22
592.2475666666664
 32
0.0
 13
711.3202972222222
 23
592.2475666666664
 33
0.0
  0
SOLID
  5
181
330
17
100
AcDbEntity
  8
CENTER
 62
250
420
0
100
AcDbTrace
 10
708.1103722222223
 20
688.2496888888887
 30
0.0
 11
708.5008972222222
 21
676.2495999999999
 31
0.0
 12
711.3202972222222
 22
592.2475666666664
 32
0.0
 13
711.3202972222222
 23
592.2475666666664
 33
0.0
  0
SOLID
  5
182
330
17
100
AcDbEntity
  8
CENTER
 62
250
420
0
100
AcDbTrace
 10
708.1103722222223
 20
688.2496888888887
 30
0.0
 11
711.3202972222222
 21
592.2475666666664
 31
0.0
 12
711.2303388888889
 22
604.2476555555554
 32
0.0
 13
711.2303388888889
 23
604.2476555555554
 33
0.0
  0
SOLID
  5
183
330
17
100
AcDbEntity
  8
CENTER
 62
250
420
0
100
AcDbTrace
 10
708.1103722222223
 20
688.2496888888887
 30
0.0
 11
711.2303388888889
 21
604.2476555555554
 31
0.0
 12
711.1107472222222
 22
616.2477444444444
 32
0.0
 13
711.1107472222222
 23
616.2477444444444
 33
0.0
  0
SOLID
  5
184
330
17
100
AcDbEntity
  8
CENTER
 62
250
420
0
100
AcDbTrace
 10
707.6605805555555
 20
700.2497777777776
 30
0.0
 11
708.1103722222223
 21
688.2496888888887
 31
0.0
 12
711.1107472222222
 22
616.2477444444444
 32
0.0
 13
711.1107472222222
 23
616.2477444444444
 33
0.0
  0
SOLID
  5
185
330
17
100
AcDbEntity
  8
CENTER
 62
250
420
0
100
AcDbTrace
 10
707.6605805555555
 20
700.2497777777776
 30
0.0
 11
711.1107472222222
 21
616.2477444444444
 31
0.0
 12
710.9911555555556
 22
628.2478333333331
 32
0.0
 13
710.9911555555556
 23
628.2478333333331
 33
0.0
  0
SOLID
  5
186
330
17
100
AcDbEntity
  8
CENTER
 62
250
420
0
100
AcDbTrace
 10
704.1193972222222
 20
784.2504
 30
0.0
 11
707.6605805555555
 21
700.2497777777776
 31
0.0
 12
710.9911555555556
 22
628.2478333333331
 32
0.0
 13
710.9911555555556
 23
628.2478333333331
 33
0.0
  0
SOLID
  5
187
330
17
100
AcDbEntity
  8
CENTER
 62
250
420
0
100
AcDbTrace
 10
704.1193972222222
 20
784.2504
 30
0.0
 11
710.9911555555556
 21
628.2478333333331
 31
0.0
 12
710.8715638888889
 22
640.2479222222221
 32
0.0
 13
710.8715638888889
 23
640.2479222222221
 33
0.0
  0
SOLID
  5
188
330
17
100
AcDbEntity
  8
CENTER
 62
250
420
0
100
AcDbTrace
 10
704.1193972222222
 20
784.2504
 30
0.0
 11
710.8715638888889
 21
640.2479222222221
 31
0.0
 12
710.7212805555556
 22
652.2480111111109
 32
0.0
 13
710.7212805555556
 23
652.2480111111109
 33
0.0
  0
SOLID
  5
189
330
17
100
AcDbEntity
  8
CENTER
 62
250
420
0
100
AcDbTrace
 10
704.1193972222222
 20
784.2504
 30
0.0
 11
710.7212805555556
 21
652.2480111111109
 31
0.0
 12
710.5413638888889
 22
664.249511111111
 32
0.0
 13
710.5413638888889
 23
664.249511111111
 33
0.0
  0
SOLID
  5
18A
330
17
100
AcDbEntity
  8
CENTER
 62
250
420
0
100
AcDbTrace
 10
704.1193972222222
 20
784.2504
 30
0.0
 11
710.5413638888889
 21
664.249511111111
 31
0.0
 12
710.3603888888889
 22
676.2495999999999
 32
0.0
 13
710.3603888888889
 23
676.2495999999999
 33
0.0
  0
SOLID
  5
18B
330
17
100
AcDbEntity
  8
CENTER
 62
250
420
0
100
AcDbTrace
 10
704.1193972222222
 20
784.2504
 30
0.0
 11
710.3603888888889
 21
676.2495999999999
 31
0.0
 12
710.1201472222223
 22
688.2496888888886
 32
0.0
 13
710.1201472222223
 23
688.2496888888886
 33
0.0
  0
SOLID
  5
18C
330
17
100
AcDbEntity
  8
CENTER
 62
250
420
0
100
AcDbTrace
 10
704.1193972222222
 20
784.2504
 30
0.0
 11
710.1201472222223
 21
688.2496888888886
 31
0.0
 12
709.8502722222223
 22
700.2497777777776
 32
0.0
 13
709.8502722222223
 23
700.2497777777776
 33
0.0
  0
SOLID
  5
18D
330
17
100
AcDbEntity
  8
CENTER
 62
250
420
0
100
AcDbTrace
 10
704.1193972222222
 20
784.2504
 30
0.0
 11
709.8502722222223
 21
700.2497777777776
 31
0.0
 12
709.5200722222222
 22
712.2498666666664
 32
0.0
 13
709.5200722222222
 23
712.2498666666664
 33
0.0
  0
SOLID
  5
18E
330
17
100
AcDbEntity
  8
CENTER
 62
250
420
0
100
AcDbTrace
 10
704.1193972222222
 20
784.2504
 30
0.0
 11
709.5200722222222
 21
712.2498666666664
 31
0.0
 12
709.1295472222223
 22
724.2499555555553
 32
0.0
 13
709.1295472222223
 23
724.2499555555553
 33
0.0
  0
SOLID
  5
18F
330
17
100
AcDbEntity
  8
CENTER
 62
250
420
0
100
AcDbTrace
 10
704.1193972222222
 20
784.2504
 30
0.0
 11
709.1295472222223
 21
724.2499555555553
 31
0.0
 12
708.8300388888889
 22
731.4508555555553
 32
0.0
 13
708.8300388888889
 23
731.4508555555553
 33
0.0
  0
SOLID
  5
190
330
17
100
AcDbEntity
  8
CENTER
 62
250
420
0
100
AcDbTrace
 10
704.1193972222222
 20
784.2504
 30
0.0
 11
708.8300388888889
 21
731.4508555555553
 31
0.0
 12
708.6204888888889
 22
736.2500444444443
 32
0.0
 13
708.6204888888889
 23
736.2500444444443
 33
0.0
  0
SOLID
  5
191
330
17
100
AcDbEntity
  8
CENTER
 62
250
420
0
100
AcDbTrace
 10
704.1193972222222
 20
784.2504
 30
0.0
 11
708.6204888888889
 21
736.2500444444443
 31
0.0
 12
708.2606555555556
 22
743.4509444444442
 32
0.0
 13
708.2606555555556
 23
743.4509444444442
 33
0.0
  0
SOLID
  5
192
330
17
100
AcDbEntity
  8
CENTER
 62
250
420
0
100
AcDbTrace
 10
704.1193972222222
 20
784.2504
 30
0.0
 11
708.2606555555556
 21
743.4509444444442
 31
0.0
 12
707.9897222222223
 22
748.2501333333331
 32
0.0
 13
707.9897222222223
 23
748.2501333333331
 33
0.0
  0
SOLID
  5
193
330
17
100
AcDbEntity
  8
CENTER
 62
250
420
0
100
AcDbTrace
 10
704.1193972222222
 20
784.2504
 30
0.0
 11
707.9897222222223
 21
748.2501333333331
 31
0.0
 12
707.5102972222223
 22
755.4510333333332
 32
0.0
 13
707.5102972222223
 23
755.4510333333332
 33
0.0
  0
SOLID
  5
194
330
17
100
AcDbEntity
  8
CENTER
 62
250
420
0
100
AcDbTrace
 10
704.1193972222222
 20
784.2504
 30
0.0
 11
707.5102972222223
 21
755.4510333333332
 31
0.0
 12
707.1197722222223
 22
760.2502222222222
 32
0.0
 13
707.1197722222223
 23
760.2502222222222
 33
0.0
  0
SOLID
  5
195
330
17
100
AcDbEntity
  8
CENTER
 62
250
420
0
100
AcDbTrace
 10
704.1193972222222
 20
784.2504
 30
0.0
 11
707.1197722222223
 21
760.2502222222222
 31
0.0
 12
706.4604305555557
 22
767.4511222222221
 32
0.0
 13
706.4604305555557
 23
767.4511222222221
 33
0.0
  0
SOLID
  5
196
330
17
100
AcDbEntity
  8
CENTER
 62
250
420
0
100
AcDbTrace
 10
704.1193972222222
 20
784.2504
 30
0.0
 11
706.4604305555557
 21
767.4511222222221
 31
0.0
 12
705.9196222222223
 22
772.2503111111109
 32
0.0
 13
705.9196222222223
 23
772.2503111111109
 33
0.0
  0
SOLID
  5
197
330
17
100
AcDbEntity
  8
CENTER
 62
250
420
0
100
AcDbTrace
 10
705.9196222222223
 20
772.2503111111109
 30
0.0
 11
704.9300805555556
 21
779.451211111111
 31
0.0
 12
704.1193972222222
 22
784.2504
 32
0.0
 13
704.1193972222222
 23
784.2504
 33
0.0
  0
HATCH
  5
198
330
17
100
AcDbEntity
  8
CENTER
 62
7
420
0
100
AcDbHatch
 10
0.0
 20
0.0
 30
0.0
210
0.0
220
0.0
230
1.0
  2
SOLID
 70
1
 71
0
 91
1
 92
3
 72
0
 73
1
 93
54
 10
698.1197055555555
 20
784.2504
 10
699.4701388888889
 20
779.451211111111
 10
701.1200805555555
 20
772.250311111111
 10
702.0207222222222
 20
767.4511222222221
 10
703.1309138888888
 20
760.2502222222222
 10
703.7606222222222
 20
755.4510333333332
 10
704.5406138888889
 20
748.2501333333332
 10
705.0210972222222
 20
743.4509444444442
 10
705.6201138888888
 20
736.2500444444443
 10
705.9799472222221
 20
731.4508555555553
 10
706.4604305555555
 20
724.2499555555554
 10
707.1197722222222
 20
712.2498666666664
 10
707.6605805555555
 20
700.2497777777776
 10
708.1103722222223
 20
688.2496888888887
 10
708.5008972222222
 20
676.2495999999999
 10
708.8310972222223
 20
664.249511111111
 10
709.1306055555556
 20
652.2480111111109
 10
709.3708472222222
 20
640.2479222222221
 10
709.5814555555556
 20
628.2478333333332
 10
709.7910055555556
 20
616.2477444444444
 10
709.9709222222223
 20
604.2476555555554
 10
710.1212055555555
 20
592.2475666666664
 10
710.2714888888889
 20
580.2474777777776
 10
710.3910805555556
 20
568.2473888888886
 10
710.5106722222223
 20
556.2472999999998
 10
710.6313222222223
 20
544.2472111111108
 10
711.620863888889
 20
544.2472111111108
 10
711.5605388888889
 20
556.2472999999998
 10
711.4705805555556
 20
568.2473888888886
 10
711.4102555555555
 20
580.2474777777776
 10
711.3202972222222
 20
592.2475666666664
 10
711.2303388888889
 20
604.2476555555554
 10
711.1107472222222
 20
616.2477444444444
 10
710.9911555555556
 20
628.2478333333331
 10
710.8715638888889
 20
640.2479222222221
 10
710.7212805555556
 20
652.2480111111109
 10
710.5413638888889
 20
664.249511111111
 10
710.3603888888889
 20
676.2495999999999
 10
710.1201472222223
 20
688.2496888888886
 10
709.8502722222223
 20
700.2497777777776
 10
709.5200722222222
 20
712.2498666666664
 10
709.1295472222223
 20
724.2499555555553
 10
708.8300388888889
 20
731.4508555555553
 10
708.6204888888889
 20
736.2500444444443
 10
708.2606555555556
 20
743.4509444444442
 10
707.9897222222223
 20
748.2501333333331
 10
707.5102972222223
 20
755.4510333333332
 10
707.1197722222223
 20
760.2502222222222
 10
706.4604305555557
 20
767.4511222222221
 10
705.9196222222223
 20
772.2503111111109
 10
704.9300805555556
 20
779.451211111111
 10
704.1193972222222
 20
784.2504
 10
698.1197055555555
 20
784.2504
 10
698.1197055555555
 20
784.2504
 97
0
 75
1
 76
1
 98
0
  0
LWPOLYLINE
  5
199
330
17
100
AcDbEntity
  8
CENTER
 62
250
100
AcDbPolyline
 90
54
 70
1
 10
710.1201472222222
 20
784.2504
 10
710.3900222222221
 20
779.451211111111
 10
710.7212805555555
 20
772.250311111111
 10
710.9011972222222
 20
767.4511222222221
 10
711.1107472222221
 20
760.2502222222222
 10
711.2610305555554
 20
755.4510333333332
 10
711.4113138888888
 20
748.2501333333332
 10
711.501272222222
 20
743.4509444444442
 10
711.6208638888887
 20
736.2500444444443
 10
711.682247222222
 20
731.4508555555553
 10
711.8018388888887
 20
724.2499555555554
 10
711.9214305555554
 20
712.2498666666664
 10
712.0410222222221
 20
700.2497777777776
 10
712.1309805555554
 20
688.2496888888887
 10
712.1913055555553
 20
676.2495999999999
 10
712.2516305555554
 20
664.249511111111
 10
712.3119555555554
 20
652.2480111111109
 10
712.3722805555554
 20
640.2479222222221
 10
712.4019138888888
 20
628.2478333333332
 10
712.4622388888888
 20
616.2477444444444
 10
712.4918722222221
 20
604.2476555555554
 10
712.5215055555556
 20
592.2475666666664
 10
712.5511388888889
 20
580.2474777777776
 10
712.5807722222222
 20
568.2473888888886
 10
712.6104055555556
 20
556.2472999999998
 10
712.6104055555556
 20
544.2472111111108
 10
713.6306388888889
 20
544.2472111111108
 10
713.6306388888889
 20
556.2472999999998
 10
713.6602722222223
 20
568.2473888888886
 10
713.6899055555557
 20
580.2474777777776
 10
713.719538888889
 20
592.2475666666664
 10
713.7491722222223
 20
604.2476555555554
 10
713.7788055555557
 20
616.2477444444444
 10
713.8391305555557
 20
628.2478333333331
 10
713.8687638888891
 20
640.2479222222221
 10
713.9301472222224
 20
652.2480111111109
 10
713.9904722222225
 20
664.249511111111
 10
714.0507972222224
 20
676.2495999999999
 10
714.1111222222224
 20
688.2496888888886
 10
714.2010805555558
 20
700.2497777777776
 10
714.3206722222225
 20
712.2498666666664
 10
714.4402638888891
 20
724.2499555555553
 10
714.5598555555558
 20
731.4508555555553
 10
714.6201805555557
 20
736.2500444444443
 10
714.7397722222224
 20
743.4509444444442
 10
714.8297305555557
 20
748.2501333333331
 10
715.0096472222225
 20
755.4510333333332
 10
715.1302972222225
 20
760.2502222222222
 10
715.3398472222224
 20
767.4511222222221
 10
715.5197638888891
 20
772.2503111111109
 10
715.8499638888891
 20
779.451211111111
 10
716.1198388888891
 20
784.2504
 10
710.1201472222222
 20
784.2504
 10
710.1201472222222
 20
784.2504
  0
SOLID
  5
19A
330
17
100
AcDbEntity
  8
CENTER
 62
250
420
0
100
AcDbTrace
 10
716.1198388888891
 20
784.2504
 30
0.0
 11
710.1201472222222
 21
784.2504
 31
0.0
 12
710.3900222222221
 22
779.451211111111
 32
0.0
 13
710.3900222222221
 23
779.451211111111
 33
0.0
  0
SOLID
  5
19B
330
17
100
AcDbEntity
  8
CENTER
 62
250
420
0
100
AcDbTrace
 10
716.1198388888891
 20
784.2504
 30
0.0
 11
710.3900222222221
 21
779.451211111111
 31
0.0
 12
710.7212805555555
 22
772.250311111111
 32
0.0
 13
710.7212805555555
 23
772.250311111111
 33
0.0
  0
SOLID
  5
19C
330
17
100
AcDbEntity
  8
CENTER
 62
250
420
0
100
AcDbTrace
 10
716.1198388888891
 20
784.2504
 30
0.0
 11
710.7212805555555
 21
772.250311111111
 31
0.0
 12
710.9011972222222
 22
767.4511222222221
 32
0.0
 13
710.9011972222222
 23
767.4511222222221
 33
0.0
  0
SOLID
  5
19D
330
17
100
AcDbEntity
  8
CENTER
 62
250
420
0
100
AcDbTrace
 10
716.1198388888891
 20
784.2504
 30
0.0
 11
710.9011972222222
 21
767.4511222222221
 31
0.0
 12
711.1107472222221
 22
760.2502222222222
 32
0.0
 13
711.1107472222221
 23
760.2502222222222
 33
0.0
  0
SOLID
  5
19E
330
17
100
AcDbEntity
  8
CENTER
 62
250
420
0
100
AcDbTrace
 10
716.1198388888891
 20
784.2504
 30
0.0
 11
711.1107472222221
 21
760.2502222222222
 31
0.0
 12
711.2610305555554
 22
755.4510333333332
 32
0.0
 13
711.2610305555554
 23
755.4510333333332
 33
0.0
  0
SOLID
  5
19F
330
17
100
AcDbEntity
  8
CENTER
 62
250
420
0
100
AcDbTrace
 10
716.1198388888891
 20
784.2504
 30
0.0
 11
711.2610305555554
 21
755.4510333333332
 31
0.0
 12
711.4113138888888
 22
748.2501333333332
 32
0.0
 13
711.4113138888888
 23
748.2501333333332
 33
0.0
  0
SOLID
  5
1A0
330
17
100
AcDbEntity
  8
CENTER
 62
250
420
0
100
AcDbTrace
 10
716.1198388888891
 20
784.2504
 30
0.0
 11
711.4113138888888
 21
748.2501333333332
 31
0.0
 12
711.501272222222
 22
743.4509444444442
 32
0.0
 13
711.501272222222
 23
743.4509444444442
 33
0.0
  0
SOLID
  5
1A1
330
17
100
AcDbEntity
  8
CENTER
 62
250
420
0
100
AcDbTrace
 10
716.1198388888891
 20
784.2504
 30
0.0
 11
711.501272222222
 21
743.4509444444442
 31
0.0
 12
711.6208638888887
 22
736.2500444444443
 32
0.0
 13
711.6208638888887
 23
736.2500444444443
 33
0.0
  0
SOLID
  5
1A2
330
17
100
AcDbEntity
  8
CENTER
 62
250
420
0
100
AcDbTrace
 10
716.1198388888891
 20
784.2504
 30
0.0
 11
711.6208638888887
 21
736.2500444444443
 31
0.0
 12
711.682247222222
 22
731.4508555555553
 32
0.0
 13
711.682247222222
 23
731.4508555555553
 33
0.0
  0
SOLID
  5
1A3
330
17
100
AcDbEntity
  8
CENTER
 62
250
420
0
100
AcDbTrace
 10
716.1198388888891
 20
784.2504
 30
0.0
 11
711.682247222222
 21
731.4508555555553
 31
0.0
 12
711.8018388888887
 22
724.2499555555554
 32
0.0
 13
711.8018388888887
 23
724.2499555555554
 33
0.0
  0
SOLID
  5
1A4
330
17
100
AcDbEntity
  8
CENTER
 62
250
420
0
100
AcDbTrace
 10
716.1198388888891
 20
784.2504
 30
0.0
 11
711.8018388888887
 21
724.2499555555554
 31
0.0
 12
711.9214305555554
 22
712.2498666666664
 32
0.0
 13
711.9214305555554
 23
712.2498666666664
 33
0.0
  0
SOLID
  5
1A5
330
17
100
AcDbEntity
  8
CENTER
 62
250
420
0
100
AcDbTrace
 10
712.1309805555554
 20
688.2496888888887
 30
0.0
 11
712.1913055555553
 21
676.2495999999999
 31
0.0
 12
712.2516305555554
 22
664.249511111111
 32
0.0
 13
712.2516305555554
 23
664.249511111111
 33
0.0
  0
SOLID
  5
1A6
330
17
100
AcDbEntity
  8
CENTER
 62
250
420
0
100
AcDbTrace
 10
712.2516305555554
 20
664.249511111111
 30
0.0
 11
712.3119555555554
 21
652.2480111111109
 31
0.0
 12
712.3722805555554
 22
640.2479222222221
 32
0.0
 13
712.3722805555554
 23
640.2479222222221
 33
0.0
  0
SOLID
  5
1A7
330
17
100
AcDbEntity
  8
CENTER
 62
250
420
0
100
AcDbTrace
 10
712.3722805555554
 20
640.2479222222221
 30
0.0
 11
712.4019138888888
 21
628.2478333333332
 31
0.0
 12
712.4622388888888
 22
616.2477444444444
 32
0.0
 13
712.4622388888888
 23
616.2477444444444
 33
0.0
  0
SOLID
  5
1A8
330
17
100
AcDbEntity
  8
CENTER
 62
250
420
0
100
AcDbTrace
 10
712.4622388888888
 20
616.2477444444444
 30
0.0
 11
712.4918722222221
 21
604.2476555555554
 31
0.0
 12
712.5215055555556
 22
592.2475666666664
 32
0.0
 13
712.5215055555556
 23
592.2475666666664
 33
0.0
  0
SOLID
  5
1A9
330
17
100
AcDbEntity
  8
CENTER
 62
250
420
0
100
AcDbTrace
 10
712.5511388888889
 20
580.2474777777776
 30
0.0
 11
712.5807722222222
 21
568.2473888888886
 31
0.0
 12
712.6104055555556
 22
556.2472999999998
 32
0.0
 13
712.6104055555556
 23
556.2472999999998
 33
0.0
  0
SOLID
  5
1AA
330
17
100
AcDbEntity
  8
CENTER
 62
250
420
0
100
AcDbTrace
 10
712.5215055555556
 20
592.2475666666664
 30
0.0
 11
712.5511388888889
 21
580.2474777777776
 31
0.0
 12
712.6104055555556
 22
556.2472999999998
 32
0.0
 13
712.6104055555556
 23
556.2472999999998
 33
0.0
  0
SOLID
  5
1AB
330
17
100
AcDbEntity
  8
CENTER
 62
250
420
0
100
AcDbTrace
 10
712.6104055555556
 20
556.2472999999998
 30
0.0
 11
712.6104055555556
 21
544.2472111111108
 31
0.0
 12
713.6306388888889
 22
544.2472111111108
 32
0.0
 13
713.6306388888889
 23
544.2472111111108
 33
0.0
  0
SOLID
  5
1AC
330
17
100
AcDbEntity
  8
CENTER
 62
250
420
0
100
AcDbTrace
 10
712.5215055555556
 20
592.2475666666664
 30
0.0
 11
712.6104055555556
 21
556.2472999999998
 31
0.0
 12
713.6306388888889
 22
544.2472111111108
 32
0.0
 13
713.6306388888889
 23
544.2472111111108
 33
0.0
  0
SOLID
  5
1AD
330
17
100
AcDbEntity
  8
CENTER
 62
250
420
0
100
AcDbTrace
 10
712.4622388888888
 20
616.2477444444444
 30
0.0
 11
712.5215055555556
 21
592.2475666666664
 31
0.0
 12
713.6306388888889
 22
544.2472111111108
 32
0.0
 13
713.6306388888889
 23
544.2472111111108
 33
0.0
  0
SOLID
  5
1AE
330
17
100
AcDbEntity
  8
CENTER
 62
250
420
0
100
AcDbTrace
 10
712.3722805555554
 20
640.2479222222221
 30
0.0
 11
712.4622388888888
 21
616.2477444444444
 31
0.0
 12
713.6306388888889
 22
544.2472111111108
 32
0.0
 13
713.6306388888889
 23
544.2472111111108
 33
0.0
  0
SOLID
  5
1AF
330
17
100
AcDbEntity
  8
CENTER
 62
250
420
0
100
AcDbTrace
 10
712.2516305555554
 20
664.249511111111
 30
0.0
 11
712.3722805555554
 21
640.2479222222221
 31
0.0
 12
713.6306388888889
 22
544.2472111111108
 32
0.0
 13
713.6306388888889
 23
544.2472111111108
 33
0.0
  0
SOLID
  5
1B0
330
17
100
AcDbEntity
  8
CENTER
 62
250
420
0
100
AcDbTrace
 10
712.1309805555554
 20
688.2496888888887
 30
0.0
 11
712.2516305555554
 21
664.249511111111
 31
0.0
 12
713.6306388888889
 22
544.2472111111108
 32
0.0
 13
713.6306388888889
 23
544.2472111111108
 33
0.0
  0
SOLID
  5
1B1
330
17
100
AcDbEntity
  8
CENTER
 62
250
420
0
100
AcDbTrace
 10
712.0410222222221
 20
700.2497777777776
 30
0.0
 11
712.1309805555554
 21
688.2496888888887
 31
0.0
 12
713.6306388888889
 22
544.2472111111108
 32
0.0
 13
713.6306388888889
 23
544.2472111111108
 33
0.0
  0
SOLID
  5
1B2
330
17
100
AcDbEntity
  8
CENTER
 62
250
420
0
100
AcDbTrace
 10
711.9214305555554
 20
712.2498666666664
 30
0.0
 11
712.0410222222221
 21
700.2497777777776
 31
0.0
 12
713.6306388888889
 22
544.2472111111108
 32
0.0
 13
713.6306388888889
 23
544.2472111111108
 33
0.0
  0
SOLID
  5
1B3
330
17
100
AcDbEntity
  8
CENTER
 62
250
420
0
100
AcDbTrace
 10
711.9214305555554
 20
712.2498666666664
 30
0.0
 11
713.6306388888889
 21
544.2472111111108
 31
0.0
 12
713.6306388888889
 22
556.2472999999998
 32
0.0
 13
713.6306388888889
 23
556.2472999999998
 33
0.0
  0
SOLID
  5
1B4
330
17
100
AcDbEntity
  8
CENTER
 62
250
420
0
100
AcDbTrace
 10
711.9214305555554
 20
712.2498666666664
 30
0.0
 11
713.6306388888889
 21
556.2472999999998
 31
0.0
 12
713.6602722222223
 22
568.2473888888886
 32
0.0
 13
713.6602722222223
 23
568.2473888888886
 33
0.0
  0
SOLID
  5
1B5
330
17
100
AcDbEntity
  8
CENTER
 62
250
420
0
100
AcDbTrace
 10
711.9214305555554
 20
712.2498666666664
 30
0.0
 11
713.6602722222223
 21
568.2473888888886
 31
0.0
 12
713.6899055555557
 22
580.2474777777776
 32
0.0
 13
713.6899055555557
 23
580.2474777777776
 33
0.0
  0
SOLID
  5
1B6
330
17
100
AcDbEntity
  8
CENTER
 62
250
420
0
100
AcDbTrace
 10
711.9214305555554
 20
712.2498666666664
 30
0.0
 11
713.6899055555557
 21
580.2474777777776
 31
0.0
 12
713.719538888889
 22
592.2475666666664
 32
0.0
 13
713.719538888889
 23
592.2475666666664
 33
0.0
  0
SOLID
  5
1B7
330
17
100
AcDbEntity
  8
CENTER
 62
250
420
0
100
AcDbTrace
 10
711.9214305555554
 20
712.2498666666664
 30
0.0
 11
713.719538888889
 21
592.2475666666664
 31
0.0
 12
713.7491722222223
 22
604.2476555555554
 32
0.0
 13
713.7491722222223
 23
604.2476555555554
 33
0.0
  0
SOLID
  5
1B8
330
17
100
AcDbEntity
  8
CENTER
 62
250
420
0
100
AcDbTrace
 10
711.9214305555554
 20
712.2498666666664
 30
0.0
 11
713.7491722222223
 21
604.2476555555554
 31
0.0
 12
713.7788055555557
 22
616.2477444444444
 32
0.0
 13
713.7788055555557
 23
616.2477444444444
 33
0.0
  0
SOLID
  5
1B9
330
17
100
AcDbEntity
  8
CENTER
 62
250
420
0
100
AcDbTrace
 10
711.9214305555554
 20
712.2498666666664
 30
0.0
 11
713.7788055555557
 21
616.2477444444444
 31
0.0
 12
713.8391305555557
 22
628.2478333333331
 32
0.0
 13
713.8391305555557
 23
628.2478333333331
 33
0.0
  0
SOLID
  5
1BA
330
17
100
AcDbEntity
  8
CENTER
 62
250
420
0
100
AcDbTrace
 10
711.9214305555554
 20
712.2498666666664
 30
0.0
 11
713.8391305555557
 21
628.2478333333331
 31
0.0
 12
713.8687638888891
 22
640.2479222222221
 32
0.0
 13
713.8687638888891
 23
640.2479222222221
 33
0.0
  0
SOLID
  5
1BB
330
17
100
AcDbEntity
  8
CENTER
 62
250
420
0
100
AcDbTrace
 10
711.9214305555554
 20
712.2498666666664
 30
0.0
 11
713.8687638888891
 21
640.2479222222221
 31
0.0
 12
713.9301472222224
 22
652.2480111111109
 32
0.0
 13
713.9301472222224
 23
652.2480111111109
 33
0.0
  0
SOLID
  5
1BC
330
17
100
AcDbEntity
  8
CENTER
 62
250
420
0
100
AcDbTrace
 10
711.9214305555554
 20
712.2498666666664
 30
0.0
 11
713.9301472222224
 21
652.2480111111109
 31
0.0
 12
713.9904722222225
 22
664.249511111111
 32
0.0
 13
713.9904722222225
 23
664.249511111111
 33
0.0
  0
SOLID
  5
1BD
330
17
100
AcDbEntity
  8
CENTER
 62
250
420
0
100
AcDbTrace
 10
711.9214305555554
 20
712.2498666666664
 30
0.0
 11
713.9904722222225
 21
664.249511111111
 31
0.0
 12
714.0507972222224
 22
676.2495999999999
 32
0.0
 13
714.0507972222224
 23
676.2495999999999
 33
0.0
  0
SOLID
  5
1BE
330
17
100
AcDbEntity
  8
CENTER
 62
250
420
0
100
AcDbTrace
 10
711.9214305555554
 20
712.2498666666664
 30
0.0
 11
714.0507972222224
 21
676.2495999999999
 31
0.0
 12
714.1111222222224
 22
688.2496888888886
 32
0.0
 13
714.1111222222224
 23
688.2496888888886
 33
0.0
  0
SOLID
  5
1BF
330
17
100
AcDbEntity
  8
CENTER
 62
250
420
0
100
AcDbTrace
 10
711.9214305555554
 20
712.2498666666664
 30
0.0
 11
714.1111222222224
 21
688.2496888888886
 31
0.0
 12
714.2010805555558
 22
700.2497777777776
 32
0.0
 13
714.2010805555558
 23
700.2497777777776
 33
0.0
  0
SOLID
  5
1C0
330
17
100
AcDbEntity
  8
CENTER
 62
250
420
0
100
AcDbTrace
 10
711.9214305555554
 20
712.2498666666664
 30
0.0
 11
714.2010805555558
 21
700.2497777777776
 31
0.0
 12
714.3206722222225
 22
712.2498666666664
 32
0.0
 13
714.3206722222225
 23
712.2498666666664
 33
0.0
  0
SOLID
  5
1C1
330
17
100
AcDbEntity
  8
CENTER
 62
250
420
0
100
AcDbTrace
 10
711.9214305555554
 20
712.2498666666664
 30
0.0
 11
714.3206722222225
 21
712.2498666666664
 31
0.0
 12
714.4402638888891
 22
724.2499555555553
 32
0.0
 13
714.4402638888891
 23
724.2499555555553
 33
0.0
  0
SOLID
  5
1C2
330
17
100
AcDbEntity
  8
CENTER
 62
250
420
0
100
AcDbTrace
 10
711.9214305555554
 20
712.2498666666664
 30
0.0
 11
714.4402638888891
 21
724.2499555555553
 31
0.0
 12
714.5598555555558
 22
731.4508555555553
 32
0.0
 13
714.5598555555558
 23
731.4508555555553
 33
0.0
  0
SOLID
  5
1C3
330
17
100
AcDbEntity
  8
CENTER
 62
250
420
0
100
AcDbTrace
 10
711.9214305555554
 20
712.2498666666664
 30
0.0
 11
714.5598555555558
 21
731.4508555555553
 31
0.0
 12
714.6201805555557
 22
736.2500444444443
 32
0.0
 13
714.6201805555557
 23
736.2500444444443
 33
0.0
  0
SOLID
  5
1C4
330
17
100
AcDbEntity
  8
CENTER
 62
250
420
0
100
AcDbTrace
 10
711.9214305555554
 20
712.2498666666664
 30
0.0
 11
714.6201805555557
 21
736.2500444444443
 31
0.0
 12
714.7397722222224
 22
743.4509444444442
 32
0.0
 13
714.7397722222224
 23
743.4509444444442
 33
0.0
  0
SOLID
  5
1C5
330
17
100
AcDbEntity
  8
CENTER
 62
250
420
0
100
AcDbTrace
 10
711.9214305555554
 20
712.2498666666664
 30
0.0
 11
714.7397722222224
 21
743.4509444444442
 31
0.0
 12
714.8297305555557
 22
748.2501333333331
 32
0.0
 13
714.8297305555557
 23
748.2501333333331
 33
0.0
  0
SOLID
  5
1C6
330
17
100
AcDbEntity
  8
CENTER
 62
250
420
0
100
AcDbTrace
 10
711.9214305555554
 20
712.2498666666664
 30
0.0
 11
714.8297305555557
 21
748.2501333333331
 31
0.0
 12
715.0096472222225
 22
755.4510333333332
 32
0.0
 13
715.0096472222225
 23
755.4510333333332
 33
0.0
  0
SOLID
  5
1C7
330
17
100
AcDbEntity
  8
CENTER
 62
250
420
0
100
AcDbTrace
 10
711.9214305555554
 20
712.2498666666664
 30
0.0
 11
715.0096472222225
 21
755.4510333333332
 31
0.0
 12
715.1302972222225
 22
760.2502222222222
 32
0.0
 13
715.1302972222225
 23
760.2502222222222
 33
0.0
  0
SOLID
  5
1C8
330
17
100
AcDbEntity
  8
CENTER
 62
250
420
0
100
AcDbTrace
 10
711.9214305555554
 20
712.2498666666664
 30
0.0
 11
715.1302972222225
 21
760.2502222222222
 31
0.0
 12
715.3398472222224
 22
767.4511222222221
 32
0.0
 13
715.3398472222224
 23
767.4511222222221
 33
0.0
  0
SOLID
  5
1C9
330
17
100
AcDbEntity
  8
CENTER
 62
250
420
0
100
AcDbTrace
 10
711.9214305555554
 20
712.2498666666664
 30
0.0
 11
715.3398472222224
 21
767.4511222222221
 31
0.0
 12
715.5197638888891
 22
772.2503111111109
 32
0.0
 13
715.5197638888891
 23
772.2503111111109
 33
0.0
  0
SOLID
  5
1CA
330
17
100
AcDbEntity
  8
CENTER
 62
250
420
0
100
AcDbTrace
 10
711.9214305555554
 20
712.2498666666664
 30
0.0
 11
715.5197638888891
 21
772.2503111111109
 31
0.0
 12
715.8499638888891
 22
779.451211111111
 32
0.0
 13
715.8499638888891
 23
779.451211111111
 33
0.0
  0
SOLID
  5
1CB
330
17
100
AcDbEntity
  8
CENTER
 62
250
420
0
100
AcDbTrace
 10
711.9214305555554
 20
712.2498666666664
 30
0.0
 11
715.8499638888891
 21
779.451211111111
 31
0.0
 12
716.1198388888891
 22
784.2504
 32
0.0
 13
716.1198388888891
 23
784.2504
 33
0.0
  0
HATCH
  5
1CC
330
17
100
AcDbEntity
  8
CENTER
 62
7
420
0
100
AcDbHatch
 10
0.0
 20
0.0
 30
0.0
210
0.0
220
0.0
230
1.0
  2
SOLID
 70
1
 71
0
 91
1
 92
3
 72
0
 73
1
 93
54
 10
710.1201472222222
 20
784.2504
 10
710.3900222222221
 20
779.451211111111
 10
710.7212805555555
 20
772.250311111111
 10
710.9011972222222
 20
767.4511222222221
 10
711.1107472222221
 20
760.2502222222222
 10
711.2610305555554
 20
755.4510333333332
 10
711.4113138888888
 20
748.2501333333332
 10
711.501272222222
 20
743.4509444444442
 10
711.6208638888887
 20
736.2500444444443
 10
711.682247222222
 20
731.4508555555553
 10
711.8018388888887
 20
724.2499555555554
 10
711.9214305555554
 20
712.2498666666664
 10
712.0410222222221
 20
700.2497777777776
 10
712.1309805555554
 20
688.2496888888887
 10
712.1913055555553
 20
676.2495999999999
 10
712.2516305555554
 20
664.249511111111
 10
712.3119555555554
 20
652.2480111111109
 10
712.3722805555554
 20
640.2479222222221
 10
712.4019138888888
 20
628.2478333333332
 10
712.4622388888888
 20
616.2477444444444
 10
712.4918722222221
 20
604.2476555555554
 10
712.5215055555556
 20
592.2475666666664
 10
712.5511388888889
 20
580.2474777777776
 10
712.5807722222222
 20
568.2473888888886
 10
712.6104055555556
 20
556.2472999999998
 10
712.6104055555556
 20
544.2472111111108
 10
713.6306388888889
 20
544.2472111111108
 10
713.6306388888889
 20
556.2472999999998
 10
713.6602722222223
 20
568.2473888888886
 10
713.6899055555557
 20
580.2474777777776
 10
713.719538888889
 20
592.2475666666664
 10
713.7491722222223
 20
604.2476555555554
 10
713.7788055555557
 20
616.2477444444444
 10
713.8391305555557
 20
628.2478333333331
 10
713.8687638888891
 20
640.2479222222221
 10
713.9301472222224
 20
652.2480111111109
 10
713.9904722222225
 20
664.249511111111
 10
714.0507972222224
 20
676.2495999999999
 10
714.1111222222224
 20
688.2496888888886
 10
714.2010805555558
 20
700.2497777777776
 10
714.3206722222225
 20
712.2498666666664
 10
714.4402638888891
 20
724.2499555555553
 10
714.5598555555558
 20
731.4508555555553
 10
714.6201805555557
 20
736.2500444444443
 10
714.7397722222224
 20
743.4509444444442
 10
714.8297305555557
 20
748.2501333333331
 10
715.0096472222225
 20
755.4510333333332
 10
715.1302972222225
 20
760.2502222222222
 10
715.3398472222224
 20
767.4511222222221
 10
715.5197638888891
 20
772.2503111111109
 10
715.8499638888891
 20
779.451211111111
 10
716.1198388888891
 20
784.2504
 10
710.1201472222222
 20
784.2504
 10
710.1201472222222
 20
784.2504
 97
0
 75
1
 76
1
 98
0
  0
LWPOLYLINE
  5
1CD
330
17
100
AcDbEntity
  8
CENTER
 62
250
100
AcDbPolyline
 90
54
 70
1
 10
722.1205888888887
 20
784.2504
 10
721.3099055555555
 20
779.451211111111
 10
720.3193055555555
 20
772.250311111111
 10
719.7795555555555
 20
767.4511222222221
 10
719.1191555555555
 20
760.2502222222222
 10
718.7593222222221
 20
755.4510333333332
 10
718.2492055555555
 20
748.2501333333332
 10
717.9793305555554
 20
743.4509444444442
 10
717.6194972222222
 20
736.2500444444443
 10
717.4099472222222
 20
731.4508555555553
 10
717.1093805555556
 20
724.2499555555554
 10
716.7199138888889
 20
712.2498666666664
 10
716.3897138888889
 20
700.2497777777776
 10
716.1187805555555
 20
688.2496888888887
 10
715.8785388888889
 20
676.2495999999999
 10
715.6986222222222
 20
664.249511111111
 10
715.5187055555556
 20
652.2480111111109
 10
715.3684222222222
 20
640.2479222222221
 10
715.2488305555555
 20
628.2478333333332
 10
715.1292388888888
 20
616.2477444444444
 10
715.0085888888889
 20
604.2476555555554
 10
714.9186305555555
 20
592.2475666666664
 10
714.8286722222223
 20
580.2474777777776
 10
714.7683472222222
 20
568.2473888888886
 10
714.678388888889
 20
556.2472999999998
 10
714.618063888889
 20
544.2472111111108
 10
715.6086638888889
 20
544.2472111111108
 10
715.7282555555556
 20
556.2472999999998
 10
715.8478472222222
 20
568.2473888888886
 10
715.9674388888889
 20
580.2474777777776
 10
716.1177222222223
 20
592.2475666666664
 10
716.2690638888889
 20
604.2476555555554
 10
716.4489805555555
 20
616.2477444444444
 10
716.6585305555556
 20
628.2478333333331
 10
716.8680805555555
 20
640.2479222222221
 10
717.1083222222222
 20
652.2480111111109
 10
717.4088888888888
 20
664.249511111111
 10
717.7390888888889
 20
676.2495999999999
 10
718.1285555555554
 20
688.2496888888886
 10
718.5794055555555
 20
700.2497777777776
 10
719.1191555555555
 20
712.2498666666664
 10
719.7795555555555
 20
724.2499555555553
 10
720.2589805555555
 20
731.4508555555553
 10
720.6188138888888
 20
736.2500444444443
 10
721.2188888888887
 20
743.4509444444442
 10
721.6993722222221
 20
748.2501333333331
 10
722.5089972222221
 20
755.4510333333332
 10
723.109072222222
 20
760.2502222222222
 10
724.2192638888887
 20
767.4511222222221
 10
725.1188472222221
 20
772.2503111111109
 10
726.7698472222221
 20
779.451211111111
 10
728.1192222222222
 20
784.2504
 10
722.1205888888887
 20
784.2504
 10
722.1205888888887
 20
784.2504
  0
SOLID
  5
1CE
330
17
100
AcDbEntity
  8
CENTER
 62
250
420
0
100
AcDbTrace
 10
728.1192222222222
 20
784.2504
 30
0.0
 11
722.1205888888887
 21
784.2504
 31
0.0
 12
721.3099055555555
 22
779.451211111111
 32
0.0
 13
721.3099055555555
 23
779.451211111111
 33
0.0
  0
SOLID
  5
1CF
330
17
100
AcDbEntity
  8
CENTER
 62
250
420
0
100
AcDbTrace
 10
728.1192222222222
 20
784.2504
 30
0.0
 11
721.3099055555555
 21
779.451211111111
 31
0.0
 12
720.3193055555555
 22
772.250311111111
 32
0.0
 13
720.3193055555555
 23
772.250311111111
 33
0.0
  0
SOLID
  5
1D0
330
17
100
AcDbEntity
  8
CENTER
 62
250
420
0
100
AcDbTrace
 10
728.1192222222222
 20
784.2504
 30
0.0
 11
720.3193055555555
 21
772.250311111111
 31
0.0
 12
719.7795555555555
 22
767.4511222222221
 32
0.0
 13
719.7795555555555
 23
767.4511222222221
 33
0.0
  0
SOLID
  5
1D1
330
17
100
AcDbEntity
  8
CENTER
 62
250
420
0
100
AcDbTrace
 10
728.1192222222222
 20
784.2504
 30
0.0
 11
719.7795555555555
 21
767.4511222222221
 31
0.0
 12
719.1191555555555
 22
760.2502222222222
 32
0.0
 13
719.1191555555555
 23
760.2502222222222
 33
0.0
  0
SOLID
  5
1D2
330
17
100
AcDbEntity
  8
CENTER
 62
250
420
0
100
AcDbTrace
 10
728.1192222222222
 20
784.2504
 30
0.0
 11
719.1191555555555
 21
760.2502222222222
 31
0.0
 12
718.7593222222221
 22
755.4510333333332
 32
0.0
 13
718.7593222222221
 23
755.4510333333332
 33
0.0
  0
SOLID
  5
1D3
330
17
100
AcDbEntity
  8
CENTER
 62
250
420
0
100
AcDbTrace
 10
718.7593222222221
 20
755.4510333333332
 30
0.0
 11
718.2492055555555
 21
748.2501333333332
 31
0.0
 12
717.9793305555554
 22
743.4509444444442
 32
0.0
 13
717.9793305555554
 23
743.4509444444442
 33
0.0
  0
SOLID
  5
1D4
330
17
100
AcDbEntity
  8
CENTER
 62
250
420
0
100
AcDbTrace
 10
718.7593222222221
 20
755.4510333333332
 30
0.0
 11
717.9793305555554
 21
743.4509444444442
 31
0.0
 12
717.6194972222222
 22
736.2500444444443
 32
0.0
 13
717.6194972222222
 23
736.2500444444443
 33
0.0
  0
SOLID
  5
1D5
330
17
100
AcDbEntity
  8
CENTER
 62
250
420
0
100
AcDbTrace
 10
718.7593222222221
 20
755.4510333333332
 30
0.0
 11
717.6194972222222
 21
736.2500444444443
 31
0.0
 12
717.4099472222222
 22
731.4508555555553
 32
0.0
 13
717.4099472222222
 23
731.4508555555553
 33
0.0
  0
SOLID
  5
1D6
330
17
100
AcDbEntity
  8
CENTER
 62
250
420
0
100
AcDbTrace
 10
718.7593222222221
 20
755.4510333333332
 30
0.0
 11
717.4099472222222
 21
731.4508555555553
 31
0.0
 12
717.1093805555556
 22
724.2499555555554
 32
0.0
 13
717.1093805555556
 23
724.2499555555554
 33
0.0
  0
SOLID
  5
1D7
330
17
100
AcDbEntity
  8
CENTER
 62
250
420
0
100
AcDbTrace
 10
718.7593222222221
 20
755.4510333333332
 30
0.0
 11
717.1093805555556
 21
724.2499555555554
 31
0.0
 12
716.7199138888889
 22
712.2498666666664
 32
0.0
 13
716.7199138888889
 23
712.2498666666664
 33
0.0
  0
SOLID
  5
1D8
330
17
100
AcDbEntity
  8
CENTER
 62
250
420
0
100
AcDbTrace
 10
718.7593222222221
 20
755.4510333333332
 30
0.0
 11
716.7199138888889
 21
712.2498666666664
 31
0.0
 12
716.3897138888889
 22
700.2497777777776
 32
0.0
 13
716.3897138888889
 23
700.2497777777776
 33
0.0
  0
SOLID
  5
1D9
330
17
100
AcDbEntity
  8
CENTER
 62
250
420
0
100
AcDbTrace
 10
718.7593222222221
 20
755.4510333333332
 30
0.0
 11
716.3897138888889
 21
700.2497777777776
 31
0.0
 12
716.1187805555555
 22
688.2496888888887
 32
0.0
 13
716.1187805555555
 23
688.2496888888887
 33
0.0
  0
SOLID
  5
1DA
330
17
100
AcDbEntity
  8
CENTER
 62
250
420
0
100
AcDbTrace
 10
718.7593222222221
 20
755.4510333333332
 30
0.0
 11
716.1187805555555
 21
688.2496888888887
 31
0.0
 12
715.8785388888889
 22
676.2495999999999
 32
0.0
 13
715.8785388888889
 23
676.2495999999999
 33
0.0
  0
SOLID
  5
1DB
330
17
100
AcDbEntity
  8
CENTER
 62
250
420
0
100
AcDbTrace
 10
718.7593222222221
 20
755.4510333333332
 30
0.0
 11
715.8785388888889
 21
676.2495999999999
 31
0.0
 12
715.6986222222222
 22
664.249511111111
 32
0.0
 13
715.6986222222222
 23
664.249511111111
 33
0.0
  0
SOLID
  5
1DC
330
17
100
AcDbEntity
  8
CENTER
 62
250
420
0
100
AcDbTrace
 10
718.7593222222221
 20
755.4510333333332
 30
0.0
 11
715.6986222222222
 21
664.249511111111
 31
0.0
 12
715.5187055555556
 22
652.2480111111109
 32
0.0
 13
715.5187055555556
 23
652.2480111111109
 33
0.0
  0
SOLID
  5
1DD
330
17
100
AcDbEntity
  8
CENTER
 62
250
420
0
100
AcDbTrace
 10
718.7593222222221
 20
755.4510333333332
 30
0.0
 11
715.5187055555556
 21
652.2480111111109
 31
0.0
 12
715.3684222222222
 22
640.2479222222221
 32
0.0
 13
715.3684222222222
 23
640.2479222222221
 33
0.0
  0
SOLID
  5
1DE
330
17
100
AcDbEntity
  8
CENTER
 62
250
420
0
100
AcDbTrace
 10
718.7593222222221
 20
755.4510333333332
 30
0.0
 11
715.3684222222222
 21
640.2479222222221
 31
0.0
 12
715.2488305555555
 22
628.2478333333332
 32
0.0
 13
715.2488305555555
 23
628.2478333333332
 33
0.0
  0
SOLID
  5
1DF
330
17
100
AcDbEntity
  8
CENTER
 62
250
420
0
100
AcDbTrace
 10
718.7593222222221
 20
755.4510333333332
 30
0.0
 11
715.2488305555555
 21
628.2478333333332
 31
0.0
 12
715.1292388888888
 22
616.2477444444444
 32
0.0
 13
715.1292388888888
 23
616.2477444444444
 33
0.0
  0
SOLID
  5
1E0
330
17
100
AcDbEntity
  8
CENTER
 62
250
420
0
100
AcDbTrace
 10
718.7593222222221
 20
755.4510333333332
 30
0.0
 11
715.1292388888888
 21
616.2477444444444
 31
0.0
 12
715.0085888888889
 22
604.2476555555554
 32
0.0
 13
715.0085888888889
 23
604.2476555555554
 33
0.0
  0
SOLID
  5
1E1
330
17
100
AcDbEntity
  8
CENTER
 62
250
420
0
100
AcDbTrace
 10
718.7593222222221
 20
755.4510333333332
 30
0.0
 11
715.0085888888889
 21
604.2476555555554
 31
0.0
 12
714.9186305555555
 22
592.2475666666664
 32
0.0
 13
714.9186305555555
 23
592.2475666666664
 33
0.0
  0
SOLID
  5
1E2
330
17
100
AcDbEntity
  8
CENTER
 62
250
420
0
100
AcDbTrace
 10
718.7593222222221
 20
755.4510333333332
 30
0.0
 11
714.9186305555555
 21
592.2475666666664
 31
0.0
 12
714.8286722222223
 22
580.2474777777776
 32
0.0
 13
714.8286722222223
 23
580.2474777777776
 33
0.0
  0
SOLID
  5
1E3
330
17
100
AcDbEntity
  8
CENTER
 62
250
420
0
100
AcDbTrace
 10
718.7593222222221
 20
755.4510333333332
 30
0.0
 11
714.8286722222223
 21
580.2474777777776
 31
0.0
 12
714.7683472222222
 22
568.2473888888886
 32
0.0
 13
714.7683472222222
 23
568.2473888888886
 33
0.0
  0
SOLID
  5
1E4
330
17
100
AcDbEntity
  8
CENTER
 62
250
420
0
100
AcDbTrace
 10
718.7593222222221
 20
755.4510333333332
 30
0.0
 11
714.7683472222222
 21
568.2473888888886
 31
0.0
 12
714.678388888889
 22
556.2472999999998
 32
0.0
 13
714.678388888889
 23
556.2472999999998
 33
0.0
  0
SOLID
  5
1E5
330
17
100
AcDbEntity
  8
CENTER
 62
250
420
0
100
AcDbTrace
 10
718.7593222222221
 20
755.4510333333332
 30
0.0
 11
714.678388888889
 21
556.2472999999998
 31
0.0
 12
714.618063888889
 22
544.2472111111108
 32
0.0
 13
714.618063888889
 23
544.2472111111108
 33
0.0
  0
SOLID
  5
1E6
330
17
100
AcDbEntity
  8
CENTER
 62
250
420
0
100
AcDbTrace
 10
714.618063888889
 20
544.2472111111108
 30
0.0
 11
715.6086638888889
 21
544.2472111111108
 31
0.0
 12
715.7282555555556
 22
556.2472999999998
 32
0.0
 13
715.7282555555556
 23
556.2472999999998
 33
0.0
  0
SOLID
  5
1E7
330
17
100
AcDbEntity
  8
CENTER
 62
250
420
0
100
AcDbTrace
 10
714.618063888889
 20
544.2472111111108
 30
0.0
 11
715.7282555555556
 21
556.2472999999998
 31
0.0
 12
715.8478472222222
 22
568.2473888888886
 32
0.0
 13
715.8478472222222
 23
568.2473888888886
 33
0.0
  0
SOLID
  5
1E8
330
17
100
AcDbEntity
  8
CENTER
 62
250
420
0
100
AcDbTrace
 10
714.618063888889
 20
544.2472111111108
 30
0.0
 11
715.8478472222222
 21
568.2473888888886
 31
0.0
 12
715.9674388888889
 22
580.2474777777776
 32
0.0
 13
715.9674388888889
 23
580.2474777777776
 33
0.0
  0
SOLID
  5
1E9
330
17
100
AcDbEntity
  8
CENTER
 62
250
420
0
100
AcDbTrace
 10
714.618063888889
 20
544.2472111111108
 30
0.0
 11
715.9674388888889
 21
580.2474777777776
 31
0.0
 12
716.1177222222223
 22
592.2475666666664
 32
0.0
 13
716.1177222222223
 23
592.2475666666664
 33
0.0
  0
SOLID
  5
1EA
330
17
100
AcDbEntity
  8
CENTER
 62
250
420
0
100
AcDbTrace
 10
714.618063888889
 20
544.2472111111108
 30
0.0
 11
716.1177222222223
 21
592.2475666666664
 31
0.0
 12
716.2690638888889
 22
604.2476555555554
 32
0.0
 13
716.2690638888889
 23
604.2476555555554
 33
0.0
  0
SOLID
  5
1EB
330
17
100
AcDbEntity
  8
CENTER
 62
250
420
0
100
AcDbTrace
 10
714.618063888889
 20
544.2472111111108
 30
0.0
 11
716.2690638888889
 21
604.2476555555554
 31
0.0
 12
716.4489805555555
 22
616.2477444444444
 32
0.0
 13
716.4489805555555
 23
616.2477444444444
 33
0.0
  0
SOLID
  5
1EC
330
17
100
AcDbEntity
  8
CENTER
 62
250
420
0
100
AcDbTrace
 10
718.7593222222221
 20
755.4510333333332
 30
0.0
 11
714.618063888889
 21
544.2472111111108
 31
0.0
 12
716.4489805555555
 22
616.2477444444444
 32
0.0
 13
716.4489805555555
 23
616.2477444444444
 33
0.0
  0
SOLID
  5
1ED
330
17
100
AcDbEntity
  8
CENTER
 62
250
420
0
100
AcDbTrace
 10
718.7593222222221
 20
755.4510333333332
 30
0.0
 11
716.4489805555555
 21
616.2477444444444
 31
0.0
 12
716.6585305555556
 22
628.2478333333331
 32
0.0
 13
716.6585305555556
 23
628.2478333333331
 33
0.0
  0
SOLID
  5
1EE
330
17
100
AcDbEntity
  8
CENTER
 62
250
420
0
100
AcDbTrace
 10
718.7593222222221
 20
755.4510333333332
 30
0.0
 11
716.6585305555556
 21
628.2478333333331
 31
0.0
 12
716.8680805555555
 22
640.2479222222221
 32
0.0
 13
716.8680805555555
 23
640.2479222222221
 33
0.0
  0
SOLID
  5
1EF
330
17
100
AcDbEntity
  8
CENTER
 62
250
420
0
100
AcDbTrace
 10
718.7593222222221
 20
755.4510333333332
 30
0.0
 11
716.8680805555555
 21
640.2479222222221
 31
0.0
 12
717.1083222222222
 22
652.2480111111109
 32
0.0
 13
717.1083222222222
 23
652.2480111111109
 33
0.0
  0
SOLID
  5
1F0
330
17
100
AcDbEntity
  8
CENTER
 62
250
420
0
100
AcDbTrace
 10
718.7593222222221
 20
755.4510333333332
 30
0.0
 11
717.1083222222222
 21
652.2480111111109
 31
0.0
 12
717.4088888888888
 22
664.249511111111
 32
0.0
 13
717.4088888888888
 23
664.249511111111
 33
0.0
  0
SOLID
  5
1F1
330
17
100
AcDbEntity
  8
CENTER
 62
250
420
0
100
AcDbTrace
 10
718.7593222222221
 20
755.4510333333332
 30
0.0
 11
717.4088888888888
 21
664.249511111111
 31
0.0
 12
717.7390888888889
 22
676.2495999999999
 32
0.0
 13
717.7390888888889
 23
676.2495999999999
 33
0.0
  0
SOLID
  5
1F2
330
17
100
AcDbEntity
  8
CENTER
 62
250
420
0
100
AcDbTrace
 10
718.7593222222221
 20
755.4510333333332
 30
0.0
 11
717.7390888888889
 21
676.2495999999999
 31
0.0
 12
718.1285555555554
 22
688.2496888888886
 32
0.0
 13
718.1285555555554
 23
688.2496888888886
 33
0.0
  0
SOLID
  5
1F3
330
17
100
AcDbEntity
  8
CENTER
 62
250
420
0
100
AcDbTrace
 10
718.7593222222221
 20
755.4510333333332
 30
0.0
 11
718.1285555555554
 21
688.2496888888886
 31
0.0
 12
718.5794055555555
 22
700.2497777777776
 32
0.0
 13
718.5794055555555
 23
700.2497777777776
 33
0.0
  0
SOLID
  5
1F4
330
17
100
AcDbEntity
  8
CENTER
 62
250
420
0
100
AcDbTrace
 10
718.7593222222221
 20
755.4510333333332
 30
0.0
 11
718.5794055555555
 21
700.2497777777776
 31
0.0
 12
719.1191555555555
 22
712.2498666666664
 32
0.0
 13
719.1191555555555
 23
712.2498666666664
 33
0.0
  0
SOLID
  5
1F5
330
17
100
AcDbEntity
  8
CENTER
 62
250
420
0
100
AcDbTrace
 10
718.7593222222221
 20
755.4510333333332
 30
0.0
 11
719.1191555555555
 21
712.2498666666664
 31
0.0
 12
719.7795555555555
 22
724.2499555555553
 32
0.0
 13
719.7795555555555
 23
724.2499555555553
 33
0.0
  0
SOLID
  5
1F6
330
17
100
AcDbEntity
  8
CENTER
 62
250
420
0
100
AcDbTrace
 10
718.7593222222221
 20
755.4510333333332
 30
0.0
 11
719.7795555555555
 21
724.2499555555553
 31
0.0
 12
720.2589805555555
 22
731.4508555555553
 32
0.0
 13
720.2589805555555
 23
731.4508555555553
 33
0.0
  0
SOLID
  5
1F7
330
17
100
AcDbEntity
  8
CENTER
 62
250
420
0
100
AcDbTrace
 10
718.7593222222221
 20
755.4510333333332
 30
0.0
 11
720.2589805555555
 21
731.4508555555553
 31
0.0
 12
720.6188138888888
 22
736.2500444444443
 32
0.0
 13
720.6188138888888
 23
736.2500444444443
 33
0.0
  0
SOLID
  5
1F8
330
17
100
AcDbEntity
  8
CENTER
 62
250
420
0
100
AcDbTrace
 10
718.7593222222221
 20
755.4510333333332
 30
0.0
 11
720.6188138888888
 21
736.2500444444443
 31
0.0
 12
721.2188888888887
 22
743.4509444444442
 32
0.0
 13
721.2188888888887
 23
743.4509444444442
 33
0.0
  0
SOLID
  5
1F9
330
17
100
AcDbEntity
  8
CENTER
 62
250
420
0
100
AcDbTrace
 10
718.7593222222221
 20
755.4510333333332
 30
0.0
 11
721.2188888888887
 21
743.4509444444442
 31
0.0
 12
721.6993722222221
 22
748.2501333333331
 32
0.0
 13
721.6993722222221
 23
748.2501333333331
 33
0.0
  0
SOLID
  5
1FA
330
17
100
AcDbEntity
  8
CENTER
 62
250
420
0
100
AcDbTrace
 10
718.7593222222221
 20
755.4510333333332
 30
0.0
 11
721.6993722222221
 21
748.2501333333331
 31
0.0
 12
722.5089972222221
 22
755.4510333333332
 32
0.0
 13
722.5089972222221
 23
755.4510333333332
 33
0.0
  0
SOLID
  5
1FB
330
17
100
AcDbEntity
  8
CENTER
 62
250
420
0
100
AcDbTrace
 10
718.7593222222221
 20
755.4510333333332
 30
0.0
 11
722.5089972222221
 21
755.4510333333332
 31
0.0
 12
723.109072222222
 22
760.2502222222222
 32
0.0
 13
723.109072222222
 23
760.2502222222222
 33
0.0
  0
SOLID
  5
1FC
330
17
100
AcDbEntity
  8
CENTER
 62
250
420
0
100
AcDbTrace
 10
718.7593222222221
 20
755.4510333333332
 30
0.0
 11
723.109072222222
 21
760.2502222222222
 31
0.0
 12
724.2192638888887
 22
767.4511222222221
 32
0.0
 13
724.2192638888887
 23
767.4511222222221
 33
0.0
  0
SOLID
  5
1FD
330
17
100
AcDbEntity
  8
CENTER
 62
250
420
0
100
AcDbTrace
 10
718.7593222222221
 20
755.4510333333332
 30
0.0
 11
724.2192638888887
 21
767.4511222222221
 31
0.0
 12
725.1188472222221
 22
772.2503111111109
 32
0.0
 13
725.1188472222221
 23
772.2503111111109
 33
0.0
  0
SOLID
  5
1FE
330
17
100
AcDbEntity
  8
CENTER
 62
250
420
0
100
AcDbTrace
 10
718.7593222222221
 20
755.4510333333332
 30
0.0
 11
725.1188472222221
 21
772.2503111111109
 31
0.0
 12
726.7698472222221
 22
779.451211111111
 32
0.0
 13
726.7698472222221
 23
779.451211111111
 33
0.0
  0
SOLID
  5
1FF
330
17
100
AcDbEntity
  8
CENTER
 62
250
420
0
100
AcDbTrace
 10
718.7593222222221
 20
755.4510333333332
 30
0.0
 11
726.7698472222221
 21
779.451211111111
 31
0.0
 12
728.1192222222222
 22
784.2504
 32
0.0
 13
728.1192222222222
 23
784.2504
 33
0.0
  0
HATCH
  5
200
330
17
100
AcDbEntity
  8
CENTER
 62
7
420
0
100
AcDbHatch
 10
0.0
 20
0.0
 30
0.0
210
0.0
220
0.0
230
1.0
  2
SOLID
 70
1
 71
0
 91
1
 92
3
 72
0
 73
1
 93
54
 10
722.1205888888887
 20
784.2504
 10
721.3099055555555
 20
779.451211111111
 10
720.3193055555555
 20
772.250311111111
 10
719.7795555555555
 20
767.4511222222221
 10
719.1191555555555
 20
760.2502222222222
 10
718.7593222222221
 20
755.4510333333332
 10
718.2492055555555
 20
748.2501333333332
 10
717.9793305555554
 20
743.4509444444442
 10
717.6194972222222
 20
736.2500444444443
 10
717.4099472222222
 20
731.4508555555553
 10
717.1093805555556
 20
724.2499555555554
 10
716.7199138888889
 20
712.2498666666664
 10
716.3897138888889
 20
700.2497777777776
 10
716.1187805555555
 20
688.2496888888887
 10
715.8785388888889
 20
676.2495999999999
 10
715.6986222222222
 20
664.249511111111
 10
715.5187055555556
 20
652.2480111111109
 10
715.3684222222222
 20
640.2479222222221
 10
715.2488305555555
 20
628.2478333333332
 10
715.1292388888888
 20
616.2477444444444
 10
715.0085888888889
 20
604.2476555555554
 10
714.9186305555555
 20
592.2475666666664
 10
714.8286722222223
 20
580.2474777777776
 10
714.7683472222222
 20
568.2473888888886
 10
714.678388888889
 20
556.2472999999998
 10
714.618063888889
 20
544.2472111111108
 10
715.6086638888889
 20
544.2472111111108
 10
715.7282555555556
 20
556.2472999999998
 10
715.8478472222222
 20
568.2473888888886
 10
715.9674388888889
 20
580.2474777777776
 10
716.1177222222223
 20
592.2475666666664
 10
716.2690638888889
 20
604.2476555555554
 10
716.4489805555555
 20
616.2477444444444
 10
716.6585305555556
 20
628.2478333333331
 10
716.8680805555555
 20
640.2479222222221
 10
717.1083222222222
 20
652.2480111111109
 10
717.4088888888888
 20
664.249511111111
 10
717.7390888888889
 20
676.2495999999999
 10
718.1285555555554
 20
688.2496888888886
 10
718.5794055555555
 20
700.2497777777776
 10
719.1191555555555
 20
712.2498666666664
 10
719.7795555555555
 20
724.2499555555553
 10
720.2589805555555
 20
731.4508555555553
 10
720.6188138888888
 20
736.2500444444443
 10
721.2188888888887
 20
743.4509444444442
 10
721.6993722222221
 20
748.2501333333331
 10
722.5089972222221
 20
755.4510333333332
 10
723.109072222222
 20
760.2502222222222
 10
724.2192638888887
 20
767.4511222222221
 10
725.1188472222221
 20
772.2503111111109
 10
726.7698472222221
 20
779.451211111111
 10
728.1192222222222
 20
784.2504
 10
722.1205888888887
 20
784.2504
 10
722.1205888888887
 20
784.2504
 97
0
 75
1
 76
1
 98
0
  0
LWPOLYLINE
  5
201
330
17
100
AcDbEntity
  8
CENTER
 62
250
100
AcDbPolyline
 90
54
 70
1
 10
734.1210305555554
 20
784.2504
 10
732.2012138888888
 20
779.451211111111
 10
729.9215638888888
 20
772.250311111111
 10
728.6917805555555
 20
767.4511222222221
 10
727.1307388888888
 20
760.2502222222222
 10
726.2618472222221
 20
755.4510333333332
 10
725.1209638888887
 20
748.2501333333332
 10
724.4616222222222
 20
743.4509444444442
 10
723.6213055555555
 20
736.2500444444443
 10
723.1122472222221
 20
731.4508555555553
 10
722.4518472222221
 20
724.2499555555554
 10
721.5215722222221
 20
712.2498666666664
 10
720.7722722222221
 20
700.2497777777776
 10
720.111872222222
 20
688.2496888888887
 10
719.5721222222221
 20
676.2495999999999
 10
719.121272222222
 20
664.249511111111
 10
718.7318055555554
 20
652.2480111111109
 10
718.3719722222221
 20
640.2479222222221
 10
718.0714055555554
 20
628.2478333333332
 10
717.8015305555555
 20
616.2477444444444
 10
717.5316555555554
 20
604.2476555555554
 10
717.3221055555555
 20
592.2475666666664
 10
717.1114972222222
 20
580.2474777777776
 10
716.9315805555555
 20
568.2473888888886
 10
716.7812972222222
 20
556.2472999999998
 10
716.6310138888888
 20
544.2472111111108
 10
717.6216138888888
 20
544.2472111111108
 10
717.8311638888888
 20
556.2472999999998
 10
718.0407138888887
 20
568.2473888888886
 10
718.2502638888888
 20
580.2474777777776
 10
718.5211972222221
 20
592.2475666666664
 10
718.791072222222
 20
604.2476555555554
 10
719.121272222222
 20
616.2477444444444
 10
719.4811055555554
 20
628.2478333333331
 10
719.8716305555554
 20
640.2479222222221
 10
720.321422222222
 20
652.2480111111109
 10
720.8315388888888
 20
664.249511111111
 10
721.4305555555553
 20
676.2495999999999
 10
722.1205888888887
 20
688.2496888888886
 10
722.9312722222221
 20
700.2497777777776
 10
723.9208138888887
 20
712.2498666666664
 10
725.1209638888887
 20
724.2499555555553
 10
725.9909138888887
 20
731.4508555555553
 10
726.6216805555554
 20
736.2500444444443
 10
727.7022388888887
 20
743.4509444444442
 10
728.5425555555554
 20
748.2501333333331
 10
730.0125805555554
 20
755.4510333333332
 10
731.122772222222
 20
760.2502222222222
 10
733.1325472222221
 20
767.4511222222221
 10
734.7221638888888
 20
772.2503111111109
 10
737.6622138888888
 20
779.451211111111
 10
740.1217805555553
 20
784.2504
 10
734.1210305555554
 20
784.2504
 10
734.1210305555554
 20
784.2504
  0
SOLID
  5
202
330
17
100
AcDbEntity
  8
CENTER
 62
250
420
0
100
AcDbTrace
 10
740.1217805555553
 20
784.2504
 30
0.0
 11
734.1210305555554
 21
784.2504
 31
0.0
 12
732.2012138888888
 22
779.451211111111
 32
0.0
 13
732.2012138888888
 23
779.451211111111
 33
0.0
  0
SOLID
  5
203
330
17
100
AcDbEntity
  8
CENTER
 62
250
420
0
100
AcDbTrace
 10
740.1217805555553
 20
784.2504
 30
0.0
 11
732.2012138888888
 21
779.451211111111
 31
0.0
 12
729.9215638888888
 22
772.250311111111
 32
0.0
 13
729.9215638888888
 23
772.250311111111
 33
0.0
  0
SOLID
  5
204
330
17
100
AcDbEntity
  8
CENTER
 62
250
420
0
100
AcDbTrace
 10
740.1217805555553
 20
784.2504
 30
0.0
 11
729.9215638888888
 21
772.250311111111
 31
0.0
 12
728.6917805555555
 22
767.4511222222221
 32
0.0
 13
728.6917805555555
 23
767.4511222222221
 33
0.0
  0
SOLID
  5
205
330
17
100
AcDbEntity
  8
CENTER
 62
250
420
0
100
AcDbTrace
 10
740.1217805555553
 20
784.2504
 30
0.0
 11
728.6917805555555
 21
767.4511222222221
 31
0.0
 12
727.1307388888888
 22
760.2502222222222
 32
0.0
 13
727.1307388888888
 23
760.2502222222222
 33
0.0
  0
SOLID
  5
206
330
17
100
AcDbEntity
  8
CENTER
 62
250
420
0
100
AcDbTrace
 10
727.1307388888888
 20
760.2502222222222
 30
0.0
 11
726.2618472222221
 21
755.4510333333332
 31
0.0
 12
725.1209638888887
 22
748.2501333333332
 32
0.0
 13
725.1209638888887
 23
748.2501333333332
 33
0.0
  0
SOLID
  5
207
330
17
100
AcDbEntity
  8
CENTER
 62
250
420
0
100
AcDbTrace
 10
727.1307388888888
 20
760.2502222222222
 30
0.0
 11
725.1209638888887
 21
748.2501333333332
 31
0.0
 12
724.4616222222222
 22
743.4509444444442
 32
0.0
 13
724.4616222222222
 23
743.4509444444442
 33
0.0
  0
SOLID
  5
208
330
17
100
AcDbEntity
  8
CENTER
 62
250
420
0
100
AcDbTrace
 10
727.1307388888888
 20
760.2502222222222
 30
0.0
 11
724.4616222222222
 21
743.4509444444442
 31
0.0
 12
723.6213055555555
 22
736.2500444444443
 32
0.0
 13
723.6213055555555
 23
736.2500444444443
 33
0.0
  0
SOLID
  5
209
330
17
100
AcDbEntity
  8
CENTER
 62
250
420
0
100
AcDbTrace
 10
727.1307388888888
 20
760.2502222222222
 30
0.0
 11
723.6213055555555
 21
736.2500444444443
 31
0.0
 12
723.1122472222221
 22
731.4508555555553
 32
0.0
 13
723.1122472222221
 23
731.4508555555553
 33
0.0
  0
SOLID
  5
20A
330
17
100
AcDbEntity
  8
CENTER
 62
250
420
0
100
AcDbTrace
 10
727.1307388888888
 20
760.2502222222222
 30
0.0
 11
723.1122472222221
 21
731.4508555555553
 31
0.0
 12
722.4518472222221
 22
724.2499555555554
 32
0.0
 13
722.4518472222221
 23
724.2499555555554
 33
0.0
  0
SOLID
  5
20B
330
17
100
AcDbEntity
  8
CENTER
 62
250
420
0
100
AcDbTrace
 10
727.1307388888888
 20
760.2502222222222
 30
0.0
 11
722.4518472222221
 21
724.2499555555554
 31
0.0
 12
721.5215722222221
 22
712.2498666666664
 32
0.0
 13
721.5215722222221
 23
712.2498666666664
 33
0.0
  0
SOLID
  5
20C
330
17
100
AcDbEntity
  8
CENTER
 62
250
420
0
100
AcDbTrace
 10
727.1307388888888
 20
760.2502222222222
 30
0.0
 11
721.5215722222221
 21
712.2498666666664
 31
0.0
 12
720.7722722222221
 22
700.2497777777776
 32
0.0
 13
720.7722722222221
 23
700.2497777777776
 33
0.0
  0
SOLID
  5
20D
330
17
100
AcDbEntity
  8
CENTER
 62
250
420
0
100
AcDbTrace
 10
727.1307388888888
 20
760.2502222222222
 30
0.0
 11
720.7722722222221
 21
700.2497777777776
 31
0.0
 12
720.111872222222
 22
688.2496888888887
 32
0.0
 13
720.111872222222
 23
688.2496888888887
 33
0.0
  0
SOLID
  5
20E
330
17
100
AcDbEntity
  8
CENTER
 62
250
420
0
100
AcDbTrace
 10
727.1307388888888
 20
760.2502222222222
 30
0.0
 11
720.111872222222
 21
688.2496888888887
 31
0.0
 12
719.5721222222221
 22
676.2495999999999
 32
0.0
 13
719.5721222222221
 23
676.2495999999999
 33
0.0
  0
SOLID
  5
20F
330
17
100
AcDbEntity
  8
CENTER
 62
250
420
0
100
AcDbTrace
 10
727.1307388888888
 20
760.2502222222222
 30
0.0
 11
719.5721222222221
 21
676.2495999999999
 31
0.0
 12
719.121272222222
 22
664.249511111111
 32
0.0
 13
719.121272222222
 23
664.249511111111
 33
0.0
  0
SOLID
  5
210
330
17
100
AcDbEntity
  8
CENTER
 62
250
420
0
100
AcDbTrace
 10
727.1307388888888
 20
760.2502222222222
 30
0.0
 11
719.121272222222
 21
664.249511111111
 31
0.0
 12
718.7318055555554
 22
652.2480111111109
 32
0.0
 13
718.7318055555554
 23
652.2480111111109
 33
0.0
  0
SOLID
  5
211
330
17
100
AcDbEntity
  8
CENTER
 62
250
420
0
100
AcDbTrace
 10
727.1307388888888
 20
760.2502222222222
 30
0.0
 11
718.7318055555554
 21
652.2480111111109
 31
0.0
 12
718.3719722222221
 22
640.2479222222221
 32
0.0
 13
718.3719722222221
 23
640.2479222222221
 33
0.0
  0
SOLID
  5
212
330
17
100
AcDbEntity
  8
CENTER
 62
250
420
0
100
AcDbTrace
 10
718.3719722222221
 20
640.2479222222221
 30
0.0
 11
718.0714055555554
 21
628.2478333333332
 31
0.0
 12
717.8015305555555
 22
616.2477444444444
 32
0.0
 13
717.8015305555555
 23
616.2477444444444
 33
0.0
  0
SOLID
  5
213
330
17
100
AcDbEntity
  8
CENTER
 62
250
420
0
100
AcDbTrace
 10
718.3719722222221
 20
640.2479222222221
 30
0.0
 11
717.8015305555555
 21
616.2477444444444
 31
0.0
 12
717.5316555555554
 22
604.2476555555554
 32
0.0
 13
717.5316555555554
 23
604.2476555555554
 33
0.0
  0
SOLID
  5
214
330
17
100
AcDbEntity
  8
CENTER
 62
250
420
0
100
AcDbTrace
 10
718.3719722222221
 20
640.2479222222221
 30
0.0
 11
717.5316555555554
 21
604.2476555555554
 31
0.0
 12
717.3221055555555
 22
592.2475666666664
 32
0.0
 13
717.3221055555555
 23
592.2475666666664
 33
0.0
  0
SOLID
  5
215
330
17
100
AcDbEntity
  8
CENTER
 62
250
420
0
100
AcDbTrace
 10
718.3719722222221
 20
640.2479222222221
 30
0.0
 11
717.3221055555555
 21
592.2475666666664
 31
0.0
 12
717.1114972222222
 22
580.2474777777776
 32
0.0
 13
717.1114972222222
 23
580.2474777777776
 33
0.0
  0
SOLID
  5
216
330
17
100
AcDbEntity
  8
CENTER
 62
250
420
0
100
AcDbTrace
 10
718.3719722222221
 20
640.2479222222221
 30
0.0
 11
717.1114972222222
 21
580.2474777777776
 31
0.0
 12
716.9315805555555
 22
568.2473888888886
 32
0.0
 13
716.9315805555555
 23
568.2473888888886
 33
0.0
  0
SOLID
  5
217
330
17
100
AcDbEntity
  8
CENTER
 62
250
420
0
100
AcDbTrace
 10
718.3719722222221
 20
640.2479222222221
 30
0.0
 11
716.9315805555555
 21
568.2473888888886
 31
0.0
 12
716.7812972222222
 22
556.2472999999998
 32
0.0
 13
716.7812972222222
 23
556.2472999999998
 33
0.0
  0
SOLID
  5
218
330
17
100
AcDbEntity
  8
CENTER
 62
250
420
0
100
AcDbTrace
 10
718.3719722222221
 20
640.2479222222221
 30
0.0
 11
716.7812972222222
 21
556.2472999999998
 31
0.0
 12
716.6310138888888
 22
544.2472111111108
 32
0.0
 13
716.6310138888888
 23
544.2472111111108
 33
0.0
  0
SOLID
  5
219
330
17
100
AcDbEntity
  8
CENTER
 62
250
420
0
100
AcDbTrace
 10
718.3719722222221
 20
640.2479222222221
 30
0.0
 11
716.6310138888888
 21
544.2472111111108
 31
0.0
 12
717.6216138888888
 22
544.2472111111108
 32
0.0
 13
717.6216138888888
 23
544.2472111111108
 33
0.0
  0
SOLID
  5
21A
330
17
100
AcDbEntity
  8
CENTER
 62
250
420
0
100
AcDbTrace
 10
718.3719722222221
 20
640.2479222222221
 30
0.0
 11
717.6216138888888
 21
544.2472111111108
 31
0.0
 12
717.8311638888888
 22
556.2472999999998
 32
0.0
 13
717.8311638888888
 23
556.2472999999998
 33
0.0
  0
SOLID
  5
21B
330
17
100
AcDbEntity
  8
CENTER
 62
250
420
0
100
AcDbTrace
 10
718.3719722222221
 20
640.2479222222221
 30
0.0
 11
717.8311638888888
 21
556.2472999999998
 31
0.0
 12
718.0407138888887
 22
568.2473888888886
 32
0.0
 13
718.0407138888887
 23
568.2473888888886
 33
0.0
  0
SOLID
  5
21C
330
17
100
AcDbEntity
  8
CENTER
 62
250
420
0
100
AcDbTrace
 10
718.3719722222221
 20
640.2479222222221
 30
0.0
 11
718.0407138888887
 21
568.2473888888886
 31
0.0
 12
718.2502638888888
 22
580.2474777777776
 32
0.0
 13
718.2502638888888
 23
580.2474777777776
 33
0.0
  0
SOLID
  5
21D
330
17
100
AcDbEntity
  8
CENTER
 62
250
420
0
100
AcDbTrace
 10
718.3719722222221
 20
640.2479222222221
 30
0.0
 11
718.2502638888888
 21
580.2474777777776
 31
0.0
 12
718.5211972222221
 22
592.2475666666664
 32
0.0
 13
718.5211972222221
 23
592.2475666666664
 33
0.0
  0
SOLID
  5
21E
330
17
100
AcDbEntity
  8
CENTER
 62
250
420
0
100
AcDbTrace
 10
718.3719722222221
 20
640.2479222222221
 30
0.0
 11
718.5211972222221
 21
592.2475666666664
 31
0.0
 12
718.791072222222
 22
604.2476555555554
 32
0.0
 13
718.791072222222
 23
604.2476555555554
 33
0.0
  0
SOLID
  5
21F
330
17
100
AcDbEntity
  8
CENTER
 62
250
420
0
100
AcDbTrace
 10
718.3719722222221
 20
640.2479222222221
 30
0.0
 11
718.791072222222
 21
604.2476555555554
 31
0.0
 12
719.121272222222
 22
616.2477444444444
 32
0.0
 13
719.121272222222
 23
616.2477444444444
 33
0.0
  0
SOLID
  5
220
330
17
100
AcDbEntity
  8
CENTER
 62
250
420
0
100
AcDbTrace
 10
718.3719722222221
 20
640.2479222222221
 30
0.0
 11
719.121272222222
 21
616.2477444444444
 31
0.0
 12
719.4811055555554
 22
628.2478333333331
 32
0.0
 13
719.4811055555554
 23
628.2478333333331
 33
0.0
  0
SOLID
  5
221
330
17
100
AcDbEntity
  8
CENTER
 62
250
420
0
100
AcDbTrace
 10
718.3719722222221
 20
640.2479222222221
 30
0.0
 11
719.4811055555554
 21
628.2478333333331
 31
0.0
 12
719.8716305555554
 22
640.2479222222221
 32
0.0
 13
719.8716305555554
 23
640.2479222222221
 33
0.0
  0
SOLID
  5
222
330
17
100
AcDbEntity
  8
CENTER
 62
250
420
0
100
AcDbTrace
 10
718.3719722222221
 20
640.2479222222221
 30
0.0
 11
719.8716305555554
 21
640.2479222222221
 31
0.0
 12
720.321422222222
 22
652.2480111111109
 32
0.0
 13
720.321422222222
 23
652.2480111111109
 33
0.0
  0
SOLID
  5
223
330
17
100
AcDbEntity
  8
CENTER
 62
250
420
0
100
AcDbTrace
 10
718.3719722222221
 20
640.2479222222221
 30
0.0
 11
720.321422222222
 21
652.2480111111109
 31
0.0
 12
720.8315388888888
 22
664.249511111111
 32
0.0
 13
720.8315388888888
 23
664.249511111111
 33
0.0
  0
SOLID
  5
224
330
17
100
AcDbEntity
  8
CENTER
 62
250
420
0
100
AcDbTrace
 10
718.3719722222221
 20
640.2479222222221
 30
0.0
 11
720.8315388888888
 21
664.249511111111
 31
0.0
 12
721.4305555555553
 22
676.2495999999999
 32
0.0
 13
721.4305555555553
 23
676.2495999999999
 33
0.0
  0
SOLID
  5
225
330
17
100
AcDbEntity
  8
CENTER
 62
250
420
0
100
AcDbTrace
 10
718.3719722222221
 20
640.2479222222221
 30
0.0
 11
721.4305555555553
 21
676.2495999999999
 31
0.0
 12
722.1205888888887
 22
688.2496888888886
 32
0.0
 13
722.1205888888887
 23
688.2496888888886
 33
0.0
  0
SOLID
  5
226
330
17
100
AcDbEntity
  8
CENTER
 62
250
420
0
100
AcDbTrace
 10
718.3719722222221
 20
640.2479222222221
 30
0.0
 11
722.1205888888887
 21
688.2496888888886
 31
0.0
 12
722.9312722222221
 22
700.2497777777776
 32
0.0
 13
722.9312722222221
 23
700.2497777777776
 33
0.0
  0
SOLID
  5
227
330
17
100
AcDbEntity
  8
CENTER
 62
250
420
0
100
AcDbTrace
 10
727.1307388888888
 20
760.2502222222222
 30
0.0
 11
718.3719722222221
 21
640.2479222222221
 31
0.0
 12
722.9312722222221
 22
700.2497777777776
 32
0.0
 13
722.9312722222221
 23
700.2497777777776
 33
0.0
  0
SOLID
  5
228
330
17
100
AcDbEntity
  8
CENTER
 62
250
420
0
100
AcDbTrace
 10
727.1307388888888
 20
760.2502222222222
 30
0.0
 11
722.9312722222221
 21
700.2497777777776
 31
0.0
 12
723.9208138888887
 22
712.2498666666664
 32
0.0
 13
723.9208138888887
 23
712.2498666666664
 33
0.0
  0
SOLID
  5
229
330
17
100
AcDbEntity
  8
CENTER
 62
250
420
0
100
AcDbTrace
 10
727.1307388888888
 20
760.2502222222222
 30
0.0
 11
723.9208138888887
 21
712.2498666666664
 31
0.0
 12
725.1209638888887
 22
724.2499555555553
 32
0.0
 13
725.1209638888887
 23
724.2499555555553
 33
0.0
  0
SOLID
  5
22A
330
17
100
AcDbEntity
  8
CENTER
 62
250
420
0
100
AcDbTrace
 10
727.1307388888888
 20
760.2502222222222
 30
0.0
 11
725.1209638888887
 21
724.2499555555553
 31
0.0
 12
725.9909138888887
 22
731.4508555555553
 32
0.0
 13
725.9909138888887
 23
731.4508555555553
 33
0.0
  0
SOLID
  5
22B
330
17
100
AcDbEntity
  8
CENTER
 62
250
420
0
100
AcDbTrace
 10
727.1307388888888
 20
760.2502222222222
 30
0.0
 11
725.9909138888887
 21
731.4508555555553
 31
0.0
 12
726.6216805555554
 22
736.2500444444443
 32
0.0
 13
726.6216805555554
 23
736.2500444444443
 33
0.0
  0
SOLID
  5
22C
330
17
100
AcDbEntity
  8
CENTER
 62
250
420
0
100
AcDbTrace
 10
727.1307388888888
 20
760.2502222222222
 30
0.0
 11
726.6216805555554
 21
736.2500444444443
 31
0.0
 12
727.7022388888887
 22
743.4509444444442
 32
0.0
 13
727.7022388888887
 23
743.4509444444442
 33
0.0
  0
SOLID
  5
22D
330
17
100
AcDbEntity
  8
CENTER
 62
250
420
0
100
AcDbTrace
 10
727.1307388888888
 20
760.2502222222222
 30
0.0
 11
727.7022388888887
 21
743.4509444444442
 31
0.0
 12
728.5425555555554
 22
748.2501333333331
 32
0.0
 13
728.5425555555554
 23
748.2501333333331
 33
0.0
  0
SOLID
  5
22E
330
17
100
AcDbEntity
  8
CENTER
 62
250
420
0
100
AcDbTrace
 10
727.1307388888888
 20
760.2502222222222
 30
0.0
 11
728.5425555555554
 21
748.2501333333331
 31
0.0
 12
730.0125805555554
 22
755.4510333333332
 32
0.0
 13
730.0125805555554
 23
755.4510333333332
 33
0.0
  0
SOLID
  5
22F
330
17
100
AcDbEntity
  8
CENTER
 62
250
420
0
100
AcDbTrace
 10
727.1307388888888
 20
760.2502222222222
 30
0.0
 11
730.0125805555554
 21
755.4510333333332
 31
0.0
 12
731.122772222222
 22
760.2502222222222
 32
0.0
 13
731.122772222222
 23
760.2502222222222
 33
0.0
  0
SOLID
  5
230
330
17
100
AcDbEntity
  8
CENTER
 62
250
420
0
100
AcDbTrace
 10
727.1307388888888
 20
760.2502222222222
 30
0.0
 11
731.122772222222
 21
760.2502222222222
 31
0.0
 12
733.1325472222221
 22
767.4511222222221
 32
0.0
 13
733.1325472222221
 23
767.4511222222221
 33
0.0
  0
SOLID
  5
231
330
17
100
AcDbEntity
  8
CENTER
 62
250
420
0
100
AcDbTrace
 10
727.1307388888888
 20
760.2502222222222
 30
0.0
 11
733.1325472222221
 21
767.4511222222221
 31
0.0
 12
734.7221638888888
 22
772.2503111111109
 32
0.0
 13
734.7221638888888
 23
772.2503111111109
 33
0.0
  0
SOLID
  5
232
330
17
100
AcDbEntity
  8
CENTER
 62
250
420
0
100
AcDbTrace
 10
727.1307388888888
 20
760.2502222222222
 30
0.0
 11
734.7221638888888
 21
772.2503111111109
 31
0.0
 12
737.6622138888888
 22
779.451211111111
 32
0.0
 13
737.6622138888888
 23
779.451211111111
 33
0.0
  0
SOLID
  5
233
330
17
100
AcDbEntity
  8
CENTER
 62
250
420
0
100
AcDbTrace
 10
727.1307388888888
 20
760.2502222222222
 30
0.0
 11
737.6622138888888
 21
779.451211111111
 31
0.0
 12
740.1217805555553
 22
784.2504
 32
0.0
 13
740.1217805555553
 23
784.2504
 33
0.0
  0
HATCH
  5
234
330
17
100
AcDbEntity
  8
CENTER
 62
7
420
0
100
AcDbHatch
 10
0.0
 20
0.0
 30
0.0
210
0.0
220
0.0
230
1.0
  2
SOLID
 70
1
 71
0
 91
1
 92
3
 72
0
 73
1
 93
54
 10
734.1210305555554
 20
784.2504
 10
732.2012138888888
 20
779.451211111111
 10
729.9215638888888
 20
772.250311111111
 10
728.6917805555555
 20
767.4511222222221
 10
727.1307388888888
 20
760.2502222222222
 10
726.2618472222221
 20
755.4510333333332
 10
725.1209638888887
 20
748.2501333333332
 10
724.4616222222222
 20
743.4509444444442
 10
723.6213055555555
 20
736.2500444444443
 10
723.1122472222221
 20
731.4508555555553
 10
722.4518472222221
 20
724.2499555555554
 10
721.5215722222221
 20
712.2498666666664
 10
720.7722722222221
 20
700.2497777777776
 10
720.111872222222
 20
688.2496888888887
 10
719.5721222222221
 20
676.2495999999999
 10
719.121272222222
 20
664.249511111111
 10
718.7318055555554
 20
652.2480111111109
 10
718.3719722222221
 20
640.2479222222221
 10
718.0714055555554
 20
628.2478333333332
 10
717.8015305555555
 20
616.2477444444444
 10
717.5316555555554
 20
604.2476555555554
 10
717.3221055555555
 20
592.2475666666664
 10
717.1114972222222
 20
580.2474777777776
 10
716.9315805555555
 20
568.2473888888886
 10
716.7812972222222
 20
556.2472999999998
 10
716.6310138888888
 20
544.2472111111108
 10
717.6216138888888
 20
544.2472111111108
 10
717.8311638888888
 20
556.2472999999998
 10
718.0407138888887
 20
568.2473888888886
 10
718.2502638888888
 20
580.2474777777776
 10
718.5211972222221
 20
592.2475666666664
 10
718.791072222222
 20
604.2476555555554
 10
719.121272222222
 20
616.2477444444444
 10
719.4811055555554
 20
628.2478333333331
 10
719.8716305555554
 20
640.2479222222221
 10
720.321422222222
 20
652.2480111111109
 10
720.8315388888888
 20
664.249511111111
 10
721.4305555555553
 20
676.2495999999999
 10
722.1205888888887
 20
688.2496888888886
 10
722.9312722222221
 20
700.2497777777776
 10
723.9208138888887
 20
712.2498666666664
 10
725.1209638888887
 20
724.2499555555553
 10
725.9909138888887
 20
731.4508555555553
 10
726.6216805555554
 20
736.2500444444443
 10
727.7022388888887
 20
743.4509444444442
 10
728.5425555555554
 20
748.2501333333331
 10
730.0125805555554
 20
755.4510333333332
 10
731.122772222222
 20
760.2502222222222
 10
733.1325472222221
 20
767.4511222222221
 10
734.7221638888888
 20
772.2503111111109
 10
737.6622138888888
 20
779.451211111111
 10
740.1217805555553
 20
784.2504
 10
734.1210305555554
 20
784.2504
 10
734.1210305555554
 20
784.2504
 97
0
 75
1
 76
1
 98
0
  0
LWPOLYLINE
  5
235
330
17
100
AcDbEntity
  8
CENTER
 62
250
370
35
100
AcDbPolyline
 90
2
 70
0
 43
1.9999677777777776
 10
581.1188388888888
 20
436.2506444444444
 10
581.1188388888888
 20
460.25082222222215
  0
LWPOLYLINE
  5
236
330
17
100
AcDbEntity
  8
CENTER
 62
250
370
35
100
AcDbPolyline
 90
2
 70
0
 43
1.9999677777777776
 10
590.1189055555556
 20
459.4507222222222
 10
590.1189055555556
 20
467.4489
  0
LWPOLYLINE
  5
237
330
17
100
AcDbEntity
  8
CENTER
 62
250
370
35
100
AcDbPolyline
 90
2
 70
0
 43
1.9999677777777776
 10
599.1189722222222
 20
456.2517333333333
 10
599.1189722222222
 20
472.25091111111107
  0
LWPOLYLINE
  5
238
330
17
100
AcDbEntity
  8
CENTER
 62
250
370
35
100
AcDbPolyline
 90
2
 70
0
 43
1.9999677777777776
 10
608.1190388888888
 20
467.68878888888884
 10
608.1190388888888
 20
475.68978888888887
  0
LWPOLYLINE
  5
239
330
17
100
AcDbEntity
  8
CENTER
 62
250
370
35
100
AcDbPolyline
 90
2
 70
0
 43
1.9999677777777776
 10
617.1191055555554
 20
454.2507777777778
 10
617.1191055555554
 20
478.25095555555555
  0
LWPOLYLINE
  5
23A
330
17
100
AcDbEntity
  8
CENTER
 62
250
370
35
100
AcDbPolyline
 90
2
 70
0
 43
1.9999677777777776
 10
626.1191722222221
 20
472.25091111111107
 10
626.1191722222221
 20
480.2519111111111
  0
LWPOLYLINE
  5
23B
330
17
100
AcDbEntity
  8
CENTER
 62
250
370
35
100
AcDbPolyline
 90
2
 70
0
 43
1.9999677777777776
 10
635.1192388888888
 20
465.85011111111106
 10
635.1192388888888
 20
481.84928888888885
  0
LWPOLYLINE
  5
23C
330
17
100
AcDbEntity
  8
CENTER
 62
250
370
35
100
AcDbPolyline
 90
2
 70
0
 43
1.9999677777777776
 10
644.1193055555555
 20
475.16908888888884
 10
644.1193055555555
 20
483.1700888888888
  0
LWPOLYLINE
  5
23D
330
17
100
AcDbEntity
  8
CENTER
 62
250
370
35
100
AcDbPolyline
 90
2
 70
0
 43
1.9999677777777776
 10
653.1193722222222
 20
460.25082222222215
 10
653.1193722222222
 20
484.2509999999999
  0
LWPOLYLINE
  5
23E
330
17
100
AcDbEntity
  8
CENTER
 62
250
370
35
100
AcDbPolyline
 90
2
 70
0
 43
1.9999677777777776
 10
662.1194388888888
 20
477.1700444444444
 10
662.1194388888888
 20
485.1710444444444
  0
LWPOLYLINE
  5
23F
330
17
100
AcDbEntity
  8
CENTER
 62
250
370
35
100
AcDbPolyline
 90
2
 70
0
 43
1.9999677777777776
 10
671.1195055555555
 20
469.9705555555555
 10
671.1195055555555
 20
485.9725555555555
  0
LWPOLYLINE
  5
240
330
17
100
AcDbEntity
  8
CENTER
 62
250
370
35
100
AcDbPolyline
 90
2
 70
0
 43
1.9999677777777776
 10
680.1195722222222
 20
478.6531222222221
 10
680.1195722222222
 20
486.65129999999994
  0
LWPOLYLINE
  5
241
330
17
100
AcDbEntity
  8
CENTER
 62
250
370
35
100
AcDbPolyline
 90
2
 70
0
 43
1.9999677777777776
 10
689.1196388888887
 20
463.2522555555555
 10
689.1196388888887
 20
487.2524333333333
  0
LWPOLYLINE
  5
242
330
17
100
AcDbEntity
  8
CENTER
 62
250
370
35
100
AcDbPolyline
 90
2
 70
0
 43
1.9999677777777776
 10
698.1197055555555
 20
479.7721333333333
 10
698.1197055555555
 20
487.7731333333333
  0
LWPOLYLINE
  5
243
330
17
100
AcDbEntity
  8
CENTER
 62
250
370
35
100
AcDbPolyline
 90
2
 70
0
 43
1.9999677777777776
 10
707.1197722222222
 20
472.25091111111107
 10
707.1197722222222
 20
488.252911111111
  0
LWPOLYLINE
  5
244
330
17
100
AcDbEntity
  8
CENTER
 62
250
370
35
100
AcDbPolyline
 90
2
 70
0
 43
1.9999677777777776
 10
716.1198388888888
 20
480.6921777777778
 10
716.1198388888888
 20
488.6903555555555
  0
LWPOLYLINE
  5
245
330
17
100
AcDbEntity
  8
CENTER
 62
250
370
35
100
AcDbPolyline
 90
2
 70
0
 43
1.9999677777777776
 10
725.1199055555555
 20
465.0514222222222
 10
725.1199055555555
 20
489.05159999999995
  0
LWPOLYLINE
  5
246
330
17
100
AcDbEntity
  8
CENTER
 62
250
370
35
100
AcDbPolyline
 90
2
 70
0
 43
1.9999677777777776
 10
734.1199722222223
 20
481.4118444444444
 10
734.1199722222223
 20
489.41284444444443
  0
LWPOLYLINE
  5
247
330
17
100
AcDbEntity
  8
CENTER
 62
250
370
35
100
AcDbPolyline
 90
2
 70
0
 43
1.9999677777777776
 10
743.1200388888888
 20
473.69165555555554
 10
743.1200388888888
 20
489.69083333333333
  0
LWPOLYLINE
  5
248
330
17
100
AcDbEntity
  8
CENTER
 62
250
370
35
100
AcDbPolyline
 90
2
 70
0
 43
1.9999677777777776
 10
752.1201055555554
 20
481.97064444444436
 10
752.1201055555554
 20
489.9716444444444
  0
LWPOLYLINE
  5
249
330
17
100
AcDbEntity
  8
CENTER
 62
250
100
AcDbPolyline
 90
53
 70
1
 10
581.1188388888888
 20
468.2518222222222
 10
584.7182305555555
 20
471.5312444444444
 10
590.1189055555556
 20
475.44989999999996
 10
593.7182972222222
 20
477.56938888888885
 10
599.1189722222222
 20
480.25049999999993
 10
602.7183638888888
 20
481.7688555555555
 10
608.1190388888889
 20
483.68937777777774
 10
611.7184305555555
 20
484.8083888888888
 10
617.1191055555555
 20
486.2491333333333
 10
620.7184972222223
 20
487.0873333333333
 10
626.1191722222222
 20
488.24726666666663
 10
635.1192388888888
 20
489.8488777777777
 10
644.1193055555556
 20
491.1696777777777
 10
653.1193722222223
 20
492.25058888888884
 10
662.119438888889
 20
493.167811111111
 10
671.1195055555556
 20
493.9693222222221
 10
680.1206305555556
 20
494.6494777777777
 10
689.1206972222224
 20
495.250611111111
 10
698.1207638888891
 20
495.76848888888884
 10
707.1208305555557
 20
496.24826666666655
 10
716.1208972222224
 20
496.68994444444434
 10
725.120963888889
 20
497.05118888888876
 10
734.1210305555558
 20
497.409611111111
 10
743.1210972222224
 20
497.69042222222214
 10
752.1211638888891
 20
497.97123333333326
 10
761.1212305555558
 20
498.24922222222216
 10
761.1212305555558
 20
499.5714333333333
 10
752.1211638888891
 20
499.3710555555555
 10
743.1210972222224
 20
499.16926666666666
 10
734.1210305555558
 20
498.92937777777774
 10
725.120963888889
 20
498.6485666666666
 10
716.1208972222223
 20
498.3705777777777
 10
707.1208305555556
 20
498.0093333333333
 10
698.120763888889
 20
497.6480888888889
 10
689.1206972222224
 20
497.2487444444444
 10
680.1206305555556
 20
496.7689666666667
 10
671.1195055555556
 20
496.24826666666667
 10
662.1194388888889
 20
495.64713333333333
 10
653.1193722222222
 20
494.9274666666667
 10
644.1193055555556
 20
494.04834444444447
 10
635.1192388888888
 20
493.0492777777778
 10
626.1191722222221
 20
491.80891111111106
 10
620.7184972222221
 20
490.9297888888889
 10
617.1191055555554
 20
490.2496333333333
 10
611.7184305555554
 20
489.13062222222214
 10
608.1190388888888
 20
488.2486777777777
 10
602.7183638888888
 20
486.76842222222217
 10
599.1189722222222
 20
485.5689777777777
 10
593.7182972222221
 20
483.4875888888888
 10
590.1189055555554
 20
481.84787777777774
 10
584.7182305555555
 20
478.8083444444444
 10
581.1188388888888
 20
476.24999999999994
 10
581.1188388888888
 20
468.2518222222222
  0
SOLID
  5
24A
330
17
100
AcDbEntity
  8
CENTER
 62
250
420
0
100
AcDbTrace
 10
581.1188388888888
 20
476.24999999999994
 30
0.0
 11
581.1188388888888
 21
468.2518222222222
 31
0.0
 12
584.7182305555555
 22
471.5312444444444
 32
0.0
 13
584.7182305555555
 23
471.5312444444444
 33
0.0
  0
SOLID
  5
24B
330
17
100
AcDbEntity
  8
CENTER
 62
250
420
0
100
AcDbTrace
 10
581.1188388888888
 20
476.24999999999994
 30
0.0
 11
584.7182305555555
 21
471.5312444444444
 31
0.0
 12
590.1189055555556
 22
475.44989999999996
 32
0.0
 13
590.1189055555556
 23
475.44989999999996
 33
0.0
  0
SOLID
  5
24C
330
17
100
AcDbEntity
  8
CENTER
 62
250
420
0
100
AcDbTrace
 10
581.1188388888888
 20
476.24999999999994
 30
0.0
 11
590.1189055555556
 21
475.44989999999996
 31
0.0
 12
593.7182972222222
 22
477.56938888888885
 32
0.0
 13
593.7182972222222
 23
477.56938888888885
 33
0.0
  0
SOLID
  5
24D
330
17
100
AcDbEntity
  8
CENTER
 62
250
420
0
100
AcDbTrace
 10
581.1188388888888
 20
476.24999999999994
 30
0.0
 11
593.7182972222222
 21
477.56938888888885
 31
0.0
 12
599.1189722222222
 22
480.25049999999993
 32
0.0
 13
599.1189722222222
 23
480.25049999999993
 33
0.0
  0
SOLID
  5
24E
330
17
100
AcDbEntity
  8
CENTER
 62
250
420
0
100
AcDbTrace
 10
581.1188388888888
 20
476.24999999999994
 30
0.0
 11
599.1189722222222
 21
480.25049999999993
 31
0.0
 12
602.7183638888888
 22
481.7688555555555
 32
0.0
 13
602.7183638888888
 23
481.7688555555555
 33
0.0
  0
SOLID
  5
24F
330
17
100
AcDbEntity
  8
CENTER
 62
250
420
0
100
AcDbTrace
 10
581.1188388888888
 20
476.24999999999994
 30
0.0
 11
602.7183638888888
 21
481.7688555555555
 31
0.0
 12
608.1190388888889
 22
483.68937777777774
 32
0.0
 13
608.1190388888889
 23
483.68937777777774
 33
0.0
  0
SOLID
  5
250
330
17
100
AcDbEntity
  8
CENTER
 62
250
420
0
100
AcDbTrace
 10
581.1188388888888
 20
476.24999999999994
 30
0.0
 11
608.1190388888889
 21
483.68937777777774
 31
0.0
 12
611.7184305555555
 22
484.8083888888888
 32
0.0
 13
611.7184305555555
 23
484.8083888888888
 33
0.0
  0
SOLID
  5
251
330
17
100
AcDbEntity
  8
CENTER
 62
250
420
0
100
AcDbTrace
 10
752.1211638888891
 20
497.97123333333326
 30
0.0
 11
761.1212305555558
 21
498.24922222222216
 31
0.0
 12
761.1212305555558
 22
499.5714333333333
 32
0.0
 13
761.1212305555558
 23
499.5714333333333
 33
0.0
  0
SOLID
  5
252
330
17
100
AcDbEntity
  8
CENTER
 62
250
420
0
100
AcDbTrace
 10
743.1210972222224
 20
497.69042222222214
 30
0.0
 11
752.1211638888891
 21
497.97123333333326
 31
0.0
 12
761.1212305555558
 22
499.5714333333333
 32
0.0
 13
761.1212305555558
 23
499.5714333333333
 33
0.0
  0
SOLID
  5
253
330
17
100
AcDbEntity
  8
CENTER
 62
250
420
0
100
AcDbTrace
 10
734.1210305555558
 20
497.409611111111
 30
0.0
 11
743.1210972222224
 21
497.69042222222214
 31
0.0
 12
761.1212305555558
 22
499.5714333333333
 32
0.0
 13
761.1212305555558
 23
499.5714333333333
 33
0.0
  0
SOLID
  5
254
330
17
100
AcDbEntity
  8
CENTER
 62
250
420
0
100
AcDbTrace
 10
725.120963888889
 20
497.05118888888876
 30
0.0
 11
734.1210305555558
 21
497.409611111111
 31
0.0
 12
761.1212305555558
 22
499.5714333333333
 32
0.0
 13
761.1212305555558
 23
499.5714333333333
 33
0.0
  0
SOLID
  5
255
330
17
100
AcDbEntity
  8
CENTER
 62
250
420
0
100
AcDbTrace
 10
716.1208972222224
 20
496.68994444444434
 30
0.0
 11
725.120963888889
 21
497.05118888888876
 31
0.0
 12
761.1212305555558
 22
499.5714333333333
 32
0.0
 13
761.1212305555558
 23
499.5714333333333
 33
0.0
  0
SOLID
  5
256
330
17
100
AcDbEntity
  8
CENTER
 62
250
420
0
100
AcDbTrace
 10
707.1208305555557
 20
496.24826666666655
 30
0.0
 11
716.1208972222224
 21
496.68994444444434
 31
0.0
 12
761.1212305555558
 22
499.5714333333333
 32
0.0
 13
761.1212305555558
 23
499.5714333333333
 33
0.0
  0
SOLID
  5
257
330
17
100
AcDbEntity
  8
CENTER
 62
250
420
0
100
AcDbTrace
 10
698.1207638888891
 20
495.76848888888884
 30
0.0
 11
707.1208305555557
 21
496.24826666666655
 31
0.0
 12
761.1212305555558
 22
499.5714333333333
 32
0.0
 13
761.1212305555558
 23
499.5714333333333
 33
0.0
  0
SOLID
  5
258
330
17
100
AcDbEntity
  8
CENTER
 62
250
420
0
100
AcDbTrace
 10
689.1206972222224
 20
495.250611111111
 30
0.0
 11
698.1207638888891
 21
495.76848888888884
 31
0.0
 12
761.1212305555558
 22
499.5714333333333
 32
0.0
 13
761.1212305555558
 23
499.5714333333333
 33
0.0
  0
SOLID
  5
259
330
17
100
AcDbEntity
  8
CENTER
 62
250
420
0
100
AcDbTrace
 10
689.1206972222224
 20
495.250611111111
 30
0.0
 11
761.1212305555558
 21
499.5714333333333
 31
0.0
 12
752.1211638888891
 22
499.3710555555555
 32
0.0
 13
752.1211638888891
 23
499.3710555555555
 33
0.0
  0
SOLID
  5
25A
330
17
100
AcDbEntity
  8
CENTER
 62
250
420
0
100
AcDbTrace
 10
689.1206972222224
 20
495.250611111111
 30
0.0
 11
752.1211638888891
 21
499.3710555555555
 31
0.0
 12
743.1210972222224
 22
499.16926666666666
 32
0.0
 13
743.1210972222224
 23
499.16926666666666
 33
0.0
  0
SOLID
  5
25B
330
17
100
AcDbEntity
  8
CENTER
 62
250
420
0
100
AcDbTrace
 10
680.1206305555556
 20
494.6494777777777
 30
0.0
 11
689.1206972222224
 21
495.250611111111
 31
0.0
 12
743.1210972222224
 22
499.16926666666666
 32
0.0
 13
743.1210972222224
 23
499.16926666666666
 33
0.0
  0
SOLID
  5
25C
330
17
100
AcDbEntity
  8
CENTER
 62
250
420
0
100
AcDbTrace
 10
680.1206305555556
 20
494.6494777777777
 30
0.0
 11
743.1210972222224
 21
499.16926666666666
 31
0.0
 12
734.1210305555558
 22
498.92937777777774
 32
0.0
 13
734.1210305555558
 23
498.92937777777774
 33
0.0
  0
SOLID
  5
25D
330
17
100
AcDbEntity
  8
CENTER
 62
250
420
0
100
AcDbTrace
 10
671.1195055555556
 20
493.9693222222221
 30
0.0
 11
680.1206305555556
 21
494.6494777777777
 31
0.0
 12
734.1210305555558
 22
498.92937777777774
 32
0.0
 13
734.1210305555558
 23
498.92937777777774
 33
0.0
  0
SOLID
  5
25E
330
17
100
AcDbEntity
  8
CENTER
 62
250
420
0
100
AcDbTrace
 10
671.1195055555556
 20
493.9693222222221
 30
0.0
 11
734.1210305555558
 21
498.92937777777774
 31
0.0
 12
725.120963888889
 22
498.6485666666666
 32
0.0
 13
725.120963888889
 23
498.6485666666666
 33
0.0
  0
SOLID
  5
25F
330
17
100
AcDbEntity
  8
CENTER
 62
250
420
0
100
AcDbTrace
 10
671.1195055555556
 20
493.9693222222221
 30
0.0
 11
725.120963888889
 21
498.6485666666666
 31
0.0
 12
716.1208972222223
 22
498.3705777777777
 32
0.0
 13
716.1208972222223
 23
498.3705777777777
 33
0.0
  0
SOLID
  5
260
330
17
100
AcDbEntity
  8
CENTER
 62
250
420
0
100
AcDbTrace
 10
662.119438888889
 20
493.167811111111
 30
0.0
 11
671.1195055555556
 21
493.9693222222221
 31
0.0
 12
716.1208972222223
 22
498.3705777777777
 32
0.0
 13
716.1208972222223
 23
498.3705777777777
 33
0.0
  0
SOLID
  5
261
330
17
100
AcDbEntity
  8
CENTER
 62
250
420
0
100
AcDbTrace
 10
662.119438888889
 20
493.167811111111
 30
0.0
 11
716.1208972222223
 21
498.3705777777777
 31
0.0
 12
707.1208305555556
 22
498.0093333333333
 32
0.0
 13
707.1208305555556
 23
498.0093333333333
 33
0.0
  0
SOLID
  5
262
330
17
100
AcDbEntity
  8
CENTER
 62
250
420
0
100
AcDbTrace
 10
653.1193722222223
 20
492.25058888888884
 30
0.0
 11
662.119438888889
 21
493.167811111111
 31
0.0
 12
707.1208305555556
 22
498.0093333333333
 32
0.0
 13
707.1208305555556
 23
498.0093333333333
 33
0.0
  0
SOLID
  5
263
330
17
100
AcDbEntity
  8
CENTER
 62
250
420
0
100
AcDbTrace
 10
653.1193722222223
 20
492.25058888888884
 30
0.0
 11
707.1208305555556
 21
498.0093333333333
 31
0.0
 12
698.120763888889
 22
497.6480888888889
 32
0.0
 13
698.120763888889
 23
497.6480888888889
 33
0.0
  0
SOLID
  5
264
330
17
100
AcDbEntity
  8
CENTER
 62
250
420
0
100
AcDbTrace
 10
653.1193722222223
 20
492.25058888888884
 30
0.0
 11
698.120763888889
 21
497.6480888888889
 31
0.0
 12
689.1206972222224
 22
497.2487444444444
 32
0.0
 13
689.1206972222224
 23
497.2487444444444
 33
0.0
  0
SOLID
  5
265
330
17
100
AcDbEntity
  8
CENTER
 62
250
420
0
100
AcDbTrace
 10
644.1193055555556
 20
491.1696777777777
 30
0.0
 11
653.1193722222223
 21
492.25058888888884
 31
0.0
 12
689.1206972222224
 22
497.2487444444444
 32
0.0
 13
689.1206972222224
 23
497.2487444444444
 33
0.0
  0
SOLID
  5
266
330
17
100
AcDbEntity
  8
CENTER
 62
250
420
0
100
AcDbTrace
 10
644.1193055555556
 20
491.1696777777777
 30
0.0
 11
689.1206972222224
 21
497.2487444444444
 31
0.0
 12
680.1206305555556
 22
496.7689666666667
 32
0.0
 13
680.1206305555556
 23
496.7689666666667
 33
0.0
  0
SOLID
  5
267
330
17
100
AcDbEntity
  8
CENTER
 62
250
420
0
100
AcDbTrace
 10
635.1192388888888
 20
489.8488777777777
 30
0.0
 11
644.1193055555556
 21
491.1696777777777
 31
0.0
 12
680.1206305555556
 22
496.7689666666667
 32
0.0
 13
680.1206305555556
 23
496.7689666666667
 33
0.0
  0
SOLID
  5
268
330
17
100
AcDbEntity
  8
CENTER
 62
250
420
0
100
AcDbTrace
 10
635.1192388888888
 20
489.8488777777777
 30
0.0
 11
680.1206305555556
 21
496.7689666666667
 31
0.0
 12
671.1195055555556
 22
496.24826666666667
 32
0.0
 13
671.1195055555556
 23
496.24826666666667
 33
0.0
  0
SOLID
  5
269
330
17
100
AcDbEntity
  8
CENTER
 62
250
420
0
100
AcDbTrace
 10
635.1192388888888
 20
489.8488777777777
 30
0.0
 11
671.1195055555556
 21
496.24826666666667
 31
0.0
 12
662.1194388888889
 22
495.64713333333333
 32
0.0
 13
662.1194388888889
 23
495.64713333333333
 33
0.0
  0
SOLID
  5
26A
330
17
100
AcDbEntity
  8
CENTER
 62
250
420
0
100
AcDbTrace
 10
626.1191722222222
 20
488.24726666666663
 30
0.0
 11
635.1192388888888
 21
489.8488777777777
 31
0.0
 12
662.1194388888889
 22
495.64713333333333
 32
0.0
 13
662.1194388888889
 23
495.64713333333333
 33
0.0
  0
SOLID
  5
26B
330
17
100
AcDbEntity
  8
CENTER
 62
250
420
0
100
AcDbTrace
 10
626.1191722222222
 20
488.24726666666663
 30
0.0
 11
662.1194388888889
 21
495.64713333333333
 31
0.0
 12
653.1193722222222
 22
494.9274666666667
 32
0.0
 13
653.1193722222222
 23
494.9274666666667
 33
0.0
  0
SOLID
  5
26C
330
17
100
AcDbEntity
  8
CENTER
 62
250
420
0
100
AcDbTrace
 10
620.7184972222223
 20
487.0873333333333
 30
0.0
 11
626.1191722222222
 21
488.24726666666663
 31
0.0
 12
653.1193722222222
 22
494.9274666666667
 32
0.0
 13
653.1193722222222
 23
494.9274666666667
 33
0.0
  0
SOLID
  5
26D
330
17
100
AcDbEntity
  8
CENTER
 62
250
420
0
100
AcDbTrace
 10
617.1191055555555
 20
486.2491333333333
 30
0.0
 11
620.7184972222223
 21
487.0873333333333
 31
0.0
 12
653.1193722222222
 22
494.9274666666667
 32
0.0
 13
653.1193722222222
 23
494.9274666666667
 33
0.0
  0
SOLID
  5
26E
330
17
100
AcDbEntity
  8
CENTER
 62
250
420
0
100
AcDbTrace
 10
617.1191055555555
 20
486.2491333333333
 30
0.0
 11
653.1193722222222
 21
494.9274666666667
 31
0.0
 12
644.1193055555556
 22
494.04834444444447
 32
0.0
 13
644.1193055555556
 23
494.04834444444447
 33
0.0
  0
SOLID
  5
26F
330
17
100
AcDbEntity
  8
CENTER
 62
250
420
0
100
AcDbTrace
 10
611.7184305555555
 20
484.8083888888888
 30
0.0
 11
617.1191055555555
 21
486.2491333333333
 31
0.0
 12
644.1193055555556
 22
494.04834444444447
 32
0.0
 13
644.1193055555556
 23
494.04834444444447
 33
0.0
  0
SOLID
  5
270
330
17
100
AcDbEntity
  8
CENTER
 62
250
420
0
100
AcDbTrace
 10
581.1188388888888
 20
476.24999999999994
 30
0.0
 11
611.7184305555555
 21
484.8083888888888
 31
0.0
 12
644.1193055555556
 22
494.04834444444447
 32
0.0
 13
644.1193055555556
 23
494.04834444444447
 33
0.0
  0
SOLID
  5
271
330
17
100
AcDbEntity
  8
CENTER
 62
250
420
0
100
AcDbTrace
 10
581.1188388888888
 20
476.24999999999994
 30
0.0
 11
644.1193055555556
 21
494.04834444444447
 31
0.0
 12
635.1192388888888
 22
493.0492777777778
 32
0.0
 13
635.1192388888888
 23
493.0492777777778
 33
0.0
  0
SOLID
  5
272
330
17
100
AcDbEntity
  8
CENTER
 62
250
420
0
100
AcDbTrace
 10
581.1188388888888
 20
476.24999999999994
 30
0.0
 11
635.1192388888888
 21
493.0492777777778
 31
0.0
 12
626.1191722222221
 22
491.80891111111106
 32
0.0
 13
626.1191722222221
 23
491.80891111111106
 33
0.0
  0
SOLID
  5
273
330
17
100
AcDbEntity
  8
CENTER
 62
250
420
0
100
AcDbTrace
 10
581.1188388888888
 20
476.24999999999994
 30
0.0
 11
626.1191722222221
 21
491.80891111111106
 31
0.0
 12
620.7184972222221
 22
490.9297888888889
 32
0.0
 13
620.7184972222221
 23
490.9297888888889
 33
0.0
  0
SOLID
  5
274
330
17
100
AcDbEntity
  8
CENTER
 62
250
420
0
100
AcDbTrace
 10
581.1188388888888
 20
476.24999999999994
 30
0.0
 11
620.7184972222221
 21
490.9297888888889
 31
0.0
 12
617.1191055555554
 22
490.2496333333333
 32
0.0
 13
617.1191055555554
 23
490.2496333333333
 33
0.0
  0
SOLID
  5
275
330
17
100
AcDbEntity
  8
CENTER
 62
250
420
0
100
AcDbTrace
 10
581.1188388888888
 20
476.24999999999994
 30
0.0
 11
617.1191055555554
 21
490.2496333333333
 31
0.0
 12
611.7184305555554
 22
489.13062222222214
 32
0.0
 13
611.7184305555554
 23
489.13062222222214
 33
0.0
  0
SOLID
  5
276
330
17
100
AcDbEntity
  8
CENTER
 62
250
420
0
100
AcDbTrace
 10
581.1188388888888
 20
476.24999999999994
 30
0.0
 11
611.7184305555554
 21
489.13062222222214
 31
0.0
 12
608.1190388888888
 22
488.2486777777777
 32
0.0
 13
608.1190388888888
 23
488.2486777777777
 33
0.0
  0
SOLID
  5
277
330
17
100
AcDbEntity
  8
CENTER
 62
250
420
0
100
AcDbTrace
 10
581.1188388888888
 20
476.24999999999994
 30
0.0
 11
608.1190388888888
 21
488.2486777777777
 31
0.0
 12
602.7183638888888
 22
486.76842222222217
 32
0.0
 13
602.7183638888888
 23
486.76842222222217
 33
0.0
  0
SOLID
  5
278
330
17
100
AcDbEntity
  8
CENTER
 62
250
420
0
100
AcDbTrace
 10
581.1188388888888
 20
476.24999999999994
 30
0.0
 11
602.7183638888888
 21
486.76842222222217
 31
0.0
 12
599.1189722222222
 22
485.5689777777777
 32
0.0
 13
599.1189722222222
 23
485.5689777777777
 33
0.0
  0
SOLID
  5
279
330
17
100
AcDbEntity
  8
CENTER
 62
250
420
0
100
AcDbTrace
 10
581.1188388888888
 20
476.24999999999994
 30
0.0
 11
599.1189722222222
 21
485.5689777777777
 31
0.0
 12
593.7182972222221
 22
483.4875888888888
 32
0.0
 13
593.7182972222221
 23
483.4875888888888
 33
0.0
  0
SOLID
  5
27A
330
17
100
AcDbEntity
  8
CENTER
 62
250
420
0
100
AcDbTrace
 10
581.1188388888888
 20
476.24999999999994
 30
0.0
 11
593.7182972222221
 21
483.4875888888888
 31
0.0
 12
590.1189055555554
 22
481.84787777777774
 32
0.0
 13
590.1189055555554
 23
481.84787777777774
 33
0.0
  0
SOLID
  5
27B
330
17
100
AcDbEntity
  8
CENTER
 62
250
420
0
100
AcDbTrace
 10
590.1189055555554
 20
481.84787777777774
 30
0.0
 11
584.7182305555555
 21
478.8083444444444
 31
0.0
 12
581.1188388888888
 22
476.24999999999994
 32
0.0
 13
581.1188388888888
 23
476.24999999999994
 33
0.0
  0
HATCH
  5
27C
330
17
100
AcDbEntity
  8
CENTER
 62
7
420
0
100
AcDbHatch
 10
0.0
 20
0.0
 30
0.0
210
0.0
220
0.0
230
1.0
  2
SOLID
 70
1
 71
0
 91
1
 92
3
 72
0
 73
1
 93
53
 10
581.1188388888888
 20
468.2518222222222
 10
584.7182305555555
 20
471.5312444444444
 10
590.1189055555556
 20
475.44989999999996
 10
593.7182972222222
 20
477.56938888888885
 10
599.1189722222222
 20
480.25049999999993
 10
602.7183638888888
 20
481.7688555555555
 10
608.1190388888889
 20
483.68937777777774
 10
611.7184305555555
 20
484.8083888888888
 10
617.1191055555555
 20
486.2491333333333
 10
620.7184972222223
 20
487.0873333333333
 10
626.1191722222222
 20
488.24726666666663
 10
635.1192388888888
 20
489.8488777777777
 10
644.1193055555556
 20
491.1696777777777
 10
653.1193722222223
 20
492.25058888888884
 10
662.119438888889
 20
493.167811111111
 10
671.1195055555556
 20
493.9693222222221
 10
680.1206305555556
 20
494.6494777777777
 10
689.1206972222224
 20
495.250611111111
 10
698.1207638888891
 20
495.76848888888884
 10
707.1208305555557
 20
496.24826666666655
 10
716.1208972222224
 20
496.68994444444434
 10
725.120963888889
 20
497.05118888888876
 10
734.1210305555558
 20
497.409611111111
 10
743.1210972222224
 20
497.69042222222214
 10
752.1211638888891
 20
497.97123333333326
 10
761.1212305555558
 20
498.24922222222216
 10
761.1212305555558
 20
499.5714333333333
 10
752.1211638888891
 20
499.3710555555555
 10
743.1210972222224
 20
499.16926666666666
 10
734.1210305555558
 20
498.92937777777774
 10
725.120963888889
 20
498.6485666666666
 10
716.1208972222223
 20
498.3705777777777
 10
707.1208305555556
 20
498.0093333333333
 10
698.120763888889
 20
497.6480888888889
 10
689.1206972222224
 20
497.2487444444444
 10
680.1206305555556
 20
496.7689666666667
 10
671.1195055555556
 20
496.24826666666667
 10
662.1194388888889
 20
495.64713333333333
 10
653.1193722222222
 20
494.9274666666667
 10
644.1193055555556
 20
494.04834444444447
 10
635.1192388888888
 20
493.0492777777778
 10
626.1191722222221
 20
491.80891111111106
 10
620.7184972222221
 20
490.9297888888889
 10
617.1191055555554
 20
490.2496333333333
 10
611.7184305555554
 20
489.13062222222214
 10
608.1190388888888
 20
488.2486777777777
 10
602.7183638888888
 20
486.76842222222217
 10
599.1189722222222
 20
485.5689777777777
 10
593.7182972222221
 20
483.4875888888888
 10
590.1189055555554
 20
481.84787777777774
 10
584.7182305555555
 20
478.8083444444444
 10
581.1188388888888
 20
476.24999999999994
 10
581.1188388888888
 20
468.2518222222222
 97
0
 75
1
 76
1
 98
0
  0
LWPOLYLINE
  5
27D
330
17
100
AcDbEntity
  8
CENTER
 62
250
100
AcDbPolyline
 90
54
 70
1
 10
581.1188388888888
 20
484.2495888888888
 10
584.7182305555555
 20
486.04875555555543
 10
590.1189055555556
 20
488.2486777777777
 10
593.7182972222222
 20
489.45094444444436
 10
599.1189722222222
 20
490.9311999999999
 10
602.7183638888888
 20
491.76939999999985
 10
608.1190388888889
 20
492.81079999999986
 10
611.7184305555555
 20
493.4500333333332
 10
617.1191055555555
 20
494.248722222222
 10
620.7184972222223
 20
494.72849999999977
 10
626.1191722222222
 20
495.3705555555553
 10
635.1192388888888
 20
496.2496777777775
 10
644.1193055555556
 20
496.9693444444442
 10
653.1193722222223
 20
497.57047777777746
 10
662.119438888889
 20
498.0911777777775
 10
671.1195055555556
 20
498.5328555555553
 10
680.1206305555556
 20
498.93219999999974
 10
689.1206972222224
 20
499.2525222222219
 10
698.1207638888891
 20
499.5333333333331
 10
707.1208305555557
 20
499.81273333333303
 10
716.1208972222224
 20
500.05262222222194
 10
725.120963888889
 20
500.2529999999997
 10
734.1210305555558
 20
500.45337777777746
 10
743.1210972222224
 20
500.612833333333
 10
752.1211638888891
 20
500.77228888888857
 10
761.1212305555558
 20
500.93315555555523
 10
761.1212305555558
 20
502.2525444444441
 10
752.1211638888891
 20
502.1721111111107
 10
743.1210972222224
 20
502.0521666666663
 10
734.1210305555558
 20
501.97173333333296
 10
725.120963888889
 20
501.85178888888856
 10
716.1208972222223
 20
501.73184444444416
 10
707.1208305555556
 20
501.5723888888886
 10
698.120763888889
 20
501.41293333333306
 10
689.1206972222224
 20
501.2534777777775
 10
680.1206305555556
 20
501.0530999999997
 10
671.1195055555556
 20
500.8132111111108
 10
662.1194388888889
 20
500.57049999999964
 10
653.1193722222222
 20
500.2501777777775
 10
644.1193055555556
 20
499.8917555555552
 10
635.1192388888888
 20
499.45007777777744
 10
626.1191722222221
 20
498.92796666666635
 10
620.7184972222221
 20
498.5286222222219
 10
617.1191055555554
 20
498.250633333333
 10
611.7184305555554
 20
497.7708555555552
 10
608.1190388888888
 20
497.40961111111085
 10
602.7183638888888
 20
496.7703777777775
 10
599.1189722222222
 20
496.2496777777775
 10
593.7182972222221
 20
495.3705555555553
 10
590.1189055555554
 20
494.6480666666664
 10
584.7182305555555
 20
493.33008888888855
 10
581.1188388888887
 20
492.2505888888886
 10
581.1188388888887
 20
484.2495888888888
 10
581.1188388888888
 20
484.2495888888888
  0
SOLID
  5
27E
330
17
100
AcDbEntity
  8
CENTER
 62
250
420
0
100
AcDbTrace
 10
743.1210972222224
 20
500.612833333333
 30
0.0
 11
752.1211638888891
 21
500.77228888888857
 31
0.0
 12
761.1212305555558
 22
500.93315555555523
 32
0.0
 13
761.1212305555558
 23
500.93315555555523
 33
0.0
  0
SOLID
  5
27F
330
17
100
AcDbEntity
  8
CENTER
 62
250
420
0
100
AcDbTrace
 10
734.1210305555558
 20
500.45337777777746
 30
0.0
 11
743.1210972222224
 21
500.612833333333
 31
0.0
 12
761.1212305555558
 22
500.93315555555523
 32
0.0
 13
761.1212305555558
 23
500.93315555555523
 33
0.0
  0
SOLID
  5
280
330
17
100
AcDbEntity
  8
CENTER
 62
250
420
0
100
AcDbTrace
 10
734.1210305555558
 20
500.45337777777746
 30
0.0
 11
761.1212305555558
 21
500.93315555555523
 31
0.0
 12
761.1212305555558
 22
502.2525444444441
 32
0.0
 13
761.1212305555558
 23
502.2525444444441
 33
0.0
  0
SOLID
  5
281
330
17
100
AcDbEntity
  8
CENTER
 62
250
420
0
100
AcDbTrace
 10
725.120963888889
 20
500.2529999999997
 30
0.0
 11
734.1210305555558
 21
500.45337777777746
 31
0.0
 12
761.1212305555558
 22
502.2525444444441
 32
0.0
 13
761.1212305555558
 23
502.2525444444441
 33
0.0
  0
SOLID
  5
282
330
17
100
AcDbEntity
  8
CENTER
 62
250
420
0
100
AcDbTrace
 10
716.1208972222224
 20
500.05262222222194
 30
0.0
 11
725.120963888889
 21
500.2529999999997
 31
0.0
 12
761.1212305555558
 22
502.2525444444441
 32
0.0
 13
761.1212305555558
 23
502.2525444444441
 33
0.0
  0
SOLID
  5
283
330
17
100
AcDbEntity
  8
CENTER
 62
250
420
0
100
AcDbTrace
 10
707.1208305555557
 20
499.81273333333303
 30
0.0
 11
716.1208972222224
 21
500.05262222222194
 31
0.0
 12
761.1212305555558
 22
502.2525444444441
 32
0.0
 13
761.1212305555558
 23
502.2525444444441
 33
0.0
  0
SOLID
  5
284
330
17
100
AcDbEntity
  8
CENTER
 62
250
420
0
100
AcDbTrace
 10
698.1207638888891
 20
499.5333333333331
 30
0.0
 11
707.1208305555557
 21
499.81273333333303
 31
0.0
 12
761.1212305555558
 22
502.2525444444441
 32
0.0
 13
761.1212305555558
 23
502.2525444444441
 33
0.0
  0
SOLID
  5
285
330
17
100
AcDbEntity
  8
CENTER
 62
250
420
0
100
AcDbTrace
 10
689.1206972222224
 20
499.2525222222219
 30
0.0
 11
698.1207638888891
 21
499.5333333333331
 31
0.0
 12
761.1212305555558
 22
502.2525444444441
 32
0.0
 13
761.1212305555558
 23
502.2525444444441
 33
0.0
  0
SOLID
  5
286
330
17
100
AcDbEntity
  8
CENTER
 62
250
420
0
100
AcDbTrace
 10
680.1206305555556
 20
498.93219999999974
 30
0.0
 11
689.1206972222224
 21
499.2525222222219
 31
0.0
 12
761.1212305555558
 22
502.2525444444441
 32
0.0
 13
761.1212305555558
 23
502.2525444444441
 33
0.0
  0
SOLID
  5
287
330
17
100
AcDbEntity
  8
CENTER
 62
250
420
0
100
AcDbTrace
 10
680.1206305555556
 20
498.93219999999974
 30
0.0
 11
761.1212305555558
 21
502.2525444444441
 31
0.0
 12
752.1211638888891
 22
502.1721111111107
 32
0.0
 13
752.1211638888891
 23
502.1721111111107
 33
0.0
  0
SOLID
  5
288
330
17
100
AcDbEntity
  8
CENTER
 62
250
420
0
100
AcDbTrace
 10
671.1195055555556
 20
498.5328555555553
 30
0.0
 11
680.1206305555556
 21
498.93219999999974
 31
0.0
 12
752.1211638888891
 22
502.1721111111107
 32
0.0
 13
752.1211638888891
 23
502.1721111111107
 33
0.0
  0
SOLID
  5
289
330
17
100
AcDbEntity
  8
CENTER
 62
250
420
0
100
AcDbTrace
 10
671.1195055555556
 20
498.5328555555553
 30
0.0
 11
752.1211638888891
 21
502.1721111111107
 31
0.0
 12
743.1210972222224
 22
502.0521666666663
 32
0.0
 13
743.1210972222224
 23
502.0521666666663
 33
0.0
  0
SOLID
  5
28A
330
17
100
AcDbEntity
  8
CENTER
 62
250
420
0
100
AcDbTrace
 10
671.1195055555556
 20
498.5328555555553
 30
0.0
 11
743.1210972222224
 21
502.0521666666663
 31
0.0
 12
734.1210305555558
 22
501.97173333333296
 32
0.0
 13
734.1210305555558
 23
501.97173333333296
 33
0.0
  0
SOLID
  5
28B
330
17
100
AcDbEntity
  8
CENTER
 62
250
420
0
100
AcDbTrace
 10
662.119438888889
 20
498.0911777777775
 30
0.0
 11
671.1195055555556
 21
498.5328555555553
 31
0.0
 12
734.1210305555558
 22
501.97173333333296
 32
0.0
 13
734.1210305555558
 23
501.97173333333296
 33
0.0
  0
SOLID
  5
28C
330
17
100
AcDbEntity
  8
CENTER
 62
250
420
0
100
AcDbTrace
 10
662.119438888889
 20
498.0911777777775
 30
0.0
 11
734.1210305555558
 21
501.97173333333296
 31
0.0
 12
725.120963888889
 22
501.85178888888856
 32
0.0
 13
725.120963888889
 23
501.85178888888856
 33
0.0
  0
SOLID
  5
28D
330
17
100
AcDbEntity
  8
CENTER
 62
250
420
0
100
AcDbTrace
 10
653.1193722222223
 20
497.57047777777746
 30
0.0
 11
662.119438888889
 21
498.0911777777775
 31
0.0
 12
725.120963888889
 22
501.85178888888856
 32
0.0
 13
725.120963888889
 23
501.85178888888856
 33
0.0
  0
SOLID
  5
28E
330
17
100
AcDbEntity
  8
CENTER
 62
250
420
0
100
AcDbTrace
 10
653.1193722222223
 20
497.57047777777746
 30
0.0
 11
725.120963888889
 21
501.85178888888856
 31
0.0
 12
716.1208972222223
 22
501.73184444444416
 32
0.0
 13
716.1208972222223
 23
501.73184444444416
 33
0.0
  0
SOLID
  5
28F
330
17
100
AcDbEntity
  8
CENTER
 62
250
420
0
100
AcDbTrace
 10
653.1193722222223
 20
497.57047777777746
 30
0.0
 11
716.1208972222223
 21
501.73184444444416
 31
0.0
 12
707.1208305555556
 22
501.5723888888886
 32
0.0
 13
707.1208305555556
 23
501.5723888888886
 33
0.0
  0
SOLID
  5
290
330
17
100
AcDbEntity
  8
CENTER
 62
250
420
0
100
AcDbTrace
 10
644.1193055555556
 20
496.9693444444442
 30
0.0
 11
653.1193722222223
 21
497.57047777777746
 31
0.0
 12
707.1208305555556
 22
501.5723888888886
 32
0.0
 13
707.1208305555556
 23
501.5723888888886
 33
0.0
  0
SOLID
  5
291
330
17
100
AcDbEntity
  8
CENTER
 62
250
420
0
100
AcDbTrace
 10
644.1193055555556
 20
496.9693444444442
 30
0.0
 11
707.1208305555556
 21
501.5723888888886
 31
0.0
 12
698.120763888889
 22
501.41293333333306
 32
0.0
 13
698.120763888889
 23
501.41293333333306
 33
0.0
  0
SOLID
  5
292
330
17
100
AcDbEntity
  8
CENTER
 62
250
420
0
100
AcDbTrace
 10
635.1192388888888
 20
496.2496777777775
 30
0.0
 11
644.1193055555556
 21
496.9693444444442
 31
0.0
 12
698.120763888889
 22
501.41293333333306
 32
0.0
 13
698.120763888889
 23
501.41293333333306
 33
0.0
  0
SOLID
  5
293
330
17
100
AcDbEntity
  8
CENTER
 62
250
420
0
100
AcDbTrace
 10
635.1192388888888
 20
496.2496777777775
 30
0.0
 11
698.120763888889
 21
501.41293333333306
 31
0.0
 12
689.1206972222224
 22
501.2534777777775
 32
0.0
 13
689.1206972222224
 23
501.2534777777775
 33
0.0
  0
SOLID
  5
294
330
17
100
AcDbEntity
  8
CENTER
 62
250
420
0
100
AcDbTrace
 10
635.1192388888888
 20
496.2496777777775
 30
0.0
 11
689.1206972222224
 21
501.2534777777775
 31
0.0
 12
680.1206305555556
 22
501.0530999999997
 32
0.0
 13
680.1206305555556
 23
501.0530999999997
 33
0.0
  0
SOLID
  5
295
330
17
100
AcDbEntity
  8
CENTER
 62
250
420
0
100
AcDbTrace
 10
626.1191722222222
 20
495.3705555555553
 30
0.0
 11
635.1192388888888
 21
496.2496777777775
 31
0.0
 12
680.1206305555556
 22
501.0530999999997
 32
0.0
 13
680.1206305555556
 23
501.0530999999997
 33
0.0
  0
SOLID
  5
296
330
17
100
AcDbEntity
  8
CENTER
 62
250
420
0
100
AcDbTrace
 10
626.1191722222222
 20
495.3705555555553
 30
0.0
 11
680.1206305555556
 21
501.0530999999997
 31
0.0
 12
671.1195055555556
 22
500.8132111111108
 32
0.0
 13
671.1195055555556
 23
500.8132111111108
 33
0.0
  0
SOLID
  5
297
330
17
100
AcDbEntity
  8
CENTER
 62
250
420
0
100
AcDbTrace
 10
620.7184972222223
 20
494.72849999999977
 30
0.0
 11
626.1191722222222
 21
495.3705555555553
 31
0.0
 12
671.1195055555556
 22
500.8132111111108
 32
0.0
 13
671.1195055555556
 23
500.8132111111108
 33
0.0
  0
SOLID
  5
298
330
17
100
AcDbEntity
  8
CENTER
 62
250
420
0
100
AcDbTrace
 10
620.7184972222223
 20
494.72849999999977
 30
0.0
 11
671.1195055555556
 21
500.8132111111108
 31
0.0
 12
662.1194388888889
 22
500.57049999999964
 32
0.0
 13
662.1194388888889
 23
500.57049999999964
 33
0.0
  0
SOLID
  5
299
330
17
100
AcDbEntity
  8
CENTER
 62
250
420
0
100
AcDbTrace
 10
617.1191055555555
 20
494.248722222222
 30
0.0
 11
620.7184972222223
 21
494.72849999999977
 31
0.0
 12
662.1194388888889
 22
500.57049999999964
 32
0.0
 13
662.1194388888889
 23
500.57049999999964
 33
0.0
  0
SOLID
  5
29A
330
17
100
AcDbEntity
  8
CENTER
 62
250
420
0
100
AcDbTrace
 10
617.1191055555555
 20
494.248722222222
 30
0.0
 11
662.1194388888889
 21
500.57049999999964
 31
0.0
 12
653.1193722222222
 22
500.2501777777775
 32
0.0
 13
653.1193722222222
 23
500.2501777777775
 33
0.0
  0
SOLID
  5
29B
330
17
100
AcDbEntity
  8
CENTER
 62
250
420
0
100
AcDbTrace
 10
611.7184305555555
 20
493.4500333333332
 30
0.0
 11
617.1191055555555
 21
494.248722222222
 31
0.0
 12
653.1193722222222
 22
500.2501777777775
 32
0.0
 13
653.1193722222222
 23
500.2501777777775
 33
0.0
  0
SOLID
  5
29C
330
17
100
AcDbEntity
  8
CENTER
 62
250
420
0
100
AcDbTrace
 10
611.7184305555555
 20
493.4500333333332
 30
0.0
 11
653.1193722222222
 21
500.2501777777775
 31
0.0
 12
644.1193055555556
 22
499.8917555555552
 32
0.0
 13
644.1193055555556
 23
499.8917555555552
 33
0.0
  0
SOLID
  5
29D
330
17
100
AcDbEntity
  8
CENTER
 62
250
420
0
100
AcDbTrace
 10
608.1190388888889
 20
492.81079999999986
 30
0.0
 11
611.7184305555555
 21
493.4500333333332
 31
0.0
 12
644.1193055555556
 22
499.8917555555552
 32
0.0
 13
644.1193055555556
 23
499.8917555555552
 33
0.0
  0
SOLID
  5
29E
330
17
100
AcDbEntity
  8
CENTER
 62
250
420
0
100
AcDbTrace
 10
602.7183638888888
 20
491.76939999999985
 30
0.0
 11
608.1190388888889
 21
492.81079999999986
 31
0.0
 12
644.1193055555556
 22
499.8917555555552
 32
0.0
 13
644.1193055555556
 23
499.8917555555552
 33
0.0
  0
SOLID
  5
29F
330
17
100
AcDbEntity
  8
CENTER
 62
250
420
0
100
AcDbTrace
 10
602.7183638888888
 20
491.76939999999985
 30
0.0
 11
644.1193055555556
 21
499.8917555555552
 31
0.0
 12
635.1192388888888
 22
499.45007777777744
 32
0.0
 13
635.1192388888888
 23
499.45007777777744
 33
0.0
  0
SOLID
  5
2A0
330
17
100
AcDbEntity
  8
CENTER
 62
250
420
0
100
AcDbTrace
 10
599.1189722222222
 20
490.9311999999999
 30
0.0
 11
602.7183638888888
 21
491.76939999999985
 31
0.0
 12
635.1192388888888
 22
499.45007777777744
 32
0.0
 13
635.1192388888888
 23
499.45007777777744
 33
0.0
  0
SOLID
  5
2A1
330
17
100
AcDbEntity
  8
CENTER
 62
250
420
0
100
AcDbTrace
 10
599.1189722222222
 20
490.9311999999999
 30
0.0
 11
635.1192388888888
 21
499.45007777777744
 31
0.0
 12
626.1191722222221
 22
498.92796666666635
 32
0.0
 13
626.1191722222221
 23
498.92796666666635
 33
0.0
  0
SOLID
  5
2A2
330
17
100
AcDbEntity
  8
CENTER
 62
250
420
0
100
AcDbTrace
 10
593.7182972222222
 20
489.45094444444436
 30
0.0
 11
599.1189722222222
 21
490.9311999999999
 31
0.0
 12
626.1191722222221
 22
498.92796666666635
 32
0.0
 13
626.1191722222221
 23
498.92796666666635
 33
0.0
  0
SOLID
  5
2A3
330
17
100
AcDbEntity
  8
CENTER
 62
250
420
0
100
AcDbTrace
 10
593.7182972222222
 20
489.45094444444436
 30
0.0
 11
626.1191722222221
 21
498.92796666666635
 31
0.0
 12
620.7184972222221
 22
498.5286222222219
 32
0.0
 13
620.7184972222221
 23
498.5286222222219
 33
0.0
  0
SOLID
  5
2A4
330
17
100
AcDbEntity
  8
CENTER
 62
250
420
0
100
AcDbTrace
 10
590.1189055555556
 20
488.2486777777777
 30
0.0
 11
593.7182972222222
 21
489.45094444444436
 31
0.0
 12
620.7184972222221
 22
498.5286222222219
 32
0.0
 13
620.7184972222221
 23
498.5286222222219
 33
0.0
  0
SOLID
  5
2A5
330
17
100
AcDbEntity
  8
CENTER
 62
250
420
0
100
AcDbTrace
 10
590.1189055555556
 20
488.2486777777777
 30
0.0
 11
620.7184972222221
 21
498.5286222222219
 31
0.0
 12
617.1191055555554
 22
498.250633333333
 32
0.0
 13
617.1191055555554
 23
498.250633333333
 33
0.0
  0
SOLID
  5
2A6
330
17
100
AcDbEntity
  8
CENTER
 62
250
420
0
100
AcDbTrace
 10
590.1189055555556
 20
488.2486777777777
 30
0.0
 11
617.1191055555554
 21
498.250633333333
 31
0.0
 12
611.7184305555554
 22
497.7708555555552
 32
0.0
 13
611.7184305555554
 23
497.7708555555552
 33
0.0
  0
SOLID
  5
2A7
330
17
100
AcDbEntity
  8
CENTER
 62
250
420
0
100
AcDbTrace
 10
584.7182305555555
 20
486.04875555555543
 30
0.0
 11
590.1189055555556
 21
488.2486777777777
 31
0.0
 12
611.7184305555554
 22
497.7708555555552
 32
0.0
 13
611.7184305555554
 23
497.7708555555552
 33
0.0
  0
SOLID
  5
2A8
330
17
100
AcDbEntity
  8
CENTER
 62
250
420
0
100
AcDbTrace
 10
584.7182305555555
 20
486.04875555555543
 30
0.0
 11
611.7184305555554
 21
497.7708555555552
 31
0.0
 12
608.1190388888888
 22
497.40961111111085
 32
0.0
 13
608.1190388888888
 23
497.40961111111085
 33
0.0
  0
SOLID
  5
2A9
330
17
100
AcDbEntity
  8
CENTER
 62
250
420
0
100
AcDbTrace
 10
584.7182305555555
 20
486.04875555555543
 30
0.0
 11
608.1190388888888
 21
497.40961111111085
 31
0.0
 12
602.7183638888888
 22
496.7703777777775
 32
0.0
 13
602.7183638888888
 23
496.7703777777775
 33
0.0
  0
SOLID
  5
2AA
330
17
100
AcDbEntity
  8
CENTER
 62
250
420
0
100
AcDbTrace
 10
581.1188388888888
 20
484.2495888888888
 30
0.0
 11
584.7182305555555
 21
486.04875555555543
 31
0.0
 12
602.7183638888888
 22
496.7703777777775
 32
0.0
 13
602.7183638888888
 23
496.7703777777775
 33
0.0
  0
SOLID
  5
2AB
330
17
100
AcDbEntity
  8
CENTER
 62
250
420
0
100
AcDbTrace
 10
581.1188388888887
 20
484.2495888888888
 30
0.0
 11
581.1188388888888
 21
484.2495888888888
 31
0.0
 12
602.7183638888888
 22
496.7703777777775
 32
0.0
 13
602.7183638888888
 23
496.7703777777775
 33
0.0
  0
SOLID
  5
2AC
330
17
100
AcDbEntity
  8
CENTER
 62
250
420
0
100
AcDbTrace
 10
581.1188388888887
 20
484.2495888888888
 30
0.0
 11
602.7183638888888
 21
496.7703777777775
 31
0.0
 12
599.1189722222222
 22
496.2496777777775
 32
0.0
 13
599.1189722222222
 23
496.2496777777775
 33
0.0
  0
SOLID
  5
2AD
330
17
100
AcDbEntity
  8
CENTER
 62
250
420
0
100
AcDbTrace
 10
581.1188388888887
 20
484.2495888888888
 30
0.0
 11
599.1189722222222
 21
496.2496777777775
 31
0.0
 12
593.7182972222221
 22
495.3705555555553
 32
0.0
 13
593.7182972222221
 23
495.3705555555553
 33
0.0
  0
SOLID
  5
2AE
330
17
100
AcDbEntity
  8
CENTER
 62
250
420
0
100
AcDbTrace
 10
581.1188388888887
 20
484.2495888888888
 30
0.0
 11
593.7182972222221
 21
495.3705555555553
 31
0.0
 12
590.1189055555554
 22
494.6480666666664
 32
0.0
 13
590.1189055555554
 23
494.6480666666664
 33
0.0
  0
SOLID
  5
2AF
330
17
100
AcDbEntity
  8
CENTER
 62
250
420
0
100
AcDbTrace
 10
581.1188388888887
 20
484.2495888888888
 30
0.0
 11
590.1189055555554
 21
494.6480666666664
 31
0.0
 12
584.7182305555555
 22
493.33008888888855
 32
0.0
 13
584.7182305555555
 23
493.33008888888855
 33
0.0
  0
SOLID
  5
2B0
330
17
100
AcDbEntity
  8
CENTER
 62
250
420
0
100
AcDbTrace
 10
584.7182305555555
 20
493.33008888888855
 30
0.0
 11
581.1188388888887
 21
492.2505888888886
 31
0.0
 12
581.1188388888887
 22
484.2495888888888
 32
0.0
 13
581.1188388888887
 23
484.2495888888888
 33
0.0
  0
HATCH
  5
2B1
330
17
100
AcDbEntity
  8
CENTER
 62
7
420
0
100
AcDbHatch
 10
0.0
 20
0.0
 30
0.0
210
0.0
220
0.0
230
1.0
  2
SOLID
 70
1
 71
0
 91
1
 92
3
 72
0
 73
1
 93
54
 10
581.1188388888888
 20
484.2495888888888
 10
584.7182305555555
 20
486.04875555555543
 10
590.1189055555556
 20
488.2486777777777
 10
593.7182972222222
 20
489.45094444444436
 10
599.1189722222222
 20
490.9311999999999
 10
602.7183638888888
 20
491.76939999999985
 10
608.1190388888889
 20
492.81079999999986
 10
611.7184305555555
 20
493.4500333333332
 10
617.1191055555555
 20
494.248722222222
 10
620.7184972222223
 20
494.72849999999977
 10
626.1191722222222
 20
495.3705555555553
 10
635.1192388888888
 20
496.2496777777775
 10
644.1193055555556
 20
496.9693444444442
 10
653.1193722222223
 20
497.57047777777746
 10
662.119438888889
 20
498.0911777777775
 10
671.1195055555556
 20
498.5328555555553
 10
680.1206305555556
 20
498.93219999999974
 10
689.1206972222224
 20
499.2525222222219
 10
698.1207638888891
 20
499.5333333333331
 10
707.1208305555557
 20
499.81273333333303
 10
716.1208972222224
 20
500.05262222222194
 10
725.120963888889
 20
500.2529999999997
 10
734.1210305555558
 20
500.45337777777746
 10
743.1210972222224
 20
500.612833333333
 10
752.1211638888891
 20
500.77228888888857
 10
761.1212305555558
 20
500.93315555555523
 10
761.1212305555558
 20
502.2525444444441
 10
752.1211638888891
 20
502.1721111111107
 10
743.1210972222224
 20
502.0521666666663
 10
734.1210305555558
 20
501.97173333333296
 10
725.120963888889
 20
501.85178888888856
 10
716.1208972222223
 20
501.73184444444416
 10
707.1208305555556
 20
501.5723888888886
 10
698.120763888889
 20
501.41293333333306
 10
689.1206972222224
 20
501.2534777777775
 10
680.1206305555556
 20
501.0530999999997
 10
671.1195055555556
 20
500.8132111111108
 10
662.1194388888889
 20
500.57049999999964
 10
653.1193722222222
 20
500.2501777777775
 10
644.1193055555556
 20
499.8917555555552
 10
635.1192388888888
 20
499.45007777777744
 10
626.1191722222221
 20
498.92796666666635
 10
620.7184972222221
 20
498.5286222222219
 10
617.1191055555554
 20
498.250633333333
 10
611.7184305555554
 20
497.7708555555552
 10
608.1190388888888
 20
497.40961111111085
 10
602.7183638888888
 20
496.7703777777775
 10
599.1189722222222
 20
496.2496777777775
 10
593.7182972222221
 20
495.3705555555553
 10
590.1189055555554
 20
494.6480666666664
 10
584.7182305555555
 20
493.33008888888855
 10
581.1188388888887
 20
492.2505888888886
 10
581.1188388888887
 20
484.2495888888888
 10
581.1188388888888
 20
484.2495888888888
 97
0
 75
1
 76
1
 98
0
  0
LWPOLYLINE
  5
2B2
330
17
100
AcDbEntity
  8
CENTER
 62
250
100
AcDbPolyline
 90
54
 70
1
 10
581.1188388888888
 20
500.2501777777777
 10
584.7182305555555
 20
500.61142222222213
 10
590.1189055555556
 20
501.05309999999986
 10
593.7182972222222
 20
501.2929888888888
 10
599.1189722222222
 20
501.57097777777767
 10
602.7183638888888
 20
501.77276666666654
 10
608.1190388888889
 20
501.97173333333325
 10
611.7184305555555
 20
502.0930888888888
 10
617.1191055555555
 20
502.25254444444437
 10
620.7184972222223
 20
502.3329777777777
 10
626.1191722222222
 20
502.4924333333333
 10
635.1192388888888
 20
502.65188888888883
 10
644.1193055555556
 20
502.8113444444444
 10
653.1193722222223
 20
502.9312888888888
 10
662.119438888889
 20
503.01172222222215
 10
671.1195055555556
 20
503.0921555555555
 10
680.1206305555556
 20
503.17258888888887
 10
689.1206972222224
 20
503.2530222222222
 10
698.1207638888891
 20
503.2925333333333
 10
707.1208305555557
 20
503.3729666666667
 10
716.1208972222224
 20
503.41247777777784
 10
725.120963888889
 20
503.451988888889
 10
734.1210305555558
 20
503.49150000000014
 10
743.1210972222224
 20
503.53101111111124
 10
752.1211638888891
 20
503.5705222222224
 10
761.1212305555558
 20
503.5705222222224
 10
761.1212305555558
 20
504.9308333333335
 10
752.1211638888891
 20
504.9308333333335
 10
743.1210972222224
 20
504.97034444444466
 10
734.1210305555558
 20
505.0098555555558
 10
725.120963888889
 20
505.0493666666669
 10
716.1208972222223
 20
505.08887777777807
 10
707.1208305555556
 20
505.1283888888892
 10
698.120763888889
 20
505.2088222222226
 10
689.1206972222224
 20
505.24833333333373
 10
680.1206305555556
 20
505.33017777777815
 10
671.1195055555556
 20
505.4106111111115
 10
662.1194388888889
 20
505.49104444444487
 10
653.1193722222222
 20
505.5714777777782
 10
644.1193055555556
 20
505.6914222222226
 10
635.1192388888888
 20
505.8508777777782
 10
626.1191722222221
 20
506.01033333333373
 10
620.7184972222221
 20
506.1697888888893
 10
617.1191055555554
 20
506.25022222222265
 10
611.7184305555554
 20
506.4096777777782
 10
608.1190388888888
 20
506.5296222222226
 10
602.7183638888888
 20
506.7695111111115
 10
599.1189722222222
 20
506.9303777777782
 10
593.7182972222221
 20
507.20977777777813
 10
590.1189055555554
 20
507.44966666666704
 10
584.7182305555555
 20
507.8899333333337
 10
581.1188388888887
 20
508.249766666667
 10
581.1188388888887
 20
500.2501777777777
 10
581.1188388888888
 20
500.2501777777777
  0
SOLID
  5
2B3
330
17
100
AcDbEntity
  8
CENTER
 62
250
420
0
100
AcDbTrace
 10
593.7182972222222
 20
501.2929888888888
 30
0.0
 11
599.1189722222222
 21
501.57097777777767
 31
0.0
 12
602.7183638888888
 22
501.77276666666654
 32
0.0
 13
602.7183638888888
 23
501.77276666666654
 33
0.0
  0
SOLID
  5
2B4
330
17
100
AcDbEntity
  8
CENTER
 62
250
420
0
100
AcDbTrace
 10
617.1191055555555
 20
502.25254444444437
 30
0.0
 11
620.7184972222223
 21
502.3329777777777
 31
0.0
 12
626.1191722222222
 22
502.4924333333333
 32
0.0
 13
626.1191722222222
 23
502.4924333333333
 33
0.0
  0
SOLID
  5
2B5
330
17
100
AcDbEntity
  8
CENTER
 62
250
420
0
100
AcDbTrace
 10
671.1195055555556
 20
503.0921555555555
 30
0.0
 11
680.1206305555556
 21
503.17258888888887
 31
0.0
 12
689.1206972222224
 22
503.2530222222222
 32
0.0
 13
689.1206972222224
 23
503.2530222222222
 33
0.0
  0
SOLID
  5
2B6
330
17
100
AcDbEntity
  8
CENTER
 62
250
420
0
100
AcDbTrace
 10
689.1206972222224
 20
503.2530222222222
 30
0.0
 11
698.1207638888891
 21
503.2925333333333
 31
0.0
 12
707.1208305555557
 22
503.3729666666667
 32
0.0
 13
707.1208305555557
 23
503.3729666666667
 33
0.0
  0
SOLID
  5
2B7
330
17
100
AcDbEntity
  8
CENTER
 62
250
420
0
100
AcDbTrace
 10
752.1211638888891
 20
503.5705222222224
 30
0.0
 11
761.1212305555558
 21
503.5705222222224
 31
0.0
 12
761.1212305555558
 22
504.9308333333335
 32
0.0
 13
761.1212305555558
 23
504.9308333333335
 33
0.0
  0
SOLID
  5
2B8
330
17
100
AcDbEntity
  8
CENTER
 62
250
420
0
100
AcDbTrace
 10
743.1210972222224
 20
503.53101111111124
 30
0.0
 11
752.1211638888891
 21
503.5705222222224
 31
0.0
 12
761.1212305555558
 22
504.9308333333335
 32
0.0
 13
761.1212305555558
 23
504.9308333333335
 33
0.0
  0
SOLID
  5
2B9
330
17
100
AcDbEntity
  8
CENTER
 62
250
420
0
100
AcDbTrace
 10
734.1210305555558
 20
503.49150000000014
 30
0.0
 11
743.1210972222224
 21
503.53101111111124
 31
0.0
 12
761.1212305555558
 22
504.9308333333335
 32
0.0
 13
761.1212305555558
 23
504.9308333333335
 33
0.0
  0
SOLID
  5
2BA
330
17
100
AcDbEntity
  8
CENTER
 62
250
420
0
100
AcDbTrace
 10
725.120963888889
 20
503.451988888889
 30
0.0
 11
734.1210305555558
 21
503.49150000000014
 31
0.0
 12
761.1212305555558
 22
504.9308333333335
 32
0.0
 13
761.1212305555558
 23
504.9308333333335
 33
0.0
  0
SOLID
  5
2BB
330
17
100
AcDbEntity
  8
CENTER
 62
250
420
0
100
AcDbTrace
 10
716.1208972222224
 20
503.41247777777784
 30
0.0
 11
725.120963888889
 21
503.451988888889
 31
0.0
 12
761.1212305555558
 22
504.9308333333335
 32
0.0
 13
761.1212305555558
 23
504.9308333333335
 33
0.0
  0
SOLID
  5
2BC
330
17
100
AcDbEntity
  8
CENTER
 62
250
420
0
100
AcDbTrace
 10
707.1208305555557
 20
503.3729666666667
 30
0.0
 11
716.1208972222224
 21
503.41247777777784
 31
0.0
 12
761.1212305555558
 22
504.9308333333335
 32
0.0
 13
761.1212305555558
 23
504.9308333333335
 33
0.0
  0
SOLID
  5
2BD
330
17
100
AcDbEntity
  8
CENTER
 62
250
420
0
100
AcDbTrace
 10
689.1206972222224
 20
503.2530222222222
 30
0.0
 11
707.1208305555557
 21
503.3729666666667
 31
0.0
 12
761.1212305555558
 22
504.9308333333335
 32
0.0
 13
761.1212305555558
 23
504.9308333333335
 33
0.0
  0
SOLID
  5
2BE
330
17
100
AcDbEntity
  8
CENTER
 62
250
420
0
100
AcDbTrace
 10
671.1195055555556
 20
503.0921555555555
 30
0.0
 11
689.1206972222224
 21
503.2530222222222
 31
0.0
 12
761.1212305555558
 22
504.9308333333335
 32
0.0
 13
761.1212305555558
 23
504.9308333333335
 33
0.0
  0
SOLID
  5
2BF
330
17
100
AcDbEntity
  8
CENTER
 62
250
420
0
100
AcDbTrace
 10
662.119438888889
 20
503.01172222222215
 30
0.0
 11
671.1195055555556
 21
503.0921555555555
 31
0.0
 12
761.1212305555558
 22
504.9308333333335
 32
0.0
 13
761.1212305555558
 23
504.9308333333335
 33
0.0
  0
SOLID
  5
2C0
330
17
100
AcDbEntity
  8
CENTER
 62
250
420
0
100
AcDbTrace
 10
653.1193722222223
 20
502.9312888888888
 30
0.0
 11
662.119438888889
 21
503.01172222222215
 31
0.0
 12
761.1212305555558
 22
504.9308333333335
 32
0.0
 13
761.1212305555558
 23
504.9308333333335
 33
0.0
  0
SOLID
  5
2C1
330
17
100
AcDbEntity
  8
CENTER
 62
250
420
0
100
AcDbTrace
 10
644.1193055555556
 20
502.8113444444444
 30
0.0
 11
653.1193722222223
 21
502.9312888888888
 31
0.0
 12
761.1212305555558
 22
504.9308333333335
 32
0.0
 13
761.1212305555558
 23
504.9308333333335
 33
0.0
  0
SOLID
  5
2C2
330
17
100
AcDbEntity
  8
CENTER
 62
250
420
0
100
AcDbTrace
 10
635.1192388888888
 20
502.65188888888883
 30
0.0
 11
644.1193055555556
 21
502.8113444444444
 31
0.0
 12
761.1212305555558
 22
504.9308333333335
 32
0.0
 13
761.1212305555558
 23
504.9308333333335
 33
0.0
  0
SOLID
  5
2C3
330
17
100
AcDbEntity
  8
CENTER
 62
250
420
0
100
AcDbTrace
 10
626.1191722222222
 20
502.4924333333333
 30
0.0
 11
635.1192388888888
 21
502.65188888888883
 31
0.0
 12
761.1212305555558
 22
504.9308333333335
 32
0.0
 13
761.1212305555558
 23
504.9308333333335
 33
0.0
  0
SOLID
  5
2C4
330
17
100
AcDbEntity
  8
CENTER
 62
250
420
0
100
AcDbTrace
 10
626.1191722222222
 20
502.4924333333333
 30
0.0
 11
761.1212305555558
 21
504.9308333333335
 31
0.0
 12
752.1211638888891
 22
504.9308333333335
 32
0.0
 13
752.1211638888891
 23
504.9308333333335
 33
0.0
  0
SOLID
  5
2C5
330
17
100
AcDbEntity
  8
CENTER
 62
250
420
0
100
AcDbTrace
 10
626.1191722222222
 20
502.4924333333333
 30
0.0
 11
752.1211638888891
 21
504.9308333333335
 31
0.0
 12
743.1210972222224
 22
504.97034444444466
 32
0.0
 13
743.1210972222224
 23
504.97034444444466
 33
0.0
  0
SOLID
  5
2C6
330
17
100
AcDbEntity
  8
CENTER
 62
250
420
0
100
AcDbTrace
 10
626.1191722222222
 20
502.4924333333333
 30
0.0
 11
743.1210972222224
 21
504.97034444444466
 31
0.0
 12
734.1210305555558
 22
505.0098555555558
 32
0.0
 13
734.1210305555558
 23
505.0098555555558
 33
0.0
  0
SOLID
  5
2C7
330
17
100
AcDbEntity
  8
CENTER
 62
250
420
0
100
AcDbTrace
 10
626.1191722222222
 20
502.4924333333333
 30
0.0
 11
734.1210305555558
 21
505.0098555555558
 31
0.0
 12
725.120963888889
 22
505.0493666666669
 32
0.0
 13
725.120963888889
 23
505.0493666666669
 33
0.0
  0
SOLID
  5
2C8
330
17
100
AcDbEntity
  8
CENTER
 62
250
420
0
100
AcDbTrace
 10
626.1191722222222
 20
502.4924333333333
 30
0.0
 11
725.120963888889
 21
505.0493666666669
 31
0.0
 12
716.1208972222223
 22
505.08887777777807
 32
0.0
 13
716.1208972222223
 23
505.08887777777807
 33
0.0
  0
SOLID
  5
2C9
330
17
100
AcDbEntity
  8
CENTER
 62
250
420
0
100
AcDbTrace
 10
617.1191055555555
 20
502.25254444444437
 30
0.0
 11
626.1191722222222
 21
502.4924333333333
 31
0.0
 12
716.1208972222223
 22
505.08887777777807
 32
0.0
 13
716.1208972222223
 23
505.08887777777807
 33
0.0
  0
SOLID
  5
2CA
330
17
100
AcDbEntity
  8
CENTER
 62
250
420
0
100
AcDbTrace
 10
617.1191055555555
 20
502.25254444444437
 30
0.0
 11
716.1208972222223
 21
505.08887777777807
 31
0.0
 12
707.1208305555556
 22
505.1283888888892
 32
0.0
 13
707.1208305555556
 23
505.1283888888892
 33
0.0
  0
SOLID
  5
2CB
330
17
100
AcDbEntity
  8
CENTER
 62
250
420
0
100
AcDbTrace
 10
611.7184305555555
 20
502.0930888888888
 30
0.0
 11
617.1191055555555
 21
502.25254444444437
 31
0.0
 12
707.1208305555556
 22
505.1283888888892
 32
0.0
 13
707.1208305555556
 23
505.1283888888892
 33
0.0
  0
SOLID
  5
2CC
330
17
100
AcDbEntity
  8
CENTER
 62
250
420
0
100
AcDbTrace
 10
611.7184305555555
 20
502.0930888888888
 30
0.0
 11
707.1208305555556
 21
505.1283888888892
 31
0.0
 12
698.120763888889
 22
505.2088222222226
 32
0.0
 13
698.120763888889
 23
505.2088222222226
 33
0.0
  0
SOLID
  5
2CD
330
17
100
AcDbEntity
  8
CENTER
 62
250
420
0
100
AcDbTrace
 10
608.1190388888889
 20
501.97173333333325
 30
0.0
 11
611.7184305555555
 21
502.0930888888888
 31
0.0
 12
698.120763888889
 22
505.2088222222226
 32
0.0
 13
698.120763888889
 23
505.2088222222226
 33
0.0
  0
SOLID
  5
2CE
330
17
100
AcDbEntity
  8
CENTER
 62
250
420
0
100
AcDbTrace
 10
608.1190388888889
 20
501.97173333333325
 30
0.0
 11
698.120763888889
 21
505.2088222222226
 31
0.0
 12
689.1206972222224
 22
505.24833333333373
 32
0.0
 13
689.1206972222224
 23
505.24833333333373
 33
0.0
  0
SOLID
  5
2CF
330
17
100
AcDbEntity
  8
CENTER
 62
250
420
0
100
AcDbTrace
 10
602.7183638888888
 20
501.77276666666654
 30
0.0
 11
608.1190388888889
 21
501.97173333333325
 31
0.0
 12
689.1206972222224
 22
505.24833333333373
 32
0.0
 13
689.1206972222224
 23
505.24833333333373
 33
0.0
  0
SOLID
  5
2D0
330
17
100
AcDbEntity
  8
CENTER
 62
250
420
0
100
AcDbTrace
 10
602.7183638888888
 20
501.77276666666654
 30
0.0
 11
689.1206972222224
 21
505.24833333333373
 31
0.0
 12
680.1206305555556
 22
505.33017777777815
 32
0.0
 13
680.1206305555556
 23
505.33017777777815
 33
0.0
  0
SOLID
  5
2D1
330
17
100
AcDbEntity
  8
CENTER
 62
250
420
0
100
AcDbTrace
 10
602.7183638888888
 20
501.77276666666654
 30
0.0
 11
680.1206305555556
 21
505.33017777777815
 31
0.0
 12
671.1195055555556
 22
505.4106111111115
 32
0.0
 13
671.1195055555556
 23
505.4106111111115
 33
0.0
  0
SOLID
  5
2D2
330
17
100
AcDbEntity
  8
CENTER
 62
250
420
0
100
AcDbTrace
 10
602.7183638888888
 20
501.77276666666654
 30
0.0
 11
671.1195055555556
 21
505.4106111111115
 31
0.0
 12
662.1194388888889
 22
505.49104444444487
 32
0.0
 13
662.1194388888889
 23
505.49104444444487
 33
0.0
  0
SOLID
  5
2D3
330
17
100
AcDbEntity
  8
CENTER
 62
250
420
0
100
AcDbTrace
 10
593.7182972222222
 20
501.2929888888888
 30
0.0
 11
602.7183638888888
 21
501.77276666666654
 31
0.0
 12
662.1194388888889
 22
505.49104444444487
 32
0.0
 13
662.1194388888889
 23
505.49104444444487
 33
0.0
  0
SOLID
  5
2D4
330
17
100
AcDbEntity
  8
CENTER
 62
250
420
0
100
AcDbTrace
 10
593.7182972222222
 20
501.2929888888888
 30
0.0
 11
662.1194388888889
 21
505.49104444444487
 31
0.0
 12
653.1193722222222
 22
505.5714777777782
 32
0.0
 13
653.1193722222222
 23
505.5714777777782
 33
0.0
  0
SOLID
  5
2D5
330
17
100
AcDbEntity
  8
CENTER
 62
250
420
0
100
AcDbTrace
 10
590.1189055555556
 20
501.05309999999986
 30
0.0
 11
593.7182972222222
 21
501.2929888888888
 31
0.0
 12
653.1193722222222
 22
505.5714777777782
 32
0.0
 13
653.1193722222222
 23
505.5714777777782
 33
0.0
  0
SOLID
  5
2D6
330
17
100
AcDbEntity
  8
CENTER
 62
250
420
0
100
AcDbTrace
 10
590.1189055555556
 20
501.05309999999986
 30
0.0
 11
653.1193722222222
 21
505.5714777777782
 31
0.0
 12
644.1193055555556
 22
505.6914222222226
 32
0.0
 13
644.1193055555556
 23
505.6914222222226
 33
0.0
  0
SOLID
  5
2D7
330
17
100
AcDbEntity
  8
CENTER
 62
250
420
0
100
AcDbTrace
 10
584.7182305555555
 20
500.61142222222213
 30
0.0
 11
590.1189055555556
 21
501.05309999999986
 31
0.0
 12
644.1193055555556
 22
505.6914222222226
 32
0.0
 13
644.1193055555556
 23
505.6914222222226
 33
0.0
  0
SOLID
  5
2D8
330
17
100
AcDbEntity
  8
CENTER
 62
250
420
0
100
AcDbTrace
 10
584.7182305555555
 20
500.61142222222213
 30
0.0
 11
644.1193055555556
 21
505.6914222222226
 31
0.0
 12
635.1192388888888
 22
505.8508777777782
 32
0.0
 13
635.1192388888888
 23
505.8508777777782
 33
0.0
  0
SOLID
  5
2D9
330
17
100
AcDbEntity
  8
CENTER
 62
250
420
0
100
AcDbTrace
 10
581.1188388888888
 20
500.2501777777777
 30
0.0
 11
584.7182305555555
 21
500.61142222222213
 31
0.0
 12
635.1192388888888
 22
505.8508777777782
 32
0.0
 13
635.1192388888888
 23
505.8508777777782
 33
0.0
  0
SOLID
  5
2DA
330
17
100
AcDbEntity
  8
CENTER
 62
250
420
0
100
AcDbTrace
 10
581.1188388888888
 20
500.2501777777777
 30
0.0
 11
635.1192388888888
 21
505.8508777777782
 31
0.0
 12
626.1191722222221
 22
506.01033333333373
 32
0.0
 13
626.1191722222221
 23
506.01033333333373
 33
0.0
  0
SOLID
  5
2DB
330
17
100
AcDbEntity
  8
CENTER
 62
250
420
0
100
AcDbTrace
 10
581.1188388888888
 20
500.2501777777777
 30
0.0
 11
626.1191722222221
 21
506.01033333333373
 31
0.0
 12
620.7184972222221
 22
506.1697888888893
 32
0.0
 13
620.7184972222221
 23
506.1697888888893
 33
0.0
  0
SOLID
  5
2DC
330
17
100
AcDbEntity
  8
CENTER
 62
250
420
0
100
AcDbTrace
 10
581.1188388888888
 20
500.2501777777777
 30
0.0
 11
620.7184972222221
 21
506.1697888888893
 31
0.0
 12
617.1191055555554
 22
506.25022222222265
 32
0.0
 13
617.1191055555554
 23
506.25022222222265
 33
0.0
  0
SOLID
  5
2DD
330
17
100
AcDbEntity
  8
CENTER
 62
250
420
0
100
AcDbTrace
 10
581.1188388888888
 20
500.2501777777777
 30
0.0
 11
617.1191055555554
 21
506.25022222222265
 31
0.0
 12
611.7184305555554
 22
506.4096777777782
 32
0.0
 13
611.7184305555554
 23
506.4096777777782
 33
0.0
  0
SOLID
  5
2DE
330
17
100
AcDbEntity
  8
CENTER
 62
250
420
0
100
AcDbTrace
 10
581.1188388888888
 20
500.2501777777777
 30
0.0
 11
611.7184305555554
 21
506.4096777777782
 31
0.0
 12
608.1190388888888
 22
506.5296222222226
 32
0.0
 13
608.1190388888888
 23
506.5296222222226
 33
0.0
  0
SOLID
  5
2DF
330
17
100
AcDbEntity
  8
CENTER
 62
250
420
0
100
AcDbTrace
 10
581.1188388888888
 20
500.2501777777777
 30
0.0
 11
608.1190388888888
 21
506.5296222222226
 31
0.0
 12
602.7183638888888
 22
506.7695111111115
 32
0.0
 13
602.7183638888888
 23
506.7695111111115
 33
0.0
  0
SOLID
  5
2E0
330
17
100
AcDbEntity
  8
CENTER
 62
250
420
0
100
AcDbTrace
 10
581.1188388888888
 20
500.2501777777777
 30
0.0
 11
602.7183638888888
 21
506.7695111111115
 31
0.0
 12
599.1189722222222
 22
506.9303777777782
 32
0.0
 13
599.1189722222222
 23
506.9303777777782
 33
0.0
  0
SOLID
  5
2E1
330
17
100
AcDbEntity
  8
CENTER
 62
250
420
0
100
AcDbTrace
 10
581.1188388888888
 20
500.2501777777777
 30
0.0
 11
599.1189722222222
 21
506.9303777777782
 31
0.0
 12
593.7182972222221
 22
507.20977777777813
 32
0.0
 13
593.7182972222221
 23
507.20977777777813
 33
0.0
  0
SOLID
  5
2E2
330
17
100
AcDbEntity
  8
CENTER
 62
250
420
0
100
AcDbTrace
 10
581.1188388888888
 20
500.2501777777777
 30
0.0
 11
593.7182972222221
 21
507.20977777777813
 31
0.0
 12
590.1189055555554
 22
507.44966666666704
 32
0.0
 13
590.1189055555554
 23
507.44966666666704
 33
0.0
  0
SOLID
  5
2E3
330
17
100
AcDbEntity
  8
CENTER
 62
250
420
0
100
AcDbTrace
 10
581.1188388888888
 20
500.2501777777777
 30
0.0
 11
590.1189055555554
 21
507.44966666666704
 31
0.0
 12
584.7182305555555
 22
507.8899333333337
 32
0.0
 13
584.7182305555555
 23
507.8899333333337
 33
0.0
  0
SOLID
  5
2E4
330
17
100
AcDbEntity
  8
CENTER
 62
250
420
0
100
AcDbTrace
 10
581.1188388888888
 20
500.2501777777777
 30
0.0
 11
584.7182305555555
 21
507.8899333333337
 31
0.0
 12
581.1188388888887
 22
508.249766666667
 32
0.0
 13
581.1188388888887
 23
508.249766666667
 33
0.0
  0
HATCH
  5
2E5
330
17
100
AcDbEntity
  8
CENTER
 62
7
420
0
100
AcDbHatch
 10
0.0
 20
0.0
 30
0.0
210
0.0
220
0.0
230
1.0
  2
SOLID
 70
1
 71
0
 91
1
 92
3
 72
0
 73
1
 93
54
 10
581.1188388888888
 20
500.2501777777777
 10
584.7182305555555
 20
500.61142222222213
 10
590.1189055555556
 20
501.05309999999986
 10
593.7182972222222
 20
501.2929888888888
 10
599.1189722222222
 20
501.57097777777767
 10
602.7183638888888
 20
501.77276666666654
 10
608.1190388888889
 20
501.97173333333325
 10
611.7184305555555
 20
502.0930888888888
 10
617.1191055555555
 20
502.25254444444437
 10
620.7184972222223
 20
502.3329777777777
 10
626.1191722222222
 20
502.4924333333333
 10
635.1192388888888
 20
502.65188888888883
 10
644.1193055555556
 20
502.8113444444444
 10
653.1193722222223
 20
502.9312888888888
 10
662.119438888889
 20
503.01172222222215
 10
671.1195055555556
 20
503.0921555555555
 10
680.1206305555556
 20
503.17258888888887
 10
689.1206972222224
 20
503.2530222222222
 10
698.1207638888891
 20
503.2925333333333
 10
707.1208305555557
 20
503.3729666666667
 10
716.1208972222224
 20
503.41247777777784
 10
725.120963888889
 20
503.451988888889
 10
734.1210305555558
 20
503.49150000000014
 10
743.1210972222224
 20
503.53101111111124
 10
752.1211638888891
 20
503.5705222222224
 10
761.1212305555558
 20
503.5705222222224
 10
761.1212305555558
 20
504.9308333333335
 10
752.1211638888891
 20
504.9308333333335
 10
743.1210972222224
 20
504.97034444444466
 10
734.1210305555558
 20
505.0098555555558
 10
725.120963888889
 20
505.0493666666669
 10
716.1208972222223
 20
505.08887777777807
 10
707.1208305555556
 20
505.1283888888892
 10
698.120763888889
 20
505.2088222222226
 10
689.1206972222224
 20
505.24833333333373
 10
680.1206305555556
 20
505.33017777777815
 10
671.1195055555556
 20
505.4106111111115
 10
662.1194388888889
 20
505.49104444444487
 10
653.1193722222222
 20
505.5714777777782
 10
644.1193055555556
 20
505.6914222222226
 10
635.1192388888888
 20
505.8508777777782
 10
626.1191722222221
 20
506.01033333333373
 10
620.7184972222221
 20
506.1697888888893
 10
617.1191055555554
 20
506.25022222222265
 10
611.7184305555554
 20
506.4096777777782
 10
608.1190388888888
 20
506.5296222222226
 10
602.7183638888888
 20
506.7695111111115
 10
599.1189722222222
 20
506.9303777777782
 10
593.7182972222221
 20
507.20977777777813
 10
590.1189055555554
 20
507.44966666666704
 10
584.7182305555555
 20
507.8899333333337
 10
581.1188388888887
 20
508.249766666667
 10
581.1188388888887
 20
500.2501777777777
 10
581.1188388888888
 20
500.2501777777777
 97
0
 75
1
 76
1
 98
0
  0
LWPOLYLINE
  5
2E6
330
17
100
AcDbEntity
  8
CENTER
 62
250
100
AcDbPolyline
 90
54
 70
1
 10
581.1188388888888
 20
516.2507666666666
 10
584.7182305555555
 20
515.1698555555555
 10
590.1189055555556
 20
513.8490555555555
 10
593.7182972222222
 20
513.1293888888888
 10
599.1189722222222
 20
512.2488555555555
 10
602.7183638888888
 20
511.76907777777774
 10
608.1190388888889
 20
511.08892222222215
 10
611.7184305555555
 20
510.7290888888888
 10
617.1191055555555
 20
510.24931111111107
 10
620.7184972222223
 20
509.96991111111106
 10
626.1191722222222
 20
509.56915555555554
 10
635.1192388888888
 20
509.0498666666667
 10
644.1193055555556
 20
508.6096
 10
653.1193722222223
 20
508.2483555555556
 10
662.119438888889
 20
507.92803333333336
 10
671.1195055555556
 20
507.68814444444445
 10
680.1206305555556
 20
507.44825555555553
 10
689.1206972222224
 20
507.2478777777778
 10
698.1207638888891
 20
507.0884222222222
 10
707.1208305555557
 20
506.92896666666667
 10
716.1208972222224
 20
506.76810000000006
 10
725.120963888889
 20
506.6481555555556
 10
734.1210305555558
 20
506.5282111111112
 10
743.1210972222224
 20
506.44777777777784
 10
752.1211638888891
 20
506.32783333333344
 10
761.1212305555558
 20
506.2474000000001
 10
761.1212305555558
 20
507.56820000000005
 10
752.1211638888891
 20
507.7276555555556
 10
743.1210972222224
 20
507.88711111111115
 10
734.1210305555558
 20
508.0465666666667
 10
725.120963888889
 20
508.24694444444447
 10
716.1208972222223
 20
508.44873333333334
 10
707.1208305555556
 20
508.68862222222225
 10
698.120763888889
 20
508.9680222222222
 10
689.1206972222224
 20
509.2474222222222
 10
680.1206305555556
 20
509.5677444444444
 10
671.1195055555556
 20
509.96849999999995
 10
662.1194388888889
 20
510.4087666666666
 10
653.1193722222222
 20
510.9280555555555
 10
644.1193055555556
 20
511.5291888888888
 10
635.1192388888888
 20
512.2488555555555
 10
626.1191722222221
 20
513.1293888888888
 10
620.7184972222221
 20
513.7686222222221
 10
617.1191055555554
 20
514.2483999999998
 10
611.7184305555554
 20
515.0484999999999
 10
608.1190388888888
 20
515.6891444444443
 10
602.7183638888888
 20
516.7686444444444
 10
599.1189722222222
 20
517.5687444444443
 10
593.7182972222221
 20
519.0489999999999
 10
590.1189055555554
 20
520.2484444444443
 10
584.7182305555555
 20
522.4497777777776
 10
581.1188388888887
 20
524.2489444444443
 10
581.1188388888887
 20
516.2507666666666
 10
581.1188388888888
 20
516.2507666666666
  0
SOLID
  5
2E7
330
17
100
AcDbEntity
  8
CENTER
 62
250
420
0
100
AcDbTrace
 10
581.1188388888888
 20
516.2507666666666
 30
0.0
 11
584.7182305555555
 21
515.1698555555555
 31
0.0
 12
590.1189055555556
 22
513.8490555555555
 32
0.0
 13
590.1189055555556
 23
513.8490555555555
 33
0.0
  0
SOLID
  5
2E8
330
17
100
AcDbEntity
  8
CENTER
 62
250
420
0
100
AcDbTrace
 10
581.1188388888888
 20
516.2507666666666
 30
0.0
 11
590.1189055555556
 21
513.8490555555555
 31
0.0
 12
593.7182972222222
 22
513.1293888888888
 32
0.0
 13
593.7182972222222
 23
513.1293888888888
 33
0.0
  0
SOLID
  5
2E9
330
17
100
AcDbEntity
  8
CENTER
 62
250
420
0
100
AcDbTrace
 10
581.1188388888888
 20
516.2507666666666
 30
0.0
 11
593.7182972222222
 21
513.1293888888888
 31
0.0
 12
599.1189722222222
 22
512.2488555555555
 32
0.0
 13
599.1189722222222
 23
512.2488555555555
 33
0.0
  0
SOLID
  5
2EA
330
17
100
AcDbEntity
  8
CENTER
 62
250
420
0
100
AcDbTrace
 10
581.1188388888888
 20
516.2507666666666
 30
0.0
 11
599.1189722222222
 21
512.2488555555555
 31
0.0
 12
602.7183638888888
 22
511.76907777777774
 32
0.0
 13
602.7183638888888
 23
511.76907777777774
 33
0.0
  0
SOLID
  5
2EB
330
17
100
AcDbEntity
  8
CENTER
 62
250
420
0
100
AcDbTrace
 10
581.1188388888888
 20
516.2507666666666
 30
0.0
 11
602.7183638888888
 21
511.76907777777774
 31
0.0
 12
608.1190388888889
 22
511.08892222222215
 32
0.0
 13
608.1190388888889
 23
511.08892222222215
 33
0.0
  0
SOLID
  5
2EC
330
17
100
AcDbEntity
  8
CENTER
 62
250
420
0
100
AcDbTrace
 10
581.1188388888888
 20
516.2507666666666
 30
0.0
 11
608.1190388888889
 21
511.08892222222215
 31
0.0
 12
611.7184305555555
 22
510.7290888888888
 32
0.0
 13
611.7184305555555
 23
510.7290888888888
 33
0.0
  0
SOLID
  5
2ED
330
17
100
AcDbEntity
  8
CENTER
 62
250
420
0
100
AcDbTrace
 10
581.1188388888888
 20
516.2507666666666
 30
0.0
 11
611.7184305555555
 21
510.7290888888888
 31
0.0
 12
617.1191055555555
 22
510.24931111111107
 32
0.0
 13
617.1191055555555
 23
510.24931111111107
 33
0.0
  0
SOLID
  5
2EE
330
17
100
AcDbEntity
  8
CENTER
 62
250
420
0
100
AcDbTrace
 10
581.1188388888888
 20
516.2507666666666
 30
0.0
 11
617.1191055555555
 21
510.24931111111107
 31
0.0
 12
620.7184972222223
 22
509.96991111111106
 32
0.0
 13
620.7184972222223
 23
509.96991111111106
 33
0.0
  0
SOLID
  5
2EF
330
17
100
AcDbEntity
  8
CENTER
 62
250
420
0
100
AcDbTrace
 10
581.1188388888888
 20
516.2507666666666
 30
0.0
 11
620.7184972222223
 21
509.96991111111106
 31
0.0
 12
626.1191722222222
 22
509.56915555555554
 32
0.0
 13
626.1191722222222
 23
509.56915555555554
 33
0.0
  0
SOLID
  5
2F0
330
17
100
AcDbEntity
  8
CENTER
 62
250
420
0
100
AcDbTrace
 10
581.1188388888888
 20
516.2507666666666
 30
0.0
 11
626.1191722222222
 21
509.56915555555554
 31
0.0
 12
635.1192388888888
 22
509.0498666666667
 32
0.0
 13
635.1192388888888
 23
509.0498666666667
 33
0.0
  0
SOLID
  5
2F1
330
17
100
AcDbEntity
  8
CENTER
 62
250
420
0
100
AcDbTrace
 10
581.1188388888888
 20
516.2507666666666
 30
0.0
 11
635.1192388888888
 21
509.0498666666667
 31
0.0
 12
644.1193055555556
 22
508.6096
 32
0.0
 13
644.1193055555556
 23
508.6096
 33
0.0
  0
SOLID
  5
2F2
330
17
100
AcDbEntity
  8
CENTER
 62
250
420
0
100
AcDbTrace
 10
581.1188388888888
 20
516.2507666666666
 30
0.0
 11
644.1193055555556
 21
508.6096
 31
0.0
 12
653.1193722222223
 22
508.2483555555556
 32
0.0
 13
653.1193722222223
 23
508.2483555555556
 33
0.0
  0
SOLID
  5
2F3
330
17
100
AcDbEntity
  8
CENTER
 62
250
420
0
100
AcDbTrace
 10
581.1188388888888
 20
516.2507666666666
 30
0.0
 11
653.1193722222223
 21
508.2483555555556
 31
0.0
 12
662.119438888889
 22
507.92803333333336
 32
0.0
 13
662.119438888889
 23
507.92803333333336
 33
0.0
  0
SOLID
  5
2F4
330
17
100
AcDbEntity
  8
CENTER
 62
250
420
0
100
AcDbTrace
 10
581.1188388888888
 20
516.2507666666666
 30
0.0
 11
662.119438888889
 21
507.92803333333336
 31
0.0
 12
671.1195055555556
 22
507.68814444444445
 32
0.0
 13
671.1195055555556
 23
507.68814444444445
 33
0.0
  0
SOLID
  5
2F5
330
17
100
AcDbEntity
  8
CENTER
 62
250
420
0
100
AcDbTrace
 10
581.1188388888888
 20
516.2507666666666
 30
0.0
 11
671.1195055555556
 21
507.68814444444445
 31
0.0
 12
680.1206305555556
 22
507.44825555555553
 32
0.0
 13
680.1206305555556
 23
507.44825555555553
 33
0.0
  0
SOLID
  5
2F6
330
17
100
AcDbEntity
  8
CENTER
 62
250
420
0
100
AcDbTrace
 10
581.1188388888888
 20
516.2507666666666
 30
0.0
 11
680.1206305555556
 21
507.44825555555553
 31
0.0
 12
689.1206972222224
 22
507.2478777777778
 32
0.0
 13
689.1206972222224
 23
507.2478777777778
 33
0.0
  0
SOLID
  5
2F7
330
17
100
AcDbEntity
  8
CENTER
 62
250
420
0
100
AcDbTrace
 10
581.1188388888888
 20
516.2507666666666
 30
0.0
 11
689.1206972222224
 21
507.2478777777778
 31
0.0
 12
698.1207638888891
 22
507.0884222222222
 32
0.0
 13
698.1207638888891
 23
507.0884222222222
 33
0.0
  0
SOLID
  5
2F8
330
17
100
AcDbEntity
  8
CENTER
 62
250
420
0
100
AcDbTrace
 10
707.1208305555557
 20
506.92896666666667
 30
0.0
 11
716.1208972222224
 21
506.76810000000006
 31
0.0
 12
725.120963888889
 22
506.6481555555556
 32
0.0
 13
725.120963888889
 23
506.6481555555556
 33
0.0
  0
SOLID
  5
2F9
330
17
100
AcDbEntity
  8
CENTER
 62
250
420
0
100
AcDbTrace
 10
698.1207638888891
 20
507.0884222222222
 30
0.0
 11
707.1208305555557
 21
506.92896666666667
 31
0.0
 12
725.120963888889
 22
506.6481555555556
 32
0.0
 13
725.120963888889
 23
506.6481555555556
 33
0.0
  0
SOLID
  5
2FA
330
17
100
AcDbEntity
  8
CENTER
 62
250
420
0
100
AcDbTrace
 10
698.1207638888891
 20
507.0884222222222
 30
0.0
 11
725.120963888889
 21
506.6481555555556
 31
0.0
 12
734.1210305555558
 22
506.5282111111112
 32
0.0
 13
734.1210305555558
 23
506.5282111111112
 33
0.0
  0
SOLID
  5
2FB
330
17
100
AcDbEntity
  8
CENTER
 62
250
420
0
100
AcDbTrace
 10
698.1207638888891
 20
507.0884222222222
 30
0.0
 11
734.1210305555558
 21
506.5282111111112
 31
0.0
 12
743.1210972222224
 22
506.44777777777784
 32
0.0
 13
743.1210972222224
 23
506.44777777777784
 33
0.0
  0
SOLID
  5
2FC
330
17
100
AcDbEntity
  8
CENTER
 62
250
420
0
100
AcDbTrace
 10
698.1207638888891
 20
507.0884222222222
 30
0.0
 11
743.1210972222224
 21
506.44777777777784
 31
0.0
 12
752.1211638888891
 22
506.32783333333344
 32
0.0
 13
752.1211638888891
 23
506.32783333333344
 33
0.0
  0
SOLID
  5
2FD
330
17
100
AcDbEntity
  8
CENTER
 62
250
420
0
100
AcDbTrace
 10
698.1207638888891
 20
507.0884222222222
 30
0.0
 11
752.1211638888891
 21
506.32783333333344
 31
0.0
 12
761.1212305555558
 22
506.2474000000001
 32
0.0
 13
761.1212305555558
 23
506.2474000000001
 33
0.0
  0
SOLID
  5
2FE
330
17
100
AcDbEntity
  8
CENTER
 62
250
420
0
100
AcDbTrace
 10
698.1207638888891
 20
507.0884222222222
 30
0.0
 11
761.1212305555558
 21
506.2474000000001
 31
0.0
 12
761.1212305555558
 22
507.56820000000005
 32
0.0
 13
761.1212305555558
 23
507.56820000000005
 33
0.0
  0
SOLID
  5
2FF
330
17
100
AcDbEntity
  8
CENTER
 62
250
420
0
100
AcDbTrace
 10
698.1207638888891
 20
507.0884222222222
 30
0.0
 11
761.1212305555558
 21
507.56820000000005
 31
0.0
 12
752.1211638888891
 22
507.7276555555556
 32
0.0
 13
752.1211638888891
 23
507.7276555555556
 33
0.0
  0
SOLID
  5
300
330
17
100
AcDbEntity
  8
CENTER
 62
250
420
0
100
AcDbTrace
 10
698.1207638888891
 20
507.0884222222222
 30
0.0
 11
752.1211638888891
 21
507.7276555555556
 31
0.0
 12
743.1210972222224
 22
507.88711111111115
 32
0.0
 13
743.1210972222224
 23
507.88711111111115
 33
0.0
  0
SOLID
  5
301
330
17
100
AcDbEntity
  8
CENTER
 62
250
420
0
100
AcDbTrace
 10
698.1207638888891
 20
507.0884222222222
 30
0.0
 11
743.1210972222224
 21
507.88711111111115
 31
0.0
 12
734.1210305555558
 22
508.0465666666667
 32
0.0
 13
734.1210305555558
 23
508.0465666666667
 33
0.0
  0
SOLID
  5
302
330
17
100
AcDbEntity
  8
CENTER
 62
250
420
0
100
AcDbTrace
 10
698.1207638888891
 20
507.0884222222222
 30
0.0
 11
734.1210305555558
 21
508.0465666666667
 31
0.0
 12
725.120963888889
 22
508.24694444444447
 32
0.0
 13
725.120963888889
 23
508.24694444444447
 33
0.0
  0
SOLID
  5
303
330
17
100
AcDbEntity
  8
CENTER
 62
250
420
0
100
AcDbTrace
 10
698.1207638888891
 20
507.0884222222222
 30
0.0
 11
725.120963888889
 21
508.24694444444447
 31
0.0
 12
716.1208972222223
 22
508.44873333333334
 32
0.0
 13
716.1208972222223
 23
508.44873333333334
 33
0.0
  0
SOLID
  5
304
330
17
100
AcDbEntity
  8
CENTER
 62
250
420
0
100
AcDbTrace
 10
698.1207638888891
 20
507.0884222222222
 30
0.0
 11
716.1208972222223
 21
508.44873333333334
 31
0.0
 12
707.1208305555556
 22
508.68862222222225
 32
0.0
 13
707.1208305555556
 23
508.68862222222225
 33
0.0
  0
SOLID
  5
305
330
17
100
AcDbEntity
  8
CENTER
 62
250
420
0
100
AcDbTrace
 10
698.1207638888891
 20
507.0884222222222
 30
0.0
 11
707.1208305555556
 21
508.68862222222225
 31
0.0
 12
698.120763888889
 22
508.9680222222222
 32
0.0
 13
698.120763888889
 23
508.9680222222222
 33
0.0
  0
SOLID
  5
306
330
17
100
AcDbEntity
  8
CENTER
 62
250
420
0
100
AcDbTrace
 10
698.1207638888891
 20
507.0884222222222
 30
0.0
 11
698.120763888889
 21
508.9680222222222
 31
0.0
 12
689.1206972222224
 22
509.2474222222222
 32
0.0
 13
689.1206972222224
 23
509.2474222222222
 33
0.0
  0
SOLID
  5
307
330
17
100
AcDbEntity
  8
CENTER
 62
250
420
0
100
AcDbTrace
 10
698.1207638888891
 20
507.0884222222222
 30
0.0
 11
689.1206972222224
 21
509.2474222222222
 31
0.0
 12
680.1206305555556
 22
509.5677444444444
 32
0.0
 13
680.1206305555556
 23
509.5677444444444
 33
0.0
  0
SOLID
  5
308
330
17
100
AcDbEntity
  8
CENTER
 62
250
420
0
100
AcDbTrace
 10
698.1207638888891
 20
507.0884222222222
 30
0.0
 11
680.1206305555556
 21
509.5677444444444
 31
0.0
 12
671.1195055555556
 22
509.96849999999995
 32
0.0
 13
671.1195055555556
 23
509.96849999999995
 33
0.0
  0
SOLID
  5
309
330
17
100
AcDbEntity
  8
CENTER
 62
250
420
0
100
AcDbTrace
 10
698.1207638888891
 20
507.0884222222222
 30
0.0
 11
671.1195055555556
 21
509.96849999999995
 31
0.0
 12
662.1194388888889
 22
510.4087666666666
 32
0.0
 13
662.1194388888889
 23
510.4087666666666
 33
0.0
  0
SOLID
  5
30A
330
17
100
AcDbEntity
  8
CENTER
 62
250
420
0
100
AcDbTrace
 10
698.1207638888891
 20
507.0884222222222
 30
0.0
 11
662.1194388888889
 21
510.4087666666666
 31
0.0
 12
653.1193722222222
 22
510.9280555555555
 32
0.0
 13
653.1193722222222
 23
510.9280555555555
 33
0.0
  0
SOLID
  5
30B
330
17
100
AcDbEntity
  8
CENTER
 62
250
420
0
100
AcDbTrace
 10
698.1207638888891
 20
507.0884222222222
 30
0.0
 11
653.1193722222222
 21
510.9280555555555
 31
0.0
 12
644.1193055555556
 22
511.5291888888888
 32
0.0
 13
644.1193055555556
 23
511.5291888888888
 33
0.0
  0
SOLID
  5
30C
330
17
100
AcDbEntity
  8
CENTER
 62
250
420
0
100
AcDbTrace
 10
581.1188388888888
 20
516.2507666666666
 30
0.0
 11
698.1207638888891
 21
507.0884222222222
 31
0.0
 12
644.1193055555556
 22
511.5291888888888
 32
0.0
 13
644.1193055555556
 23
511.5291888888888
 33
0.0
  0
SOLID
  5
30D
330
17
100
AcDbEntity
  8
CENTER
 62
250
420
0
100
AcDbTrace
 10
581.1188388888888
 20
516.2507666666666
 30
0.0
 11
644.1193055555556
 21
511.5291888888888
 31
0.0
 12
635.1192388888888
 22
512.2488555555555
 32
0.0
 13
635.1192388888888
 23
512.2488555555555
 33
0.0
  0
SOLID
  5
30E
330
17
100
AcDbEntity
  8
CENTER
 62
250
420
0
100
AcDbTrace
 10
581.1188388888888
 20
516.2507666666666
 30
0.0
 11
635.1192388888888
 21
512.2488555555555
 31
0.0
 12
626.1191722222221
 22
513.1293888888888
 32
0.0
 13
626.1191722222221
 23
513.1293888888888
 33
0.0
  0
SOLID
  5
30F
330
17
100
AcDbEntity
  8
CENTER
 62
250
420
0
100
AcDbTrace
 10
581.1188388888888
 20
516.2507666666666
 30
0.0
 11
626.1191722222221
 21
513.1293888888888
 31
0.0
 12
620.7184972222221
 22
513.7686222222221
 32
0.0
 13
620.7184972222221
 23
513.7686222222221
 33
0.0
  0
SOLID
  5
310
330
17
100
AcDbEntity
  8
CENTER
 62
250
420
0
100
AcDbTrace
 10
581.1188388888888
 20
516.2507666666666
 30
0.0
 11
620.7184972222221
 21
513.7686222222221
 31
0.0
 12
617.1191055555554
 22
514.2483999999998
 32
0.0
 13
617.1191055555554
 23
514.2483999999998
 33
0.0
  0
SOLID
  5
311
330
17
100
AcDbEntity
  8
CENTER
 62
250
420
0
100
AcDbTrace
 10
581.1188388888888
 20
516.2507666666666
 30
0.0
 11
617.1191055555554
 21
514.2483999999998
 31
0.0
 12
611.7184305555554
 22
515.0484999999999
 32
0.0
 13
611.7184305555554
 23
515.0484999999999
 33
0.0
  0
SOLID
  5
312
330
17
100
AcDbEntity
  8
CENTER
 62
250
420
0
100
AcDbTrace
 10
581.1188388888888
 20
516.2507666666666
 30
0.0
 11
611.7184305555554
 21
515.0484999999999
 31
0.0
 12
608.1190388888888
 22
515.6891444444443
 32
0.0
 13
608.1190388888888
 23
515.6891444444443
 33
0.0
  0
SOLID
  5
313
330
17
100
AcDbEntity
  8
CENTER
 62
250
420
0
100
AcDbTrace
 10
581.1188388888888
 20
516.2507666666666
 30
0.0
 11
608.1190388888888
 21
515.6891444444443
 31
0.0
 12
602.7183638888888
 22
516.7686444444444
 32
0.0
 13
602.7183638888888
 23
516.7686444444444
 33
0.0
  0
SOLID
  5
314
330
17
100
AcDbEntity
  8
CENTER
 62
250
420
0
100
AcDbTrace
 10
581.1188388888888
 20
516.2507666666666
 30
0.0
 11
602.7183638888888
 21
516.7686444444444
 31
0.0
 12
599.1189722222222
 22
517.5687444444443
 32
0.0
 13
599.1189722222222
 23
517.5687444444443
 33
0.0
  0
SOLID
  5
315
330
17
100
AcDbEntity
  8
CENTER
 62
250
420
0
100
AcDbTrace
 10
581.1188388888888
 20
516.2507666666666
 30
0.0
 11
599.1189722222222
 21
517.5687444444443
 31
0.0
 12
593.7182972222221
 22
519.0489999999999
 32
0.0
 13
593.7182972222221
 23
519.0489999999999
 33
0.0
  0
SOLID
  5
316
330
17
100
AcDbEntity
  8
CENTER
 62
250
420
0
100
AcDbTrace
 10
581.1188388888888
 20
516.2507666666666
 30
0.0
 11
593.7182972222221
 21
519.0489999999999
 31
0.0
 12
590.1189055555554
 22
520.2484444444443
 32
0.0
 13
590.1189055555554
 23
520.2484444444443
 33
0.0
  0
SOLID
  5
317
330
17
100
AcDbEntity
  8
CENTER
 62
250
420
0
100
AcDbTrace
 10
581.1188388888888
 20
516.2507666666666
 30
0.0
 11
590.1189055555554
 21
520.2484444444443
 31
0.0
 12
584.7182305555555
 22
522.4497777777776
 32
0.0
 13
584.7182305555555
 23
522.4497777777776
 33
0.0
  0
SOLID
  5
318
330
17
100
AcDbEntity
  8
CENTER
 62
250
420
0
100
AcDbTrace
 10
581.1188388888888
 20
516.2507666666666
 30
0.0
 11
584.7182305555555
 21
522.4497777777776
 31
0.0
 12
581.1188388888887
 22
524.2489444444443
 32
0.0
 13
581.1188388888887
 23
524.2489444444443
 33
0.0
  0
HATCH
  5
319
330
17
100
AcDbEntity
  8
CENTER
 62
7
420
0
100
AcDbHatch
 10
0.0
 20
0.0
 30
0.0
210
0.0
220
0.0
230
1.0
  2
SOLID
 70
1
 71
0
 91
1
 92
3
 72
0
 73
1
 93
54
 10
581.1188388888888
 20
516.2507666666666
 10
584.7182305555555
 20
515.1698555555555
 10
590.1189055555556
 20
513.8490555555555
 10
593.7182972222222
 20
513.1293888888888
 10
599.1189722222222
 20
512.2488555555555
 10
602.7183638888888
 20
511.76907777777774
 10
608.1190388888889
 20
511.08892222222215
 10
611.7184305555555
 20
510.7290888888888
 10
617.1191055555555
 20
510.24931111111107
 10
620.7184972222223
 20
509.96991111111106
 10
626.1191722222222
 20
509.56915555555554
 10
635.1192388888888
 20
509.0498666666667
 10
644.1193055555556
 20
508.6096
 10
653.1193722222223
 20
508.2483555555556
 10
662.119438888889
 20
507.92803333333336
 10
671.1195055555556
 20
507.68814444444445
 10
680.1206305555556
 20
507.44825555555553
 10
689.1206972222224
 20
507.2478777777778
 10
698.1207638888891
 20
507.0884222222222
 10
707.1208305555557
 20
506.92896666666667
 10
716.1208972222224
 20
506.76810000000006
 10
725.120963888889
 20
506.6481555555556
 10
734.1210305555558
 20
506.5282111111112
 10
743.1210972222224
 20
506.44777777777784
 10
752.1211638888891
 20
506.32783333333344
 10
761.1212305555558
 20
506.2474000000001
 10
761.1212305555558
 20
507.56820000000005
 10
752.1211638888891
 20
507.7276555555556
 10
743.1210972222224
 20
507.88711111111115
 10
734.1210305555558
 20
508.0465666666667
 10
725.120963888889
 20
508.24694444444447
 10
716.1208972222223
 20
508.44873333333334
 10
707.1208305555556
 20
508.68862222222225
 10
698.120763888889
 20
508.9680222222222
 10
689.1206972222224
 20
509.2474222222222
 10
680.1206305555556
 20
509.5677444444444
 10
671.1195055555556
 20
509.96849999999995
 10
662.1194388888889
 20
510.4087666666666
 10
653.1193722222222
 20
510.9280555555555
 10
644.1193055555556
 20
511.5291888888888
 10
635.1192388888888
 20
512.2488555555555
 10
626.1191722222221
 20
513.1293888888888
 10
620.7184972222221
 20
513.7686222222221
 10
617.1191055555554
 20
514.2483999999998
 10
611.7184305555554
 20
515.0484999999999
 10
608.1190388888888
 20
515.6891444444443
 10
602.7183638888888
 20
516.7686444444444
 10
599.1189722222222
 20
517.5687444444443
 10
593.7182972222221
 20
519.0489999999999
 10
590.1189055555554
 20
520.2484444444443
 10
584.7182305555555
 20
522.4497777777776
 10
581.1188388888887
 20
524.2489444444443
 10
581.1188388888887
 20
516.2507666666666
 10
581.1188388888888
 20
516.2507666666666
 97
0
 75
1
 76
1
 98
0
  0
LWPOLYLINE
  5
31A
330
17
100
AcDbEntity
  8
CENTER
 62
250
100
AcDbPolyline
 90
54
 70
1
 10
581.1188388888888
 20
532.2513555555555
 10
584.7182305555555
 20
529.6915999999999
 10
590.1189055555556
 20
526.6520666666665
 10
593.7182972222222
 20
525.0123555555555
 10
599.1189722222222
 20
522.9309666666666
 10
602.7183638888888
 20
521.7724444444443
 10
608.1190388888889
 20
520.2512666666665
 10
611.7184305555555
 20
519.3721444444443
 10
617.1191055555555
 20
518.2517222222222
 10
620.7184972222223
 20
517.5729777777777
 10
626.1191722222222
 20
516.6924444444444
 10
635.1192388888888
 20
515.4520777777776
 10
644.1193055555556
 20
514.453011111111
 10
653.1193722222223
 20
513.5724777777776
 10
662.119438888889
 20
512.8528111111109
 10
671.1195055555556
 20
512.2516777777777
 10
680.1206305555556
 20
511.73238888888875
 10
689.1206972222224
 20
511.252611111111
 10
698.1207638888891
 20
510.85185555555546
 10
707.1208305555557
 20
510.49202222222215
 10
716.1208972222224
 20
510.1321888888888
 10
725.120963888889
 20
509.8527888888888
 10
734.1210305555558
 20
509.5719777777777
 10
743.1210972222224
 20
509.3320888888888
 10
752.1211638888891
 20
509.13171111111103
 10
761.1212305555558
 20
508.9313333333332
 10
761.1212305555558
 20
510.25213333333323
 10
752.1211638888891
 20
510.5315333333332
 10
743.1210972222224
 20
510.81093333333314
 10
734.1210305555558
 20
511.09033333333315
 10
725.120963888889
 20
511.4515777777775
 10
716.1208972222223
 20
511.81141111111083
 10
707.1208305555556
 20
512.2516777777776
 10
698.120763888889
 20
512.7314555555553
 10
689.1206972222224
 20
513.2521555555553
 10
680.1206305555556
 20
513.8518777777775
 10
671.1195055555556
 20
514.5320333333332
 10
662.1194388888889
 20
515.330722222222
 10
653.1193722222222
 20
516.2507666666664
 10
644.1193055555556
 20
517.3316777777776
 10
635.1192388888888
 20
518.6510666666665
 10
626.1191722222221
 20
520.2512666666665
 10
620.7184972222221
 20
521.4111999999998
 10
617.1191055555554
 20
522.252222222222
 10
611.7184305555554
 20
523.6929666666665
 10
608.1190388888888
 20
524.8133888888887
 10
602.7183638888888
 20
526.773422222222
 10
599.1189722222222
 20
528.2536777777776
 10
593.7182972222221
 20
530.9333777777775
 10
590.1189055555554
 20
533.0528666666664
 10
584.7182305555555
 20
536.9729333333332
 10
581.1188388888887
 20
540.2523555555554
 10
581.1188388888887
 20
532.2513555555555
 10
581.1188388888888
 20
532.2513555555555
  0
SOLID
  5
31B
330
17
100
AcDbEntity
  8
CENTER
 62
250
420
0
100
AcDbTrace
 10
581.1188388888888
 20
532.2513555555555
 30
0.0
 11
584.7182305555555
 21
529.6915999999999
 31
0.0
 12
590.1189055555556
 22
526.6520666666665
 32
0.0
 13
590.1189055555556
 23
526.6520666666665
 33
0.0
  0
SOLID
  5
31C
330
17
100
AcDbEntity
  8
CENTER
 62
250
420
0
100
AcDbTrace
 10
581.1188388888888
 20
532.2513555555555
 30
0.0
 11
590.1189055555556
 21
526.6520666666665
 31
0.0
 12
593.7182972222222
 22
525.0123555555555
 32
0.0
 13
593.7182972222222
 23
525.0123555555555
 33
0.0
  0
SOLID
  5
31D
330
17
100
AcDbEntity
  8
CENTER
 62
250
420
0
100
AcDbTrace
 10
581.1188388888888
 20
532.2513555555555
 30
0.0
 11
593.7182972222222
 21
525.0123555555555
 31
0.0
 12
599.1189722222222
 22
522.9309666666666
 32
0.0
 13
599.1189722222222
 23
522.9309666666666
 33
0.0
  0
SOLID
  5
31E
330
17
100
AcDbEntity
  8
CENTER
 62
250
420
0
100
AcDbTrace
 10
581.1188388888888
 20
532.2513555555555
 30
0.0
 11
599.1189722222222
 21
522.9309666666666
 31
0.0
 12
602.7183638888888
 22
521.7724444444443
 32
0.0
 13
602.7183638888888
 23
521.7724444444443
 33
0.0
  0
SOLID
  5
31F
330
17
100
AcDbEntity
  8
CENTER
 62
250
420
0
100
AcDbTrace
 10
581.1188388888888
 20
532.2513555555555
 30
0.0
 11
602.7183638888888
 21
521.7724444444443
 31
0.0
 12
608.1190388888889
 22
520.2512666666665
 32
0.0
 13
608.1190388888889
 23
520.2512666666665
 33
0.0
  0
SOLID
  5
320
330
17
100
AcDbEntity
  8
CENTER
 62
250
420
0
100
AcDbTrace
 10
581.1188388888888
 20
532.2513555555555
 30
0.0
 11
608.1190388888889
 21
520.2512666666665
 31
0.0
 12
611.7184305555555
 22
519.3721444444443
 32
0.0
 13
611.7184305555555
 23
519.3721444444443
 33
0.0
  0
SOLID
  5
321
330
17
100
AcDbEntity
  8
CENTER
 62
250
420
0
100
AcDbTrace
 10
581.1188388888888
 20
532.2513555555555
 30
0.0
 11
611.7184305555555
 21
519.3721444444443
 31
0.0
 12
617.1191055555555
 22
518.2517222222222
 32
0.0
 13
617.1191055555555
 23
518.2517222222222
 33
0.0
  0
SOLID
  5
322
330
17
100
AcDbEntity
  8
CENTER
 62
250
420
0
100
AcDbTrace
 10
581.1188388888888
 20
532.2513555555555
 30
0.0
 11
617.1191055555555
 21
518.2517222222222
 31
0.0
 12
620.7184972222223
 22
517.5729777777777
 32
0.0
 13
620.7184972222223
 23
517.5729777777777
 33
0.0
  0
SOLID
  5
323
330
17
100
AcDbEntity
  8
CENTER
 62
250
420
0
100
AcDbTrace
 10
581.1188388888888
 20
532.2513555555555
 30
0.0
 11
620.7184972222223
 21
517.5729777777777
 31
0.0
 12
626.1191722222222
 22
516.6924444444444
 32
0.0
 13
626.1191722222222
 23
516.6924444444444
 33
0.0
  0
SOLID
  5
324
330
17
100
AcDbEntity
  8
CENTER
 62
250
420
0
100
AcDbTrace
 10
581.1188388888888
 20
532.2513555555555
 30
0.0
 11
626.1191722222222
 21
516.6924444444444
 31
0.0
 12
635.1192388888888
 22
515.4520777777776
 32
0.0
 13
635.1192388888888
 23
515.4520777777776
 33
0.0
  0
SOLID
  5
325
330
17
100
AcDbEntity
  8
CENTER
 62
250
420
0
100
AcDbTrace
 10
581.1188388888888
 20
532.2513555555555
 30
0.0
 11
635.1192388888888
 21
515.4520777777776
 31
0.0
 12
644.1193055555556
 22
514.453011111111
 32
0.0
 13
644.1193055555556
 23
514.453011111111
 33
0.0
  0
SOLID
  5
326
330
17
100
AcDbEntity
  8
CENTER
 62
250
420
0
100
AcDbTrace
 10
644.1193055555556
 20
514.453011111111
 30
0.0
 11
653.1193722222223
 21
513.5724777777776
 31
0.0
 12
662.119438888889
 22
512.8528111111109
 32
0.0
 13
662.119438888889
 23
512.8528111111109
 33
0.0
  0
SOLID
  5
327
330
17
100
AcDbEntity
  8
CENTER
 62
250
420
0
100
AcDbTrace
 10
644.1193055555556
 20
514.453011111111
 30
0.0
 11
662.119438888889
 21
512.8528111111109
 31
0.0
 12
671.1195055555556
 22
512.2516777777777
 32
0.0
 13
671.1195055555556
 23
512.2516777777777
 33
0.0
  0
SOLID
  5
328
330
17
100
AcDbEntity
  8
CENTER
 62
250
420
0
100
AcDbTrace
 10
644.1193055555556
 20
514.453011111111
 30
0.0
 11
671.1195055555556
 21
512.2516777777777
 31
0.0
 12
680.1206305555556
 22
511.73238888888875
 32
0.0
 13
680.1206305555556
 23
511.73238888888875
 33
0.0
  0
SOLID
  5
329
330
17
100
AcDbEntity
  8
CENTER
 62
250
420
0
100
AcDbTrace
 10
644.1193055555556
 20
514.453011111111
 30
0.0
 11
680.1206305555556
 21
511.73238888888875
 31
0.0
 12
689.1206972222224
 22
511.252611111111
 32
0.0
 13
689.1206972222224
 23
511.252611111111
 33
0.0
  0
SOLID
  5
32A
330
17
100
AcDbEntity
  8
CENTER
 62
250
420
0
100
AcDbTrace
 10
644.1193055555556
 20
514.453011111111
 30
0.0
 11
689.1206972222224
 21
511.252611111111
 31
0.0
 12
698.1207638888891
 22
510.85185555555546
 32
0.0
 13
698.1207638888891
 23
510.85185555555546
 33
0.0
  0
SOLID
  5
32B
330
17
100
AcDbEntity
  8
CENTER
 62
250
420
0
100
AcDbTrace
 10
644.1193055555556
 20
514.453011111111
 30
0.0
 11
698.1207638888891
 21
510.85185555555546
 31
0.0
 12
707.1208305555557
 22
510.49202222222215
 32
0.0
 13
707.1208305555557
 23
510.49202222222215
 33
0.0
  0
SOLID
  5
32C
330
17
100
AcDbEntity
  8
CENTER
 62
250
420
0
100
AcDbTrace
 10
644.1193055555556
 20
514.453011111111
 30
0.0
 11
707.1208305555557
 21
510.49202222222215
 31
0.0
 12
716.1208972222224
 22
510.1321888888888
 32
0.0
 13
716.1208972222224
 23
510.1321888888888
 33
0.0
  0
SOLID
  5
32D
330
17
100
AcDbEntity
  8
CENTER
 62
250
420
0
100
AcDbTrace
 10
644.1193055555556
 20
514.453011111111
 30
0.0
 11
716.1208972222224
 21
510.1321888888888
 31
0.0
 12
725.120963888889
 22
509.8527888888888
 32
0.0
 13
725.120963888889
 23
509.8527888888888
 33
0.0
  0
SOLID
  5
32E
330
17
100
AcDbEntity
  8
CENTER
 62
250
420
0
100
AcDbTrace
 10
644.1193055555556
 20
514.453011111111
 30
0.0
 11
725.120963888889
 21
509.8527888888888
 31
0.0
 12
734.1210305555558
 22
509.5719777777777
 32
0.0
 13
734.1210305555558
 23
509.5719777777777
 33
0.0
  0
SOLID
  5
32F
330
17
100
AcDbEntity
  8
CENTER
 62
250
420
0
100
AcDbTrace
 10
644.1193055555556
 20
514.453011111111
 30
0.0
 11
734.1210305555558
 21
509.5719777777777
 31
0.0
 12
743.1210972222224
 22
509.3320888888888
 32
0.0
 13
743.1210972222224
 23
509.3320888888888
 33
0.0
  0
SOLID
  5
330
330
17
100
AcDbEntity
  8
CENTER
 62
250
420
0
100
AcDbTrace
 10
644.1193055555556
 20
514.453011111111
 30
0.0
 11
743.1210972222224
 21
509.3320888888888
 31
0.0
 12
752.1211638888891
 22
509.13171111111103
 32
0.0
 13
752.1211638888891
 23
509.13171111111103
 33
0.0
  0
SOLID
  5
331
330
17
100
AcDbEntity
  8
CENTER
 62
250
420
0
100
AcDbTrace
 10
644.1193055555556
 20
514.453011111111
 30
0.0
 11
752.1211638888891
 21
509.13171111111103
 31
0.0
 12
761.1212305555558
 22
508.9313333333332
 32
0.0
 13
761.1212305555558
 23
508.9313333333332
 33
0.0
  0
SOLID
  5
332
330
17
100
AcDbEntity
  8
CENTER
 62
250
420
0
100
AcDbTrace
 10
761.1212305555558
 20
508.9313333333332
 30
0.0
 11
761.1212305555558
 21
510.25213333333323
 31
0.0
 12
752.1211638888891
 22
510.5315333333332
 32
0.0
 13
752.1211638888891
 23
510.5315333333332
 33
0.0
  0
SOLID
  5
333
330
17
100
AcDbEntity
  8
CENTER
 62
250
420
0
100
AcDbTrace
 10
761.1212305555558
 20
508.9313333333332
 30
0.0
 11
752.1211638888891
 21
510.5315333333332
 31
0.0
 12
743.1210972222224
 22
510.81093333333314
 32
0.0
 13
743.1210972222224
 23
510.81093333333314
 33
0.0
  0
SOLID
  5
334
330
17
100
AcDbEntity
  8
CENTER
 62
250
420
0
100
AcDbTrace
 10
761.1212305555558
 20
508.9313333333332
 30
0.0
 11
743.1210972222224
 21
510.81093333333314
 31
0.0
 12
734.1210305555558
 22
511.09033333333315
 32
0.0
 13
734.1210305555558
 23
511.09033333333315
 33
0.0
  0
SOLID
  5
335
330
17
100
AcDbEntity
  8
CENTER
 62
250
420
0
100
AcDbTrace
 10
644.1193055555556
 20
514.453011111111
 30
0.0
 11
761.1212305555558
 21
508.9313333333332
 31
0.0
 12
734.1210305555558
 22
511.09033333333315
 32
0.0
 13
734.1210305555558
 23
511.09033333333315
 33
0.0
  0
SOLID
  5
336
330
17
100
AcDbEntity
  8
CENTER
 62
250
420
0
100
AcDbTrace
 10
644.1193055555556
 20
514.453011111111
 30
0.0
 11
734.1210305555558
 21
511.09033333333315
 31
0.0
 12
725.120963888889
 22
511.4515777777775
 32
0.0
 13
725.120963888889
 23
511.4515777777775
 33
0.0
  0
SOLID
  5
337
330
17
100
AcDbEntity
  8
CENTER
 62
250
420
0
100
AcDbTrace
 10
644.1193055555556
 20
514.453011111111
 30
0.0
 11
725.120963888889
 21
511.4515777777775
 31
0.0
 12
716.1208972222223
 22
511.81141111111083
 32
0.0
 13
716.1208972222223
 23
511.81141111111083
 33
0.0
  0
SOLID
  5
338
330
17
100
AcDbEntity
  8
CENTER
 62
250
420
0
100
AcDbTrace
 10
644.1193055555556
 20
514.453011111111
 30
0.0
 11
716.1208972222223
 21
511.81141111111083
 31
0.0
 12
707.1208305555556
 22
512.2516777777776
 32
0.0
 13
707.1208305555556
 23
512.2516777777776
 33
0.0
  0
SOLID
  5
339
330
17
100
AcDbEntity
  8
CENTER
 62
250
420
0
100
AcDbTrace
 10
644.1193055555556
 20
514.453011111111
 30
0.0
 11
707.1208305555556
 21
512.2516777777776
 31
0.0
 12
698.120763888889
 22
512.7314555555553
 32
0.0
 13
698.120763888889
 23
512.7314555555553
 33
0.0
  0
SOLID
  5
33A
330
17
100
AcDbEntity
  8
CENTER
 62
250
420
0
100
AcDbTrace
 10
644.1193055555556
 20
514.453011111111
 30
0.0
 11
698.120763888889
 21
512.7314555555553
 31
0.0
 12
689.1206972222224
 22
513.2521555555553
 32
0.0
 13
689.1206972222224
 23
513.2521555555553
 33
0.0
  0
SOLID
  5
33B
330
17
100
AcDbEntity
  8
CENTER
 62
250
420
0
100
AcDbTrace
 10
644.1193055555556
 20
514.453011111111
 30
0.0
 11
689.1206972222224
 21
513.2521555555553
 31
0.0
 12
680.1206305555556
 22
513.8518777777775
 32
0.0
 13
680.1206305555556
 23
513.8518777777775
 33
0.0
  0
SOLID
  5
33C
330
17
100
AcDbEntity
  8
CENTER
 62
250
420
0
100
AcDbTrace
 10
644.1193055555556
 20
514.453011111111
 30
0.0
 11
680.1206305555556
 21
513.8518777777775
 31
0.0
 12
671.1195055555556
 22
514.5320333333332
 32
0.0
 13
671.1195055555556
 23
514.5320333333332
 33
0.0
  0
SOLID
  5
33D
330
17
100
AcDbEntity
  8
CENTER
 62
250
420
0
100
AcDbTrace
 10
644.1193055555556
 20
514.453011111111
 30
0.0
 11
671.1195055555556
 21
514.5320333333332
 31
0.0
 12
662.1194388888889
 22
515.330722222222
 32
0.0
 13
662.1194388888889
 23
515.330722222222
 33
0.0
  0
SOLID
  5
33E
330
17
100
AcDbEntity
  8
CENTER
 62
250
420
0
100
AcDbTrace
 10
644.1193055555556
 20
514.453011111111
 30
0.0
 11
662.1194388888889
 21
515.330722222222
 31
0.0
 12
653.1193722222222
 22
516.2507666666664
 32
0.0
 13
653.1193722222222
 23
516.2507666666664
 33
0.0
  0
SOLID
  5
33F
330
17
100
AcDbEntity
  8
CENTER
 62
250
420
0
100
AcDbTrace
 10
644.1193055555556
 20
514.453011111111
 30
0.0
 11
653.1193722222222
 21
516.2507666666664
 31
0.0
 12
644.1193055555556
 22
517.3316777777776
 32
0.0
 13
644.1193055555556
 23
517.3316777777776
 33
0.0
  0
SOLID
  5
340
330
17
100
AcDbEntity
  8
CENTER
 62
250
420
0
100
AcDbTrace
 10
644.1193055555556
 20
514.453011111111
 30
0.0
 11
644.1193055555556
 21
517.3316777777776
 31
0.0
 12
635.1192388888888
 22
518.6510666666665
 32
0.0
 13
635.1192388888888
 23
518.6510666666665
 33
0.0
  0
SOLID
  5
341
330
17
100
AcDbEntity
  8
CENTER
 62
250
420
0
100
AcDbTrace
 10
644.1193055555556
 20
514.453011111111
 30
0.0
 11
635.1192388888888
 21
518.6510666666665
 31
0.0
 12
626.1191722222221
 22
520.2512666666665
 32
0.0
 13
626.1191722222221
 23
520.2512666666665
 33
0.0
  0
SOLID
  5
342
330
17
100
AcDbEntity
  8
CENTER
 62
250
420
0
100
AcDbTrace
 10
644.1193055555556
 20
514.453011111111
 30
0.0
 11
626.1191722222221
 21
520.2512666666665
 31
0.0
 12
620.7184972222221
 22
521.4111999999998
 32
0.0
 13
620.7184972222221
 23
521.4111999999998
 33
0.0
  0
SOLID
  5
343
330
17
100
AcDbEntity
  8
CENTER
 62
250
420
0
100
AcDbTrace
 10
644.1193055555556
 20
514.453011111111
 30
0.0
 11
620.7184972222221
 21
521.4111999999998
 31
0.0
 12
617.1191055555554
 22
522.252222222222
 32
0.0
 13
617.1191055555554
 23
522.252222222222
 33
0.0
  0
SOLID
  5
344
330
17
100
AcDbEntity
  8
CENTER
 62
250
420
0
100
AcDbTrace
 10
644.1193055555556
 20
514.453011111111
 30
0.0
 11
617.1191055555554
 21
522.252222222222
 31
0.0
 12
611.7184305555554
 22
523.6929666666665
 32
0.0
 13
611.7184305555554
 23
523.6929666666665
 33
0.0
  0
SOLID
  5
345
330
17
100
AcDbEntity
  8
CENTER
 62
250
420
0
100
AcDbTrace
 10
581.1188388888888
 20
532.2513555555555
 30
0.0
 11
644.1193055555556
 21
514.453011111111
 31
0.0
 12
611.7184305555554
 22
523.6929666666665
 32
0.0
 13
611.7184305555554
 23
523.6929666666665
 33
0.0
  0
SOLID
  5
346
330
17
100
AcDbEntity
  8
CENTER
 62
250
420
0
100
AcDbTrace
 10
581.1188388888888
 20
532.2513555555555
 30
0.0
 11
611.7184305555554
 21
523.6929666666665
 31
0.0
 12
608.1190388888888
 22
524.8133888888887
 32
0.0
 13
608.1190388888888
 23
524.8133888888887
 33
0.0
  0
SOLID
  5
347
330
17
100
AcDbEntity
  8
CENTER
 62
250
420
0
100
AcDbTrace
 10
581.1188388888888
 20
532.2513555555555
 30
0.0
 11
608.1190388888888
 21
524.8133888888887
 31
0.0
 12
602.7183638888888
 22
526.773422222222
 32
0.0
 13
602.7183638888888
 23
526.773422222222
 33
0.0
  0
SOLID
  5
348
330
17
100
AcDbEntity
  8
CENTER
 62
250
420
0
100
AcDbTrace
 10
581.1188388888888
 20
532.2513555555555
 30
0.0
 11
602.7183638888888
 21
526.773422222222
 31
0.0
 12
599.1189722222222
 22
528.2536777777776
 32
0.0
 13
599.1189722222222
 23
528.2536777777776
 33
0.0
  0
SOLID
  5
349
330
17
100
AcDbEntity
  8
CENTER
 62
250
420
0
100
AcDbTrace
 10
581.1188388888888
 20
532.2513555555555
 30
0.0
 11
599.1189722222222
 21
528.2536777777776
 31
0.0
 12
593.7182972222221
 22
530.9333777777775
 32
0.0
 13
593.7182972222221
 23
530.9333777777775
 33
0.0
  0
SOLID
  5
34A
330
17
100
AcDbEntity
  8
CENTER
 62
250
420
0
100
AcDbTrace
 10
581.1188388888888
 20
532.2513555555555
 30
0.0
 11
593.7182972222221
 21
530.9333777777775
 31
0.0
 12
590.1189055555554
 22
533.0528666666664
 32
0.0
 13
590.1189055555554
 23
533.0528666666664
 33
0.0
  0
SOLID
  5
34B
330
17
100
AcDbEntity
  8
CENTER
 62
250
420
0
100
AcDbTrace
 10
581.1188388888888
 20
532.2513555555555
 30
0.0
 11
590.1189055555554
 21
533.0528666666664
 31
0.0
 12
584.7182305555555
 22
536.9729333333332
 32
0.0
 13
584.7182305555555
 23
536.9729333333332
 33
0.0
  0
SOLID
  5
34C
330
17
100
AcDbEntity
  8
CENTER
 62
250
420
0
100
AcDbTrace
 10
581.1188388888888
 20
532.2513555555555
 30
0.0
 11
584.7182305555555
 21
536.9729333333332
 31
0.0
 12
581.1188388888887
 22
540.2523555555554
 32
0.0
 13
581.1188388888887
 23
540.2523555555554
 33
0.0
  0
HATCH
  5
34D
330
17
100
AcDbEntity
  8
CENTER
 62
7
420
0
100
AcDbHatch
 10
0.0
 20
0.0
 30
0.0
210
0.0
220
0.0
230
1.0
  2
SOLID
 70
1
 71
0
 91
1
 92
3
 72
0
 73
1
 93
54
 10
581.1188388888888
 20
532.2513555555555
 10
584.7182305555555
 20
529.6915999999999
 10
590.1189055555556
 20
526.6520666666665
 10
593.7182972222222
 20
525.0123555555555
 10
599.1189722222222
 20
522.9309666666666
 10
602.7183638888888
 20
521.7724444444443
 10
608.1190388888889
 20
520.2512666666665
 10
611.7184305555555
 20
519.3721444444443
 10
617.1191055555555
 20
518.2517222222222
 10
620.7184972222223
 20
517.5729777777777
 10
626.1191722222222
 20
516.6924444444444
 10
635.1192388888888
 20
515.4520777777776
 10
644.1193055555556
 20
514.453011111111
 10
653.1193722222223
 20
513.5724777777776
 10
662.119438888889
 20
512.8528111111109
 10
671.1195055555556
 20
512.2516777777777
 10
680.1206305555556
 20
511.73238888888875
 10
689.1206972222224
 20
511.252611111111
 10
698.1207638888891
 20
510.85185555555546
 10
707.1208305555557
 20
510.49202222222215
 10
716.1208972222224
 20
510.1321888888888
 10
725.120963888889
 20
509.8527888888888
 10
734.1210305555558
 20
509.5719777777777
 10
743.1210972222224
 20
509.3320888888888
 10
752.1211638888891
 20
509.13171111111103
 10
761.1212305555558
 20
508.9313333333332
 10
761.1212305555558
 20
510.25213333333323
 10
752.1211638888891
 20
510.5315333333332
 10
743.1210972222224
 20
510.81093333333314
 10
734.1210305555558
 20
511.09033333333315
 10
725.120963888889
 20
511.4515777777775
 10
716.1208972222223
 20
511.81141111111083
 10
707.1208305555556
 20
512.2516777777776
 10
698.120763888889
 20
512.7314555555553
 10
689.1206972222224
 20
513.2521555555553
 10
680.1206305555556
 20
513.8518777777775
 10
671.1195055555556
 20
514.5320333333332
 10
662.1194388888889
 20
515.330722222222
 10
653.1193722222222
 20
516.2507666666664
 10
644.1193055555556
 20
517.3316777777776
 10
635.1192388888888
 20
518.6510666666665
 10
626.1191722222221
 20
520.2512666666665
 10
620.7184972222221
 20
521.4111999999998
 10
617.1191055555554
 20
522.252222222222
 10
611.7184305555554
 20
523.6929666666665
 10
608.1190388888888
 20
524.8133888888887
 10
602.7183638888888
 20
526.773422222222
 10
599.1189722222222
 20
528.2536777777776
 10
593.7182972222221
 20
530.9333777777775
 10
590.1189055555554
 20
533.0528666666664
 10
584.7182305555555
 20
536.9729333333332
 10
581.1188388888887
 20
540.2523555555554
 10
581.1188388888887
 20
532.2513555555555
 10
581.1188388888888
 20
532.2513555555555
 97
0
 75
1
 76
1
 98
0
  0
TEXT
  5
34E
330
17
100
AcDbEntity
  8
LABELS
 62
250
100
AcDbText
 10
577.8621355555555
 20
417.94458222222215
 30
0.0
 40
16.93333333333333
  1
1
 11
577.8621355555555
 21
417.94458222222215
 31
0.0
100
AcDbText
  0
TEXT
  5
34F
330
17
100
AcDbEntity
  8
LABELS
 62
250
100
AcDbText
 10
613.8619788888888
 20
436.43225444444437
 30
0.0
 40
16.93333333333333
  1
2
 11
613.8619788888888
 21
436.43225444444437
 31
0.0
100
AcDbText
  0
TEXT
  5
350
330
17
100
AcDbEntity
  8
LABELS
 62
250
100
AcDbText
 10
649.8624572222221
 20
443.6297677777778
 30
0.0
 40
16.93333333333333
  1
3
 11
649.8624572222221
 21
443.6297677777778
 31
0.0
100
AcDbText
  0
TEXT
  5
351
330
17
100
AcDbEntity
  8
LABELS
 62
250
100
AcDbText
 10
685.8623005555555
 20
448.03807888888883
 30
0.0
 40
16.93333333333333
  1
4
 11
685.8623005555555
 21
448.03807888888883
 31
0.0
100
AcDbText
  0
TEXT
  5
352
330
17
100
AcDbEntity
  8
LABELS
 62
250
100
AcDbText
 10
721.8621438888889
 20
449.52778888888884
 30
0.0
 40
16.93333333333333
  1
5
 11
721.8621438888889
 21
449.52778888888884
 31
0.0
100
AcDbText
  0
LWPOLYLINE
  5
353
330
17
100
AcDbEntity
  8
CENTER
 62
250
370
35
100
AcDbPolyline
 90
2
 70
0
 43
1.9999677777777776
 10
882.3194472222222
 20
784.2504
 10
894.3198888888887
 20
784.2504
  0
LWPOLYLINE
  5
354
330
17
100
AcDbEntity
  8
CENTER
 62
250
370
35
100
AcDbPolyline
 90
2
 70
0
 43
1.9999677777777776
 10
880.6091805555556
 20
768.2498111111111
 10
898.6093138888888
 20
768.2498111111111
  0
LWPOLYLINE
  5
355
330
17
100
AcDbEntity
  8
CENTER
 62
250
370
35
100
AcDbPolyline
 90
2
 70
0
 43
1.9999677777777776
 10
879.4100888888887
 20
752.2506333333333
 10
891.4094722222221
 20
752.2506333333333
  0
LWPOLYLINE
  5
356
330
17
100
AcDbEntity
  8
CENTER
 62
250
370
35
100
AcDbPolyline
 90
2
 70
0
 43
1.9999677777777776
 10
878.5094472222221
 20
736.2500444444443
 10
896.5095805555554
 20
736.2500444444443
  0
LWPOLYLINE
  5
357
330
17
100
AcDbEntity
  8
CENTER
 62
250
370
35
100
AcDbPolyline
 90
2
 70
0
 43
1.9999677777777776
 10
877.7887222222222
 20
720.2494555555555
 10
889.7891638888889
 20
720.2494555555555
  0
LWPOLYLINE
  5
358
330
17
100
AcDbEntity
  8
CENTER
 62
250
370
35
100
AcDbPolyline
 90
2
 70
0
 43
1.9999677777777776
 10
877.2193388888887
 20
704.2502777777777
 10
895.2194722222222
 20
704.2502777777777
  0
LWPOLYLINE
  5
359
330
17
100
AcDbEntity
  8
CENTER
 62
250
370
35
100
AcDbPolyline
 90
2
 70
0
 43
1.9999677777777776
 10
876.7684888888888
 20
688.2496888888888
 10
888.7689305555556
 20
688.2496888888888
  0
LWPOLYLINE
  5
35A
330
17
100
AcDbEntity
  8
CENTER
 62
250
370
35
100
AcDbPolyline
 90
2
 70
0
 43
1.9999677777777776
 10
876.3790222222221
 20
672.2490999999999
 10
894.3791555555555
 20
672.2490999999999
  0
LWPOLYLINE
  5
35B
330
17
100
AcDbEntity
  8
CENTER
 62
250
370
35
100
AcDbPolyline
 90
2
 70
0
 43
1.9999677777777776
 10
876.0498805555555
 20
656.2499222222222
 10
888.0503222222221
 20
656.2499222222222
  0
LWPOLYLINE
  5
35C
330
17
100
AcDbEntity
  8
CENTER
 62
250
370
35
100
AcDbPolyline
 90
2
 70
0
 43
1.9999677777777776
 10
875.7493138888888
 20
640.2507444444444
 10
893.7494472222222
 20
640.2507444444444
  0
LWPOLYLINE
  5
35D
330
17
100
AcDbEntity
  8
CENTER
 62
250
370
35
100
AcDbPolyline
 90
2
 70
0
 43
1.9999677777777776
 10
875.5090722222221
 20
624.2501555555555
 10
887.5095138888888
 20
624.2501555555555
  0
LWPOLYLINE
  5
35E
330
17
100
AcDbEntity
  8
CENTER
 62
250
370
35
100
AcDbPolyline
 90
2
 70
0
 43
1.9999677777777776
 10
875.2995222222222
 20
608.2495666666666
 10
893.2996555555555
 20
608.2495666666666
  0
LWPOLYLINE
  5
35F
330
17
100
AcDbEntity
  8
CENTER
 62
250
370
35
100
AcDbPolyline
 90
2
 70
0
 43
1.9999677777777776
 10
875.1196055555555
 20
592.2503888888888
 10
887.1200472222222
 20
592.2503888888888
  0
LWPOLYLINE
  5
360
330
17
100
AcDbEntity
  8
CENTER
 62
250
370
35
100
AcDbPolyline
 90
2
 70
0
 43
1.9999677777777776
 10
874.9396888888889
 20
576.2497999999999
 10
892.9398222222222
 20
576.2497999999999
  0
LWPOLYLINE
  5
361
330
17
100
AcDbEntity
  8
CENTER
 62
250
370
35
100
AcDbPolyline
 90
2
 70
0
 43
1.9999677777777776
 10
874.7894055555554
 20
560.2492111111111
 10
886.7887888888888
 20
560.2492111111111
  0
LWPOLYLINE
  5
362
330
17
100
AcDbEntity
  8
CENTER
 62
250
370
35
100
AcDbPolyline
 90
2
 70
0
 43
1.9999677777777776
 10
874.6698138888888
 20
544.2500333333334
 10
892.6699472222223
 20
544.2500333333334
  0
LWPOLYLINE
  5
363
330
17
100
AcDbEntity
  8
CENTER
 62
250
100
AcDbPolyline
 90
63
 70
1
 10
855.9193222222221
 20
784.2504
 10
856.8495972222222
 20
776.2508111111109
 10
857.6285305555556
 20
768.2498111111111
 10
858.2592972222221
 20
760.2502222222222
 10
858.8286805555556
 20
752.2506333333333
 10
859.3091638888889
 20
744.2496333333333
 10
859.7589555555555
 20
736.2500444444443
 10
860.119847222222
 20
728.2504555555554
 10
860.4500472222221
 20
720.2494555555555
 10
860.7495555555555
 20
712.2498666666665
 10
861.0194305555555
 20
704.2502777777776
 10
861.2607305555554
 20
696.2492777777777
 10
861.4702805555554
 20
688.2496888888888
 10
861.6798305555554
 20
680.2500999999999
 10
861.859747222222
 20
672.2490999999999
 10
862.0396638888885
 20
664.249511111111
 10
862.189947222222
 20
656.248511111111
 10
862.3412888888887
 20
648.2489222222221
 10
862.4915722222221
 20
640.2493333333332
 10
862.6111638888889
 20
632.2483333333332
 10
862.7307555555554
 20
624.2487444444444
 10
862.8207138888889
 20
616.2491555555554
 10
862.9403055555557
 20
608.2481555555554
 10
863.0302638888891
 20
600.2485666666665
 10
863.1202222222224
 20
592.2489777777777
 10
863.2101805555558
 20
584.2479777777776
 10
863.3001388888891
 20
576.2483888888888
 10
863.3604638888891
 20
568.2488
 10
863.4514805555558
 20
560.2477999999999
 10
863.5118055555558
 20
552.248211111111
 10
863.5721305555559
 20
544.2486222222221
 10
863.8716388888893
 20
544.2486222222221
 10
863.8113138888892
 20
552.248211111111
 10
863.7509888888891
 20
560.2477999999999
 10
863.6906638888892
 20
568.2488
 10
863.6303388888892
 20
576.2483888888888
 10
863.5403805555559
 20
584.2479777777776
 10
863.4800555555557
 20
592.2489777777777
 10
863.3890388888891
 20
600.2485666666665
 10
863.2990805555557
 20
608.2481555555554
 10
863.2091222222224
 20
616.2491555555554
 10
863.119163888889
 20
624.2487444444444
 10
863.0292055555557
 20
632.2483333333332
 10
862.9096138888889
 20
640.2493333333332
 10
862.7900222222221
 20
648.2489222222221
 10
862.6704305555554
 20
656.248511111111
 10
862.5201472222219
 20
664.249511111111
 10
862.3698638888886
 20
672.2490999999999
 10
862.218522222222
 20
680.2500999999999
 10
862.0386055555554
 20
688.2496888888888
 10
861.8290555555553
 20
696.2492777777777
 10
861.6195055555553
 20
704.2502777777776
 10
861.3792638888888
 20
712.2498666666665
 10
861.1083305555554
 20
720.2494555555555
 10
860.8384555555554
 20
728.2504555555554
 10
860.5082555555555
 20
736.2500444444443
 10
860.1187888888886
 20
744.2496333333333
 10
859.6986305555553
 20
752.2506333333333
 10
859.189572222222
 20
760.2502222222222
 10
858.6191305555552
 20
768.2498111111111
 10
857.9301555555554
 20
776.2508111111109
 10
857.119472222222
 20
784.2504
 10
855.9193222222221
 20
784.2504
  0
SOLID
  5
364
330
17
100
AcDbEntity
  8
CENTER
 62
250
420
0
100
AcDbTrace
 10
857.119472222222
 20
784.2504
 30
0.0
 11
855.9193222222221
 21
784.2504
 31
0.0
 12
856.8495972222222
 22
776.2508111111109
 32
0.0
 13
856.8495972222222
 23
776.2508111111109
 33
0.0
  0
SOLID
  5
365
330
17
100
AcDbEntity
  8
CENTER
 62
250
420
0
100
AcDbTrace
 10
857.119472222222
 20
784.2504
 30
0.0
 11
856.8495972222222
 21
776.2508111111109
 31
0.0
 12
857.6285305555556
 22
768.2498111111111
 32
0.0
 13
857.6285305555556
 23
768.2498111111111
 33
0.0
  0
SOLID
  5
366
330
17
100
AcDbEntity
  8
CENTER
 62
250
420
0
100
AcDbTrace
 10
857.119472222222
 20
784.2504
 30
0.0
 11
857.6285305555556
 21
768.2498111111111
 31
0.0
 12
858.2592972222221
 22
760.2502222222222
 32
0.0
 13
858.2592972222221
 23
760.2502222222222
 33
0.0
  0
SOLID
  5
367
330
17
100
AcDbEntity
  8
CENTER
 62
250
420
0
100
AcDbTrace
 10
857.119472222222
 20
784.2504
 30
0.0
 11
858.2592972222221
 21
760.2502222222222
 31
0.0
 12
858.8286805555556
 22
752.2506333333333
 32
0.0
 13
858.8286805555556
 23
752.2506333333333
 33
0.0
  0
SOLID
  5
368
330
17
100
AcDbEntity
  8
CENTER
 62
250
420
0
100
AcDbTrace
 10
857.119472222222
 20
784.2504
 30
0.0
 11
858.8286805555556
 21
752.2506333333333
 31
0.0
 12
859.3091638888889
 22
744.2496333333333
 32
0.0
 13
859.3091638888889
 23
744.2496333333333
 33
0.0
  0
SOLID
  5
369
330
17
100
AcDbEntity
  8
CENTER
 62
250
420
0
100
AcDbTrace
 10
857.119472222222
 20
784.2504
 30
0.0
 11
859.3091638888889
 21
744.2496333333333
 31
0.0
 12
859.7589555555555
 22
736.2500444444443
 32
0.0
 13
859.7589555555555
 23
736.2500444444443
 33
0.0
  0
SOLID
  5
36A
330
17
100
AcDbEntity
  8
CENTER
 62
250
420
0
100
AcDbTrace
 10
861.6798305555554
 20
680.2500999999999
 30
0.0
 11
861.859747222222
 21
672.2490999999999
 31
0.0
 12
862.0396638888885
 22
664.249511111111
 32
0.0
 13
862.0396638888885
 23
664.249511111111
 33
0.0
  0
SOLID
  5
36B
330
17
100
AcDbEntity
  8
CENTER
 62
250
420
0
100
AcDbTrace
 10
862.0396638888885
 20
664.249511111111
 30
0.0
 11
862.189947222222
 21
656.248511111111
 31
0.0
 12
862.3412888888887
 22
648.2489222222221
 32
0.0
 13
862.3412888888887
 23
648.2489222222221
 33
0.0
  0
SOLID
  5
36C
330
17
100
AcDbEntity
  8
CENTER
 62
250
420
0
100
AcDbTrace
 10
862.4915722222221
 20
640.2493333333332
 30
0.0
 11
862.6111638888889
 21
632.2483333333332
 31
0.0
 12
862.7307555555554
 22
624.2487444444444
 32
0.0
 13
862.7307555555554
 23
624.2487444444444
 33
0.0
  0
SOLID
  5
36D
330
17
100
AcDbEntity
  8
CENTER
 62
250
420
0
100
AcDbTrace
 10
862.7307555555554
 20
624.2487444444444
 30
0.0
 11
862.8207138888889
 21
616.2491555555554
 31
0.0
 12
862.9403055555557
 22
608.2481555555554
 32
0.0
 13
862.9403055555557
 23
608.2481555555554
 33
0.0
  0
SOLID
  5
36E
330
17
100
AcDbEntity
  8
CENTER
 62
250
420
0
100
AcDbTrace
 10
863.1202222222224
 20
592.2489777777777
 30
0.0
 11
863.2101805555558
 21
584.2479777777776
 31
0.0
 12
863.3001388888891
 22
576.2483888888888
 32
0.0
 13
863.3001388888891
 23
576.2483888888888
 33
0.0
  0
SOLID
  5
36F
330
17
100
AcDbEntity
  8
CENTER
 62
250
420
0
100
AcDbTrace
 10
863.3001388888891
 20
576.2483888888888
 30
0.0
 11
863.3604638888891
 21
568.2488
 31
0.0
 12
863.4514805555558
 22
560.2477999999999
 32
0.0
 13
863.4514805555558
 23
560.2477999999999
 33
0.0
  0
SOLID
  5
370
330
17
100
AcDbEntity
  8
CENTER
 62
250
420
0
100
AcDbTrace
 10
863.5118055555558
 20
552.248211111111
 30
0.0
 11
863.5721305555559
 21
544.2486222222221
 31
0.0
 12
863.8716388888893
 22
544.2486222222221
 32
0.0
 13
863.8716388888893
 23
544.2486222222221
 33
0.0
  0
SOLID
  5
371
330
17
100
AcDbEntity
  8
CENTER
 62
250
420
0
100
AcDbTrace
 10
863.4514805555558
 20
560.2477999999999
 30
0.0
 11
863.5118055555558
 21
552.248211111111
 31
0.0
 12
863.8716388888893
 22
544.2486222222221
 32
0.0
 13
863.8716388888893
 23
544.2486222222221
 33
0.0
  0
SOLID
  5
372
330
17
100
AcDbEntity
  8
CENTER
 62
250
420
0
100
AcDbTrace
 10
863.3001388888891
 20
576.2483888888888
 30
0.0
 11
863.4514805555558
 21
560.2477999999999
 31
0.0
 12
863.8716388888893
 22
544.2486222222221
 32
0.0
 13
863.8716388888893
 23
544.2486222222221
 33
0.0
  0
SOLID
  5
373
330
17
100
AcDbEntity
  8
CENTER
 62
250
420
0
100
AcDbTrace
 10
863.1202222222224
 20
592.2489777777777
 30
0.0
 11
863.3001388888891
 21
576.2483888888888
 31
0.0
 12
863.8716388888893
 22
544.2486222222221
 32
0.0
 13
863.8716388888893
 23
544.2486222222221
 33
0.0
  0
SOLID
  5
374
330
17
100
AcDbEntity
  8
CENTER
 62
250
420
0
100
AcDbTrace
 10
863.0302638888891
 20
600.2485666666665
 30
0.0
 11
863.1202222222224
 21
592.2489777777777
 31
0.0
 12
863.8716388888893
 22
544.2486222222221
 32
0.0
 13
863.8716388888893
 23
544.2486222222221
 33
0.0
  0
SOLID
  5
375
330
17
100
AcDbEntity
  8
CENTER
 62
250
420
0
100
AcDbTrace
 10
862.9403055555557
 20
608.2481555555554
 30
0.0
 11
863.0302638888891
 21
600.2485666666665
 31
0.0
 12
863.8716388888893
 22
544.2486222222221
 32
0.0
 13
863.8716388888893
 23
544.2486222222221
 33
0.0
  0
SOLID
  5
376
330
17
100
AcDbEntity
  8
CENTER
 62
250
420
0
100
AcDbTrace
 10
862.7307555555554
 20
624.2487444444444
 30
0.0
 11
862.9403055555557
 21
608.2481555555554
 31
0.0
 12
863.8716388888893
 22
544.2486222222221
 32
0.0
 13
863.8716388888893
 23
544.2486222222221
 33
0.0
  0
SOLID
  5
377
330
17
100
AcDbEntity
  8
CENTER
 62
250
420
0
100
AcDbTrace
 10
862.7307555555554
 20
624.2487444444444
 30
0.0
 11
863.8716388888893
 21
544.2486222222221
 31
0.0
 12
863.8113138888892
 22
552.248211111111
 32
0.0
 13
863.8113138888892
 23
552.248211111111
 33
0.0
  0
SOLID
  5
378
330
17
100
AcDbEntity
  8
CENTER
 62
250
420
0
100
AcDbTrace
 10
862.4915722222221
 20
640.2493333333332
 30
0.0
 11
862.7307555555554
 21
624.2487444444444
 31
0.0
 12
863.8113138888892
 22
552.248211111111
 32
0.0
 13
863.8113138888892
 23
552.248211111111
 33
0.0
  0
SOLID
  5
379
330
17
100
AcDbEntity
  8
CENTER
 62
250
420
0
100
AcDbTrace
 10
862.4915722222221
 20
640.2493333333332
 30
0.0
 11
863.8113138888892
 21
552.248211111111
 31
0.0
 12
863.7509888888891
 22
560.2477999999999
 32
0.0
 13
863.7509888888891
 23
560.2477999999999
 33
0.0
  0
SOLID
  5
37A
330
17
100
AcDbEntity
  8
CENTER
 62
250
420
0
100
AcDbTrace
 10
862.4915722222221
 20
640.2493333333332
 30
0.0
 11
863.7509888888891
 21
560.2477999999999
 31
0.0
 12
863.6906638888892
 22
568.2488
 32
0.0
 13
863.6906638888892
 23
568.2488
 33
0.0
  0
SOLID
  5
37B
330
17
100
AcDbEntity
  8
CENTER
 62
250
420
0
100
AcDbTrace
 10
862.4915722222221
 20
640.2493333333332
 30
0.0
 11
863.6906638888892
 21
568.2488
 31
0.0
 12
863.6303388888892
 22
576.2483888888888
 32
0.0
 13
863.6303388888892
 23
576.2483888888888
 33
0.0
  0
SOLID
  5
37C
330
17
100
AcDbEntity
  8
CENTER
 62
250
420
0
100
AcDbTrace
 10
862.4915722222221
 20
640.2493333333332
 30
0.0
 11
863.6303388888892
 21
576.2483888888888
 31
0.0
 12
863.5403805555559
 22
584.2479777777776
 32
0.0
 13
863.5403805555559
 23
584.2479777777776
 33
0.0
  0
SOLID
  5
37D
330
17
100
AcDbEntity
  8
CENTER
 62
250
420
0
100
AcDbTrace
 10
862.4915722222221
 20
640.2493333333332
 30
0.0
 11
863.5403805555559
 21
584.2479777777776
 31
0.0
 12
863.4800555555557
 22
592.2489777777777
 32
0.0
 13
863.4800555555557
 23
592.2489777777777
 33
0.0
  0
SOLID
  5
37E
330
17
100
AcDbEntity
  8
CENTER
 62
250
420
0
100
AcDbTrace
 10
862.3412888888887
 20
648.2489222222221
 30
0.0
 11
862.4915722222221
 21
640.2493333333332
 31
0.0
 12
863.4800555555557
 22
592.2489777777777
 32
0.0
 13
863.4800555555557
 23
592.2489777777777
 33
0.0
  0
SOLID
  5
37F
330
17
100
AcDbEntity
  8
CENTER
 62
250
420
0
100
AcDbTrace
 10
862.0396638888885
 20
664.249511111111
 30
0.0
 11
862.3412888888887
 21
648.2489222222221
 31
0.0
 12
863.4800555555557
 22
592.2489777777777
 32
0.0
 13
863.4800555555557
 23
592.2489777777777
 33
0.0
  0
SOLID
  5
380
330
17
100
AcDbEntity
  8
CENTER
 62
250
420
0
100
AcDbTrace
 10
862.0396638888885
 20
664.249511111111
 30
0.0
 11
863.4800555555557
 21
592.2489777777777
 31
0.0
 12
863.3890388888891
 22
600.2485666666665
 32
0.0
 13
863.3890388888891
 23
600.2485666666665
 33
0.0
  0
SOLID
  5
381
330
17
100
AcDbEntity
  8
CENTER
 62
250
420
0
100
AcDbTrace
 10
862.0396638888885
 20
664.249511111111
 30
0.0
 11
863.3890388888891
 21
600.2485666666665
 31
0.0
 12
863.2990805555557
 22
608.2481555555554
 32
0.0
 13
863.2990805555557
 23
608.2481555555554
 33
0.0
  0
SOLID
  5
382
330
17
100
AcDbEntity
  8
CENTER
 62
250
420
0
100
AcDbTrace
 10
861.6798305555554
 20
680.2500999999999
 30
0.0
 11
862.0396638888885
 21
664.249511111111
 31
0.0
 12
863.2990805555557
 22
608.2481555555554
 32
0.0
 13
863.2990805555557
 23
608.2481555555554
 33
0.0
  0
SOLID
  5
383
330
17
100
AcDbEntity
  8
CENTER
 62
250
420
0
100
AcDbTrace
 10
861.6798305555554
 20
680.2500999999999
 30
0.0
 11
863.2990805555557
 21
608.2481555555554
 31
0.0
 12
863.2091222222224
 22
616.2491555555554
 32
0.0
 13
863.2091222222224
 23
616.2491555555554
 33
0.0
  0
SOLID
  5
384
330
17
100
AcDbEntity
  8
CENTER
 62
250
420
0
100
AcDbTrace
 10
861.6798305555554
 20
680.2500999999999
 30
0.0
 11
863.2091222222224
 21
616.2491555555554
 31
0.0
 12
863.119163888889
 22
624.2487444444444
 32
0.0
 13
863.119163888889
 23
624.2487444444444
 33
0.0
  0
SOLID
  5
385
330
17
100
AcDbEntity
  8
CENTER
 62
250
420
0
100
AcDbTrace
 10
861.6798305555554
 20
680.2500999999999
 30
0.0
 11
863.119163888889
 21
624.2487444444444
 31
0.0
 12
863.0292055555557
 22
632.2483333333332
 32
0.0
 13
863.0292055555557
 23
632.2483333333332
 33
0.0
  0
SOLID
  5
386
330
17
100
AcDbEntity
  8
CENTER
 62
250
420
0
100
AcDbTrace
 10
861.4702805555554
 20
688.2496888888888
 30
0.0
 11
861.6798305555554
 21
680.2500999999999
 31
0.0
 12
863.0292055555557
 22
632.2483333333332
 32
0.0
 13
863.0292055555557
 23
632.2483333333332
 33
0.0
  0
SOLID
  5
387
330
17
100
AcDbEntity
  8
CENTER
 62
250
420
0
100
AcDbTrace
 10
861.2607305555554
 20
696.2492777777777
 30
0.0
 11
861.4702805555554
 21
688.2496888888888
 31
0.0
 12
863.0292055555557
 22
632.2483333333332
 32
0.0
 13
863.0292055555557
 23
632.2483333333332
 33
0.0
  0
SOLID
  5
388
330
17
100
AcDbEntity
  8
CENTER
 62
250
420
0
100
AcDbTrace
 10
861.2607305555554
 20
696.2492777777777
 30
0.0
 11
863.0292055555557
 21
632.2483333333332
 31
0.0
 12
862.9096138888889
 22
640.2493333333332
 32
0.0
 13
862.9096138888889
 23
640.2493333333332
 33
0.0
  0
SOLID
  5
389
330
17
100
AcDbEntity
  8
CENTER
 62
250
420
0
100
AcDbTrace
 10
861.2607305555554
 20
696.2492777777777
 30
0.0
 11
862.9096138888889
 21
640.2493333333332
 31
0.0
 12
862.7900222222221
 22
648.2489222222221
 32
0.0
 13
862.7900222222221
 23
648.2489222222221
 33
0.0
  0
SOLID
  5
38A
330
17
100
AcDbEntity
  8
CENTER
 62
250
420
0
100
AcDbTrace
 10
861.0194305555555
 20
704.2502777777776
 30
0.0
 11
861.2607305555554
 21
696.2492777777777
 31
0.0
 12
862.7900222222221
 22
648.2489222222221
 32
0.0
 13
862.7900222222221
 23
648.2489222222221
 33
0.0
  0
SOLID
  5
38B
330
17
100
AcDbEntity
  8
CENTER
 62
250
420
0
100
AcDbTrace
 10
861.0194305555555
 20
704.2502777777776
 30
0.0
 11
862.7900222222221
 21
648.2489222222221
 31
0.0
 12
862.6704305555554
 22
656.248511111111
 32
0.0
 13
862.6704305555554
 23
656.248511111111
 33
0.0
  0
SOLID
  5
38C
330
17
100
AcDbEntity
  8
CENTER
 62
250
420
0
100
AcDbTrace
 10
860.7495555555555
 20
712.2498666666665
 30
0.0
 11
861.0194305555555
 21
704.2502777777776
 31
0.0
 12
862.6704305555554
 22
656.248511111111
 32
0.0
 13
862.6704305555554
 23
656.248511111111
 33
0.0
  0
SOLID
  5
38D
330
17
100
AcDbEntity
  8
CENTER
 62
250
420
0
100
AcDbTrace
 10
860.7495555555555
 20
712.2498666666665
 30
0.0
 11
862.6704305555554
 21
656.248511111111
 31
0.0
 12
862.5201472222219
 22
664.249511111111
 32
0.0
 13
862.5201472222219
 23
664.249511111111
 33
0.0
  0
SOLID
  5
38E
330
17
100
AcDbEntity
  8
CENTER
 62
250
420
0
100
AcDbTrace
 10
860.7495555555555
 20
712.2498666666665
 30
0.0
 11
862.5201472222219
 21
664.249511111111
 31
0.0
 12
862.3698638888886
 22
672.2490999999999
 32
0.0
 13
862.3698638888886
 23
672.2490999999999
 33
0.0
  0
SOLID
  5
38F
330
17
100
AcDbEntity
  8
CENTER
 62
250
420
0
100
AcDbTrace
 10
860.4500472222221
 20
720.2494555555555
 30
0.0
 11
860.7495555555555
 21
712.2498666666665
 31
0.0
 12
862.3698638888886
 22
672.2490999999999
 32
0.0
 13
862.3698638888886
 23
672.2490999999999
 33
0.0
  0
SOLID
  5
390
330
17
100
AcDbEntity
  8
CENTER
 62
250
420
0
100
AcDbTrace
 10
860.4500472222221
 20
720.2494555555555
 30
0.0
 11
862.3698638888886
 21
672.2490999999999
 31
0.0
 12
862.218522222222
 22
680.2500999999999
 32
0.0
 13
862.218522222222
 23
680.2500999999999
 33
0.0
  0
SOLID
  5
391
330
17
100
AcDbEntity
  8
CENTER
 62
250
420
0
100
AcDbTrace
 10
860.119847222222
 20
728.2504555555554
 30
0.0
 11
860.4500472222221
 21
720.2494555555555
 31
0.0
 12
862.218522222222
 22
680.2500999999999
 32
0.0
 13
862.218522222222
 23
680.2500999999999
 33
0.0
  0
SOLID
  5
392
330
17
100
AcDbEntity
  8
CENTER
 62
250
420
0
100
AcDbTrace
 10
860.119847222222
 20
728.2504555555554
 30
0.0
 11
862.218522222222
 21
680.2500999999999
 31
0.0
 12
862.0386055555554
 22
688.2496888888888
 32
0.0
 13
862.0386055555554
 23
688.2496888888888
 33
0.0
  0
SOLID
  5
393
330
17
100
AcDbEntity
  8
CENTER
 62
250
420
0
100
AcDbTrace
 10
859.7589555555555
 20
736.2500444444443
 30
0.0
 11
860.119847222222
 21
728.2504555555554
 31
0.0
 12
862.0386055555554
 22
688.2496888888888
 32
0.0
 13
862.0386055555554
 23
688.2496888888888
 33
0.0
  0
SOLID
  5
394
330
17
100
AcDbEntity
  8
CENTER
 62
250
420
0
100
AcDbTrace
 10
859.7589555555555
 20
736.2500444444443
 30
0.0
 11
862.0386055555554
 21
688.2496888888888
 31
0.0
 12
861.8290555555553
 22
696.2492777777777
 32
0.0
 13
861.8290555555553
 23
696.2492777777777
 33
0.0
  0
SOLID
  5
395
330
17
100
AcDbEntity
  8
CENTER
 62
250
420
0
100
AcDbTrace
 10
859.7589555555555
 20
736.2500444444443
 30
0.0
 11
861.8290555555553
 21
696.2492777777777
 31
0.0
 12
861.6195055555553
 22
704.2502777777776
 32
0.0
 13
861.6195055555553
 23
704.2502777777776
 33
0.0
  0
SOLID
  5
396
330
17
100
AcDbEntity
  8
CENTER
 62
250
420
0
100
AcDbTrace
 10
857.119472222222
 20
784.2504
 30
0.0
 11
859.7589555555555
 21
736.2500444444443
 31
0.0
 12
861.6195055555553
 22
704.2502777777776
 32
0.0
 13
861.6195055555553
 23
704.2502777777776
 33
0.0
  0
SOLID
  5
397
330
17
100
AcDbEntity
  8
CENTER
 62
250
420
0
100
AcDbTrace
 10
857.119472222222
 20
784.2504
 30
0.0
 11
861.6195055555553
 21
704.2502777777776
 31
0.0
 12
861.3792638888888
 22
712.2498666666665
 32
0.0
 13
861.3792638888888
 23
712.2498666666665
 33
0.0
  0
SOLID
  5
398
330
17
100
AcDbEntity
  8
CENTER
 62
250
420
0
100
AcDbTrace
 10
857.119472222222
 20
784.2504
 30
0.0
 11
861.3792638888888
 21
712.2498666666665
 31
0.0
 12
861.1083305555554
 22
720.2494555555555
 32
0.0
 13
861.1083305555554
 23
720.2494555555555
 33
0.0
  0
SOLID
  5
399
330
17
100
AcDbEntity
  8
CENTER
 62
250
420
0
100
AcDbTrace
 10
857.119472222222
 20
784.2504
 30
0.0
 11
861.1083305555554
 21
720.2494555555555
 31
0.0
 12
860.8384555555554
 22
728.2504555555554
 32
0.0
 13
860.8384555555554
 23
728.2504555555554
 33
0.0
  0
SOLID
  5
39A
330
17
100
AcDbEntity
  8
CENTER
 62
250
420
0
100
AcDbTrace
 10
857.119472222222
 20
784.2504
 30
0.0
 11
860.8384555555554
 21
728.2504555555554
 31
0.0
 12
860.5082555555555
 22
736.2500444444443
 32
0.0
 13
860.5082555555555
 23
736.2500444444443
 33
0.0
  0
SOLID
  5
39B
330
17
100
AcDbEntity
  8
CENTER
 62
250
420
0
100
AcDbTrace
 10
857.119472222222
 20
784.2504
 30
0.0
 11
860.5082555555555
 21
736.2500444444443
 31
0.0
 12
860.1187888888886
 22
744.2496333333333
 32
0.0
 13
860.1187888888886
 23
744.2496333333333
 33
0.0
  0
SOLID
  5
39C
330
17
100
AcDbEntity
  8
CENTER
 62
250
420
0
100
AcDbTrace
 10
857.119472222222
 20
784.2504
 30
0.0
 11
860.1187888888886
 21
744.2496333333333
 31
0.0
 12
859.6986305555553
 22
752.2506333333333
 32
0.0
 13
859.6986305555553
 23
752.2506333333333
 33
0.0
  0
SOLID
  5
39D
330
17
100
AcDbEntity
  8
CENTER
 62
250
420
0
100
AcDbTrace
 10
857.119472222222
 20
784.2504
 30
0.0
 11
859.6986305555553
 21
752.2506333333333
 31
0.0
 12
859.189572222222
 22
760.2502222222222
 32
0.0
 13
859.189572222222
 23
760.2502222222222
 33
0.0
  0
SOLID
  5
39E
330
17
100
AcDbEntity
  8
CENTER
 62
250
420
0
100
AcDbTrace
 10
857.119472222222
 20
784.2504
 30
0.0
 11
859.189572222222
 21
760.2502222222222
 31
0.0
 12
858.6191305555552
 22
768.2498111111111
 32
0.0
 13
858.6191305555552
 23
768.2498111111111
 33
0.0
  0
SOLID
  5
39F
330
17
100
AcDbEntity
  8
CENTER
 62
250
420
0
100
AcDbTrace
 10
858.6191305555552
 20
768.2498111111111
 30
0.0
 11
857.9301555555554
 21
776.2508111111109
 31
0.0
 12
857.119472222222
 22
784.2504
 32
0.0
 13
857.119472222222
 23
784.2504
 33
0.0
  0
HATCH
  5
3A0
330
17
100
AcDbEntity
  8
CENTER
 62
7
420
0
100
AcDbHatch
 10
0.0
 20
0.0
 30
0.0
210
0.0
220
0.0
230
1.0
  2
SOLID
 70
1
 71
0
 91
1
 92
3
 72
0
 73
1
 93
63
 10
855.9193222222221
 20
784.2504
 10
856.8495972222222
 20
776.2508111111109
 10
857.6285305555556
 20
768.2498111111111
 10
858.2592972222221
 20
760.2502222222222
 10
858.8286805555556
 20
752.2506333333333
 10
859.3091638888889
 20
744.2496333333333
 10
859.7589555555555
 20
736.2500444444443
 10
860.119847222222
 20
728.2504555555554
 10
860.4500472222221
 20
720.2494555555555
 10
860.7495555555555
 20
712.2498666666665
 10
861.0194305555555
 20
704.2502777777776
 10
861.2607305555554
 20
696.2492777777777
 10
861.4702805555554
 20
688.2496888888888
 10
861.6798305555554
 20
680.2500999999999
 10
861.859747222222
 20
672.2490999999999
 10
862.0396638888885
 20
664.249511111111
 10
862.189947222222
 20
656.248511111111
 10
862.3412888888887
 20
648.2489222222221
 10
862.4915722222221
 20
640.2493333333332
 10
862.6111638888889
 20
632.2483333333332
 10
862.7307555555554
 20
624.2487444444444
 10
862.8207138888889
 20
616.2491555555554
 10
862.9403055555557
 20
608.2481555555554
 10
863.0302638888891
 20
600.2485666666665
 10
863.1202222222224
 20
592.2489777777777
 10
863.2101805555558
 20
584.2479777777776
 10
863.3001388888891
 20
576.2483888888888
 10
863.3604638888891
 20
568.2488
 10
863.4514805555558
 20
560.2477999999999
 10
863.5118055555558
 20
552.248211111111
 10
863.5721305555559
 20
544.2486222222221
 10
863.8716388888893
 20
544.2486222222221
 10
863.8113138888892
 20
552.248211111111
 10
863.7509888888891
 20
560.2477999999999
 10
863.6906638888892
 20
568.2488
 10
863.6303388888892
 20
576.2483888888888
 10
863.5403805555559
 20
584.2479777777776
 10
863.4800555555557
 20
592.2489777777777
 10
863.3890388888891
 20
600.2485666666665
 10
863.2990805555557
 20
608.2481555555554
 10
863.2091222222224
 20
616.2491555555554
 10
863.119163888889
 20
624.2487444444444
 10
863.0292055555557
 20
632.2483333333332
 10
862.9096138888889
 20
640.2493333333332
 10
862.7900222222221
 20
648.2489222222221
 10
862.6704305555554
 20
656.248511111111
 10
862.5201472222219
 20
664.249511111111
 10
862.3698638888886
 20
672.2490999999999
 10
862.218522222222
 20
680.2500999999999
 10
862.0386055555554
 20
688.2496888888888
 10
861.8290555555553
 20
696.2492777777777
 10
861.6195055555553
 20
704.2502777777776
 10
861.3792638888888
 20
712.2498666666665
 10
861.1083305555554
 20
720.2494555555555
 10
860.8384555555554
 20
728.2504555555554
 10
860.5082555555555
 20
736.2500444444443
 10
860.1187888888886
 20
744.2496333333333
 10
859.6986305555553
 20
752.2506333333333
 10
859.189572222222
 20
760.2502222222222
 10
858.6191305555552
 20
768.2498111111111
 10
857.9301555555554
 20
776.2508111111109
 10
857.119472222222
 20
784.2504
 10
855.9193222222221
 20
784.2504
 97
0
 75
1
 76
1
 98
0
  0
LWPOLYLINE
  5
3A1
330
17
100
AcDbEntity
  8
CENTER
 62
250
100
AcDbPolyline
 90
63
 70
1
 10
858.319622222222
 20
784.2504
 10
859.0403472222221
 20
776.2508111111109
 10
859.6097305555554
 20
768.2498111111111
 10
860.119847222222
 20
760.2502222222222
 10
860.5389472222221
 20
752.2506333333333
 10
860.9284138888887
 20
744.2496333333333
 10
861.2596722222221
 20
736.2500444444443
 10
861.529547222222
 20
728.2504555555554
 10
861.799422222222
 20
720.2494555555555
 10
862.008972222222
 20
712.2498666666665
 10
862.2185222222221
 20
704.2502777777776
 10
862.3994972222221
 20
696.2492777777777
 10
862.5794138888888
 20
688.2496888888888
 10
862.7296972222221
 20
680.2500999999999
 10
862.8799805555554
 20
672.2490999999999
 10
862.9995722222222
 20
664.249511111111
 10
863.119163888889
 20
656.248511111111
 10
863.2387555555557
 20
648.2489222222221
 10
863.3287138888891
 20
640.2493333333332
 10
863.4186722222224
 20
632.2483333333332
 10
863.5096888888891
 20
624.2487444444444
 10
863.5996472222224
 20
616.2491555555554
 10
863.6896055555558
 20
608.2481555555554
 10
863.7499305555558
 20
600.2485666666665
 10
863.8398888888893
 20
592.2489777777777
 10
863.9002138888893
 20
584.2479777777776
 10
863.9605388888892
 20
576.2483888888888
 10
864.0208638888892
 20
568.2488
 10
864.0811888888893
 20
560.2477999999999
 10
864.1108222222226
 20
552.248211111111
 10
864.1711472222227
 20
544.2486222222221
 10
864.470655555556
 20
544.2486222222221
 10
864.4410222222226
 20
552.248211111111
 10
864.3806972222227
 20
560.2477999999999
 10
864.3510638888893
 20
568.2488
 10
864.2907388888893
 20
576.2483888888888
 10
864.2304138888892
 20
584.2479777777776
 10
864.1700888888893
 20
592.2489777777777
 10
864.1097638888892
 20
600.2485666666665
 10
864.0494388888892
 20
608.2481555555554
 10
863.9891138888892
 20
616.2491555555554
 10
863.9287888888892
 20
624.2487444444444
 10
863.8388305555559
 20
632.2483333333332
 10
863.7488722222224
 20
640.2493333333332
 10
863.6885472222224
 20
648.2489222222221
 10
863.5689555555557
 20
656.248511111111
 10
863.4789972222223
 20
664.249511111111
 10
863.3583472222223
 20
672.2490999999999
 10
863.2387555555555
 20
680.2500999999999
 10
863.1191638888889
 20
688.2496888888888
 10
862.9688805555554
 20
696.2492777777777
 10
862.8185972222221
 20
704.2502777777776
 10
862.6386805555553
 20
712.2498666666665
 10
862.4587638888887
 20
720.2494555555555
 10
862.2481555555555
 20
728.2504555555554
 10
862.0079138888889
 20
736.2500444444443
 10
861.7084055555555
 20
744.2496333333333
 10
861.4088972222222
 20
752.2506333333333
 10
861.0480055555555
 20
760.2502222222222
 10
860.6289055555557
 20
768.2498111111111
 10
860.1198472222222
 20
776.2508111111109
 10
859.5197722222222
 20
784.2504
 10
858.319622222222
 20
784.2504
  0
SOLID
  5
3A2
330
17
100
AcDbEntity
  8
CENTER
 62
250
420
0
100
AcDbTrace
 10
859.5197722222222
 20
784.2504
 30
0.0
 11
858.319622222222
 21
784.2504
 31
0.0
 12
859.0403472222221
 22
776.2508111111109
 32
0.0
 13
859.0403472222221
 23
776.2508111111109
 33
0.0
  0
SOLID
  5
3A3
330
17
100
AcDbEntity
  8
CENTER
 62
250
420
0
100
AcDbTrace
 10
859.5197722222222
 20
784.2504
 30
0.0
 11
859.0403472222221
 21
776.2508111111109
 31
0.0
 12
859.6097305555554
 22
768.2498111111111
 32
0.0
 13
859.6097305555554
 23
768.2498111111111
 33
0.0
  0
SOLID
  5
3A4
330
17
100
AcDbEntity
  8
CENTER
 62
250
420
0
100
AcDbTrace
 10
859.5197722222222
 20
784.2504
 30
0.0
 11
859.6097305555554
 21
768.2498111111111
 31
0.0
 12
860.119847222222
 22
760.2502222222222
 32
0.0
 13
860.119847222222
 23
760.2502222222222
 33
0.0
  0
SOLID
  5
3A5
330
17
100
AcDbEntity
  8
CENTER
 62
250
420
0
100
AcDbTrace
 10
859.5197722222222
 20
784.2504
 30
0.0
 11
860.119847222222
 21
760.2502222222222
 31
0.0
 12
860.5389472222221
 22
752.2506333333333
 32
0.0
 13
860.5389472222221
 23
752.2506333333333
 33
0.0
  0
SOLID
  5
3A6
330
17
100
AcDbEntity
  8
CENTER
 62
250
420
0
100
AcDbTrace
 10
859.5197722222222
 20
784.2504
 30
0.0
 11
860.5389472222221
 21
752.2506333333333
 31
0.0
 12
860.9284138888887
 22
744.2496333333333
 32
0.0
 13
860.9284138888887
 23
744.2496333333333
 33
0.0
  0
SOLID
  5
3A7
330
17
100
AcDbEntity
  8
CENTER
 62
250
420
0
100
AcDbTrace
 10
859.5197722222222
 20
784.2504
 30
0.0
 11
860.9284138888887
 21
744.2496333333333
 31
0.0
 12
861.2596722222221
 22
736.2500444444443
 32
0.0
 13
861.2596722222221
 23
736.2500444444443
 33
0.0
  0
SOLID
  5
3A8
330
17
100
AcDbEntity
  8
CENTER
 62
250
420
0
100
AcDbTrace
 10
862.9995722222222
 20
664.249511111111
 30
0.0
 11
863.119163888889
 21
656.248511111111
 31
0.0
 12
863.2387555555557
 22
648.2489222222221
 32
0.0
 13
863.2387555555557
 23
648.2489222222221
 33
0.0
  0
SOLID
  5
3A9
330
17
100
AcDbEntity
  8
CENTER
 62
250
420
0
100
AcDbTrace
 10
863.3287138888891
 20
640.2493333333332
 30
0.0
 11
863.4186722222224
 21
632.2483333333332
 31
0.0
 12
863.5096888888891
 22
624.2487444444444
 32
0.0
 13
863.5096888888891
 23
624.2487444444444
 33
0.0
  0
SOLID
  5
3AA
330
17
100
AcDbEntity
  8
CENTER
 62
250
420
0
100
AcDbTrace
 10
863.2387555555557
 20
648.2489222222221
 30
0.0
 11
863.3287138888891
 21
640.2493333333332
 31
0.0
 12
863.5096888888891
 22
624.2487444444444
 32
0.0
 13
863.5096888888891
 23
624.2487444444444
 33
0.0
  0
SOLID
  5
3AB
330
17
100
AcDbEntity
  8
CENTER
 62
250
420
0
100
AcDbTrace
 10
863.6896055555558
 20
608.2481555555554
 30
0.0
 11
863.7499305555558
 21
600.2485666666665
 31
0.0
 12
863.8398888888893
 22
592.2489777777777
 32
0.0
 13
863.8398888888893
 23
592.2489777777777
 33
0.0
  0
SOLID
  5
3AC
330
17
100
AcDbEntity
  8
CENTER
 62
250
420
0
100
AcDbTrace
 10
863.8398888888893
 20
592.2489777777777
 30
0.0
 11
863.9002138888893
 21
584.2479777777776
 31
0.0
 12
863.9605388888892
 22
576.2483888888888
 32
0.0
 13
863.9605388888892
 23
576.2483888888888
 33
0.0
  0
SOLID
  5
3AD
330
17
100
AcDbEntity
  8
CENTER
 62
250
420
0
100
AcDbTrace
 10
863.8398888888893
 20
592.2489777777777
 30
0.0
 11
863.9605388888892
 21
576.2483888888888
 31
0.0
 12
864.0208638888892
 22
568.2488
 32
0.0
 13
864.0208638888892
 23
568.2488
 33
0.0
  0
SOLID
  5
3AE
330
17
100
AcDbEntity
  8
CENTER
 62
250
420
0
100
AcDbTrace
 10
864.0811888888893
 20
560.2477999999999
 30
0.0
 11
864.1108222222226
 21
552.248211111111
 31
0.0
 12
864.1711472222227
 22
544.2486222222221
 32
0.0
 13
864.1711472222227
 23
544.2486222222221
 33
0.0
  0
SOLID
  5
3AF
330
17
100
AcDbEntity
  8
CENTER
 62
250
420
0
100
AcDbTrace
 10
864.0811888888893
 20
560.2477999999999
 30
0.0
 11
864.1711472222227
 21
544.2486222222221
 31
0.0
 12
864.470655555556
 22
544.2486222222221
 32
0.0
 13
864.470655555556
 23
544.2486222222221
 33
0.0
  0
SOLID
  5
3B0
330
17
100
AcDbEntity
  8
CENTER
 62
250
420
0
100
AcDbTrace
 10
864.0208638888892
 20
568.2488
 30
0.0
 11
864.0811888888893
 21
560.2477999999999
 31
0.0
 12
864.470655555556
 22
544.2486222222221
 32
0.0
 13
864.470655555556
 23
544.2486222222221
 33
0.0
  0
SOLID
  5
3B1
330
17
100
AcDbEntity
  8
CENTER
 62
250
420
0
100
AcDbTrace
 10
863.8398888888893
 20
592.2489777777777
 30
0.0
 11
864.0208638888892
 21
568.2488
 31
0.0
 12
864.470655555556
 22
544.2486222222221
 32
0.0
 13
864.470655555556
 23
544.2486222222221
 33
0.0
  0
SOLID
  5
3B2
330
17
100
AcDbEntity
  8
CENTER
 62
250
420
0
100
AcDbTrace
 10
863.6896055555558
 20
608.2481555555554
 30
0.0
 11
863.8398888888893
 21
592.2489777777777
 31
0.0
 12
864.470655555556
 22
544.2486222222221
 32
0.0
 13
864.470655555556
 23
544.2486222222221
 33
0.0
  0
SOLID
  5
3B3
330
17
100
AcDbEntity
  8
CENTER
 62
250
420
0
100
AcDbTrace
 10
863.5996472222224
 20
616.2491555555554
 30
0.0
 11
863.6896055555558
 21
608.2481555555554
 31
0.0
 12
864.470655555556
 22
544.2486222222221
 32
0.0
 13
864.470655555556
 23
544.2486222222221
 33
0.0
  0
SOLID
  5
3B4
330
17
100
AcDbEntity
  8
CENTER
 62
250
420
0
100
AcDbTrace
 10
863.5096888888891
 20
624.2487444444444
 30
0.0
 11
863.5996472222224
 21
616.2491555555554
 31
0.0
 12
864.470655555556
 22
544.2486222222221
 32
0.0
 13
864.470655555556
 23
544.2486222222221
 33
0.0
  0
SOLID
  5
3B5
330
17
100
AcDbEntity
  8
CENTER
 62
250
420
0
100
AcDbTrace
 10
863.2387555555557
 20
648.2489222222221
 30
0.0
 11
863.5096888888891
 21
624.2487444444444
 31
0.0
 12
864.470655555556
 22
544.2486222222221
 32
0.0
 13
864.470655555556
 23
544.2486222222221
 33
0.0
  0
SOLID
  5
3B6
330
17
100
AcDbEntity
  8
CENTER
 62
250
420
0
100
AcDbTrace
 10
863.2387555555557
 20
648.2489222222221
 30
0.0
 11
864.470655555556
 21
544.2486222222221
 31
0.0
 12
864.4410222222226
 22
552.248211111111
 32
0.0
 13
864.4410222222226
 23
552.248211111111
 33
0.0
  0
SOLID
  5
3B7
330
17
100
AcDbEntity
  8
CENTER
 62
250
420
0
100
AcDbTrace
 10
863.2387555555557
 20
648.2489222222221
 30
0.0
 11
864.4410222222226
 21
552.248211111111
 31
0.0
 12
864.3806972222227
 22
560.2477999999999
 32
0.0
 13
864.3806972222227
 23
560.2477999999999
 33
0.0
  0
SOLID
  5
3B8
330
17
100
AcDbEntity
  8
CENTER
 62
250
420
0
100
AcDbTrace
 10
863.2387555555557
 20
648.2489222222221
 30
0.0
 11
864.3806972222227
 21
560.2477999999999
 31
0.0
 12
864.3510638888893
 22
568.2488
 32
0.0
 13
864.3510638888893
 23
568.2488
 33
0.0
  0
SOLID
  5
3B9
330
17
100
AcDbEntity
  8
CENTER
 62
250
420
0
100
AcDbTrace
 10
863.2387555555557
 20
648.2489222222221
 30
0.0
 11
864.3510638888893
 21
568.2488
 31
0.0
 12
864.2907388888893
 22
576.2483888888888
 32
0.0
 13
864.2907388888893
 23
576.2483888888888
 33
0.0
  0
SOLID
  5
3BA
330
17
100
AcDbEntity
  8
CENTER
 62
250
420
0
100
AcDbTrace
 10
863.2387555555557
 20
648.2489222222221
 30
0.0
 11
864.2907388888893
 21
576.2483888888888
 31
0.0
 12
864.2304138888892
 22
584.2479777777776
 32
0.0
 13
864.2304138888892
 23
584.2479777777776
 33
0.0
  0
SOLID
  5
3BB
330
17
100
AcDbEntity
  8
CENTER
 62
250
420
0
100
AcDbTrace
 10
862.9995722222222
 20
664.249511111111
 30
0.0
 11
863.2387555555557
 21
648.2489222222221
 31
0.0
 12
864.2304138888892
 22
584.2479777777776
 32
0.0
 13
864.2304138888892
 23
584.2479777777776
 33
0.0
  0
SOLID
  5
3BC
330
17
100
AcDbEntity
  8
CENTER
 62
250
420
0
100
AcDbTrace
 10
862.8799805555554
 20
672.2490999999999
 30
0.0
 11
862.9995722222222
 21
664.249511111111
 31
0.0
 12
864.2304138888892
 22
584.2479777777776
 32
0.0
 13
864.2304138888892
 23
584.2479777777776
 33
0.0
  0
SOLID
  5
3BD
330
17
100
AcDbEntity
  8
CENTER
 62
250
420
0
100
AcDbTrace
 10
862.8799805555554
 20
672.2490999999999
 30
0.0
 11
864.2304138888892
 21
584.2479777777776
 31
0.0
 12
864.1700888888893
 22
592.2489777777777
 32
0.0
 13
864.1700888888893
 23
592.2489777777777
 33
0.0
  0
SOLID
  5
3BE
330
17
100
AcDbEntity
  8
CENTER
 62
250
420
0
100
AcDbTrace
 10
862.8799805555554
 20
672.2490999999999
 30
0.0
 11
864.1700888888893
 21
592.2489777777777
 31
0.0
 12
864.1097638888892
 22
600.2485666666665
 32
0.0
 13
864.1097638888892
 23
600.2485666666665
 33
0.0
  0
SOLID
  5
3BF
330
17
100
AcDbEntity
  8
CENTER
 62
250
420
0
100
AcDbTrace
 10
862.8799805555554
 20
672.2490999999999
 30
0.0
 11
864.1097638888892
 21
600.2485666666665
 31
0.0
 12
864.0494388888892
 22
608.2481555555554
 32
0.0
 13
864.0494388888892
 23
608.2481555555554
 33
0.0
  0
SOLID
  5
3C0
330
17
100
AcDbEntity
  8
CENTER
 62
250
420
0
100
AcDbTrace
 10
862.8799805555554
 20
672.2490999999999
 30
0.0
 11
864.0494388888892
 21
608.2481555555554
 31
0.0
 12
863.9891138888892
 22
616.2491555555554
 32
0.0
 13
863.9891138888892
 23
616.2491555555554
 33
0.0
  0
SOLID
  5
3C1
330
17
100
AcDbEntity
  8
CENTER
 62
250
420
0
100
AcDbTrace
 10
862.7296972222221
 20
680.2500999999999
 30
0.0
 11
862.8799805555554
 21
672.2490999999999
 31
0.0
 12
863.9891138888892
 22
616.2491555555554
 32
0.0
 13
863.9891138888892
 23
616.2491555555554
 33
0.0
  0
SOLID
  5
3C2
330
17
100
AcDbEntity
  8
CENTER
 62
250
420
0
100
AcDbTrace
 10
862.5794138888888
 20
688.2496888888888
 30
0.0
 11
862.7296972222221
 21
680.2500999999999
 31
0.0
 12
863.9891138888892
 22
616.2491555555554
 32
0.0
 13
863.9891138888892
 23
616.2491555555554
 33
0.0
  0
SOLID
  5
3C3
330
17
100
AcDbEntity
  8
CENTER
 62
250
420
0
100
AcDbTrace
 10
862.5794138888888
 20
688.2496888888888
 30
0.0
 11
863.9891138888892
 21
616.2491555555554
 31
0.0
 12
863.9287888888892
 22
624.2487444444444
 32
0.0
 13
863.9287888888892
 23
624.2487444444444
 33
0.0
  0
SOLID
  5
3C4
330
17
100
AcDbEntity
  8
CENTER
 62
250
420
0
100
AcDbTrace
 10
862.5794138888888
 20
688.2496888888888
 30
0.0
 11
863.9287888888892
 21
624.2487444444444
 31
0.0
 12
863.8388305555559
 22
632.2483333333332
 32
0.0
 13
863.8388305555559
 23
632.2483333333332
 33
0.0
  0
SOLID
  5
3C5
330
17
100
AcDbEntity
  8
CENTER
 62
250
420
0
100
AcDbTrace
 10
862.5794138888888
 20
688.2496888888888
 30
0.0
 11
863.8388305555559
 21
632.2483333333332
 31
0.0
 12
863.7488722222224
 22
640.2493333333332
 32
0.0
 13
863.7488722222224
 23
640.2493333333332
 33
0.0
  0
SOLID
  5
3C6
330
17
100
AcDbEntity
  8
CENTER
 62
250
420
0
100
AcDbTrace
 10
862.3994972222221
 20
696.2492777777777
 30
0.0
 11
862.5794138888888
 21
688.2496888888888
 31
0.0
 12
863.7488722222224
 22
640.2493333333332
 32
0.0
 13
863.7488722222224
 23
640.2493333333332
 33
0.0
  0
SOLID
  5
3C7
330
17
100
AcDbEntity
  8
CENTER
 62
250
420
0
100
AcDbTrace
 10
862.2185222222221
 20
704.2502777777776
 30
0.0
 11
862.3994972222221
 21
696.2492777777777
 31
0.0
 12
863.7488722222224
 22
640.2493333333332
 32
0.0
 13
863.7488722222224
 23
640.2493333333332
 33
0.0
  0
SOLID
  5
3C8
330
17
100
AcDbEntity
  8
CENTER
 62
250
420
0
100
AcDbTrace
 10
862.2185222222221
 20
704.2502777777776
 30
0.0
 11
863.7488722222224
 21
640.2493333333332
 31
0.0
 12
863.6885472222224
 22
648.2489222222221
 32
0.0
 13
863.6885472222224
 23
648.2489222222221
 33
0.0
  0
SOLID
  5
3C9
330
17
100
AcDbEntity
  8
CENTER
 62
250
420
0
100
AcDbTrace
 10
862.008972222222
 20
712.2498666666665
 30
0.0
 11
862.2185222222221
 21
704.2502777777776
 31
0.0
 12
863.6885472222224
 22
648.2489222222221
 32
0.0
 13
863.6885472222224
 23
648.2489222222221
 33
0.0
  0
SOLID
  5
3CA
330
17
100
AcDbEntity
  8
CENTER
 62
250
420
0
100
AcDbTrace
 10
861.799422222222
 20
720.2494555555555
 30
0.0
 11
862.008972222222
 21
712.2498666666665
 31
0.0
 12
863.6885472222224
 22
648.2489222222221
 32
0.0
 13
863.6885472222224
 23
648.2489222222221
 33
0.0
  0
SOLID
  5
3CB
330
17
100
AcDbEntity
  8
CENTER
 62
250
420
0
100
AcDbTrace
 10
861.799422222222
 20
720.2494555555555
 30
0.0
 11
863.6885472222224
 21
648.2489222222221
 31
0.0
 12
863.5689555555557
 22
656.248511111111
 32
0.0
 13
863.5689555555557
 23
656.248511111111
 33
0.0
  0
SOLID
  5
3CC
330
17
100
AcDbEntity
  8
CENTER
 62
250
420
0
100
AcDbTrace
 10
861.799422222222
 20
720.2494555555555
 30
0.0
 11
863.5689555555557
 21
656.248511111111
 31
0.0
 12
863.4789972222223
 22
664.249511111111
 32
0.0
 13
863.4789972222223
 23
664.249511111111
 33
0.0
  0
SOLID
  5
3CD
330
17
100
AcDbEntity
  8
CENTER
 62
250
420
0
100
AcDbTrace
 10
861.799422222222
 20
720.2494555555555
 30
0.0
 11
863.4789972222223
 21
664.249511111111
 31
0.0
 12
863.3583472222223
 22
672.2490999999999
 32
0.0
 13
863.3583472222223
 23
672.2490999999999
 33
0.0
  0
SOLID
  5
3CE
330
17
100
AcDbEntity
  8
CENTER
 62
250
420
0
100
AcDbTrace
 10
861.799422222222
 20
720.2494555555555
 30
0.0
 11
863.3583472222223
 21
672.2490999999999
 31
0.0
 12
863.2387555555555
 22
680.2500999999999
 32
0.0
 13
863.2387555555555
 23
680.2500999999999
 33
0.0
  0
SOLID
  5
3CF
330
17
100
AcDbEntity
  8
CENTER
 62
250
420
0
100
AcDbTrace
 10
861.529547222222
 20
728.2504555555554
 30
0.0
 11
861.799422222222
 21
720.2494555555555
 31
0.0
 12
863.2387555555555
 22
680.2500999999999
 32
0.0
 13
863.2387555555555
 23
680.2500999999999
 33
0.0
  0
SOLID
  5
3D0
330
17
100
AcDbEntity
  8
CENTER
 62
250
420
0
100
AcDbTrace
 10
861.2596722222221
 20
736.2500444444443
 30
0.0
 11
861.529547222222
 21
728.2504555555554
 31
0.0
 12
863.2387555555555
 22
680.2500999999999
 32
0.0
 13
863.2387555555555
 23
680.2500999999999
 33
0.0
  0
SOLID
  5
3D1
330
17
100
AcDbEntity
  8
CENTER
 62
250
420
0
100
AcDbTrace
 10
861.2596722222221
 20
736.2500444444443
 30
0.0
 11
863.2387555555555
 21
680.2500999999999
 31
0.0
 12
863.1191638888889
 22
688.2496888888888
 32
0.0
 13
863.1191638888889
 23
688.2496888888888
 33
0.0
  0
SOLID
  5
3D2
330
17
100
AcDbEntity
  8
CENTER
 62
250
420
0
100
AcDbTrace
 10
859.5197722222222
 20
784.2504
 30
0.0
 11
861.2596722222221
 21
736.2500444444443
 31
0.0
 12
863.1191638888889
 22
688.2496888888888
 32
0.0
 13
863.1191638888889
 23
688.2496888888888
 33
0.0
  0
SOLID
  5
3D3
330
17
100
AcDbEntity
  8
CENTER
 62
250
420
0
100
AcDbTrace
 10
859.5197722222222
 20
784.2504
 30
0.0
 11
863.1191638888889
 21
688.2496888888888
 31
0.0
 12
862.9688805555554
 22
696.2492777777777
 32
0.0
 13
862.9688805555554
 23
696.2492777777777
 33
0.0
  0
SOLID
  5
3D4
330
17
100
AcDbEntity
  8
CENTER
 62
250
420
0
100
AcDbTrace
 10
859.5197722222222
 20
784.2504
 30
0.0
 11
862.9688805555554
 21
696.2492777777777
 31
0.0
 12
862.8185972222221
 22
704.2502777777776
 32
0.0
 13
862.8185972222221
 23
704.2502777777776
 33
0.0
  0
SOLID
  5
3D5
330
17
100
AcDbEntity
  8
CENTER
 62
250
420
0
100
AcDbTrace
 10
859.5197722222222
 20
784.2504
 30
0.0
 11
862.8185972222221
 21
704.2502777777776
 31
0.0
 12
862.6386805555553
 22
712.2498666666665
 32
0.0
 13
862.6386805555553
 23
712.2498666666665
 33
0.0
  0
SOLID
  5
3D6
330
17
100
AcDbEntity
  8
CENTER
 62
250
420
0
100
AcDbTrace
 10
859.5197722222222
 20
784.2504
 30
0.0
 11
862.6386805555553
 21
712.2498666666665
 31
0.0
 12
862.4587638888887
 22
720.2494555555555
 32
0.0
 13
862.4587638888887
 23
720.2494555555555
 33
0.0
  0
SOLID
  5
3D7
330
17
100
AcDbEntity
  8
CENTER
 62
250
420
0
100
AcDbTrace
 10
859.5197722222222
 20
784.2504
 30
0.0
 11
862.4587638888887
 21
720.2494555555555
 31
0.0
 12
862.2481555555555
 22
728.2504555555554
 32
0.0
 13
862.2481555555555
 23
728.2504555555554
 33
0.0
  0
SOLID
  5
3D8
330
17
100
AcDbEntity
  8
CENTER
 62
250
420
0
100
AcDbTrace
 10
859.5197722222222
 20
784.2504
 30
0.0
 11
862.2481555555555
 21
728.2504555555554
 31
0.0
 12
862.0079138888889
 22
736.2500444444443
 32
0.0
 13
862.0079138888889
 23
736.2500444444443
 33
0.0
  0
SOLID
  5
3D9
330
17
100
AcDbEntity
  8
CENTER
 62
250
420
0
100
AcDbTrace
 10
859.5197722222222
 20
784.2504
 30
0.0
 11
862.0079138888889
 21
736.2500444444443
 31
0.0
 12
861.7084055555555
 22
744.2496333333333
 32
0.0
 13
861.7084055555555
 23
744.2496333333333
 33
0.0
  0
SOLID
  5
3DA
330
17
100
AcDbEntity
  8
CENTER
 62
250
420
0
100
AcDbTrace
 10
859.5197722222222
 20
784.2504
 30
0.0
 11
861.7084055555555
 21
744.2496333333333
 31
0.0
 12
861.4088972222222
 22
752.2506333333333
 32
0.0
 13
861.4088972222222
 23
752.2506333333333
 33
0.0
  0
SOLID
  5
3DB
330
17
100
AcDbEntity
  8
CENTER
 62
250
420
0
100
AcDbTrace
 10
859.5197722222222
 20
784.2504
 30
0.0
 11
861.4088972222222
 21
752.2506333333333
 31
0.0
 12
861.0480055555555
 22
760.2502222222222
 32
0.0
 13
861.0480055555555
 23
760.2502222222222
 33
0.0
  0
SOLID
  5
3DC
330
17
100
AcDbEntity
  8
CENTER
 62
250
420
0
100
AcDbTrace
 10
859.5197722222222
 20
784.2504
 30
0.0
 11
861.0480055555555
 21
760.2502222222222
 31
0.0
 12
860.6289055555557
 22
768.2498111111111
 32
0.0
 13
860.6289055555557
 23
768.2498111111111
 33
0.0
  0
SOLID
  5
3DD
330
17
100
AcDbEntity
  8
CENTER
 62
250
420
0
100
AcDbTrace
 10
860.6289055555557
 20
768.2498111111111
 30
0.0
 11
860.1198472222222
 21
776.2508111111109
 31
0.0
 12
859.5197722222222
 22
784.2504
 32
0.0
 13
859.5197722222222
 23
784.2504
 33
0.0
  0
HATCH
  5
3DE
330
17
100
AcDbEntity
  8
CENTER
 62
7
420
0
100
AcDbHatch
 10
0.0
 20
0.0
 30
0.0
210
0.0
220
0.0
230
1.0
  2
SOLID
 70
1
 71
0
 91
1
 92
3
 72
0
 73
1
 93
63
 10
858.319622222222
 20
784.2504
 10
859.0403472222221
 20
776.2508111111109
 10
859.6097305555554
 20
768.2498111111111
 10
860.119847222222
 20
760.2502222222222
 10
860.5389472222221
 20
752.2506333333333
 10
860.9284138888887
 20
744.2496333333333
 10
861.2596722222221
 20
736.2500444444443
 10
861.529547222222
 20
728.2504555555554
 10
861.799422222222
 20
720.2494555555555
 10
862.008972222222
 20
712.2498666666665
 10
862.2185222222221
 20
704.2502777777776
 10
862.3994972222221
 20
696.2492777777777
 10
862.5794138888888
 20
688.2496888888888
 10
862.7296972222221
 20
680.2500999999999
 10
862.8799805555554
 20
672.2490999999999
 10
862.9995722222222
 20
664.249511111111
 10
863.119163888889
 20
656.248511111111
 10
863.2387555555557
 20
648.2489222222221
 10
863.3287138888891
 20
640.2493333333332
 10
863.4186722222224
 20
632.2483333333332
 10
863.5096888888891
 20
624.2487444444444
 10
863.5996472222224
 20
616.2491555555554
 10
863.6896055555558
 20
608.2481555555554
 10
863.7499305555558
 20
600.2485666666665
 10
863.8398888888893
 20
592.2489777777777
 10
863.9002138888893
 20
584.2479777777776
 10
863.9605388888892
 20
576.2483888888888
 10
864.0208638888892
 20
568.2488
 10
864.0811888888893
 20
560.2477999999999
 10
864.1108222222226
 20
552.248211111111
 10
864.1711472222227
 20
544.2486222222221
 10
864.470655555556
 20
544.2486222222221
 10
864.4410222222226
 20
552.248211111111
 10
864.3806972222227
 20
560.2477999999999
 10
864.3510638888893
 20
568.2488
 10
864.2907388888893
 20
576.2483888888888
 10
864.2304138888892
 20
584.2479777777776
 10
864.1700888888893
 20
592.2489777777777
 10
864.1097638888892
 20
600.2485666666665
 10
864.0494388888892
 20
608.2481555555554
 10
863.9891138888892
 20
616.2491555555554
 10
863.9287888888892
 20
624.2487444444444
 10
863.8388305555559
 20
632.2483333333332
 10
863.7488722222224
 20
640.2493333333332
 10
863.6885472222224
 20
648.2489222222221
 10
863.5689555555557
 20
656.248511111111
 10
863.4789972222223
 20
664.249511111111
 10
863.3583472222223
 20
672.2490999999999
 10
863.2387555555555
 20
680.2500999999999
 10
863.1191638888889
 20
688.2496888888888
 10
862.9688805555554
 20
696.2492777777777
 10
862.8185972222221
 20
704.2502777777776
 10
862.6386805555553
 20
712.2498666666665
 10
862.4587638888887
 20
720.2494555555555
 10
862.2481555555555
 20
728.2504555555554
 10
862.0079138888889
 20
736.2500444444443
 10
861.7084055555555
 20
744.2496333333333
 10
861.4088972222222
 20
752.2506333333333
 10
861.0480055555555
 20
760.2502222222222
 10
860.6289055555557
 20
768.2498111111111
 10
860.1198472222222
 20
776.2508111111109
 10
859.5197722222222
 20
784.2504
 10
858.319622222222
 20
784.2504
 97
0
 75
1
 76
1
 98
0
  0
LWPOLYLINE
  5
3DF
330
17
100
AcDbEntity
  8
CENTER
 62
250
100
AcDbPolyline
 90
63
 70
1
 10
860.7188638888888
 20
784.2504
 10
861.1982888888888
 20
776.2508111111109
 10
861.6184472222221
 20
768.2498111111111
 10
861.9782805555556
 20
760.2502222222222
 10
862.2481555555555
 20
752.2506333333333
 10
862.5190888888889
 20
744.2496333333333
 10
862.7593305555555
 20
736.2500444444443
 10
862.9392472222221
 20
728.2504555555554
 10
863.1191638888887
 20
720.2494555555555
 10
863.2694472222222
 20
712.2498666666665
 10
863.4197305555555
 20
704.2502777777776
 10
863.5403805555555
 20
696.2492777777777
 10
863.6599722222222
 20
688.2496888888888
 10
863.779563888889
 20
680.2500999999999
 10
863.8695222222224
 20
672.2490999999999
 10
863.9594805555557
 20
664.249511111111
 10
864.0494388888891
 20
656.248511111111
 10
864.109763888889
 20
648.2489222222221
 10
864.1997222222224
 20
640.2493333333332
 10
864.2600472222225
 20
632.2483333333332
 10
864.3203722222225
 20
624.2487444444444
 10
864.3806972222226
 20
616.2491555555554
 10
864.4410222222225
 20
608.2481555555554
 10
864.4706555555559
 20
600.2485666666665
 10
864.5309805555559
 20
592.2489777777777
 10
864.5923638888892
 20
584.2479777777776
 10
864.6219972222226
 20
576.2483888888888
 10
864.651630555556
 20
568.2488
 10
864.711955555556
 20
560.2477999999999
 10
864.7415888888894
 20
552.248211111111
 10
864.7712222222227
 20
544.2486222222221
 10
865.0707305555561
 20
544.2486222222221
 10
865.0410972222227
 20
552.248211111111
 10
865.0114638888894
 20
560.2477999999999
 10
864.9818305555559
 20
568.2488
 10
864.9521972222227
 20
576.2483888888888
 10
864.9225638888893
 20
584.2479777777776
 10
864.892930555556
 20
592.2489777777777
 10
864.8632972222225
 20
600.2485666666665
 10
864.8029722222226
 20
608.2481555555554
 10
864.7733388888892
 20
616.2491555555554
 10
864.7130138888892
 20
624.2487444444444
 10
864.6833805555558
 20
632.2483333333332
 10
864.6230555555559
 20
640.2493333333332
 10
864.5627305555557
 20
648.2489222222221
 10
864.5013472222224
 20
656.248511111111
 10
864.4410222222225
 20
664.249511111111
 10
864.3806972222224
 20
672.2490999999999
 10
864.290738888889
 20
680.2500999999999
 10
864.2007805555556
 20
688.2496888888888
 10
864.1108222222223
 20
696.2492777777777
 10
864.0208638888889
 20
704.2502777777776
 10
863.9012722222222
 20
712.2498666666665
 10
863.7816805555555
 20
720.2494555555555
 10
863.6620888888888
 20
728.2504555555554
 10
863.5118055555553
 20
736.2500444444443
 10
863.3308305555554
 20
744.2496333333333
 10
863.1212805555554
 20
752.2506333333333
 10
862.8810388888886
 20
760.2502222222222
 10
862.6111638888887
 20
768.2498111111111
 10
862.3105972222221
 20
776.2508111111109
 10
861.9211305555554
 20
784.2504
 10
860.7188638888888
 20
784.2504
  0
SOLID
  5
3E0
330
17
100
AcDbEntity
  8
CENTER
 62
250
420
0
100
AcDbTrace
 10
861.9211305555554
 20
784.2504
 30
0.0
 11
860.7188638888888
 21
784.2504
 31
0.0
 12
861.1982888888888
 22
776.2508111111109
 32
0.0
 13
861.1982888888888
 23
776.2508111111109
 33
0.0
  0
SOLID
  5
3E1
330
17
100
AcDbEntity
  8
CENTER
 62
250
420
0
100
AcDbTrace
 10
861.9211305555554
 20
784.2504
 30
0.0
 11
861.1982888888888
 21
776.2508111111109
 31
0.0
 12
861.6184472222221
 22
768.2498111111111
 32
0.0
 13
861.6184472222221
 23
768.2498111111111
 33
0.0
  0
SOLID
  5
3E2
330
17
100
AcDbEntity
  8
CENTER
 62
250
420
0
100
AcDbTrace
 10
861.9211305555554
 20
784.2504
 30
0.0
 11
861.6184472222221
 21
768.2498111111111
 31
0.0
 12
861.9782805555556
 22
760.2502222222222
 32
0.0
 13
861.9782805555556
 23
760.2502222222222
 33
0.0
  0
SOLID
  5
3E3
330
17
100
AcDbEntity
  8
CENTER
 62
250
420
0
100
AcDbTrace
 10
861.9211305555554
 20
784.2504
 30
0.0
 11
861.9782805555556
 21
760.2502222222222
 31
0.0
 12
862.2481555555555
 22
752.2506333333333
 32
0.0
 13
862.2481555555555
 23
752.2506333333333
 33
0.0
  0
SOLID
  5
3E4
330
17
100
AcDbEntity
  8
CENTER
 62
250
420
0
100
AcDbTrace
 10
861.9211305555554
 20
784.2504
 30
0.0
 11
862.2481555555555
 21
752.2506333333333
 31
0.0
 12
862.5190888888889
 22
744.2496333333333
 32
0.0
 13
862.5190888888889
 23
744.2496333333333
 33
0.0
  0
SOLID
  5
3E5
330
17
100
AcDbEntity
  8
CENTER
 62
250
420
0
100
AcDbTrace
 10
861.9211305555554
 20
784.2504
 30
0.0
 11
862.5190888888889
 21
744.2496333333333
 31
0.0
 12
862.7593305555555
 22
736.2500444444443
 32
0.0
 13
862.7593305555555
 23
736.2500444444443
 33
0.0
  0
SOLID
  5
3E6
330
17
100
AcDbEntity
  8
CENTER
 62
250
420
0
100
AcDbTrace
 10
861.9211305555554
 20
784.2504
 30
0.0
 11
862.7593305555555
 21
736.2500444444443
 31
0.0
 12
862.9392472222221
 22
728.2504555555554
 32
0.0
 13
862.9392472222221
 23
728.2504555555554
 33
0.0
  0
SOLID
  5
3E7
330
17
100
AcDbEntity
  8
CENTER
 62
250
420
0
100
AcDbTrace
 10
861.9211305555554
 20
784.2504
 30
0.0
 11
862.9392472222221
 21
728.2504555555554
 31
0.0
 12
863.1191638888887
 22
720.2494555555555
 32
0.0
 13
863.1191638888887
 23
720.2494555555555
 33
0.0
  0
SOLID
  5
3E8
330
17
100
AcDbEntity
  8
CENTER
 62
250
420
0
100
AcDbTrace
 10
861.9211305555554
 20
784.2504
 30
0.0
 11
863.1191638888887
 21
720.2494555555555
 31
0.0
 12
863.2694472222222
 22
712.2498666666665
 32
0.0
 13
863.2694472222222
 23
712.2498666666665
 33
0.0
  0
SOLID
  5
3E9
330
17
100
AcDbEntity
  8
CENTER
 62
250
420
0
100
AcDbTrace
 10
861.9211305555554
 20
784.2504
 30
0.0
 11
863.2694472222222
 21
712.2498666666665
 31
0.0
 12
863.4197305555555
 22
704.2502777777776
 32
0.0
 13
863.4197305555555
 23
704.2502777777776
 33
0.0
  0
SOLID
  5
3EA
330
17
100
AcDbEntity
  8
CENTER
 62
250
420
0
100
AcDbTrace
 10
863.779563888889
 20
680.2500999999999
 30
0.0
 11
863.8695222222224
 21
672.2490999999999
 31
0.0
 12
863.9594805555557
 22
664.249511111111
 32
0.0
 13
863.9594805555557
 23
664.249511111111
 33
0.0
  0
SOLID
  5
3EB
330
17
100
AcDbEntity
  8
CENTER
 62
250
420
0
100
AcDbTrace
 10
864.0494388888891
 20
656.248511111111
 30
0.0
 11
864.109763888889
 21
648.2489222222221
 31
0.0
 12
864.1997222222224
 22
640.2493333333332
 32
0.0
 13
864.1997222222224
 23
640.2493333333332
 33
0.0
  0
SOLID
  5
3EC
330
17
100
AcDbEntity
  8
CENTER
 62
250
420
0
100
AcDbTrace
 10
864.1997222222224
 20
640.2493333333332
 30
0.0
 11
864.2600472222225
 21
632.2483333333332
 31
0.0
 12
864.3203722222225
 22
624.2487444444444
 32
0.0
 13
864.3203722222225
 23
624.2487444444444
 33
0.0
  0
SOLID
  5
3ED
330
17
100
AcDbEntity
  8
CENTER
 62
250
420
0
100
AcDbTrace
 10
864.1997222222224
 20
640.2493333333332
 30
0.0
 11
864.3203722222225
 21
624.2487444444444
 31
0.0
 12
864.3806972222226
 22
616.2491555555554
 32
0.0
 13
864.3806972222226
 23
616.2491555555554
 33
0.0
  0
SOLID
  5
3EE
330
17
100
AcDbEntity
  8
CENTER
 62
250
420
0
100
AcDbTrace
 10
864.4410222222225
 20
608.2481555555554
 30
0.0
 11
864.4706555555559
 21
600.2485666666665
 31
0.0
 12
864.5309805555559
 22
592.2489777777777
 32
0.0
 13
864.5309805555559
 23
592.2489777777777
 33
0.0
  0
SOLID
  5
3EF
330
17
100
AcDbEntity
  8
CENTER
 62
250
420
0
100
AcDbTrace
 10
864.4410222222225
 20
608.2481555555554
 30
0.0
 11
864.5309805555559
 21
592.2489777777777
 31
0.0
 12
864.5923638888892
 22
584.2479777777776
 32
0.0
 13
864.5923638888892
 23
584.2479777777776
 33
0.0
  0
SOLID
  5
3F0
330
17
100
AcDbEntity
  8
CENTER
 62
250
420
0
100
AcDbTrace
 10
864.6219972222226
 20
576.2483888888888
 30
0.0
 11
864.651630555556
 21
568.2488
 31
0.0
 12
864.711955555556
 22
560.2477999999999
 32
0.0
 13
864.711955555556
 23
560.2477999999999
 33
0.0
  0
SOLID
  5
3F1
330
17
100
AcDbEntity
  8
CENTER
 62
250
420
0
100
AcDbTrace
 10
864.5923638888892
 20
584.2479777777776
 30
0.0
 11
864.6219972222226
 21
576.2483888888888
 31
0.0
 12
864.711955555556
 22
560.2477999999999
 32
0.0
 13
864.711955555556
 23
560.2477999999999
 33
0.0
  0
SOLID
  5
3F2
330
17
100
AcDbEntity
  8
CENTER
 62
250
420
0
100
AcDbTrace
 10
864.7415888888894
 20
552.248211111111
 30
0.0
 11
864.7712222222227
 21
544.2486222222221
 31
0.0
 12
865.0707305555561
 22
544.2486222222221
 32
0.0
 13
865.0707305555561
 23
544.2486222222221
 33
0.0
  0
SOLID
  5
3F3
330
17
100
AcDbEntity
  8
CENTER
 62
250
420
0
100
AcDbTrace
 10
864.711955555556
 20
560.2477999999999
 30
0.0
 11
864.7415888888894
 21
552.248211111111
 31
0.0
 12
865.0707305555561
 22
544.2486222222221
 32
0.0
 13
865.0707305555561
 23
544.2486222222221
 33
0.0
  0
SOLID
  5
3F4
330
17
100
AcDbEntity
  8
CENTER
 62
250
420
0
100
AcDbTrace
 10
864.5923638888892
 20
584.2479777777776
 30
0.0
 11
864.711955555556
 21
560.2477999999999
 31
0.0
 12
865.0707305555561
 22
544.2486222222221
 32
0.0
 13
865.0707305555561
 23
544.2486222222221
 33
0.0
  0
SOLID
  5
3F5
330
17
100
AcDbEntity
  8
CENTER
 62
250
420
0
100
AcDbTrace
 10
864.4410222222225
 20
608.2481555555554
 30
0.0
 11
864.5923638888892
 21
584.2479777777776
 31
0.0
 12
865.0707305555561
 22
544.2486222222221
 32
0.0
 13
865.0707305555561
 23
544.2486222222221
 33
0.0
  0
SOLID
  5
3F6
330
17
100
AcDbEntity
  8
CENTER
 62
250
420
0
100
AcDbTrace
 10
864.3806972222226
 20
616.2491555555554
 30
0.0
 11
864.4410222222225
 21
608.2481555555554
 31
0.0
 12
865.0707305555561
 22
544.2486222222221
 32
0.0
 13
865.0707305555561
 23
544.2486222222221
 33
0.0
  0
SOLID
  5
3F7
330
17
100
AcDbEntity
  8
CENTER
 62
250
420
0
100
AcDbTrace
 10
864.1997222222224
 20
640.2493333333332
 30
0.0
 11
864.3806972222226
 21
616.2491555555554
 31
0.0
 12
865.0707305555561
 22
544.2486222222221
 32
0.0
 13
865.0707305555561
 23
544.2486222222221
 33
0.0
  0
SOLID
  5
3F8
330
17
100
AcDbEntity
  8
CENTER
 62
250
420
0
100
AcDbTrace
 10
864.1997222222224
 20
640.2493333333332
 30
0.0
 11
865.0707305555561
 21
544.2486222222221
 31
0.0
 12
865.0410972222227
 22
552.248211111111
 32
0.0
 13
865.0410972222227
 23
552.248211111111
 33
0.0
  0
SOLID
  5
3F9
330
17
100
AcDbEntity
  8
CENTER
 62
250
420
0
100
AcDbTrace
 10
864.0494388888891
 20
656.248511111111
 30
0.0
 11
864.1997222222224
 21
640.2493333333332
 31
0.0
 12
865.0410972222227
 22
552.248211111111
 32
0.0
 13
865.0410972222227
 23
552.248211111111
 33
0.0
  0
SOLID
  5
3FA
330
17
100
AcDbEntity
  8
CENTER
 62
250
420
0
100
AcDbTrace
 10
864.0494388888891
 20
656.248511111111
 30
0.0
 11
865.0410972222227
 21
552.248211111111
 31
0.0
 12
865.0114638888894
 22
560.2477999999999
 32
0.0
 13
865.0114638888894
 23
560.2477999999999
 33
0.0
  0
SOLID
  5
3FB
330
17
100
AcDbEntity
  8
CENTER
 62
250
420
0
100
AcDbTrace
 10
864.0494388888891
 20
656.248511111111
 30
0.0
 11
865.0114638888894
 21
560.2477999999999
 31
0.0
 12
864.9818305555559
 22
568.2488
 32
0.0
 13
864.9818305555559
 23
568.2488
 33
0.0
  0
SOLID
  5
3FC
330
17
100
AcDbEntity
  8
CENTER
 62
250
420
0
100
AcDbTrace
 10
864.0494388888891
 20
656.248511111111
 30
0.0
 11
864.9818305555559
 21
568.2488
 31
0.0
 12
864.9521972222227
 22
576.2483888888888
 32
0.0
 13
864.9521972222227
 23
576.2483888888888
 33
0.0
  0
SOLID
  5
3FD
330
17
100
AcDbEntity
  8
CENTER
 62
250
420
0
100
AcDbTrace
 10
863.9594805555557
 20
664.249511111111
 30
0.0
 11
864.0494388888891
 21
656.248511111111
 31
0.0
 12
864.9521972222227
 22
576.2483888888888
 32
0.0
 13
864.9521972222227
 23
576.2483888888888
 33
0.0
  0
SOLID
  5
3FE
330
17
100
AcDbEntity
  8
CENTER
 62
250
420
0
100
AcDbTrace
 10
863.779563888889
 20
680.2500999999999
 30
0.0
 11
863.9594805555557
 21
664.249511111111
 31
0.0
 12
864.9521972222227
 22
576.2483888888888
 32
0.0
 13
864.9521972222227
 23
576.2483888888888
 33
0.0
  0
SOLID
  5
3FF
330
17
100
AcDbEntity
  8
CENTER
 62
250
420
0
100
AcDbTrace
 10
863.779563888889
 20
680.2500999999999
 30
0.0
 11
864.9521972222227
 21
576.2483888888888
 31
0.0
 12
864.9225638888893
 22
584.2479777777776
 32
0.0
 13
864.9225638888893
 23
584.2479777777776
 33
0.0
  0
SOLID
  5
400
330
17
100
AcDbEntity
  8
CENTER
 62
250
420
0
100
AcDbTrace
 10
863.779563888889
 20
680.2500999999999
 30
0.0
 11
864.9225638888893
 21
584.2479777777776
 31
0.0
 12
864.892930555556
 22
592.2489777777777
 32
0.0
 13
864.892930555556
 23
592.2489777777777
 33
0.0
  0
SOLID
  5
401
330
17
100
AcDbEntity
  8
CENTER
 62
250
420
0
100
AcDbTrace
 10
863.779563888889
 20
680.2500999999999
 30
0.0
 11
864.892930555556
 21
592.2489777777777
 31
0.0
 12
864.8632972222225
 22
600.2485666666665
 32
0.0
 13
864.8632972222225
 23
600.2485666666665
 33
0.0
  0
SOLID
  5
402
330
17
100
AcDbEntity
  8
CENTER
 62
250
420
0
100
AcDbTrace
 10
863.779563888889
 20
680.2500999999999
 30
0.0
 11
864.8632972222225
 21
600.2485666666665
 31
0.0
 12
864.8029722222226
 22
608.2481555555554
 32
0.0
 13
864.8029722222226
 23
608.2481555555554
 33
0.0
  0
SOLID
  5
403
330
17
100
AcDbEntity
  8
CENTER
 62
250
420
0
100
AcDbTrace
 10
863.779563888889
 20
680.2500999999999
 30
0.0
 11
864.8029722222226
 21
608.2481555555554
 31
0.0
 12
864.7733388888892
 22
616.2491555555554
 32
0.0
 13
864.7733388888892
 23
616.2491555555554
 33
0.0
  0
SOLID
  5
404
330
17
100
AcDbEntity
  8
CENTER
 62
250
420
0
100
AcDbTrace
 10
863.6599722222222
 20
688.2496888888888
 30
0.0
 11
863.779563888889
 21
680.2500999999999
 31
0.0
 12
864.7733388888892
 22
616.2491555555554
 32
0.0
 13
864.7733388888892
 23
616.2491555555554
 33
0.0
  0
SOLID
  5
405
330
17
100
AcDbEntity
  8
CENTER
 62
250
420
0
100
AcDbTrace
 10
863.5403805555555
 20
696.2492777777777
 30
0.0
 11
863.6599722222222
 21
688.2496888888888
 31
0.0
 12
864.7733388888892
 22
616.2491555555554
 32
0.0
 13
864.7733388888892
 23
616.2491555555554
 33
0.0
  0
SOLID
  5
406
330
17
100
AcDbEntity
  8
CENTER
 62
250
420
0
100
AcDbTrace
 10
863.4197305555555
 20
704.2502777777776
 30
0.0
 11
863.5403805555555
 21
696.2492777777777
 31
0.0
 12
864.7733388888892
 22
616.2491555555554
 32
0.0
 13
864.7733388888892
 23
616.2491555555554
 33
0.0
  0
SOLID
  5
407
330
17
100
AcDbEntity
  8
CENTER
 62
250
420
0
100
AcDbTrace
 10
863.4197305555555
 20
704.2502777777776
 30
0.0
 11
864.7733388888892
 21
616.2491555555554
 31
0.0
 12
864.7130138888892
 22
624.2487444444444
 32
0.0
 13
864.7130138888892
 23
624.2487444444444
 33
0.0
  0
SOLID
  5
408
330
17
100
AcDbEntity
  8
CENTER
 62
250
420
0
100
AcDbTrace
 10
863.4197305555555
 20
704.2502777777776
 30
0.0
 11
864.7130138888892
 21
624.2487444444444
 31
0.0
 12
864.6833805555558
 22
632.2483333333332
 32
0.0
 13
864.6833805555558
 23
632.2483333333332
 33
0.0
  0
SOLID
  5
409
330
17
100
AcDbEntity
  8
CENTER
 62
250
420
0
100
AcDbTrace
 10
863.4197305555555
 20
704.2502777777776
 30
0.0
 11
864.6833805555558
 21
632.2483333333332
 31
0.0
 12
864.6230555555559
 22
640.2493333333332
 32
0.0
 13
864.6230555555559
 23
640.2493333333332
 33
0.0
  0
SOLID
  5
40A
330
17
100
AcDbEntity
  8
CENTER
 62
250
420
0
100
AcDbTrace
 10
861.9211305555554
 20
784.2504
 30
0.0
 11
863.4197305555555
 21
704.2502777777776
 31
0.0
 12
864.6230555555559
 22
640.2493333333332
 32
0.0
 13
864.6230555555559
 23
640.2493333333332
 33
0.0
  0
SOLID
  5
40B
330
17
100
AcDbEntity
  8
CENTER
 62
250
420
0
100
AcDbTrace
 10
861.9211305555554
 20
784.2504
 30
0.0
 11
864.6230555555559
 21
640.2493333333332
 31
0.0
 12
864.5627305555557
 22
648.2489222222221
 32
0.0
 13
864.5627305555557
 23
648.2489222222221
 33
0.0
  0
SOLID
  5
40C
330
17
100
AcDbEntity
  8
CENTER
 62
250
420
0
100
AcDbTrace
 10
861.9211305555554
 20
784.2504
 30
0.0
 11
864.5627305555557
 21
648.2489222222221
 31
0.0
 12
864.5013472222224
 22
656.248511111111
 32
0.0
 13
864.5013472222224
 23
656.248511111111
 33
0.0
  0
SOLID
  5
40D
330
17
100
AcDbEntity
  8
CENTER
 62
250
420
0
100
AcDbTrace
 10
861.9211305555554
 20
784.2504
 30
0.0
 11
864.5013472222224
 21
656.248511111111
 31
0.0
 12
864.4410222222225
 22
664.249511111111
 32
0.0
 13
864.4410222222225
 23
664.249511111111
 33
0.0
  0
SOLID
  5
40E
330
17
100
AcDbEntity
  8
CENTER
 62
250
420
0
100
AcDbTrace
 10
861.9211305555554
 20
784.2504
 30
0.0
 11
864.4410222222225
 21
664.249511111111
 31
0.0
 12
864.3806972222224
 22
672.2490999999999
 32
0.0
 13
864.3806972222224
 23
672.2490999999999
 33
0.0
  0
SOLID
  5
40F
330
17
100
AcDbEntity
  8
CENTER
 62
250
420
0
100
AcDbTrace
 10
861.9211305555554
 20
784.2504
 30
0.0
 11
864.3806972222224
 21
672.2490999999999
 31
0.0
 12
864.290738888889
 22
680.2500999999999
 32
0.0
 13
864.290738888889
 23
680.2500999999999
 33
0.0
  0
SOLID
  5
410
330
17
100
AcDbEntity
  8
CENTER
 62
250
420
0
100
AcDbTrace
 10
861.9211305555554
 20
784.2504
 30
0.0
 11
864.290738888889
 21
680.2500999999999
 31
0.0
 12
864.2007805555556
 22
688.2496888888888
 32
0.0
 13
864.2007805555556
 23
688.2496888888888
 33
0.0
  0
SOLID
  5
411
330
17
100
AcDbEntity
  8
CENTER
 62
250
420
0
100
AcDbTrace
 10
861.9211305555554
 20
784.2504
 30
0.0
 11
864.2007805555556
 21
688.2496888888888
 31
0.0
 12
864.1108222222223
 22
696.2492777777777
 32
0.0
 13
864.1108222222223
 23
696.2492777777777
 33
0.0
  0
SOLID
  5
412
330
17
100
AcDbEntity
  8
CENTER
 62
250
420
0
100
AcDbTrace
 10
861.9211305555554
 20
784.2504
 30
0.0
 11
864.1108222222223
 21
696.2492777777777
 31
0.0
 12
864.0208638888889
 22
704.2502777777776
 32
0.0
 13
864.0208638888889
 23
704.2502777777776
 33
0.0
  0
SOLID
  5
413
330
17
100
AcDbEntity
  8
CENTER
 62
250
420
0
100
AcDbTrace
 10
861.9211305555554
 20
784.2504
 30
0.0
 11
864.0208638888889
 21
704.2502777777776
 31
0.0
 12
863.9012722222222
 22
712.2498666666665
 32
0.0
 13
863.9012722222222
 23
712.2498666666665
 33
0.0
  0
SOLID
  5
414
330
17
100
AcDbEntity
  8
CENTER
 62
250
420
0
100
AcDbTrace
 10
861.9211305555554
 20
784.2504
 30
0.0
 11
863.9012722222222
 21
712.2498666666665
 31
0.0
 12
863.7816805555555
 22
720.2494555555555
 32
0.0
 13
863.7816805555555
 23
720.2494555555555
 33
0.0
  0
SOLID
  5
415
330
17
100
AcDbEntity
  8
CENTER
 62
250
420
0
100
AcDbTrace
 10
861.9211305555554
 20
784.2504
 30
0.0
 11
863.7816805555555
 21
720.2494555555555
 31
0.0
 12
863.6620888888888
 22
728.2504555555554
 32
0.0
 13
863.6620888888888
 23
728.2504555555554
 33
0.0
  0
SOLID
  5
416
330
17
100
AcDbEntity
  8
CENTER
 62
250
420
0
100
AcDbTrace
 10
861.9211305555554
 20
784.2504
 30
0.0
 11
863.6620888888888
 21
728.2504555555554
 31
0.0
 12
863.5118055555553
 22
736.2500444444443
 32
0.0
 13
863.5118055555553
 23
736.2500444444443
 33
0.0
  0
SOLID
  5
417
330
17
100
AcDbEntity
  8
CENTER
 62
250
420
0
100
AcDbTrace
 10
861.9211305555554
 20
784.2504
 30
0.0
 11
863.5118055555553
 21
736.2500444444443
 31
0.0
 12
863.3308305555554
 22
744.2496333333333
 32
0.0
 13
863.3308305555554
 23
744.2496333333333
 33
0.0
  0
SOLID
  5
418
330
17
100
AcDbEntity
  8
CENTER
 62
250
420
0
100
AcDbTrace
 10
861.9211305555554
 20
784.2504
 30
0.0
 11
863.3308305555554
 21
744.2496333333333
 31
0.0
 12
863.1212805555554
 22
752.2506333333333
 32
0.0
 13
863.1212805555554
 23
752.2506333333333
 33
0.0
  0
SOLID
  5
419
330
17
100
AcDbEntity
  8
CENTER
 62
250
420
0
100
AcDbTrace
 10
861.9211305555554
 20
784.2504
 30
0.0
 11
863.1212805555554
 21
752.2506333333333
 31
0.0
 12
862.8810388888886
 22
760.2502222222222
 32
0.0
 13
862.8810388888886
 23
760.2502222222222
 33
0.0
  0
SOLID
  5
41A
330
17
100
AcDbEntity
  8
CENTER
 62
250
420
0
100
AcDbTrace
 10
861.9211305555554
 20
784.2504
 30
0.0
 11
862.8810388888886
 21
760.2502222222222
 31
0.0
 12
862.6111638888887
 22
768.2498111111111
 32
0.0
 13
862.6111638888887
 23
768.2498111111111
 33
0.0
  0
SOLID
  5
41B
330
17
100
AcDbEntity
  8
CENTER
 62
250
420
0
100
AcDbTrace
 10
862.6111638888887
 20
768.2498111111111
 30
0.0
 11
862.3105972222221
 21
776.2508111111109
 31
0.0
 12
861.9211305555554
 22
784.2504
 32
0.0
 13
861.9211305555554
 23
784.2504
 33
0.0
  0
HATCH
  5
41C
330
17
100
AcDbEntity
  8
CENTER
 62
7
420
0
100
AcDbHatch
 10
0.0
 20
0.0
 30
0.0
210
0.0
220
0.0
230
1.0
  2
SOLID
 70
1
 71
0
 91
1
 92
3
 72
0
 73
1
 93
63
 10
860.7188638888888
 20
784.2504
 10
861.1982888888888
 20
776.2508111111109
 10
861.6184472222221
 20
768.2498111111111
 10
861.9782805555556
 20
760.2502222222222
 10
862.2481555555555
 20
752.2506333333333
 10
862.5190888888889
 20
744.2496333333333
 10
862.7593305555555
 20
736.2500444444443
 10
862.9392472222221
 20
728.2504555555554
 10
863.1191638888887
 20
720.2494555555555
 10
863.2694472222222
 20
712.2498666666665
 10
863.4197305555555
 20
704.2502777777776
 10
863.5403805555555
 20
696.2492777777777
 10
863.6599722222222
 20
688.2496888888888
 10
863.779563888889
 20
680.2500999999999
 10
863.8695222222224
 20
672.2490999999999
 10
863.9594805555557
 20
664.249511111111
 10
864.0494388888891
 20
656.248511111111
 10
864.109763888889
 20
648.2489222222221
 10
864.1997222222224
 20
640.2493333333332
 10
864.2600472222225
 20
632.2483333333332
 10
864.3203722222225
 20
624.2487444444444
 10
864.3806972222226
 20
616.2491555555554
 10
864.4410222222225
 20
608.2481555555554
 10
864.4706555555559
 20
600.2485666666665
 10
864.5309805555559
 20
592.2489777777777
 10
864.5923638888892
 20
584.2479777777776
 10
864.6219972222226
 20
576.2483888888888
 10
864.651630555556
 20
568.2488
 10
864.711955555556
 20
560.2477999999999
 10
864.7415888888894
 20
552.248211111111
 10
864.7712222222227
 20
544.2486222222221
 10
865.0707305555561
 20
544.2486222222221
 10
865.0410972222227
 20
552.248211111111
 10
865.0114638888894
 20
560.2477999999999
 10
864.9818305555559
 20
568.2488
 10
864.9521972222227
 20
576.2483888888888
 10
864.9225638888893
 20
584.2479777777776
 10
864.892930555556
 20
592.2489777777777
 10
864.8632972222225
 20
600.2485666666665
 10
864.8029722222226
 20
608.2481555555554
 10
864.7733388888892
 20
616.2491555555554
 10
864.7130138888892
 20
624.2487444444444
 10
864.6833805555558
 20
632.2483333333332
 10
864.6230555555559
 20
640.2493333333332
 10
864.5627305555557
 20
648.2489222222221
 10
864.5013472222224
 20
656.248511111111
 10
864.4410222222225
 20
664.249511111111
 10
864.3806972222224
 20
672.2490999999999
 10
864.290738888889
 20
680.2500999999999
 10
864.2007805555556
 20
688.2496888888888
 10
864.1108222222223
 20
696.2492777777777
 10
864.0208638888889
 20
704.2502777777776
 10
863.9012722222222
 20
712.2498666666665
 10
863.7816805555555
 20
720.2494555555555
 10
863.6620888888888
 20
728.2504555555554
 10
863.5118055555553
 20
736.2500444444443
 10
863.3308305555554
 20
744.2496333333333
 10
863.1212805555554
 20
752.2506333333333
 10
862.8810388888886
 20
760.2502222222222
 10
862.6111638888887
 20
768.2498111111111
 10
862.3105972222221
 20
776.2508111111109
 10
861.9211305555554
 20
784.2504
 10
860.7188638888888
 20
784.2504
 97
0
 75
1
 76
1
 98
0
  0
LWPOLYLINE
  5
41D
330
17
100
AcDbEntity
  8
CENTER
 62
250
100
AcDbPolyline
 90
63
 70
1
 10
863.1191638888889
 20
784.2504
 10
863.3890388888889
 20
776.2508111111109
 10
863.6303388888888
 20
768.2498111111111
 10
863.8102555555553
 20
760.2502222222222
 10
863.9901722222221
 20
752.2506333333333
 10
864.1097638888887
 20
744.2496333333333
 10
864.2600472222222
 20
736.2500444444443
 10
864.3500055555555
 20
728.2504555555554
 10
864.4399638888889
 20
720.2494555555555
 10
864.5299222222222
 20
712.2498666666665
 10
864.6209388888889
 20
704.2502777777776
 10
864.681263888889
 20
696.2492777777777
 10
864.7712222222224
 20
688.2496888888888
 10
864.8315472222223
 20
680.2500999999999
 10
864.8611805555557
 20
672.2490999999999
 10
864.9215055555557
 20
664.249511111111
 10
864.9818305555558
 20
656.248511111111
 10
865.011463888889
 20
648.2489222222221
 10
865.0410972222224
 20
640.2493333333332
 10
865.1014222222224
 20
632.2483333333332
 10
865.1310555555558
 20
624.2487444444444
 10
865.1606888888891
 20
616.2491555555554
 10
865.1903222222226
 20
608.2481555555554
 10
865.2199555555559
 20
600.2485666666665
 10
865.2495888888893
 20
592.2489777777777
 10
865.2495888888893
 20
584.2479777777776
 10
865.2792222222225
 20
576.2483888888888
 10
865.308855555556
 20
568.2488
 10
865.3384888888893
 20
560.2477999999999
 10
865.3384888888893
 20
552.248211111111
 10
865.3681222222227
 20
544.2486222222221
 10
865.6686888888893
 20
544.2486222222221
 10
865.6686888888893
 20
552.248211111111
 10
865.6379972222227
 20
560.2477999999999
 10
865.6379972222227
 20
568.2488
 10
865.6083638888892
 20
576.2483888888888
 10
865.6083638888892
 20
584.2479777777776
 10
865.5787305555559
 20
592.2489777777777
 10
865.5787305555559
 20
600.2485666666665
 10
865.5490972222227
 20
608.2481555555554
 10
865.5490972222227
 20
616.2491555555554
 10
865.5194638888893
 20
624.2487444444444
 10
865.4898305555558
 20
632.2483333333332
 10
865.4898305555558
 20
640.2493333333332
 10
865.4601972222225
 20
648.2489222222221
 10
865.4305638888892
 20
656.248511111111
 10
865.4009305555558
 20
664.249511111111
 10
865.3712972222223
 20
672.2490999999999
 10
865.3416638888891
 20
680.2500999999999
 10
865.3120305555558
 20
688.2496888888888
 10
865.2517055555558
 20
696.2492777777777
 10
865.2220722222224
 20
704.2502777777776
 10
865.1617472222224
 20
712.2498666666665
 10
865.1321138888891
 20
720.2494555555555
 10
865.0717888888889
 20
728.2504555555554
 10
865.0114638888889
 20
736.2500444444443
 10
864.9215055555555
 20
744.2496333333333
 10
864.8315472222222
 20
752.2506333333333
 10
864.7415888888887
 20
760.2502222222222
 10
864.6219972222221
 20
768.2498111111111
 10
864.4706555555554
 20
776.2508111111109
 10
864.320372222222
 20
784.2504
 10
863.1191638888889
 20
784.2504
  0
SOLID
  5
41E
330
17
100
AcDbEntity
  8
CENTER
 62
250
420
0
100
AcDbTrace
 10
864.320372222222
 20
784.2504
 30
0.0
 11
863.1191638888889
 21
784.2504
 31
0.0
 12
863.3890388888889
 22
776.2508111111109
 32
0.0
 13
863.3890388888889
 23
776.2508111111109
 33
0.0
  0
SOLID
  5
41F
330
17
100
AcDbEntity
  8
CENTER
 62
250
420
0
100
AcDbTrace
 10
864.320372222222
 20
784.2504
 30
0.0
 11
863.3890388888889
 21
776.2508111111109
 31
0.0
 12
863.6303388888888
 22
768.2498111111111
 32
0.0
 13
863.6303388888888
 23
768.2498111111111
 33
0.0
  0
SOLID
  5
420
330
17
100
AcDbEntity
  8
CENTER
 62
250
420
0
100
AcDbTrace
 10
864.320372222222
 20
784.2504
 30
0.0
 11
863.6303388888888
 21
768.2498111111111
 31
0.0
 12
863.8102555555553
 22
760.2502222222222
 32
0.0
 13
863.8102555555553
 23
760.2502222222222
 33
0.0
  0
SOLID
  5
421
330
17
100
AcDbEntity
  8
CENTER
 62
250
420
0
100
AcDbTrace
 10
864.320372222222
 20
784.2504
 30
0.0
 11
863.8102555555553
 21
760.2502222222222
 31
0.0
 12
863.9901722222221
 22
752.2506333333333
 32
0.0
 13
863.9901722222221
 23
752.2506333333333
 33
0.0
  0
SOLID
  5
422
330
17
100
AcDbEntity
  8
CENTER
 62
250
420
0
100
AcDbTrace
 10
864.320372222222
 20
784.2504
 30
0.0
 11
863.9901722222221
 21
752.2506333333333
 31
0.0
 12
864.1097638888887
 22
744.2496333333333
 32
0.0
 13
864.1097638888887
 23
744.2496333333333
 33
0.0
  0
SOLID
  5
423
330
17
100
AcDbEntity
  8
CENTER
 62
250
420
0
100
AcDbTrace
 10
864.320372222222
 20
784.2504
 30
0.0
 11
864.1097638888887
 21
744.2496333333333
 31
0.0
 12
864.2600472222222
 22
736.2500444444443
 32
0.0
 13
864.2600472222222
 23
736.2500444444443
 33
0.0
  0
SOLID
  5
424
330
17
100
AcDbEntity
  8
CENTER
 62
250
420
0
100
AcDbTrace
 10
864.320372222222
 20
784.2504
 30
0.0
 11
864.2600472222222
 21
736.2500444444443
 31
0.0
 12
864.3500055555555
 22
728.2504555555554
 32
0.0
 13
864.3500055555555
 23
728.2504555555554
 33
0.0
  0
SOLID
  5
425
330
17
100
AcDbEntity
  8
CENTER
 62
250
420
0
100
AcDbTrace
 10
864.320372222222
 20
784.2504
 30
0.0
 11
864.3500055555555
 21
728.2504555555554
 31
0.0
 12
864.4399638888889
 22
720.2494555555555
 32
0.0
 13
864.4399638888889
 23
720.2494555555555
 33
0.0
  0
SOLID
  5
426
330
17
100
AcDbEntity
  8
CENTER
 62
250
420
0
100
AcDbTrace
 10
864.320372222222
 20
784.2504
 30
0.0
 11
864.4399638888889
 21
720.2494555555555
 31
0.0
 12
864.5299222222222
 22
712.2498666666665
 32
0.0
 13
864.5299222222222
 23
712.2498666666665
 33
0.0
  0
SOLID
  5
427
330
17
100
AcDbEntity
  8
CENTER
 62
250
420
0
100
AcDbTrace
 10
864.320372222222
 20
784.2504
 30
0.0
 11
864.5299222222222
 21
712.2498666666665
 31
0.0
 12
864.6209388888889
 22
704.2502777777776
 32
0.0
 13
864.6209388888889
 23
704.2502777777776
 33
0.0
  0
SOLID
  5
428
330
17
100
AcDbEntity
  8
CENTER
 62
250
420
0
100
AcDbTrace
 10
864.320372222222
 20
784.2504
 30
0.0
 11
864.6209388888889
 21
704.2502777777776
 31
0.0
 12
864.681263888889
 22
696.2492777777777
 32
0.0
 13
864.681263888889
 23
696.2492777777777
 33
0.0
  0
SOLID
  5
429
330
17
100
AcDbEntity
  8
CENTER
 62
250
420
0
100
AcDbTrace
 10
864.320372222222
 20
784.2504
 30
0.0
 11
864.681263888889
 21
696.2492777777777
 31
0.0
 12
864.7712222222224
 22
688.2496888888888
 32
0.0
 13
864.7712222222224
 23
688.2496888888888
 33
0.0
  0
SOLID
  5
42A
330
17
100
AcDbEntity
  8
CENTER
 62
250
420
0
100
AcDbTrace
 10
864.320372222222
 20
784.2504
 30
0.0
 11
864.7712222222224
 21
688.2496888888888
 31
0.0
 12
864.8315472222223
 22
680.2500999999999
 32
0.0
 13
864.8315472222223
 23
680.2500999999999
 33
0.0
  0
SOLID
  5
42B
330
17
100
AcDbEntity
  8
CENTER
 62
250
420
0
100
AcDbTrace
 10
864.8315472222223
 20
680.2500999999999
 30
0.0
 11
864.8611805555557
 21
672.2490999999999
 31
0.0
 12
864.9215055555557
 22
664.249511111111
 32
0.0
 13
864.9215055555557
 23
664.249511111111
 33
0.0
  0
SOLID
  5
42C
330
17
100
AcDbEntity
  8
CENTER
 62
250
420
0
100
AcDbTrace
 10
864.320372222222
 20
784.2504
 30
0.0
 11
864.8315472222223
 21
680.2500999999999
 31
0.0
 12
864.9215055555557
 22
664.249511111111
 32
0.0
 13
864.9215055555557
 23
664.249511111111
 33
0.0
  0
SOLID
  5
42D
330
17
100
AcDbEntity
  8
CENTER
 62
250
420
0
100
AcDbTrace
 10
864.320372222222
 20
784.2504
 30
0.0
 11
864.9215055555557
 21
664.249511111111
 31
0.0
 12
864.9818305555558
 22
656.248511111111
 32
0.0
 13
864.9818305555558
 23
656.248511111111
 33
0.0
  0
SOLID
  5
42E
330
17
100
AcDbEntity
  8
CENTER
 62
250
420
0
100
AcDbTrace
 10
864.9818305555558
 20
656.248511111111
 30
0.0
 11
865.011463888889
 21
648.2489222222221
 31
0.0
 12
865.0410972222224
 22
640.2493333333332
 32
0.0
 13
865.0410972222224
 23
640.2493333333332
 33
0.0
  0
SOLID
  5
42F
330
17
100
AcDbEntity
  8
CENTER
 62
250
420
0
100
AcDbTrace
 10
864.9818305555558
 20
656.248511111111
 30
0.0
 11
865.0410972222224
 21
640.2493333333332
 31
0.0
 12
865.1014222222224
 22
632.2483333333332
 32
0.0
 13
865.1014222222224
 23
632.2483333333332
 33
0.0
  0
SOLID
  5
430
330
17
100
AcDbEntity
  8
CENTER
 62
250
420
0
100
AcDbTrace
 10
865.1606888888891
 20
616.2491555555554
 30
0.0
 11
865.1903222222226
 21
608.2481555555554
 31
0.0
 12
865.2199555555559
 22
600.2485666666665
 32
0.0
 13
865.2199555555559
 23
600.2485666666665
 33
0.0
  0
SOLID
  5
431
330
17
100
AcDbEntity
  8
CENTER
 62
250
420
0
100
AcDbTrace
 10
865.1606888888891
 20
616.2491555555554
 30
0.0
 11
865.2199555555559
 21
600.2485666666665
 31
0.0
 12
865.2495888888893
 22
592.2489777777777
 32
0.0
 13
865.2495888888893
 23
592.2489777777777
 33
0.0
  0
SOLID
  5
432
330
17
100
AcDbEntity
  8
CENTER
 62
250
420
0
100
AcDbTrace
 10
865.2495888888893
 20
592.2489777777777
 30
0.0
 11
865.2495888888893
 21
584.2479777777776
 31
0.0
 12
865.2792222222225
 22
576.2483888888888
 32
0.0
 13
865.2792222222225
 23
576.2483888888888
 33
0.0
  0
SOLID
  5
433
330
17
100
AcDbEntity
  8
CENTER
 62
250
420
0
100
AcDbTrace
 10
865.2495888888893
 20
592.2489777777777
 30
0.0
 11
865.2792222222225
 21
576.2483888888888
 31
0.0
 12
865.308855555556
 22
568.2488
 32
0.0
 13
865.308855555556
 23
568.2488
 33
0.0
  0
SOLID
  5
434
330
17
100
AcDbEntity
  8
CENTER
 62
250
420
0
100
AcDbTrace
 10
865.2495888888893
 20
592.2489777777777
 30
0.0
 11
865.308855555556
 21
568.2488
 31
0.0
 12
865.3384888888893
 22
560.2477999999999
 32
0.0
 13
865.3384888888893
 23
560.2477999999999
 33
0.0
  0
SOLID
  5
435
330
17
100
AcDbEntity
  8
CENTER
 62
250
420
0
100
AcDbTrace
 10
865.3384888888893
 20
560.2477999999999
 30
0.0
 11
865.3384888888893
 21
552.248211111111
 31
0.0
 12
865.3681222222227
 22
544.2486222222221
 32
0.0
 13
865.3681222222227
 23
544.2486222222221
 33
0.0
  0
SOLID
  5
436
330
17
100
AcDbEntity
  8
CENTER
 62
250
420
0
100
AcDbTrace
 10
865.3384888888893
 20
560.2477999999999
 30
0.0
 11
865.3681222222227
 21
544.2486222222221
 31
0.0
 12
865.6686888888893
 22
544.2486222222221
 32
0.0
 13
865.6686888888893
 23
544.2486222222221
 33
0.0
  0
SOLID
  5
437
330
17
100
AcDbEntity
  8
CENTER
 62
250
420
0
100
AcDbTrace
 10
865.2495888888893
 20
592.2489777777777
 30
0.0
 11
865.3384888888893
 21
560.2477999999999
 31
0.0
 12
865.6686888888893
 22
544.2486222222221
 32
0.0
 13
865.6686888888893
 23
544.2486222222221
 33
0.0
  0
SOLID
  5
438
330
17
100
AcDbEntity
  8
CENTER
 62
250
420
0
100
AcDbTrace
 10
865.1606888888891
 20
616.2491555555554
 30
0.0
 11
865.2495888888893
 21
592.2489777777777
 31
0.0
 12
865.6686888888893
 22
544.2486222222221
 32
0.0
 13
865.6686888888893
 23
544.2486222222221
 33
0.0
  0
SOLID
  5
439
330
17
100
AcDbEntity
  8
CENTER
 62
250
420
0
100
AcDbTrace
 10
865.1310555555558
 20
624.2487444444444
 30
0.0
 11
865.1606888888891
 21
616.2491555555554
 31
0.0
 12
865.6686888888893
 22
544.2486222222221
 32
0.0
 13
865.6686888888893
 23
544.2486222222221
 33
0.0
  0
SOLID
  5
43A
330
17
100
AcDbEntity
  8
CENTER
 62
250
420
0
100
AcDbTrace
 10
865.1014222222224
 20
632.2483333333332
 30
0.0
 11
865.1310555555558
 21
624.2487444444444
 31
0.0
 12
865.6686888888893
 22
544.2486222222221
 32
0.0
 13
865.6686888888893
 23
544.2486222222221
 33
0.0
  0
SOLID
  5
43B
330
17
100
AcDbEntity
  8
CENTER
 62
250
420
0
100
AcDbTrace
 10
864.9818305555558
 20
656.248511111111
 30
0.0
 11
865.1014222222224
 21
632.2483333333332
 31
0.0
 12
865.6686888888893
 22
544.2486222222221
 32
0.0
 13
865.6686888888893
 23
544.2486222222221
 33
0.0
  0
SOLID
  5
43C
330
17
100
AcDbEntity
  8
CENTER
 62
250
420
0
100
AcDbTrace
 10
864.320372222222
 20
784.2504
 30
0.0
 11
864.9818305555558
 21
656.248511111111
 31
0.0
 12
865.6686888888893
 22
544.2486222222221
 32
0.0
 13
865.6686888888893
 23
544.2486222222221
 33
0.0
  0
SOLID
  5
43D
330
17
100
AcDbEntity
  8
CENTER
 62
250
420
0
100
AcDbTrace
 10
864.320372222222
 20
784.2504
 30
0.0
 11
865.6686888888893
 21
544.2486222222221
 31
0.0
 12
865.6686888888893
 22
552.248211111111
 32
0.0
 13
865.6686888888893
 23
552.248211111111
 33
0.0
  0
SOLID
  5
43E
330
17
100
AcDbEntity
  8
CENTER
 62
250
420
0
100
AcDbTrace
 10
864.320372222222
 20
784.2504
 30
0.0
 11
865.6686888888893
 21
552.248211111111
 31
0.0
 12
865.6379972222227
 22
560.2477999999999
 32
0.0
 13
865.6379972222227
 23
560.2477999999999
 33
0.0
  0
SOLID
  5
43F
330
17
100
AcDbEntity
  8
CENTER
 62
250
420
0
100
AcDbTrace
 10
864.320372222222
 20
784.2504
 30
0.0
 11
865.6379972222227
 21
560.2477999999999
 31
0.0
 12
865.6379972222227
 22
568.2488
 32
0.0
 13
865.6379972222227
 23
568.2488
 33
0.0
  0
SOLID
  5
440
330
17
100
AcDbEntity
  8
CENTER
 62
250
420
0
100
AcDbTrace
 10
864.320372222222
 20
784.2504
 30
0.0
 11
865.6379972222227
 21
568.2488
 31
0.0
 12
865.6083638888892
 22
576.2483888888888
 32
0.0
 13
865.6083638888892
 23
576.2483888888888
 33
0.0
  0
SOLID
  5
441
330
17
100
AcDbEntity
  8
CENTER
 62
250
420
0
100
AcDbTrace
 10
864.320372222222
 20
784.2504
 30
0.0
 11
865.6083638888892
 21
576.2483888888888
 31
0.0
 12
865.6083638888892
 22
584.2479777777776
 32
0.0
 13
865.6083638888892
 23
584.2479777777776
 33
0.0
  0
SOLID
  5
442
330
17
100
AcDbEntity
  8
CENTER
 62
250
420
0
100
AcDbTrace
 10
864.320372222222
 20
784.2504
 30
0.0
 11
865.6083638888892
 21
584.2479777777776
 31
0.0
 12
865.5787305555559
 22
592.2489777777777
 32
0.0
 13
865.5787305555559
 23
592.2489777777777
 33
0.0
  0
SOLID
  5
443
330
17
100
AcDbEntity
  8
CENTER
 62
250
420
0
100
AcDbTrace
 10
864.320372222222
 20
784.2504
 30
0.0
 11
865.5787305555559
 21
592.2489777777777
 31
0.0
 12
865.5787305555559
 22
600.2485666666665
 32
0.0
 13
865.5787305555559
 23
600.2485666666665
 33
0.0
  0
SOLID
  5
444
330
17
100
AcDbEntity
  8
CENTER
 62
250
420
0
100
AcDbTrace
 10
864.320372222222
 20
784.2504
 30
0.0
 11
865.5787305555559
 21
600.2485666666665
 31
0.0
 12
865.5490972222227
 22
608.2481555555554
 32
0.0
 13
865.5490972222227
 23
608.2481555555554
 33
0.0
  0
SOLID
  5
445
330
17
100
AcDbEntity
  8
CENTER
 62
250
420
0
100
AcDbTrace
 10
864.320372222222
 20
784.2504
 30
0.0
 11
865.5490972222227
 21
608.2481555555554
 31
0.0
 12
865.5490972222227
 22
616.2491555555554
 32
0.0
 13
865.5490972222227
 23
616.2491555555554
 33
0.0
  0
SOLID
  5
446
330
17
100
AcDbEntity
  8
CENTER
 62
250
420
0
100
AcDbTrace
 10
864.320372222222
 20
784.2504
 30
0.0
 11
865.5490972222227
 21
616.2491555555554
 31
0.0
 12
865.5194638888893
 22
624.2487444444444
 32
0.0
 13
865.5194638888893
 23
624.2487444444444
 33
0.0
  0
SOLID
  5
447
330
17
100
AcDbEntity
  8
CENTER
 62
250
420
0
100
AcDbTrace
 10
864.320372222222
 20
784.2504
 30
0.0
 11
865.5194638888893
 21
624.2487444444444
 31
0.0
 12
865.4898305555558
 22
632.2483333333332
 32
0.0
 13
865.4898305555558
 23
632.2483333333332
 33
0.0
  0
SOLID
  5
448
330
17
100
AcDbEntity
  8
CENTER
 62
250
420
0
100
AcDbTrace
 10
864.320372222222
 20
784.2504
 30
0.0
 11
865.4898305555558
 21
632.2483333333332
 31
0.0
 12
865.4898305555558
 22
640.2493333333332
 32
0.0
 13
865.4898305555558
 23
640.2493333333332
 33
0.0
  0
SOLID
  5
449
330
17
100
AcDbEntity
  8
CENTER
 62
250
420
0
100
AcDbTrace
 10
864.320372222222
 20
784.2504
 30
0.0
 11
865.4898305555558
 21
640.2493333333332
 31
0.0
 12
865.4601972222225
 22
648.2489222222221
 32
0.0
 13
865.4601972222225
 23
648.2489222222221
 33
0.0
  0
SOLID
  5
44A
330
17
100
AcDbEntity
  8
CENTER
 62
250
420
0
100
AcDbTrace
 10
864.320372222222
 20
784.2504
 30
0.0
 11
865.4601972222225
 21
648.2489222222221
 31
0.0
 12
865.4305638888892
 22
656.248511111111
 32
0.0
 13
865.4305638888892
 23
656.248511111111
 33
0.0
  0
SOLID
  5
44B
330
17
100
AcDbEntity
  8
CENTER
 62
250
420
0
100
AcDbTrace
 10
864.320372222222
 20
784.2504
 30
0.0
 11
865.4305638888892
 21
656.248511111111
 31
0.0
 12
865.4009305555558
 22
664.249511111111
 32
0.0
 13
865.4009305555558
 23
664.249511111111
 33
0.0
  0
SOLID
  5
44C
330
17
100
AcDbEntity
  8
CENTER
 62
250
420
0
100
AcDbTrace
 10
864.320372222222
 20
784.2504
 30
0.0
 11
865.4009305555558
 21
664.249511111111
 31
0.0
 12
865.3712972222223
 22
672.2490999999999
 32
0.0
 13
865.3712972222223
 23
672.2490999999999
 33
0.0
  0
SOLID
  5
44D
330
17
100
AcDbEntity
  8
CENTER
 62
250
420
0
100
AcDbTrace
 10
864.320372222222
 20
784.2504
 30
0.0
 11
865.3712972222223
 21
672.2490999999999
 31
0.0
 12
865.3416638888891
 22
680.2500999999999
 32
0.0
 13
865.3416638888891
 23
680.2500999999999
 33
0.0
  0
SOLID
  5
44E
330
17
100
AcDbEntity
  8
CENTER
 62
250
420
0
100
AcDbTrace
 10
864.320372222222
 20
784.2504
 30
0.0
 11
865.3416638888891
 21
680.2500999999999
 31
0.0
 12
865.3120305555558
 22
688.2496888888888
 32
0.0
 13
865.3120305555558
 23
688.2496888888888
 33
0.0
  0
SOLID
  5
44F
330
17
100
AcDbEntity
  8
CENTER
 62
250
420
0
100
AcDbTrace
 10
864.320372222222
 20
784.2504
 30
0.0
 11
865.3120305555558
 21
688.2496888888888
 31
0.0
 12
865.2517055555558
 22
696.2492777777777
 32
0.0
 13
865.2517055555558
 23
696.2492777777777
 33
0.0
  0
SOLID
  5
450
330
17
100
AcDbEntity
  8
CENTER
 62
250
420
0
100
AcDbTrace
 10
864.320372222222
 20
784.2504
 30
0.0
 11
865.2517055555558
 21
696.2492777777777
 31
0.0
 12
865.2220722222224
 22
704.2502777777776
 32
0.0
 13
865.2220722222224
 23
704.2502777777776
 33
0.0
  0
SOLID
  5
451
330
17
100
AcDbEntity
  8
CENTER
 62
250
420
0
100
AcDbTrace
 10
864.320372222222
 20
784.2504
 30
0.0
 11
865.2220722222224
 21
704.2502777777776
 31
0.0
 12
865.1617472222224
 22
712.2498666666665
 32
0.0
 13
865.1617472222224
 23
712.2498666666665
 33
0.0
  0
SOLID
  5
452
330
17
100
AcDbEntity
  8
CENTER
 62
250
420
0
100
AcDbTrace
 10
864.320372222222
 20
784.2504
 30
0.0
 11
865.1617472222224
 21
712.2498666666665
 31
0.0
 12
865.1321138888891
 22
720.2494555555555
 32
0.0
 13
865.1321138888891
 23
720.2494555555555
 33
0.0
  0
SOLID
  5
453
330
17
100
AcDbEntity
  8
CENTER
 62
250
420
0
100
AcDbTrace
 10
864.320372222222
 20
784.2504
 30
0.0
 11
865.1321138888891
 21
720.2494555555555
 31
0.0
 12
865.0717888888889
 22
728.2504555555554
 32
0.0
 13
865.0717888888889
 23
728.2504555555554
 33
0.0
  0
SOLID
  5
454
330
17
100
AcDbEntity
  8
CENTER
 62
250
420
0
100
AcDbTrace
 10
864.320372222222
 20
784.2504
 30
0.0
 11
865.0717888888889
 21
728.2504555555554
 31
0.0
 12
865.0114638888889
 22
736.2500444444443
 32
0.0
 13
865.0114638888889
 23
736.2500444444443
 33
0.0
  0
SOLID
  5
455
330
17
100
AcDbEntity
  8
CENTER
 62
250
420
0
100
AcDbTrace
 10
864.320372222222
 20
784.2504
 30
0.0
 11
865.0114638888889
 21
736.2500444444443
 31
0.0
 12
864.9215055555555
 22
744.2496333333333
 32
0.0
 13
864.9215055555555
 23
744.2496333333333
 33
0.0
  0
SOLID
  5
456
330
17
100
AcDbEntity
  8
CENTER
 62
250
420
0
100
AcDbTrace
 10
864.320372222222
 20
784.2504
 30
0.0
 11
864.9215055555555
 21
744.2496333333333
 31
0.0
 12
864.8315472222222
 22
752.2506333333333
 32
0.0
 13
864.8315472222222
 23
752.2506333333333
 33
0.0
  0
SOLID
  5
457
330
17
100
AcDbEntity
  8
CENTER
 62
250
420
0
100
AcDbTrace
 10
864.320372222222
 20
784.2504
 30
0.0
 11
864.8315472222222
 21
752.2506333333333
 31
0.0
 12
864.7415888888887
 22
760.2502222222222
 32
0.0
 13
864.7415888888887
 23
760.2502222222222
 33
0.0
  0
SOLID
  5
458
330
17
100
AcDbEntity
  8
CENTER
 62
250
420
0
100
AcDbTrace
 10
864.7415888888887
 20
760.2502222222222
 30
0.0
 11
864.6219972222221
 21
768.2498111111111
 31
0.0
 12
864.4706555555554
 22
776.2508111111109
 32
0.0
 13
864.4706555555554
 23
776.2508111111109
 33
0.0
  0
SOLID
  5
459
330
17
100
AcDbEntity
  8
CENTER
 62
250
420
0
100
AcDbTrace
 10
864.7415888888887
 20
760.2502222222222
 30
0.0
 11
864.4706555555554
 21
776.2508111111109
 31
0.0
 12
864.320372222222
 22
784.2504
 32
0.0
 13
864.320372222222
 23
784.2504
 33
0.0
  0
HATCH
  5
45A
330
17
100
AcDbEntity
  8
CENTER
 62
7
420
0
100
AcDbHatch
 10
0.0
 20
0.0
 30
0.0
210
0.0
220
0.0
230
1.0
  2
SOLID
 70
1
 71
0
 91
1
 92
3
 72
0
 73
1
 93
63
 10
863.1191638888889
 20
784.2504
 10
863.3890388888889
 20
776.2508111111109
 10
863.6303388888888
 20
768.2498111111111
 10
863.8102555555553
 20
760.2502222222222
 10
863.9901722222221
 20
752.2506333333333
 10
864.1097638888887
 20
744.2496333333333
 10
864.2600472222222
 20
736.2500444444443
 10
864.3500055555555
 20
728.2504555555554
 10
864.4399638888889
 20
720.2494555555555
 10
864.5299222222222
 20
712.2498666666665
 10
864.6209388888889
 20
704.2502777777776
 10
864.681263888889
 20
696.2492777777777
 10
864.7712222222224
 20
688.2496888888888
 10
864.8315472222223
 20
680.2500999999999
 10
864.8611805555557
 20
672.2490999999999
 10
864.9215055555557
 20
664.249511111111
 10
864.9818305555558
 20
656.248511111111
 10
865.011463888889
 20
648.2489222222221
 10
865.0410972222224
 20
640.2493333333332
 10
865.1014222222224
 20
632.2483333333332
 10
865.1310555555558
 20
624.2487444444444
 10
865.1606888888891
 20
616.2491555555554
 10
865.1903222222226
 20
608.2481555555554
 10
865.2199555555559
 20
600.2485666666665
 10
865.2495888888893
 20
592.2489777777777
 10
865.2495888888893
 20
584.2479777777776
 10
865.2792222222225
 20
576.2483888888888
 10
865.308855555556
 20
568.2488
 10
865.3384888888893
 20
560.2477999999999
 10
865.3384888888893
 20
552.248211111111
 10
865.3681222222227
 20
544.2486222222221
 10
865.6686888888893
 20
544.2486222222221
 10
865.6686888888893
 20
552.248211111111
 10
865.6379972222227
 20
560.2477999999999
 10
865.6379972222227
 20
568.2488
 10
865.6083638888892
 20
576.2483888888888
 10
865.6083638888892
 20
584.2479777777776
 10
865.5787305555559
 20
592.2489777777777
 10
865.5787305555559
 20
600.2485666666665
 10
865.5490972222227
 20
608.2481555555554
 10
865.5490972222227
 20
616.2491555555554
 10
865.5194638888893
 20
624.2487444444444
 10
865.4898305555558
 20
632.2483333333332
 10
865.4898305555558
 20
640.2493333333332
 10
865.4601972222225
 20
648.2489222222221
 10
865.4305638888892
 20
656.248511111111
 10
865.4009305555558
 20
664.249511111111
 10
865.3712972222223
 20
672.2490999999999
 10
865.3416638888891
 20
680.2500999999999
 10
865.3120305555558
 20
688.2496888888888
 10
865.2517055555558
 20
696.2492777777777
 10
865.2220722222224
 20
704.2502777777776
 10
865.1617472222224
 20
712.2498666666665
 10
865.1321138888891
 20
720.2494555555555
 10
865.0717888888889
 20
728.2504555555554
 10
865.0114638888889
 20
736.2500444444443
 10
864.9215055555555
 20
744.2496333333333
 10
864.8315472222222
 20
752.2506333333333
 10
864.7415888888887
 20
760.2502222222222
 10
864.6219972222221
 20
768.2498111111111
 10
864.4706555555554
 20
776.2508111111109
 10
864.320372222222
 20
784.2504
 10
863.1191638888889
 20
784.2504
 97
0
 75
1
 76
1
 98
0
  0
LWPOLYLINE
  5
45B
330
17
100
AcDbEntity
  8
CENTER
 62
250
100
AcDbPolyline
 90
63
 70
1
 10
865.5194638888887
 20
784.2504
 10
865.5797888888889
 20
776.2508111111109
 10
865.6094222222221
 20
768.2498111111111
 10
865.6708055555555
 20
760.2502222222222
 10
865.7004388888887
 20
752.2506333333333
 10
865.7300722222221
 20
744.2496333333333
 10
865.7597055555556
 20
736.2500444444443
 10
865.7597055555556
 20
728.2504555555554
 10
865.7893388888889
 20
720.2494555555555
 10
865.7893388888889
 20
712.2498666666665
 10
865.8189722222221
 20
704.2502777777776
 10
865.8189722222221
 20
696.2492777777777
 10
865.8486055555555
 20
688.2496888888888
 10
865.8486055555555
 20
680.2500999999999
 10
865.878238888889
 20
672.2490999999999
 10
865.878238888889
 20
664.249511111111
 10
865.878238888889
 20
656.248511111111
 10
865.9078722222223
 20
648.2489222222221
 10
865.9078722222223
 20
640.2493333333332
 10
865.9078722222223
 20
632.2483333333332
 10
865.9078722222223
 20
624.2487444444444
 10
865.9375055555555
 20
616.2491555555554
 10
865.9375055555555
 20
608.2481555555554
 10
865.9375055555555
 20
600.2485666666665
 10
865.9375055555555
 20
592.2489777777777
 10
865.9375055555555
 20
584.2479777777776
 10
865.9375055555555
 20
576.2483888888888
 10
865.9671388888889
 20
568.2488
 10
865.9671388888889
 20
560.2477999999999
 10
865.9671388888889
 20
552.248211111111
 10
865.9671388888889
 20
544.2486222222221
 10
866.2666472222223
 20
544.2486222222221
 10
866.2666472222223
 20
552.248211111111
 10
866.2666472222223
 20
560.2477999999999
 10
866.2666472222223
 20
568.2488
 10
866.2962805555557
 20
576.2483888888888
 10
866.2962805555557
 20
584.2479777777776
 10
866.2962805555557
 20
592.2489777777777
 10
866.2962805555557
 20
600.2485666666665
 10
866.2962805555557
 20
608.2481555555554
 10
866.2962805555557
 20
616.2491555555554
 10
866.3259138888891
 20
624.2487444444444
 10
866.3259138888891
 20
632.2483333333332
 10
866.3259138888891
 20
640.2493333333332
 10
866.3259138888891
 20
648.2489222222221
 10
866.3555472222224
 20
656.248511111111
 10
866.3555472222224
 20
664.249511111111
 10
866.3555472222224
 20
672.2490999999999
 10
866.3851805555557
 20
680.2500999999999
 10
866.3851805555557
 20
688.2496888888888
 10
866.4148138888891
 20
696.2492777777777
 10
866.4148138888891
 20
704.2502777777776
 10
866.4444472222225
 20
712.2498666666665
 10
866.4444472222225
 20
720.2494555555555
 10
866.4740805555558
 20
728.2504555555554
 10
866.5037138888893
 20
736.2500444444443
 10
866.5037138888893
 20
744.2496333333333
 10
866.5333472222225
 20
752.2506333333333
 10
866.5629805555559
 20
760.2502222222222
 10
866.6233055555558
 20
768.2498111111111
 10
866.6529388888893
 20
776.2508111111109
 10
866.7132638888892
 20
784.2504
 10
865.5194638888887
 20
784.2504
  0
SOLID
  5
45C
330
17
100
AcDbEntity
  8
CENTER
 62
250
420
0
100
AcDbTrace
 10
866.7132638888892
 20
784.2504
 30
0.0
 11
865.5194638888887
 21
784.2504
 31
0.0
 12
865.5797888888889
 22
776.2508111111109
 32
0.0
 13
865.5797888888889
 23
776.2508111111109
 33
0.0
  0
SOLID
  5
45D
330
17
100
AcDbEntity
  8
CENTER
 62
250
420
0
100
AcDbTrace
 10
866.7132638888892
 20
784.2504
 30
0.0
 11
865.5797888888889
 21
776.2508111111109
 31
0.0
 12
865.6094222222221
 22
768.2498111111111
 32
0.0
 13
865.6094222222221
 23
768.2498111111111
 33
0.0
  0
SOLID
  5
45E
330
17
100
AcDbEntity
  8
CENTER
 62
250
420
0
100
AcDbTrace
 10
866.7132638888892
 20
784.2504
 30
0.0
 11
865.6094222222221
 21
768.2498111111111
 31
0.0
 12
865.6708055555555
 22
760.2502222222222
 32
0.0
 13
865.6708055555555
 23
760.2502222222222
 33
0.0
  0
SOLID
  5
45F
330
17
100
AcDbEntity
  8
CENTER
 62
250
420
0
100
AcDbTrace
 10
866.7132638888892
 20
784.2504
 30
0.0
 11
865.6708055555555
 21
760.2502222222222
 31
0.0
 12
865.7004388888887
 22
752.2506333333333
 32
0.0
 13
865.7004388888887
 23
752.2506333333333
 33
0.0
  0
SOLID
  5
460
330
17
100
AcDbEntity
  8
CENTER
 62
250
420
0
100
AcDbTrace
 10
866.7132638888892
 20
784.2504
 30
0.0
 11
865.7004388888887
 21
752.2506333333333
 31
0.0
 12
865.7300722222221
 22
744.2496333333333
 32
0.0
 13
865.7300722222221
 23
744.2496333333333
 33
0.0
  0
SOLID
  5
461
330
17
100
AcDbEntity
  8
CENTER
 62
250
420
0
100
AcDbTrace
 10
866.7132638888892
 20
784.2504
 30
0.0
 11
865.7300722222221
 21
744.2496333333333
 31
0.0
 12
865.7597055555556
 22
736.2500444444443
 32
0.0
 13
865.7597055555556
 23
736.2500444444443
 33
0.0
  0
SOLID
  5
462
330
17
100
AcDbEntity
  8
CENTER
 62
250
420
0
100
AcDbTrace
 10
866.7132638888892
 20
784.2504
 30
0.0
 11
865.7597055555556
 21
736.2500444444443
 31
0.0
 12
865.7597055555556
 22
728.2504555555554
 32
0.0
 13
865.7597055555556
 23
728.2504555555554
 33
0.0
  0
SOLID
  5
463
330
17
100
AcDbEntity
  8
CENTER
 62
250
420
0
100
AcDbTrace
 10
866.7132638888892
 20
784.2504
 30
0.0
 11
865.7597055555556
 21
728.2504555555554
 31
0.0
 12
865.7893388888889
 22
720.2494555555555
 32
0.0
 13
865.7893388888889
 23
720.2494555555555
 33
0.0
  0
SOLID
  5
464
330
17
100
AcDbEntity
  8
CENTER
 62
250
420
0
100
AcDbTrace
 10
866.7132638888892
 20
784.2504
 30
0.0
 11
865.7893388888889
 21
720.2494555555555
 31
0.0
 12
865.7893388888889
 22
712.2498666666665
 32
0.0
 13
865.7893388888889
 23
712.2498666666665
 33
0.0
  0
SOLID
  5
465
330
17
100
AcDbEntity
  8
CENTER
 62
250
420
0
100
AcDbTrace
 10
866.7132638888892
 20
784.2504
 30
0.0
 11
865.7893388888889
 21
712.2498666666665
 31
0.0
 12
865.8189722222221
 22
704.2502777777776
 32
0.0
 13
865.8189722222221
 23
704.2502777777776
 33
0.0
  0
SOLID
  5
466
330
17
100
AcDbEntity
  8
CENTER
 62
250
420
0
100
AcDbTrace
 10
866.7132638888892
 20
784.2504
 30
0.0
 11
865.8189722222221
 21
704.2502777777776
 31
0.0
 12
865.8189722222221
 22
696.2492777777777
 32
0.0
 13
865.8189722222221
 23
696.2492777777777
 33
0.0
  0
SOLID
  5
467
330
17
100
AcDbEntity
  8
CENTER
 62
250
420
0
100
AcDbTrace
 10
866.7132638888892
 20
784.2504
 30
0.0
 11
865.8189722222221
 21
696.2492777777777
 31
0.0
 12
865.8486055555555
 22
688.2496888888888
 32
0.0
 13
865.8486055555555
 23
688.2496888888888
 33
0.0
  0
SOLID
  5
468
330
17
100
AcDbEntity
  8
CENTER
 62
250
420
0
100
AcDbTrace
 10
866.7132638888892
 20
784.2504
 30
0.0
 11
865.8486055555555
 21
688.2496888888888
 31
0.0
 12
865.8486055555555
 22
680.2500999999999
 32
0.0
 13
865.8486055555555
 23
680.2500999999999
 33
0.0
  0
SOLID
  5
469
330
17
100
AcDbEntity
  8
CENTER
 62
250
420
0
100
AcDbTrace
 10
865.878238888889
 20
664.249511111111
 30
0.0
 11
865.878238888889
 21
656.248511111111
 31
0.0
 12
865.9078722222223
 22
648.2489222222221
 32
0.0
 13
865.9078722222223
 23
648.2489222222221
 33
0.0
  0
SOLID
  5
46A
330
17
100
AcDbEntity
  8
CENTER
 62
250
420
0
100
AcDbTrace
 10
865.878238888889
 20
672.2490999999999
 30
0.0
 11
865.878238888889
 21
664.249511111111
 31
0.0
 12
865.9078722222223
 22
648.2489222222221
 32
0.0
 13
865.9078722222223
 23
648.2489222222221
 33
0.0
  0
SOLID
  5
46B
330
17
100
AcDbEntity
  8
CENTER
 62
250
420
0
100
AcDbTrace
 10
865.9078722222223
 20
632.2483333333332
 30
0.0
 11
865.9078722222223
 21
624.2487444444444
 31
0.0
 12
865.9375055555555
 22
616.2491555555554
 32
0.0
 13
865.9375055555555
 23
616.2491555555554
 33
0.0
  0
SOLID
  5
46C
330
17
100
AcDbEntity
  8
CENTER
 62
250
420
0
100
AcDbTrace
 10
865.9078722222223
 20
640.2493333333332
 30
0.0
 11
865.9078722222223
 21
632.2483333333332
 31
0.0
 12
865.9375055555555
 22
616.2491555555554
 32
0.0
 13
865.9375055555555
 23
616.2491555555554
 33
0.0
  0
SOLID
  5
46D
330
17
100
AcDbEntity
  8
CENTER
 62
250
420
0
100
AcDbTrace
 10
865.9078722222223
 20
648.2489222222221
 30
0.0
 11
865.9078722222223
 21
640.2493333333332
 31
0.0
 12
865.9375055555555
 22
616.2491555555554
 32
0.0
 13
865.9375055555555
 23
616.2491555555554
 33
0.0
  0
SOLID
  5
46E
330
17
100
AcDbEntity
  8
CENTER
 62
250
420
0
100
AcDbTrace
 10
865.9375055555555
 20
584.2479777777776
 30
0.0
 11
865.9375055555555
 21
576.2483888888888
 31
0.0
 12
865.9671388888889
 22
568.2488
 32
0.0
 13
865.9671388888889
 23
568.2488
 33
0.0
  0
SOLID
  5
46F
330
17
100
AcDbEntity
  8
CENTER
 62
250
420
0
100
AcDbTrace
 10
865.9375055555555
 20
592.2489777777777
 30
0.0
 11
865.9375055555555
 21
584.2479777777776
 31
0.0
 12
865.9671388888889
 22
568.2488
 32
0.0
 13
865.9671388888889
 23
568.2488
 33
0.0
  0
SOLID
  5
470
330
17
100
AcDbEntity
  8
CENTER
 62
250
420
0
100
AcDbTrace
 10
865.9375055555555
 20
600.2485666666665
 30
0.0
 11
865.9375055555555
 21
592.2489777777777
 31
0.0
 12
865.9671388888889
 22
568.2488
 32
0.0
 13
865.9671388888889
 23
568.2488
 33
0.0
  0
SOLID
  5
471
330
17
100
AcDbEntity
  8
CENTER
 62
250
420
0
100
AcDbTrace
 10
865.9375055555555
 20
608.2481555555554
 30
0.0
 11
865.9375055555555
 21
600.2485666666665
 31
0.0
 12
865.9671388888889
 22
568.2488
 32
0.0
 13
865.9671388888889
 23
568.2488
 33
0.0
  0
SOLID
  5
472
330
17
100
AcDbEntity
  8
CENTER
 62
250
420
0
100
AcDbTrace
 10
865.9375055555555
 20
616.2491555555554
 30
0.0
 11
865.9375055555555
 21
608.2481555555554
 31
0.0
 12
865.9671388888889
 22
568.2488
 32
0.0
 13
865.9671388888889
 23
568.2488
 33
0.0
  0
SOLID
  5
473
330
17
100
AcDbEntity
  8
CENTER
 62
250
420
0
100
AcDbTrace
 10
865.9671388888889
 20
552.248211111111
 30
0.0
 11
865.9671388888889
 21
544.2486222222221
 31
0.0
 12
866.2666472222223
 22
544.2486222222221
 32
0.0
 13
866.2666472222223
 23
544.2486222222221
 33
0.0
  0
SOLID
  5
474
330
17
100
AcDbEntity
  8
CENTER
 62
250
420
0
100
AcDbTrace
 10
865.9671388888889
 20
560.2477999999999
 30
0.0
 11
865.9671388888889
 21
552.248211111111
 31
0.0
 12
866.2666472222223
 22
544.2486222222221
 32
0.0
 13
866.2666472222223
 23
544.2486222222221
 33
0.0
  0
SOLID
  5
475
330
17
100
AcDbEntity
  8
CENTER
 62
250
420
0
100
AcDbTrace
 10
865.9671388888889
 20
568.2488
 30
0.0
 11
865.9671388888889
 21
560.2477999999999
 31
0.0
 12
866.2666472222223
 22
544.2486222222221
 32
0.0
 13
866.2666472222223
 23
544.2486222222221
 33
0.0
  0
SOLID
  5
476
330
17
100
AcDbEntity
  8
CENTER
 62
250
420
0
100
AcDbTrace
 10
865.9375055555555
 20
616.2491555555554
 30
0.0
 11
865.9671388888889
 21
568.2488
 31
0.0
 12
866.2666472222223
 22
544.2486222222221
 32
0.0
 13
866.2666472222223
 23
544.2486222222221
 33
0.0
  0
SOLID
  5
477
330
17
100
AcDbEntity
  8
CENTER
 62
250
420
0
100
AcDbTrace
 10
865.9078722222223
 20
648.2489222222221
 30
0.0
 11
865.9375055555555
 21
616.2491555555554
 31
0.0
 12
866.2666472222223
 22
544.2486222222221
 32
0.0
 13
866.2666472222223
 23
544.2486222222221
 33
0.0
  0
SOLID
  5
478
330
17
100
AcDbEntity
  8
CENTER
 62
250
420
0
100
AcDbTrace
 10
865.878238888889
 20
672.2490999999999
 30
0.0
 11
865.9078722222223
 21
648.2489222222221
 31
0.0
 12
866.2666472222223
 22
544.2486222222221
 32
0.0
 13
866.2666472222223
 23
544.2486222222221
 33
0.0
  0
SOLID
  5
479
330
17
100
AcDbEntity
  8
CENTER
 62
250
420
0
100
AcDbTrace
 10
865.878238888889
 20
672.2490999999999
 30
0.0
 11
866.2666472222223
 21
544.2486222222221
 31
0.0
 12
866.2666472222223
 22
552.248211111111
 32
0.0
 13
866.2666472222223
 23
552.248211111111
 33
0.0
  0
SOLID
  5
47A
330
17
100
AcDbEntity
  8
CENTER
 62
250
420
0
100
AcDbTrace
 10
865.878238888889
 20
672.2490999999999
 30
0.0
 11
866.2666472222223
 21
552.248211111111
 31
0.0
 12
866.2666472222223
 22
560.2477999999999
 32
0.0
 13
866.2666472222223
 23
560.2477999999999
 33
0.0
  0
SOLID
  5
47B
330
17
100
AcDbEntity
  8
CENTER
 62
250
420
0
100
AcDbTrace
 10
865.878238888889
 20
672.2490999999999
 30
0.0
 11
866.2666472222223
 21
560.2477999999999
 31
0.0
 12
866.2666472222223
 22
568.2488
 32
0.0
 13
866.2666472222223
 23
568.2488
 33
0.0
  0
SOLID
  5
47C
330
17
100
AcDbEntity
  8
CENTER
 62
250
420
0
100
AcDbTrace
 10
865.8486055555555
 20
680.2500999999999
 30
0.0
 11
865.878238888889
 21
672.2490999999999
 31
0.0
 12
866.2666472222223
 22
568.2488
 32
0.0
 13
866.2666472222223
 23
568.2488
 33
0.0
  0
SOLID
  5
47D
330
17
100
AcDbEntity
  8
CENTER
 62
250
420
0
100
AcDbTrace
 10
865.8486055555555
 20
680.2500999999999
 30
0.0
 11
866.2666472222223
 21
568.2488
 31
0.0
 12
866.2962805555557
 22
576.2483888888888
 32
0.0
 13
866.2962805555557
 23
576.2483888888888
 33
0.0
  0
SOLID
  5
47E
330
17
100
AcDbEntity
  8
CENTER
 62
250
420
0
100
AcDbTrace
 10
865.8486055555555
 20
680.2500999999999
 30
0.0
 11
866.2962805555557
 21
576.2483888888888
 31
0.0
 12
866.2962805555557
 22
584.2479777777776
 32
0.0
 13
866.2962805555557
 23
584.2479777777776
 33
0.0
  0
SOLID
  5
47F
330
17
100
AcDbEntity
  8
CENTER
 62
250
420
0
100
AcDbTrace
 10
865.8486055555555
 20
680.2500999999999
 30
0.0
 11
866.2962805555557
 21
584.2479777777776
 31
0.0
 12
866.2962805555557
 22
592.2489777777777
 32
0.0
 13
866.2962805555557
 23
592.2489777777777
 33
0.0
  0
SOLID
  5
480
330
17
100
AcDbEntity
  8
CENTER
 62
250
420
0
100
AcDbTrace
 10
865.8486055555555
 20
680.2500999999999
 30
0.0
 11
866.2962805555557
 21
592.2489777777777
 31
0.0
 12
866.2962805555557
 22
600.2485666666665
 32
0.0
 13
866.2962805555557
 23
600.2485666666665
 33
0.0
  0
SOLID
  5
481
330
17
100
AcDbEntity
  8
CENTER
 62
250
420
0
100
AcDbTrace
 10
865.8486055555555
 20
680.2500999999999
 30
0.0
 11
866.2962805555557
 21
600.2485666666665
 31
0.0
 12
866.2962805555557
 22
608.2481555555554
 32
0.0
 13
866.2962805555557
 23
608.2481555555554
 33
0.0
  0
SOLID
  5
482
330
17
100
AcDbEntity
  8
CENTER
 62
250
420
0
100
AcDbTrace
 10
865.8486055555555
 20
680.2500999999999
 30
0.0
 11
866.2962805555557
 21
608.2481555555554
 31
0.0
 12
866.2962805555557
 22
616.2491555555554
 32
0.0
 13
866.2962805555557
 23
616.2491555555554
 33
0.0
  0
SOLID
  5
483
330
17
100
AcDbEntity
  8
CENTER
 62
250
420
0
100
AcDbTrace
 10
865.8486055555555
 20
680.2500999999999
 30
0.0
 11
866.2962805555557
 21
616.2491555555554
 31
0.0
 12
866.3259138888891
 22
624.2487444444444
 32
0.0
 13
866.3259138888891
 23
624.2487444444444
 33
0.0
  0
SOLID
  5
484
330
17
100
AcDbEntity
  8
CENTER
 62
250
420
0
100
AcDbTrace
 10
865.8486055555555
 20
680.2500999999999
 30
0.0
 11
866.3259138888891
 21
624.2487444444444
 31
0.0
 12
866.3259138888891
 22
632.2483333333332
 32
0.0
 13
866.3259138888891
 23
632.2483333333332
 33
0.0
  0
SOLID
  5
485
330
17
100
AcDbEntity
  8
CENTER
 62
250
420
0
100
AcDbTrace
 10
865.8486055555555
 20
680.2500999999999
 30
0.0
 11
866.3259138888891
 21
632.2483333333332
 31
0.0
 12
866.3259138888891
 22
640.2493333333332
 32
0.0
 13
866.3259138888891
 23
640.2493333333332
 33
0.0
  0
SOLID
  5
486
330
17
100
AcDbEntity
  8
CENTER
 62
250
420
0
100
AcDbTrace
 10
865.8486055555555
 20
680.2500999999999
 30
0.0
 11
866.3259138888891
 21
640.2493333333332
 31
0.0
 12
866.3259138888891
 22
648.2489222222221
 32
0.0
 13
866.3259138888891
 23
648.2489222222221
 33
0.0
  0
SOLID
  5
487
330
17
100
AcDbEntity
  8
CENTER
 62
250
420
0
100
AcDbTrace
 10
865.8486055555555
 20
680.2500999999999
 30
0.0
 11
866.3259138888891
 21
648.2489222222221
 31
0.0
 12
866.3555472222224
 22
656.248511111111
 32
0.0
 13
866.3555472222224
 23
656.248511111111
 33
0.0
  0
SOLID
  5
488
330
17
100
AcDbEntity
  8
CENTER
 62
250
420
0
100
AcDbTrace
 10
865.8486055555555
 20
680.2500999999999
 30
0.0
 11
866.3555472222224
 21
656.248511111111
 31
0.0
 12
866.3555472222224
 22
664.249511111111
 32
0.0
 13
866.3555472222224
 23
664.249511111111
 33
0.0
  0
SOLID
  5
489
330
17
100
AcDbEntity
  8
CENTER
 62
250
420
0
100
AcDbTrace
 10
865.8486055555555
 20
680.2500999999999
 30
0.0
 11
866.3555472222224
 21
664.249511111111
 31
0.0
 12
866.3555472222224
 22
672.2490999999999
 32
0.0
 13
866.3555472222224
 23
672.2490999999999
 33
0.0
  0
SOLID
  5
48A
330
17
100
AcDbEntity
  8
CENTER
 62
250
420
0
100
AcDbTrace
 10
865.8486055555555
 20
680.2500999999999
 30
0.0
 11
866.3555472222224
 21
672.2490999999999
 31
0.0
 12
866.3851805555557
 22
680.2500999999999
 32
0.0
 13
866.3851805555557
 23
680.2500999999999
 33
0.0
  0
SOLID
  5
48B
330
17
100
AcDbEntity
  8
CENTER
 62
250
420
0
100
AcDbTrace
 10
865.8486055555555
 20
680.2500999999999
 30
0.0
 11
866.3851805555557
 21
680.2500999999999
 31
0.0
 12
866.3851805555557
 22
688.2496888888888
 32
0.0
 13
866.3851805555557
 23
688.2496888888888
 33
0.0
  0
SOLID
  5
48C
330
17
100
AcDbEntity
  8
CENTER
 62
250
420
0
100
AcDbTrace
 10
865.8486055555555
 20
680.2500999999999
 30
0.0
 11
866.3851805555557
 21
688.2496888888888
 31
0.0
 12
866.4148138888891
 22
696.2492777777777
 32
0.0
 13
866.4148138888891
 23
696.2492777777777
 33
0.0
  0
SOLID
  5
48D
330
17
100
AcDbEntity
  8
CENTER
 62
250
420
0
100
AcDbTrace
 10
865.8486055555555
 20
680.2500999999999
 30
0.0
 11
866.4148138888891
 21
696.2492777777777
 31
0.0
 12
866.4148138888891
 22
704.2502777777776
 32
0.0
 13
866.4148138888891
 23
704.2502777777776
 33
0.0
  0
SOLID
  5
48E
330
17
100
AcDbEntity
  8
CENTER
 62
250
420
0
100
AcDbTrace
 10
865.8486055555555
 20
680.2500999999999
 30
0.0
 11
866.4148138888891
 21
704.2502777777776
 31
0.0
 12
866.4444472222225
 22
712.2498666666665
 32
0.0
 13
866.4444472222225
 23
712.2498666666665
 33
0.0
  0
SOLID
  5
48F
330
17
100
AcDbEntity
  8
CENTER
 62
250
420
0
100
AcDbTrace
 10
865.8486055555555
 20
680.2500999999999
 30
0.0
 11
866.4444472222225
 21
712.2498666666665
 31
0.0
 12
866.4444472222225
 22
720.2494555555555
 32
0.0
 13
866.4444472222225
 23
720.2494555555555
 33
0.0
  0
SOLID
  5
490
330
17
100
AcDbEntity
  8
CENTER
 62
250
420
0
100
AcDbTrace
 10
865.8486055555555
 20
680.2500999999999
 30
0.0
 11
866.4444472222225
 21
720.2494555555555
 31
0.0
 12
866.4740805555558
 22
728.2504555555554
 32
0.0
 13
866.4740805555558
 23
728.2504555555554
 33
0.0
  0
SOLID
  5
491
330
17
100
AcDbEntity
  8
CENTER
 62
250
420
0
100
AcDbTrace
 10
865.8486055555555
 20
680.2500999999999
 30
0.0
 11
866.4740805555558
 21
728.2504555555554
 31
0.0
 12
866.5037138888893
 22
736.2500444444443
 32
0.0
 13
866.5037138888893
 23
736.2500444444443
 33
0.0
  0
SOLID
  5
492
330
17
100
AcDbEntity
  8
CENTER
 62
250
420
0
100
AcDbTrace
 10
865.8486055555555
 20
680.2500999999999
 30
0.0
 11
866.5037138888893
 21
736.2500444444443
 31
0.0
 12
866.5037138888893
 22
744.2496333333333
 32
0.0
 13
866.5037138888893
 23
744.2496333333333
 33
0.0
  0
SOLID
  5
493
330
17
100
AcDbEntity
  8
CENTER
 62
250
420
0
100
AcDbTrace
 10
865.8486055555555
 20
680.2500999999999
 30
0.0
 11
866.5037138888893
 21
744.2496333333333
 31
0.0
 12
866.5333472222225
 22
752.2506333333333
 32
0.0
 13
866.5333472222225
 23
752.2506333333333
 33
0.0
  0
SOLID
  5
494
330
17
100
AcDbEntity
  8
CENTER
 62
250
420
0
100
AcDbTrace
 10
865.8486055555555
 20
680.2500999999999
 30
0.0
 11
866.5333472222225
 21
752.2506333333333
 31
0.0
 12
866.5629805555559
 22
760.2502222222222
 32
0.0
 13
866.5629805555559
 23
760.2502222222222
 33
0.0
  0
SOLID
  5
495
330
17
100
AcDbEntity
  8
CENTER
 62
250
420
0
100
AcDbTrace
 10
865.8486055555555
 20
680.2500999999999
 30
0.0
 11
866.5629805555559
 21
760.2502222222222
 31
0.0
 12
866.6233055555558
 22
768.2498111111111
 32
0.0
 13
866.6233055555558
 23
768.2498111111111
 33
0.0
  0
SOLID
  5
496
330
17
100
AcDbEntity
  8
CENTER
 62
250
420
0
100
AcDbTrace
 10
865.8486055555555
 20
680.2500999999999
 30
0.0
 11
866.6233055555558
 21
768.2498111111111
 31
0.0
 12
866.6529388888893
 22
776.2508111111109
 32
0.0
 13
866.6529388888893
 23
776.2508111111109
 33
0.0
  0
SOLID
  5
497
330
17
100
AcDbEntity
  8
CENTER
 62
250
420
0
100
AcDbTrace
 10
865.8486055555555
 20
680.2500999999999
 30
0.0
 11
866.6529388888893
 21
776.2508111111109
 31
0.0
 12
866.7132638888892
 22
784.2504
 32
0.0
 13
866.7132638888892
 23
784.2504
 33
0.0
  0
HATCH
  5
498
330
17
100
AcDbEntity
  8
CENTER
 62
7
420
0
100
AcDbHatch
 10
0.0
 20
0.0
 30
0.0
210
0.0
220
0.0
230
1.0
  2
SOLID
 70
1
 71
0
 91
1
 92
3
 72
0
 73
1
 93
63
 10
865.5194638888887
 20
784.2504
 10
865.5797888888889
 20
776.2508111111109
 10
865.6094222222221
 20
768.2498111111111
 10
865.6708055555555
 20
760.2502222222222
 10
865.7004388888887
 20
752.2506333333333
 10
865.7300722222221
 20
744.2496333333333
 10
865.7597055555556
 20
736.2500444444443
 10
865.7597055555556
 20
728.2504555555554
 10
865.7893388888889
 20
720.2494555555555
 10
865.7893388888889
 20
712.2498666666665
 10
865.8189722222221
 20
704.2502777777776
 10
865.8189722222221
 20
696.2492777777777
 10
865.8486055555555
 20
688.2496888888888
 10
865.8486055555555
 20
680.2500999999999
 10
865.878238888889
 20
672.2490999999999
 10
865.878238888889
 20
664.249511111111
 10
865.878238888889
 20
656.248511111111
 10
865.9078722222223
 20
648.2489222222221
 10
865.9078722222223
 20
640.2493333333332
 10
865.9078722222223
 20
632.2483333333332
 10
865.9078722222223
 20
624.2487444444444
 10
865.9375055555555
 20
616.2491555555554
 10
865.9375055555555
 20
608.2481555555554
 10
865.9375055555555
 20
600.2485666666665
 10
865.9375055555555
 20
592.2489777777777
 10
865.9375055555555
 20
584.2479777777776
 10
865.9375055555555
 20
576.2483888888888
 10
865.9671388888889
 20
568.2488
 10
865.9671388888889
 20
560.2477999999999
 10
865.9671388888889
 20
552.248211111111
 10
865.9671388888889
 20
544.2486222222221
 10
866.2666472222223
 20
544.2486222222221
 10
866.2666472222223
 20
552.248211111111
 10
866.2666472222223
 20
560.2477999999999
 10
866.2666472222223
 20
568.2488
 10
866.2962805555557
 20
576.2483888888888
 10
866.2962805555557
 20
584.2479777777776
 10
866.2962805555557
 20
592.2489777777777
 10
866.2962805555557
 20
600.2485666666665
 10
866.2962805555557
 20
608.2481555555554
 10
866.2962805555557
 20
616.2491555555554
 10
866.3259138888891
 20
624.2487444444444
 10
866.3259138888891
 20
632.2483333333332
 10
866.3259138888891
 20
640.2493333333332
 10
866.3259138888891
 20
648.2489222222221
 10
866.3555472222224
 20
656.248511111111
 10
866.3555472222224
 20
664.249511111111
 10
866.3555472222224
 20
672.2490999999999
 10
866.3851805555557
 20
680.2500999999999
 10
866.3851805555557
 20
688.2496888888888
 10
866.4148138888891
 20
696.2492777777777
 10
866.4148138888891
 20
704.2502777777776
 10
866.4444472222225
 20
712.2498666666665
 10
866.4444472222225
 20
720.2494555555555
 10
866.4740805555558
 20
728.2504555555554
 10
866.5037138888893
 20
736.2500444444443
 10
866.5037138888893
 20
744.2496333333333
 10
866.5333472222225
 20
752.2506333333333
 10
866.5629805555559
 20
760.2502222222222
 10
866.6233055555558
 20
768.2498111111111
 10
866.6529388888893
 20
776.2508111111109
 10
866.7132638888892
 20
784.2504
 10
865.5194638888887
 20
784.2504
 97
0
 75
1
 76
1
 98
0
  0
LWPOLYLINE
  5
499
330
17
100
AcDbEntity
  8
CENTER
 62
250
100
AcDbPolyline
 90
63
 70
1
 10
867.9187055555556
 20
784.2504
 10
867.7684222222221
 20
776.2508111111109
 10
867.6181388888886
 20
768.2498111111111
 10
867.498547222222
 20
760.2502222222222
 10
867.4085888888886
 20
752.2506333333333
 10
867.3186305555552
 20
744.2496333333333
 10
867.2583055555551
 20
736.2500444444443
 10
867.1683472222218
 20
728.2504555555554
 10
867.1080222222218
 20
720.2494555555555
 10
867.0783888888884
 20
712.2498666666665
 10
867.0180638888885
 20
704.2502777777776
 10
866.988430555555
 20
696.2492777777777
 10
866.928105555555
 20
688.2496888888888
 10
866.8984722222216
 20
680.2500999999999
 10
866.8688388888884
 20
672.2490999999999
 10
866.839205555555
 20
664.249511111111
 10
866.8095722222216
 20
656.248511111111
 10
866.7799388888882
 20
648.2489222222221
 10
866.7492472222217
 20
640.2493333333332
 10
866.7492472222217
 20
632.2483333333332
 10
866.7196138888883
 20
624.2487444444444
 10
866.6899805555548
 20
616.2491555555554
 10
866.6899805555548
 20
608.2481555555554
 10
866.6603472222216
 20
600.2485666666665
 10
866.6603472222216
 20
592.2489777777777
 10
866.6307138888883
 20
584.2479777777776
 10
866.6307138888883
 20
576.2483888888888
 10
866.6010805555549
 20
568.2488
 10
866.6010805555549
 20
560.2477999999999
 10
866.5714472222214
 20
552.248211111111
 10
866.5714472222214
 20
544.2486222222221
 10
866.8720138888882
 20
544.2486222222221
 10
866.9016472222215
 20
552.248211111111
 10
866.9016472222215
 20
560.2477999999999
 10
866.931280555555
 20
568.2488
 10
866.9609138888882
 20
576.2483888888888
 10
866.9905472222216
 20
584.2479777777776
 10
866.9905472222216
 20
592.2489777777777
 10
867.0201805555549
 20
600.2485666666665
 10
867.0498138888884
 20
608.2481555555554
 10
867.0794472222216
 20
616.2491555555554
 10
867.109080555555
 20
624.2487444444444
 10
867.1387138888883
 20
632.2483333333332
 10
867.1990388888884
 20
640.2493333333332
 10
867.2286722222217
 20
648.2489222222221
 10
867.2583055555551
 20
656.248511111111
 10
867.318630555555
 20
664.249511111111
 10
867.3789555555552
 20
672.2490999999999
 10
867.4085888888884
 20
680.2500999999999
 10
867.4689138888886
 20
688.2496888888888
 10
867.5588722222219
 20
696.2492777777777
 10
867.6191972222218
 20
704.2502777777776
 10
867.7091555555552
 20
712.2498666666665
 10
867.7991138888885
 20
720.2494555555555
 10
867.8901305555553
 20
728.2504555555554
 10
868.009722222222
 20
736.2500444444443
 10
868.1293138888888
 20
744.2496333333333
 10
868.2489055555554
 20
752.2506333333333
 10
868.4288222222222
 20
760.2502222222222
 10
868.6087388888888
 20
768.2498111111111
 10
868.8489805555555
 20
776.2508111111109
 10
869.1199138888886
 20
784.2504
 10
867.9187055555556
 20
784.2504
  0
SOLID
  5
49A
330
17
100
AcDbEntity
  8
CENTER
 62
250
420
0
100
AcDbTrace
 10
869.1199138888886
 20
784.2504
 30
0.0
 11
867.9187055555556
 21
784.2504
 31
0.0
 12
867.7684222222221
 22
776.2508111111109
 32
0.0
 13
867.7684222222221
 23
776.2508111111109
 33
0.0
  0
SOLID
  5
49B
330
17
100
AcDbEntity
  8
CENTER
 62
250
420
0
100
AcDbTrace
 10
869.1199138888886
 20
784.2504
 30
0.0
 11
867.7684222222221
 21
776.2508111111109
 31
0.0
 12
867.6181388888886
 22
768.2498111111111
 32
0.0
 13
867.6181388888886
 23
768.2498111111111
 33
0.0
  0
SOLID
  5
49C
330
17
100
AcDbEntity
  8
CENTER
 62
250
420
0
100
AcDbTrace
 10
869.1199138888886
 20
784.2504
 30
0.0
 11
867.6181388888886
 21
768.2498111111111
 31
0.0
 12
867.498547222222
 22
760.2502222222222
 32
0.0
 13
867.498547222222
 23
760.2502222222222
 33
0.0
  0
SOLID
  5
49D
330
17
100
AcDbEntity
  8
CENTER
 62
250
420
0
100
AcDbTrace
 10
869.1199138888886
 20
784.2504
 30
0.0
 11
867.498547222222
 21
760.2502222222222
 31
0.0
 12
867.4085888888886
 22
752.2506333333333
 32
0.0
 13
867.4085888888886
 23
752.2506333333333
 33
0.0
  0
SOLID
  5
49E
330
17
100
AcDbEntity
  8
CENTER
 62
250
420
0
100
AcDbTrace
 10
869.1199138888886
 20
784.2504
 30
0.0
 11
867.4085888888886
 21
752.2506333333333
 31
0.0
 12
867.3186305555552
 22
744.2496333333333
 32
0.0
 13
867.3186305555552
 23
744.2496333333333
 33
0.0
  0
SOLID
  5
49F
330
17
100
AcDbEntity
  8
CENTER
 62
250
420
0
100
AcDbTrace
 10
869.1199138888886
 20
784.2504
 30
0.0
 11
867.3186305555552
 21
744.2496333333333
 31
0.0
 12
867.2583055555551
 22
736.2500444444443
 32
0.0
 13
867.2583055555551
 23
736.2500444444443
 33
0.0
  0
SOLID
  5
4A0
330
17
100
AcDbEntity
  8
CENTER
 62
250
420
0
100
AcDbTrace
 10
869.1199138888886
 20
784.2504
 30
0.0
 11
867.2583055555551
 21
736.2500444444443
 31
0.0
 12
867.1683472222218
 22
728.2504555555554
 32
0.0
 13
867.1683472222218
 23
728.2504555555554
 33
0.0
  0
SOLID
  5
4A1
330
17
100
AcDbEntity
  8
CENTER
 62
250
420
0
100
AcDbTrace
 10
867.1683472222218
 20
728.2504555555554
 30
0.0
 11
867.1080222222218
 21
720.2494555555555
 31
0.0
 12
867.0783888888884
 22
712.2498666666665
 32
0.0
 13
867.0783888888884
 23
712.2498666666665
 33
0.0
  0
SOLID
  5
4A2
330
17
100
AcDbEntity
  8
CENTER
 62
250
420
0
100
AcDbTrace
 10
867.0783888888884
 20
712.2498666666665
 30
0.0
 11
867.0180638888885
 21
704.2502777777776
 31
0.0
 12
866.988430555555
 22
696.2492777777777
 32
0.0
 13
866.988430555555
 23
696.2492777777777
 33
0.0
  0
SOLID
  5
4A3
330
17
100
AcDbEntity
  8
CENTER
 62
250
420
0
100
AcDbTrace
 10
866.988430555555
 20
696.2492777777777
 30
0.0
 11
866.928105555555
 21
688.2496888888888
 31
0.0
 12
866.8984722222216
 22
680.2500999999999
 32
0.0
 13
866.8984722222216
 23
680.2500999999999
 33
0.0
  0
SOLID
  5
4A4
330
17
100
AcDbEntity
  8
CENTER
 62
250
420
0
100
AcDbTrace
 10
866.988430555555
 20
696.2492777777777
 30
0.0
 11
866.8984722222216
 21
680.2500999999999
 31
0.0
 12
866.8688388888884
 22
672.2490999999999
 32
0.0
 13
866.8688388888884
 23
672.2490999999999
 33
0.0
  0
SOLID
  5
4A5
330
17
100
AcDbEntity
  8
CENTER
 62
250
420
0
100
AcDbTrace
 10
867.0783888888884
 20
712.2498666666665
 30
0.0
 11
866.988430555555
 21
696.2492777777777
 31
0.0
 12
866.8688388888884
 22
672.2490999999999
 32
0.0
 13
866.8688388888884
 23
672.2490999999999
 33
0.0
  0
SOLID
  5
4A6
330
17
100
AcDbEntity
  8
CENTER
 62
250
420
0
100
AcDbTrace
 10
867.1683472222218
 20
728.2504555555554
 30
0.0
 11
867.0783888888884
 21
712.2498666666665
 31
0.0
 12
866.8688388888884
 22
672.2490999999999
 32
0.0
 13
866.8688388888884
 23
672.2490999999999
 33
0.0
  0
SOLID
  5
4A7
330
17
100
AcDbEntity
  8
CENTER
 62
250
420
0
100
AcDbTrace
 10
867.1683472222218
 20
728.2504555555554
 30
0.0
 11
866.8688388888884
 21
672.2490999999999
 31
0.0
 12
866.839205555555
 22
664.249511111111
 32
0.0
 13
866.839205555555
 23
664.249511111111
 33
0.0
  0
SOLID
  5
4A8
330
17
100
AcDbEntity
  8
CENTER
 62
250
420
0
100
AcDbTrace
 10
867.1683472222218
 20
728.2504555555554
 30
0.0
 11
866.839205555555
 21
664.249511111111
 31
0.0
 12
866.8095722222216
 22
656.248511111111
 32
0.0
 13
866.8095722222216
 23
656.248511111111
 33
0.0
  0
SOLID
  5
4A9
330
17
100
AcDbEntity
  8
CENTER
 62
250
420
0
100
AcDbTrace
 10
867.1683472222218
 20
728.2504555555554
 30
0.0
 11
866.8095722222216
 21
656.248511111111
 31
0.0
 12
866.7799388888882
 22
648.2489222222221
 32
0.0
 13
866.7799388888882
 23
648.2489222222221
 33
0.0
  0
SOLID
  5
4AA
330
17
100
AcDbEntity
  8
CENTER
 62
250
420
0
100
AcDbTrace
 10
867.1683472222218
 20
728.2504555555554
 30
0.0
 11
866.7799388888882
 21
648.2489222222221
 31
0.0
 12
866.7492472222217
 22
640.2493333333332
 32
0.0
 13
866.7492472222217
 23
640.2493333333332
 33
0.0
  0
SOLID
  5
4AB
330
17
100
AcDbEntity
  8
CENTER
 62
250
420
0
100
AcDbTrace
 10
867.1683472222218
 20
728.2504555555554
 30
0.0
 11
866.7492472222217
 21
640.2493333333332
 31
0.0
 12
866.7492472222217
 22
632.2483333333332
 32
0.0
 13
866.7492472222217
 23
632.2483333333332
 33
0.0
  0
SOLID
  5
4AC
330
17
100
AcDbEntity
  8
CENTER
 62
250
420
0
100
AcDbTrace
 10
867.1683472222218
 20
728.2504555555554
 30
0.0
 11
866.7492472222217
 21
632.2483333333332
 31
0.0
 12
866.7196138888883
 22
624.2487444444444
 32
0.0
 13
866.7196138888883
 23
624.2487444444444
 33
0.0
  0
SOLID
  5
4AD
330
17
100
AcDbEntity
  8
CENTER
 62
250
420
0
100
AcDbTrace
 10
867.1683472222218
 20
728.2504555555554
 30
0.0
 11
866.7196138888883
 21
624.2487444444444
 31
0.0
 12
866.6899805555548
 22
616.2491555555554
 32
0.0
 13
866.6899805555548
 23
616.2491555555554
 33
0.0
  0
SOLID
  5
4AE
330
17
100
AcDbEntity
  8
CENTER
 62
250
420
0
100
AcDbTrace
 10
867.1683472222218
 20
728.2504555555554
 30
0.0
 11
866.6899805555548
 21
616.2491555555554
 31
0.0
 12
866.6899805555548
 22
608.2481555555554
 32
0.0
 13
866.6899805555548
 23
608.2481555555554
 33
0.0
  0
SOLID
  5
4AF
330
17
100
AcDbEntity
  8
CENTER
 62
250
420
0
100
AcDbTrace
 10
867.1683472222218
 20
728.2504555555554
 30
0.0
 11
866.6899805555548
 21
608.2481555555554
 31
0.0
 12
866.6603472222216
 22
600.2485666666665
 32
0.0
 13
866.6603472222216
 23
600.2485666666665
 33
0.0
  0
SOLID
  5
4B0
330
17
100
AcDbEntity
  8
CENTER
 62
250
420
0
100
AcDbTrace
 10
867.1683472222218
 20
728.2504555555554
 30
0.0
 11
866.6603472222216
 21
600.2485666666665
 31
0.0
 12
866.6603472222216
 22
592.2489777777777
 32
0.0
 13
866.6603472222216
 23
592.2489777777777
 33
0.0
  0
SOLID
  5
4B1
330
17
100
AcDbEntity
  8
CENTER
 62
250
420
0
100
AcDbTrace
 10
867.1683472222218
 20
728.2504555555554
 30
0.0
 11
866.6603472222216
 21
592.2489777777777
 31
0.0
 12
866.6307138888883
 22
584.2479777777776
 32
0.0
 13
866.6307138888883
 23
584.2479777777776
 33
0.0
  0
SOLID
  5
4B2
330
17
100
AcDbEntity
  8
CENTER
 62
250
420
0
100
AcDbTrace
 10
867.1683472222218
 20
728.2504555555554
 30
0.0
 11
866.6307138888883
 21
584.2479777777776
 31
0.0
 12
866.6307138888883
 22
576.2483888888888
 32
0.0
 13
866.6307138888883
 23
576.2483888888888
 33
0.0
  0
SOLID
  5
4B3
330
17
100
AcDbEntity
  8
CENTER
 62
250
420
0
100
AcDbTrace
 10
866.6307138888883
 20
576.2483888888888
 30
0.0
 11
866.6010805555549
 21
568.2488
 31
0.0
 12
866.6010805555549
 22
560.2477999999999
 32
0.0
 13
866.6010805555549
 23
560.2477999999999
 33
0.0
  0
SOLID
  5
4B4
330
17
100
AcDbEntity
  8
CENTER
 62
250
420
0
100
AcDbTrace
 10
867.1683472222218
 20
728.2504555555554
 30
0.0
 11
866.6307138888883
 21
576.2483888888888
 31
0.0
 12
866.6010805555549
 22
560.2477999999999
 32
0.0
 13
866.6010805555549
 23
560.2477999999999
 33
0.0
  0
SOLID
  5
4B5
330
17
100
AcDbEntity
  8
CENTER
 62
250
420
0
100
AcDbTrace
 10
866.6010805555549
 20
560.2477999999999
 30
0.0
 11
866.5714472222214
 21
552.248211111111
 31
0.0
 12
866.5714472222214
 22
544.2486222222221
 32
0.0
 13
866.5714472222214
 23
544.2486222222221
 33
0.0
  0
SOLID
  5
4B6
330
17
100
AcDbEntity
  8
CENTER
 62
250
420
0
100
AcDbTrace
 10
867.1683472222218
 20
728.2504555555554
 30
0.0
 11
866.6010805555549
 21
560.2477999999999
 31
0.0
 12
866.5714472222214
 22
544.2486222222221
 32
0.0
 13
866.5714472222214
 23
544.2486222222221
 33
0.0
  0
SOLID
  5
4B7
330
17
100
AcDbEntity
  8
CENTER
 62
250
420
0
100
AcDbTrace
 10
867.1683472222218
 20
728.2504555555554
 30
0.0
 11
866.5714472222214
 21
544.2486222222221
 31
0.0
 12
866.8720138888882
 22
544.2486222222221
 32
0.0
 13
866.8720138888882
 23
544.2486222222221
 33
0.0
  0
SOLID
  5
4B8
330
17
100
AcDbEntity
  8
CENTER
 62
250
420
0
100
AcDbTrace
 10
866.8720138888882
 20
544.2486222222221
 30
0.0
 11
866.9016472222215
 21
552.248211111111
 31
0.0
 12
866.9016472222215
 22
560.2477999999999
 32
0.0
 13
866.9016472222215
 23
560.2477999999999
 33
0.0
  0
SOLID
  5
4B9
330
17
100
AcDbEntity
  8
CENTER
 62
250
420
0
100
AcDbTrace
 10
867.1683472222218
 20
728.2504555555554
 30
0.0
 11
866.8720138888882
 21
544.2486222222221
 31
0.0
 12
866.9016472222215
 22
560.2477999999999
 32
0.0
 13
866.9016472222215
 23
560.2477999999999
 33
0.0
  0
SOLID
  5
4BA
330
17
100
AcDbEntity
  8
CENTER
 62
250
420
0
100
AcDbTrace
 10
867.1683472222218
 20
728.2504555555554
 30
0.0
 11
866.9016472222215
 21
560.2477999999999
 31
0.0
 12
866.931280555555
 22
568.2488
 32
0.0
 13
866.931280555555
 23
568.2488
 33
0.0
  0
SOLID
  5
4BB
330
17
100
AcDbEntity
  8
CENTER
 62
250
420
0
100
AcDbTrace
 10
867.1683472222218
 20
728.2504555555554
 30
0.0
 11
866.931280555555
 21
568.2488
 31
0.0
 12
866.9609138888882
 22
576.2483888888888
 32
0.0
 13
866.9609138888882
 23
576.2483888888888
 33
0.0
  0
SOLID
  5
4BC
330
17
100
AcDbEntity
  8
CENTER
 62
250
420
0
100
AcDbTrace
 10
866.9609138888882
 20
576.2483888888888
 30
0.0
 11
866.9905472222216
 21
584.2479777777776
 31
0.0
 12
866.9905472222216
 22
592.2489777777777
 32
0.0
 13
866.9905472222216
 23
592.2489777777777
 33
0.0
  0
SOLID
  5
4BD
330
17
100
AcDbEntity
  8
CENTER
 62
250
420
0
100
AcDbTrace
 10
867.1683472222218
 20
728.2504555555554
 30
0.0
 11
866.9609138888882
 21
576.2483888888888
 31
0.0
 12
866.9905472222216
 22
592.2489777777777
 32
0.0
 13
866.9905472222216
 23
592.2489777777777
 33
0.0
  0
SOLID
  5
4BE
330
17
100
AcDbEntity
  8
CENTER
 62
250
420
0
100
AcDbTrace
 10
867.1683472222218
 20
728.2504555555554
 30
0.0
 11
866.9905472222216
 21
592.2489777777777
 31
0.0
 12
867.0201805555549
 22
600.2485666666665
 32
0.0
 13
867.0201805555549
 23
600.2485666666665
 33
0.0
  0
SOLID
  5
4BF
330
17
100
AcDbEntity
  8
CENTER
 62
250
420
0
100
AcDbTrace
 10
867.1683472222218
 20
728.2504555555554
 30
0.0
 11
867.0201805555549
 21
600.2485666666665
 31
0.0
 12
867.0498138888884
 22
608.2481555555554
 32
0.0
 13
867.0498138888884
 23
608.2481555555554
 33
0.0
  0
SOLID
  5
4C0
330
17
100
AcDbEntity
  8
CENTER
 62
250
420
0
100
AcDbTrace
 10
867.1683472222218
 20
728.2504555555554
 30
0.0
 11
867.0498138888884
 21
608.2481555555554
 31
0.0
 12
867.0794472222216
 22
616.2491555555554
 32
0.0
 13
867.0794472222216
 23
616.2491555555554
 33
0.0
  0
SOLID
  5
4C1
330
17
100
AcDbEntity
  8
CENTER
 62
250
420
0
100
AcDbTrace
 10
867.1683472222218
 20
728.2504555555554
 30
0.0
 11
867.0794472222216
 21
616.2491555555554
 31
0.0
 12
867.109080555555
 22
624.2487444444444
 32
0.0
 13
867.109080555555
 23
624.2487444444444
 33
0.0
  0
SOLID
  5
4C2
330
17
100
AcDbEntity
  8
CENTER
 62
250
420
0
100
AcDbTrace
 10
867.1683472222218
 20
728.2504555555554
 30
0.0
 11
867.109080555555
 21
624.2487444444444
 31
0.0
 12
867.1387138888883
 22
632.2483333333332
 32
0.0
 13
867.1387138888883
 23
632.2483333333332
 33
0.0
  0
SOLID
  5
4C3
330
17
100
AcDbEntity
  8
CENTER
 62
250
420
0
100
AcDbTrace
 10
867.1683472222218
 20
728.2504555555554
 30
0.0
 11
867.1387138888883
 21
632.2483333333332
 31
0.0
 12
867.1990388888884
 22
640.2493333333332
 32
0.0
 13
867.1990388888884
 23
640.2493333333332
 33
0.0
  0
SOLID
  5
4C4
330
17
100
AcDbEntity
  8
CENTER
 62
250
420
0
100
AcDbTrace
 10
867.1683472222218
 20
728.2504555555554
 30
0.0
 11
867.1990388888884
 21
640.2493333333332
 31
0.0
 12
867.2286722222217
 22
648.2489222222221
 32
0.0
 13
867.2286722222217
 23
648.2489222222221
 33
0.0
  0
SOLID
  5
4C5
330
17
100
AcDbEntity
  8
CENTER
 62
250
420
0
100
AcDbTrace
 10
867.1683472222218
 20
728.2504555555554
 30
0.0
 11
867.2286722222217
 21
648.2489222222221
 31
0.0
 12
867.2583055555551
 22
656.248511111111
 32
0.0
 13
867.2583055555551
 23
656.248511111111
 33
0.0
  0
SOLID
  5
4C6
330
17
100
AcDbEntity
  8
CENTER
 62
250
420
0
100
AcDbTrace
 10
867.1683472222218
 20
728.2504555555554
 30
0.0
 11
867.2583055555551
 21
656.248511111111
 31
0.0
 12
867.318630555555
 22
664.249511111111
 32
0.0
 13
867.318630555555
 23
664.249511111111
 33
0.0
  0
SOLID
  5
4C7
330
17
100
AcDbEntity
  8
CENTER
 62
250
420
0
100
AcDbTrace
 10
867.1683472222218
 20
728.2504555555554
 30
0.0
 11
867.318630555555
 21
664.249511111111
 31
0.0
 12
867.3789555555552
 22
672.2490999999999
 32
0.0
 13
867.3789555555552
 23
672.2490999999999
 33
0.0
  0
SOLID
  5
4C8
330
17
100
AcDbEntity
  8
CENTER
 62
250
420
0
100
AcDbTrace
 10
867.1683472222218
 20
728.2504555555554
 30
0.0
 11
867.3789555555552
 21
672.2490999999999
 31
0.0
 12
867.4085888888884
 22
680.2500999999999
 32
0.0
 13
867.4085888888884
 23
680.2500999999999
 33
0.0
  0
SOLID
  5
4C9
330
17
100
AcDbEntity
  8
CENTER
 62
250
420
0
100
AcDbTrace
 10
867.1683472222218
 20
728.2504555555554
 30
0.0
 11
867.4085888888884
 21
680.2500999999999
 31
0.0
 12
867.4689138888886
 22
688.2496888888888
 32
0.0
 13
867.4689138888886
 23
688.2496888888888
 33
0.0
  0
SOLID
  5
4CA
330
17
100
AcDbEntity
  8
CENTER
 62
250
420
0
100
AcDbTrace
 10
867.1683472222218
 20
728.2504555555554
 30
0.0
 11
867.4689138888886
 21
688.2496888888888
 31
0.0
 12
867.5588722222219
 22
696.2492777777777
 32
0.0
 13
867.5588722222219
 23
696.2492777777777
 33
0.0
  0
SOLID
  5
4CB
330
17
100
AcDbEntity
  8
CENTER
 62
250
420
0
100
AcDbTrace
 10
867.1683472222218
 20
728.2504555555554
 30
0.0
 11
867.5588722222219
 21
696.2492777777777
 31
0.0
 12
867.6191972222218
 22
704.2502777777776
 32
0.0
 13
867.6191972222218
 23
704.2502777777776
 33
0.0
  0
SOLID
  5
4CC
330
17
100
AcDbEntity
  8
CENTER
 62
250
420
0
100
AcDbTrace
 10
867.1683472222218
 20
728.2504555555554
 30
0.0
 11
867.6191972222218
 21
704.2502777777776
 31
0.0
 12
867.7091555555552
 22
712.2498666666665
 32
0.0
 13
867.7091555555552
 23
712.2498666666665
 33
0.0
  0
SOLID
  5
4CD
330
17
100
AcDbEntity
  8
CENTER
 62
250
420
0
100
AcDbTrace
 10
867.1683472222218
 20
728.2504555555554
 30
0.0
 11
867.7091555555552
 21
712.2498666666665
 31
0.0
 12
867.7991138888885
 22
720.2494555555555
 32
0.0
 13
867.7991138888885
 23
720.2494555555555
 33
0.0
  0
SOLID
  5
4CE
330
17
100
AcDbEntity
  8
CENTER
 62
250
420
0
100
AcDbTrace
 10
867.1683472222218
 20
728.2504555555554
 30
0.0
 11
867.7991138888885
 21
720.2494555555555
 31
0.0
 12
867.8901305555553
 22
728.2504555555554
 32
0.0
 13
867.8901305555553
 23
728.2504555555554
 33
0.0
  0
SOLID
  5
4CF
330
17
100
AcDbEntity
  8
CENTER
 62
250
420
0
100
AcDbTrace
 10
867.1683472222218
 20
728.2504555555554
 30
0.0
 11
867.8901305555553
 21
728.2504555555554
 31
0.0
 12
868.009722222222
 22
736.2500444444443
 32
0.0
 13
868.009722222222
 23
736.2500444444443
 33
0.0
  0
SOLID
  5
4D0
330
17
100
AcDbEntity
  8
CENTER
 62
250
420
0
100
AcDbTrace
 10
867.1683472222218
 20
728.2504555555554
 30
0.0
 11
868.009722222222
 21
736.2500444444443
 31
0.0
 12
868.1293138888888
 22
744.2496333333333
 32
0.0
 13
868.1293138888888
 23
744.2496333333333
 33
0.0
  0
SOLID
  5
4D1
330
17
100
AcDbEntity
  8
CENTER
 62
250
420
0
100
AcDbTrace
 10
867.1683472222218
 20
728.2504555555554
 30
0.0
 11
868.1293138888888
 21
744.2496333333333
 31
0.0
 12
868.2489055555554
 22
752.2506333333333
 32
0.0
 13
868.2489055555554
 23
752.2506333333333
 33
0.0
  0
SOLID
  5
4D2
330
17
100
AcDbEntity
  8
CENTER
 62
250
420
0
100
AcDbTrace
 10
867.1683472222218
 20
728.2504555555554
 30
0.0
 11
868.2489055555554
 21
752.2506333333333
 31
0.0
 12
868.4288222222222
 22
760.2502222222222
 32
0.0
 13
868.4288222222222
 23
760.2502222222222
 33
0.0
  0
SOLID
  5
4D3
330
17
100
AcDbEntity
  8
CENTER
 62
250
420
0
100
AcDbTrace
 10
867.1683472222218
 20
728.2504555555554
 30
0.0
 11
868.4288222222222
 21
760.2502222222222
 31
0.0
 12
868.6087388888888
 22
768.2498111111111
 32
0.0
 13
868.6087388888888
 23
768.2498111111111
 33
0.0
  0
SOLID
  5
4D4
330
17
100
AcDbEntity
  8
CENTER
 62
250
420
0
100
AcDbTrace
 10
867.1683472222218
 20
728.2504555555554
 30
0.0
 11
868.6087388888888
 21
768.2498111111111
 31
0.0
 12
868.8489805555555
 22
776.2508111111109
 32
0.0
 13
868.8489805555555
 23
776.2508111111109
 33
0.0
  0
SOLID
  5
4D5
330
17
100
AcDbEntity
  8
CENTER
 62
250
420
0
100
AcDbTrace
 10
867.1683472222218
 20
728.2504555555554
 30
0.0
 11
868.8489805555555
 21
776.2508111111109
 31
0.0
 12
869.1199138888886
 22
784.2504
 32
0.0
 13
869.1199138888886
 23
784.2504
 33
0.0
  0
HATCH
  5
4D6
330
17
100
AcDbEntity
  8
CENTER
 62
7
420
0
100
AcDbHatch
 10
0.0
 20
0.0
 30
0.0
210
0.0
220
0.0
230
1.0
  2
SOLID
 70
1
 71
0
 91
1
 92
3
 72
0
 73
1
 93
63
 10
867.9187055555556
 20
784.2504
 10
867.7684222222221
 20
776.2508111111109
 10
867.6181388888886
 20
768.2498111111111
 10
867.498547222222
 20
760.2502222222222
 10
867.4085888888886
 20
752.2506333333333
 10
867.3186305555552
 20
744.2496333333333
 10
867.2583055555551
 20
736.2500444444443
 10
867.1683472222218
 20
728.2504555555554
 10
867.1080222222218
 20
720.2494555555555
 10
867.0783888888884
 20
712.2498666666665
 10
867.0180638888885
 20
704.2502777777776
 10
866.988430555555
 20
696.2492777777777
 10
866.928105555555
 20
688.2496888888888
 10
866.8984722222216
 20
680.2500999999999
 10
866.8688388888884
 20
672.2490999999999
 10
866.839205555555
 20
664.249511111111
 10
866.8095722222216
 20
656.248511111111
 10
866.7799388888882
 20
648.2489222222221
 10
866.7492472222217
 20
640.2493333333332
 10
866.7492472222217
 20
632.2483333333332
 10
866.7196138888883
 20
624.2487444444444
 10
866.6899805555548
 20
616.2491555555554
 10
866.6899805555548
 20
608.2481555555554
 10
866.6603472222216
 20
600.2485666666665
 10
866.6603472222216
 20
592.2489777777777
 10
866.6307138888883
 20
584.2479777777776
 10
866.6307138888883
 20
576.2483888888888
 10
866.6010805555549
 20
568.2488
 10
866.6010805555549
 20
560.2477999999999
 10
866.5714472222214
 20
552.248211111111
 10
866.5714472222214
 20
544.2486222222221
 10
866.8720138888882
 20
544.2486222222221
 10
866.9016472222215
 20
552.248211111111
 10
866.9016472222215
 20
560.2477999999999
 10
866.931280555555
 20
568.2488
 10
866.9609138888882
 20
576.2483888888888
 10
866.9905472222216
 20
584.2479777777776
 10
866.9905472222216
 20
592.2489777777777
 10
867.0201805555549
 20
600.2485666666665
 10
867.0498138888884
 20
608.2481555555554
 10
867.0794472222216
 20
616.2491555555554
 10
867.109080555555
 20
624.2487444444444
 10
867.1387138888883
 20
632.2483333333332
 10
867.1990388888884
 20
640.2493333333332
 10
867.2286722222217
 20
648.2489222222221
 10
867.2583055555551
 20
656.248511111111
 10
867.318630555555
 20
664.249511111111
 10
867.3789555555552
 20
672.2490999999999
 10
867.4085888888884
 20
680.2500999999999
 10
867.4689138888886
 20
688.2496888888888
 10
867.5588722222219
 20
696.2492777777777
 10
867.6191972222218
 20
704.2502777777776
 10
867.7091555555552
 20
712.2498666666665
 10
867.7991138888885
 20
720.2494555555555
 10
867.8901305555553
 20
728.2504555555554
 10
868.009722222222
 20
736.2500444444443
 10
868.1293138888888
 20
744.2496333333333
 10
868.2489055555554
 20
752.2506333333333
 10
868.4288222222222
 20
760.2502222222222
 10
868.6087388888888
 20
768.2498111111111
 10
868.8489805555555
 20
776.2508111111109
 10
869.1199138888886
 20
784.2504
 10
867.9187055555556
 20
784.2504
 97
0
 75
1
 76
1
 98
0
  0
LWPOLYLINE
  5
4D7
330
17
100
AcDbEntity
  8
CENTER
 62
250
100
AcDbPolyline
 90
63
 70
1
 10
870.3200638888889
 20
784.2504
 10
869.9295388888888
 20
776.2508111111109
 10
869.6300305555554
 20
768.2498111111111
 10
869.3601555555555
 20
760.2502222222222
 10
869.1199138888887
 20
752.2506333333333
 10
868.9093055555555
 20
744.2496333333333
 10
868.759022222222
 20
736.2500444444443
 10
868.5791055555555
 20
728.2504555555554
 10
868.4595138888886
 20
720.2494555555555
 10
868.3399222222221
 20
712.2498666666665
 10
868.2203305555554
 20
704.2502777777776
 10
868.130372222222
 20
696.2492777777777
 10
868.0404138888887
 20
688.2496888888888
 10
867.9504555555553
 20
680.2500999999999
 10
867.8594388888885
 20
672.2490999999999
 10
867.7991138888885
 20
664.249511111111
 10
867.7387888888885
 20
656.248511111111
 10
867.6784638888884
 20
648.2489222222221
 10
867.6181388888884
 20
640.2493333333332
 10
867.5578138888885
 20
632.2483333333332
 10
867.5281805555551
 20
624.2487444444444
 10
867.4678555555552
 20
616.2491555555554
 10
867.4382222222217
 20
608.2481555555554
 10
867.3778972222218
 20
600.2485666666665
 10
867.3482638888884
 20
592.2489777777777
 10
867.3186305555549
 20
584.2479777777776
 10
867.2889972222216
 20
576.2483888888888
 10
867.2593638888884
 20
568.2488
 10
867.229730555555
 20
560.2477999999999
 10
867.2000972222215
 20
552.248211111111
 10
867.1704638888882
 20
544.2486222222221
 10
867.4699722222216
 20
544.2486222222221
 10
867.4996055555549
 20
552.248211111111
 10
867.5292388888882
 20
560.2477999999999
 10
867.5895638888883
 20
568.2488
 10
867.6191972222217
 20
576.2483888888888
 10
867.6488305555549
 20
584.2479777777776
 10
867.7091555555551
 20
592.2489777777777
 10
867.769480555555
 20
600.2485666666665
 10
867.7991138888884
 20
608.2481555555554
 10
867.8594388888883
 20
616.2491555555554
 10
867.9197638888885
 20
624.2487444444444
 10
867.9811472222218
 20
632.2483333333332
 10
868.0414722222217
 20
640.2493333333332
 10
868.1314305555551
 20
648.2489222222221
 10
868.1917555555552
 20
656.248511111111
 10
868.2817138888886
 20
664.249511111111
 10
868.371672222222
 20
672.2490999999999
 10
868.4616305555553
 20
680.2500999999999
 10
868.581222222222
 20
688.2496888888888
 10
868.7008138888888
 20
696.2492777777777
 10
868.8204055555555
 20
704.2502777777776
 10
868.9706888888888
 20
712.2498666666665
 10
869.1220305555555
 20
720.2494555555555
 10
869.3019472222221
 20
728.2504555555554
 10
869.5114972222221
 20
736.2500444444443
 10
869.7210472222221
 20
744.2496333333333
 10
869.9909222222221
 20
752.2506333333333
 10
870.2618555555555
 20
760.2502222222222
 10
870.6216888888888
 20
768.2498111111111
 10
871.0407888888886
 20
776.2508111111109
 10
871.521272222222
 20
784.2504
 10
870.3200638888889
 20
784.2504
  0
SOLID
  5
4D8
330
17
100
AcDbEntity
  8
CENTER
 62
250
420
0
100
AcDbTrace
 10
871.521272222222
 20
784.2504
 30
0.0
 11
870.3200638888889
 21
784.2504
 31
0.0
 12
869.9295388888888
 22
776.2508111111109
 32
0.0
 13
869.9295388888888
 23
776.2508111111109
 33
0.0
  0
SOLID
  5
4D9
330
17
100
AcDbEntity
  8
CENTER
 62
250
420
0
100
AcDbTrace
 10
871.521272222222
 20
784.2504
 30
0.0
 11
869.9295388888888
 21
776.2508111111109
 31
0.0
 12
869.6300305555554
 22
768.2498111111111
 32
0.0
 13
869.6300305555554
 23
768.2498111111111
 33
0.0
  0
SOLID
  5
4DA
330
17
100
AcDbEntity
  8
CENTER
 62
250
420
0
100
AcDbTrace
 10
871.521272222222
 20
784.2504
 30
0.0
 11
869.6300305555554
 21
768.2498111111111
 31
0.0
 12
869.3601555555555
 22
760.2502222222222
 32
0.0
 13
869.3601555555555
 23
760.2502222222222
 33
0.0
  0
SOLID
  5
4DB
330
17
100
AcDbEntity
  8
CENTER
 62
250
420
0
100
AcDbTrace
 10
871.521272222222
 20
784.2504
 30
0.0
 11
869.3601555555555
 21
760.2502222222222
 31
0.0
 12
869.1199138888887
 22
752.2506333333333
 32
0.0
 13
869.1199138888887
 23
752.2506333333333
 33
0.0
  0
SOLID
  5
4DC
330
17
100
AcDbEntity
  8
CENTER
 62
250
420
0
100
AcDbTrace
 10
871.521272222222
 20
784.2504
 30
0.0
 11
869.1199138888887
 21
752.2506333333333
 31
0.0
 12
868.9093055555555
 22
744.2496333333333
 32
0.0
 13
868.9093055555555
 23
744.2496333333333
 33
0.0
  0
SOLID
  5
4DD
330
17
100
AcDbEntity
  8
CENTER
 62
250
420
0
100
AcDbTrace
 10
868.759022222222
 20
736.2500444444443
 30
0.0
 11
868.5791055555555
 21
728.2504555555554
 31
0.0
 12
868.4595138888886
 22
720.2494555555555
 32
0.0
 13
868.4595138888886
 23
720.2494555555555
 33
0.0
  0
SOLID
  5
4DE
330
17
100
AcDbEntity
  8
CENTER
 62
250
420
0
100
AcDbTrace
 10
868.9093055555555
 20
744.2496333333333
 30
0.0
 11
868.759022222222
 21
736.2500444444443
 31
0.0
 12
868.4595138888886
 22
720.2494555555555
 32
0.0
 13
868.4595138888886
 23
720.2494555555555
 33
0.0
  0
SOLID
  5
4DF
330
17
100
AcDbEntity
  8
CENTER
 62
250
420
0
100
AcDbTrace
 10
868.9093055555555
 20
744.2496333333333
 30
0.0
 11
868.4595138888886
 21
720.2494555555555
 31
0.0
 12
868.3399222222221
 22
712.2498666666665
 32
0.0
 13
868.3399222222221
 23
712.2498666666665
 33
0.0
  0
SOLID
  5
4E0
330
17
100
AcDbEntity
  8
CENTER
 62
250
420
0
100
AcDbTrace
 10
868.9093055555555
 20
744.2496333333333
 30
0.0
 11
868.3399222222221
 21
712.2498666666665
 31
0.0
 12
868.2203305555554
 22
704.2502777777776
 32
0.0
 13
868.2203305555554
 23
704.2502777777776
 33
0.0
  0
SOLID
  5
4E1
330
17
100
AcDbEntity
  8
CENTER
 62
250
420
0
100
AcDbTrace
 10
868.9093055555555
 20
744.2496333333333
 30
0.0
 11
868.2203305555554
 21
704.2502777777776
 31
0.0
 12
868.130372222222
 22
696.2492777777777
 32
0.0
 13
868.130372222222
 23
696.2492777777777
 33
0.0
  0
SOLID
  5
4E2
330
17
100
AcDbEntity
  8
CENTER
 62
250
420
0
100
AcDbTrace
 10
868.9093055555555
 20
744.2496333333333
 30
0.0
 11
868.130372222222
 21
696.2492777777777
 31
0.0
 12
868.0404138888887
 22
688.2496888888888
 32
0.0
 13
868.0404138888887
 23
688.2496888888888
 33
0.0
  0
SOLID
  5
4E3
330
17
100
AcDbEntity
  8
CENTER
 62
250
420
0
100
AcDbTrace
 10
868.9093055555555
 20
744.2496333333333
 30
0.0
 11
868.0404138888887
 21
688.2496888888888
 31
0.0
 12
867.9504555555553
 22
680.2500999999999
 32
0.0
 13
867.9504555555553
 23
680.2500999999999
 33
0.0
  0
SOLID
  5
4E4
330
17
100
AcDbEntity
  8
CENTER
 62
250
420
0
100
AcDbTrace
 10
868.9093055555555
 20
744.2496333333333
 30
0.0
 11
867.9504555555553
 21
680.2500999999999
 31
0.0
 12
867.8594388888885
 22
672.2490999999999
 32
0.0
 13
867.8594388888885
 23
672.2490999999999
 33
0.0
  0
SOLID
  5
4E5
330
17
100
AcDbEntity
  8
CENTER
 62
250
420
0
100
AcDbTrace
 10
868.9093055555555
 20
744.2496333333333
 30
0.0
 11
867.8594388888885
 21
672.2490999999999
 31
0.0
 12
867.7991138888885
 22
664.249511111111
 32
0.0
 13
867.7991138888885
 23
664.249511111111
 33
0.0
  0
SOLID
  5
4E6
330
17
100
AcDbEntity
  8
CENTER
 62
250
420
0
100
AcDbTrace
 10
868.9093055555555
 20
744.2496333333333
 30
0.0
 11
867.7991138888885
 21
664.249511111111
 31
0.0
 12
867.7387888888885
 22
656.248511111111
 32
0.0
 13
867.7387888888885
 23
656.248511111111
 33
0.0
  0
SOLID
  5
4E7
330
17
100
AcDbEntity
  8
CENTER
 62
250
420
0
100
AcDbTrace
 10
868.9093055555555
 20
744.2496333333333
 30
0.0
 11
867.7387888888885
 21
656.248511111111
 31
0.0
 12
867.6784638888884
 22
648.2489222222221
 32
0.0
 13
867.6784638888884
 23
648.2489222222221
 33
0.0
  0
SOLID
  5
4E8
330
17
100
AcDbEntity
  8
CENTER
 62
250
420
0
100
AcDbTrace
 10
868.9093055555555
 20
744.2496333333333
 30
0.0
 11
867.6784638888884
 21
648.2489222222221
 31
0.0
 12
867.6181388888884
 22
640.2493333333332
 32
0.0
 13
867.6181388888884
 23
640.2493333333332
 33
0.0
  0
SOLID
  5
4E9
330
17
100
AcDbEntity
  8
CENTER
 62
250
420
0
100
AcDbTrace
 10
868.9093055555555
 20
744.2496333333333
 30
0.0
 11
867.6181388888884
 21
640.2493333333332
 31
0.0
 12
867.5578138888885
 22
632.2483333333332
 32
0.0
 13
867.5578138888885
 23
632.2483333333332
 33
0.0
  0
SOLID
  5
4EA
330
17
100
AcDbEntity
  8
CENTER
 62
250
420
0
100
AcDbTrace
 10
868.9093055555555
 20
744.2496333333333
 30
0.0
 11
867.5578138888885
 21
632.2483333333332
 31
0.0
 12
867.5281805555551
 22
624.2487444444444
 32
0.0
 13
867.5281805555551
 23
624.2487444444444
 33
0.0
  0
SOLID
  5
4EB
330
17
100
AcDbEntity
  8
CENTER
 62
250
420
0
100
AcDbTrace
 10
868.9093055555555
 20
744.2496333333333
 30
0.0
 11
867.5281805555551
 21
624.2487444444444
 31
0.0
 12
867.4678555555552
 22
616.2491555555554
 32
0.0
 13
867.4678555555552
 23
616.2491555555554
 33
0.0
  0
SOLID
  5
4EC
330
17
100
AcDbEntity
  8
CENTER
 62
250
420
0
100
AcDbTrace
 10
868.9093055555555
 20
744.2496333333333
 30
0.0
 11
867.4678555555552
 21
616.2491555555554
 31
0.0
 12
867.4382222222217
 22
608.2481555555554
 32
0.0
 13
867.4382222222217
 23
608.2481555555554
 33
0.0
  0
SOLID
  5
4ED
330
17
100
AcDbEntity
  8
CENTER
 62
250
420
0
100
AcDbTrace
 10
868.9093055555555
 20
744.2496333333333
 30
0.0
 11
867.4382222222217
 21
608.2481555555554
 31
0.0
 12
867.3778972222218
 22
600.2485666666665
 32
0.0
 13
867.3778972222218
 23
600.2485666666665
 33
0.0
  0
SOLID
  5
4EE
330
17
100
AcDbEntity
  8
CENTER
 62
250
420
0
100
AcDbTrace
 10
868.9093055555555
 20
744.2496333333333
 30
0.0
 11
867.3778972222218
 21
600.2485666666665
 31
0.0
 12
867.3482638888884
 22
592.2489777777777
 32
0.0
 13
867.3482638888884
 23
592.2489777777777
 33
0.0
  0
SOLID
  5
4EF
330
17
100
AcDbEntity
  8
CENTER
 62
250
420
0
100
AcDbTrace
 10
868.9093055555555
 20
744.2496333333333
 30
0.0
 11
867.3482638888884
 21
592.2489777777777
 31
0.0
 12
867.3186305555549
 22
584.2479777777776
 32
0.0
 13
867.3186305555549
 23
584.2479777777776
 33
0.0
  0
SOLID
  5
4F0
330
17
100
AcDbEntity
  8
CENTER
 62
250
420
0
100
AcDbTrace
 10
868.9093055555555
 20
744.2496333333333
 30
0.0
 11
867.3186305555549
 21
584.2479777777776
 31
0.0
 12
867.2889972222216
 22
576.2483888888888
 32
0.0
 13
867.2889972222216
 23
576.2483888888888
 33
0.0
  0
SOLID
  5
4F1
330
17
100
AcDbEntity
  8
CENTER
 62
250
420
0
100
AcDbTrace
 10
868.9093055555555
 20
744.2496333333333
 30
0.0
 11
867.2889972222216
 21
576.2483888888888
 31
0.0
 12
867.2593638888884
 22
568.2488
 32
0.0
 13
867.2593638888884
 23
568.2488
 33
0.0
  0
SOLID
  5
4F2
330
17
100
AcDbEntity
  8
CENTER
 62
250
420
0
100
AcDbTrace
 10
868.9093055555555
 20
744.2496333333333
 30
0.0
 11
867.2593638888884
 21
568.2488
 31
0.0
 12
867.229730555555
 22
560.2477999999999
 32
0.0
 13
867.229730555555
 23
560.2477999999999
 33
0.0
  0
SOLID
  5
4F3
330
17
100
AcDbEntity
  8
CENTER
 62
250
420
0
100
AcDbTrace
 10
868.9093055555555
 20
744.2496333333333
 30
0.0
 11
867.229730555555
 21
560.2477999999999
 31
0.0
 12
867.2000972222215
 22
552.248211111111
 32
0.0
 13
867.2000972222215
 23
552.248211111111
 33
0.0
  0
SOLID
  5
4F4
330
17
100
AcDbEntity
  8
CENTER
 62
250
420
0
100
AcDbTrace
 10
868.9093055555555
 20
744.2496333333333
 30
0.0
 11
867.2000972222215
 21
552.248211111111
 31
0.0
 12
867.1704638888882
 22
544.2486222222221
 32
0.0
 13
867.1704638888882
 23
544.2486222222221
 33
0.0
  0
SOLID
  5
4F5
330
17
100
AcDbEntity
  8
CENTER
 62
250
420
0
100
AcDbTrace
 10
867.1704638888882
 20
544.2486222222221
 30
0.0
 11
867.4699722222216
 21
544.2486222222221
 31
0.0
 12
867.4996055555549
 22
552.248211111111
 32
0.0
 13
867.4996055555549
 23
552.248211111111
 33
0.0
  0
SOLID
  5
4F6
330
17
100
AcDbEntity
  8
CENTER
 62
250
420
0
100
AcDbTrace
 10
867.1704638888882
 20
544.2486222222221
 30
0.0
 11
867.4996055555549
 21
552.248211111111
 31
0.0
 12
867.5292388888882
 22
560.2477999999999
 32
0.0
 13
867.5292388888882
 23
560.2477999999999
 33
0.0
  0
SOLID
  5
4F7
330
17
100
AcDbEntity
  8
CENTER
 62
250
420
0
100
AcDbTrace
 10
867.1704638888882
 20
544.2486222222221
 30
0.0
 11
867.5292388888882
 21
560.2477999999999
 31
0.0
 12
867.5895638888883
 22
568.2488
 32
0.0
 13
867.5895638888883
 23
568.2488
 33
0.0
  0
SOLID
  5
4F8
330
17
100
AcDbEntity
  8
CENTER
 62
250
420
0
100
AcDbTrace
 10
867.1704638888882
 20
544.2486222222221
 30
0.0
 11
867.5895638888883
 21
568.2488
 31
0.0
 12
867.6191972222217
 22
576.2483888888888
 32
0.0
 13
867.6191972222217
 23
576.2483888888888
 33
0.0
  0
SOLID
  5
4F9
330
17
100
AcDbEntity
  8
CENTER
 62
250
420
0
100
AcDbTrace
 10
867.1704638888882
 20
544.2486222222221
 30
0.0
 11
867.6191972222217
 21
576.2483888888888
 31
0.0
 12
867.6488305555549
 22
584.2479777777776
 32
0.0
 13
867.6488305555549
 23
584.2479777777776
 33
0.0
  0
SOLID
  5
4FA
330
17
100
AcDbEntity
  8
CENTER
 62
250
420
0
100
AcDbTrace
 10
867.1704638888882
 20
544.2486222222221
 30
0.0
 11
867.6488305555549
 21
584.2479777777776
 31
0.0
 12
867.7091555555551
 22
592.2489777777777
 32
0.0
 13
867.7091555555551
 23
592.2489777777777
 33
0.0
  0
SOLID
  5
4FB
330
17
100
AcDbEntity
  8
CENTER
 62
250
420
0
100
AcDbTrace
 10
867.1704638888882
 20
544.2486222222221
 30
0.0
 11
867.7091555555551
 21
592.2489777777777
 31
0.0
 12
867.769480555555
 22
600.2485666666665
 32
0.0
 13
867.769480555555
 23
600.2485666666665
 33
0.0
  0
SOLID
  5
4FC
330
17
100
AcDbEntity
  8
CENTER
 62
250
420
0
100
AcDbTrace
 10
867.1704638888882
 20
544.2486222222221
 30
0.0
 11
867.769480555555
 21
600.2485666666665
 31
0.0
 12
867.7991138888884
 22
608.2481555555554
 32
0.0
 13
867.7991138888884
 23
608.2481555555554
 33
0.0
  0
SOLID
  5
4FD
330
17
100
AcDbEntity
  8
CENTER
 62
250
420
0
100
AcDbTrace
 10
867.1704638888882
 20
544.2486222222221
 30
0.0
 11
867.7991138888884
 21
608.2481555555554
 31
0.0
 12
867.8594388888883
 22
616.2491555555554
 32
0.0
 13
867.8594388888883
 23
616.2491555555554
 33
0.0
  0
SOLID
  5
4FE
330
17
100
AcDbEntity
  8
CENTER
 62
250
420
0
100
AcDbTrace
 10
867.1704638888882
 20
544.2486222222221
 30
0.0
 11
867.8594388888883
 21
616.2491555555554
 31
0.0
 12
867.9197638888885
 22
624.2487444444444
 32
0.0
 13
867.9197638888885
 23
624.2487444444444
 33
0.0
  0
SOLID
  5
4FF
330
17
100
AcDbEntity
  8
CENTER
 62
250
420
0
100
AcDbTrace
 10
867.1704638888882
 20
544.2486222222221
 30
0.0
 11
867.9197638888885
 21
624.2487444444444
 31
0.0
 12
867.9811472222218
 22
632.2483333333332
 32
0.0
 13
867.9811472222218
 23
632.2483333333332
 33
0.0
  0
SOLID
  5
500
330
17
100
AcDbEntity
  8
CENTER
 62
250
420
0
100
AcDbTrace
 10
867.1704638888882
 20
544.2486222222221
 30
0.0
 11
867.9811472222218
 21
632.2483333333332
 31
0.0
 12
868.0414722222217
 22
640.2493333333332
 32
0.0
 13
868.0414722222217
 23
640.2493333333332
 33
0.0
  0
SOLID
  5
501
330
17
100
AcDbEntity
  8
CENTER
 62
250
420
0
100
AcDbTrace
 10
868.9093055555555
 20
744.2496333333333
 30
0.0
 11
867.1704638888882
 21
544.2486222222221
 31
0.0
 12
868.0414722222217
 22
640.2493333333332
 32
0.0
 13
868.0414722222217
 23
640.2493333333332
 33
0.0
  0
SOLID
  5
502
330
17
100
AcDbEntity
  8
CENTER
 62
250
420
0
100
AcDbTrace
 10
868.0414722222217
 20
640.2493333333332
 30
0.0
 11
868.1314305555551
 21
648.2489222222221
 31
0.0
 12
868.1917555555552
 22
656.248511111111
 32
0.0
 13
868.1917555555552
 23
656.248511111111
 33
0.0
  0
SOLID
  5
503
330
17
100
AcDbEntity
  8
CENTER
 62
250
420
0
100
AcDbTrace
 10
868.9093055555555
 20
744.2496333333333
 30
0.0
 11
868.0414722222217
 21
640.2493333333332
 31
0.0
 12
868.1917555555552
 22
656.248511111111
 32
0.0
 13
868.1917555555552
 23
656.248511111111
 33
0.0
  0
SOLID
  5
504
330
17
100
AcDbEntity
  8
CENTER
 62
250
420
0
100
AcDbTrace
 10
868.9093055555555
 20
744.2496333333333
 30
0.0
 11
868.1917555555552
 21
656.248511111111
 31
0.0
 12
868.2817138888886
 22
664.249511111111
 32
0.0
 13
868.2817138888886
 23
664.249511111111
 33
0.0
  0
SOLID
  5
505
330
17
100
AcDbEntity
  8
CENTER
 62
250
420
0
100
AcDbTrace
 10
868.9093055555555
 20
744.2496333333333
 30
0.0
 11
868.2817138888886
 21
664.249511111111
 31
0.0
 12
868.371672222222
 22
672.2490999999999
 32
0.0
 13
868.371672222222
 23
672.2490999999999
 33
0.0
  0
SOLID
  5
506
330
17
100
AcDbEntity
  8
CENTER
 62
250
420
0
100
AcDbTrace
 10
868.9093055555555
 20
744.2496333333333
 30
0.0
 11
868.371672222222
 21
672.2490999999999
 31
0.0
 12
868.4616305555553
 22
680.2500999999999
 32
0.0
 13
868.4616305555553
 23
680.2500999999999
 33
0.0
  0
SOLID
  5
507
330
17
100
AcDbEntity
  8
CENTER
 62
250
420
0
100
AcDbTrace
 10
868.9093055555555
 20
744.2496333333333
 30
0.0
 11
868.4616305555553
 21
680.2500999999999
 31
0.0
 12
868.581222222222
 22
688.2496888888888
 32
0.0
 13
868.581222222222
 23
688.2496888888888
 33
0.0
  0
SOLID
  5
508
330
17
100
AcDbEntity
  8
CENTER
 62
250
420
0
100
AcDbTrace
 10
868.9093055555555
 20
744.2496333333333
 30
0.0
 11
868.581222222222
 21
688.2496888888888
 31
0.0
 12
868.7008138888888
 22
696.2492777777777
 32
0.0
 13
868.7008138888888
 23
696.2492777777777
 33
0.0
  0
SOLID
  5
509
330
17
100
AcDbEntity
  8
CENTER
 62
250
420
0
100
AcDbTrace
 10
868.9093055555555
 20
744.2496333333333
 30
0.0
 11
868.7008138888888
 21
696.2492777777777
 31
0.0
 12
868.8204055555555
 22
704.2502777777776
 32
0.0
 13
868.8204055555555
 23
704.2502777777776
 33
0.0
  0
SOLID
  5
50A
330
17
100
AcDbEntity
  8
CENTER
 62
250
420
0
100
AcDbTrace
 10
868.9093055555555
 20
744.2496333333333
 30
0.0
 11
868.8204055555555
 21
704.2502777777776
 31
0.0
 12
868.9706888888888
 22
712.2498666666665
 32
0.0
 13
868.9706888888888
 23
712.2498666666665
 33
0.0
  0
SOLID
  5
50B
330
17
100
AcDbEntity
  8
CENTER
 62
250
420
0
100
AcDbTrace
 10
868.9093055555555
 20
744.2496333333333
 30
0.0
 11
868.9706888888888
 21
712.2498666666665
 31
0.0
 12
869.1220305555555
 22
720.2494555555555
 32
0.0
 13
869.1220305555555
 23
720.2494555555555
 33
0.0
  0
SOLID
  5
50C
330
17
100
AcDbEntity
  8
CENTER
 62
250
420
0
100
AcDbTrace
 10
868.9093055555555
 20
744.2496333333333
 30
0.0
 11
869.1220305555555
 21
720.2494555555555
 31
0.0
 12
869.3019472222221
 22
728.2504555555554
 32
0.0
 13
869.3019472222221
 23
728.2504555555554
 33
0.0
  0
SOLID
  5
50D
330
17
100
AcDbEntity
  8
CENTER
 62
250
420
0
100
AcDbTrace
 10
868.9093055555555
 20
744.2496333333333
 30
0.0
 11
869.3019472222221
 21
728.2504555555554
 31
0.0
 12
869.5114972222221
 22
736.2500444444443
 32
0.0
 13
869.5114972222221
 23
736.2500444444443
 33
0.0
  0
SOLID
  5
50E
330
17
100
AcDbEntity
  8
CENTER
 62
250
420
0
100
AcDbTrace
 10
868.9093055555555
 20
744.2496333333333
 30
0.0
 11
869.5114972222221
 21
736.2500444444443
 31
0.0
 12
869.7210472222221
 22
744.2496333333333
 32
0.0
 13
869.7210472222221
 23
744.2496333333333
 33
0.0
  0
SOLID
  5
50F
330
17
100
AcDbEntity
  8
CENTER
 62
250
420
0
100
AcDbTrace
 10
868.9093055555555
 20
744.2496333333333
 30
0.0
 11
869.7210472222221
 21
744.2496333333333
 31
0.0
 12
869.9909222222221
 22
752.2506333333333
 32
0.0
 13
869.9909222222221
 23
752.2506333333333
 33
0.0
  0
SOLID
  5
510
330
17
100
AcDbEntity
  8
CENTER
 62
250
420
0
100
AcDbTrace
 10
868.9093055555555
 20
744.2496333333333
 30
0.0
 11
869.9909222222221
 21
752.2506333333333
 31
0.0
 12
870.2618555555555
 22
760.2502222222222
 32
0.0
 13
870.2618555555555
 23
760.2502222222222
 33
0.0
  0
SOLID
  5
511
330
17
100
AcDbEntity
  8
CENTER
 62
250
420
0
100
AcDbTrace
 10
868.9093055555555
 20
744.2496333333333
 30
0.0
 11
870.2618555555555
 21
760.2502222222222
 31
0.0
 12
870.6216888888888
 22
768.2498111111111
 32
0.0
 13
870.6216888888888
 23
768.2498111111111
 33
0.0
  0
SOLID
  5
512
330
17
100
AcDbEntity
  8
CENTER
 62
250
420
0
100
AcDbTrace
 10
868.9093055555555
 20
744.2496333333333
 30
0.0
 11
870.6216888888888
 21
768.2498111111111
 31
0.0
 12
871.0407888888886
 22
776.2508111111109
 32
0.0
 13
871.0407888888886
 23
776.2508111111109
 33
0.0
  0
SOLID
  5
513
330
17
100
AcDbEntity
  8
CENTER
 62
250
420
0
100
AcDbTrace
 10
868.9093055555555
 20
744.2496333333333
 30
0.0
 11
871.0407888888886
 21
776.2508111111109
 31
0.0
 12
871.521272222222
 22
784.2504
 32
0.0
 13
871.521272222222
 23
784.2504
 33
0.0
  0
HATCH
  5
514
330
17
100
AcDbEntity
  8
CENTER
 62
7
420
0
100
AcDbHatch
 10
0.0
 20
0.0
 30
0.0
210
0.0
220
0.0
230
1.0
  2
SOLID
 70
1
 71
0
 91
1
 92
3
 72
0
 73
1
 93
63
 10
870.3200638888889
 20
784.2504
 10
869.9295388888888
 20
776.2508111111109
 10
869.6300305555554
 20
768.2498111111111
 10
869.3601555555555
 20
760.2502222222222
 10
869.1199138888887
 20
752.2506333333333
 10
868.9093055555555
 20
744.2496333333333
 10
868.759022222222
 20
736.2500444444443
 10
868.5791055555555
 20
728.2504555555554
 10
868.4595138888886
 20
720.2494555555555
 10
868.3399222222221
 20
712.2498666666665
 10
868.2203305555554
 20
704.2502777777776
 10
868.130372222222
 20
696.2492777777777
 10
868.0404138888887
 20
688.2496888888888
 10
867.9504555555553
 20
680.2500999999999
 10
867.8594388888885
 20
672.2490999999999
 10
867.7991138888885
 20
664.249511111111
 10
867.7387888888885
 20
656.248511111111
 10
867.6784638888884
 20
648.2489222222221
 10
867.6181388888884
 20
640.2493333333332
 10
867.5578138888885
 20
632.2483333333332
 10
867.5281805555551
 20
624.2487444444444
 10
867.4678555555552
 20
616.2491555555554
 10
867.4382222222217
 20
608.2481555555554
 10
867.3778972222218
 20
600.2485666666665
 10
867.3482638888884
 20
592.2489777777777
 10
867.3186305555549
 20
584.2479777777776
 10
867.2889972222216
 20
576.2483888888888
 10
867.2593638888884
 20
568.2488
 10
867.229730555555
 20
560.2477999999999
 10
867.2000972222215
 20
552.248211111111
 10
867.1704638888882
 20
544.2486222222221
 10
867.4699722222216
 20
544.2486222222221
 10
867.4996055555549
 20
552.248211111111
 10
867.5292388888882
 20
560.2477999999999
 10
867.5895638888883
 20
568.2488
 10
867.6191972222217
 20
576.2483888888888
 10
867.6488305555549
 20
584.2479777777776
 10
867.7091555555551
 20
592.2489777777777
 10
867.769480555555
 20
600.2485666666665
 10
867.7991138888884
 20
608.2481555555554
 10
867.8594388888883
 20
616.2491555555554
 10
867.9197638888885
 20
624.2487444444444
 10
867.9811472222218
 20
632.2483333333332
 10
868.0414722222217
 20
640.2493333333332
 10
868.1314305555551
 20
648.2489222222221
 10
868.1917555555552
 20
656.248511111111
 10
868.2817138888886
 20
664.249511111111
 10
868.371672222222
 20
672.2490999999999
 10
868.4616305555553
 20
680.2500999999999
 10
868.581222222222
 20
688.2496888888888
 10
868.7008138888888
 20
696.2492777777777
 10
868.8204055555555
 20
704.2502777777776
 10
868.9706888888888
 20
712.2498666666665
 10
869.1220305555555
 20
720.2494555555555
 10
869.3019472222221
 20
728.2504555555554
 10
869.5114972222221
 20
736.2500444444443
 10
869.7210472222221
 20
744.2496333333333
 10
869.9909222222221
 20
752.2506333333333
 10
870.2618555555555
 20
760.2502222222222
 10
870.6216888888888
 20
768.2498111111111
 10
871.0407888888886
 20
776.2508111111109
 10
871.521272222222
 20
784.2504
 10
870.3200638888889
 20
784.2504
 97
0
 75
1
 76
1
 98
0
  0
LWPOLYLINE
  5
515
330
17
100
AcDbEntity
  8
CENTER
 62
250
100
AcDbPolyline
 90
63
 70
1
 10
872.7193055555556
 20
784.2504
 10
872.1192305555556
 20
776.2508111111109
 10
871.6101722222222
 20
768.2498111111111
 10
871.1900138888888
 20
760.2502222222222
 10
870.8301805555554
 20
752.2506333333333
 10
870.530672222222
 20
744.2496333333333
 10
870.2607972222221
 20
736.2500444444443
 10
869.9898638888887
 20
728.2504555555554
 10
869.7803138888889
 20
720.2494555555555
 10
869.6003972222221
 20
712.2498666666665
 10
869.4204805555555
 20
704.2502777777776
 10
869.2701972222222
 20
696.2492777777777
 10
869.1199138888887
 20
688.2496888888888
 10
869.0003222222222
 20
680.2500999999999
 10
868.879672222222
 20
672.2490999999999
 10
868.7600805555553
 20
664.249511111111
 10
868.670122222222
 20
656.248511111111
 10
868.5505305555553
 20
648.2489222222221
 10
868.4902055555552
 20
640.2493333333332
 10
868.4002472222218
 20
632.2483333333332
 10
868.3102888888884
 20
624.2487444444444
 10
868.2499638888884
 20
616.2491555555554
 10
868.1896388888885
 20
608.2481555555554
 10
868.1293138888884
 20
600.2485666666665
 10
868.0689888888884
 20
592.2489777777777
 10
868.0086638888882
 20
584.2479777777776
 10
867.9483388888883
 20
576.2483888888888
 10
867.8880138888884
 20
568.2488
 10
867.8573222222216
 20
560.2477999999999
 10
867.7969972222216
 20
552.248211111111
 10
867.7673638888882
 20
544.2486222222221
 10
868.067930555555
 20
544.2486222222221
 10
868.1282555555549
 20
552.248211111111
 10
868.1578888888884
 20
560.2477999999999
 10
868.2182138888883
 20
568.2488
 10
868.2785388888884
 20
576.2483888888888
 10
868.3388638888883
 20
584.2479777777776
 10
868.3991888888884
 20
592.2489777777777
 10
868.4891472222218
 20
600.2485666666665
 10
868.5494722222218
 20
608.2481555555554
 10
868.6394305555551
 20
616.2491555555554
 10
868.7293888888885
 20
624.2487444444444
 10
868.8193472222218
 20
632.2483333333332
 10
868.9093055555552
 20
640.2493333333332
 10
869.0003222222219
 20
648.2489222222221
 10
869.1199138888886
 20
656.248511111111
 10
869.2395055555554
 20
664.249511111111
 10
869.3590972222221
 20
672.2490999999999
 10
869.5093805555556
 20
680.2500999999999
 10
869.6596638888889
 20
688.2496888888888
 10
869.8395805555555
 20
696.2492777777777
 10
870.0194972222222
 20
704.2502777777776
 10
870.2301055555554
 20
712.2498666666665
 10
870.4396555555554
 20
720.2494555555555
 10
870.7095305555554
 20
728.2504555555554
 10
871.0090388888888
 20
736.2500444444443
 10
871.3096055555554
 20
744.2496333333333
 10
871.6990722222222
 20
752.2506333333333
 10
872.118172222222
 20
760.2502222222222
 10
872.6282888888887
 20
768.2498111111111
 10
873.1976722222221
 20
776.2508111111109
 10
873.9183972222221
 20
784.2504
 10
872.7193055555556
 20
784.2504
  0
SOLID
  5
516
330
17
100
AcDbEntity
  8
CENTER
 62
250
420
0
100
AcDbTrace
 10
873.9183972222221
 20
784.2504
 30
0.0
 11
872.7193055555556
 21
784.2504
 31
0.0
 12
872.1192305555556
 22
776.2508111111109
 32
0.0
 13
872.1192305555556
 23
776.2508111111109
 33
0.0
  0
SOLID
  5
517
330
17
100
AcDbEntity
  8
CENTER
 62
250
420
0
100
AcDbTrace
 10
873.9183972222221
 20
784.2504
 30
0.0
 11
872.1192305555556
 21
776.2508111111109
 31
0.0
 12
871.6101722222222
 22
768.2498111111111
 32
0.0
 13
871.6101722222222
 23
768.2498111111111
 33
0.0
  0
SOLID
  5
518
330
17
100
AcDbEntity
  8
CENTER
 62
250
420
0
100
AcDbTrace
 10
873.9183972222221
 20
784.2504
 30
0.0
 11
871.6101722222222
 21
768.2498111111111
 31
0.0
 12
871.1900138888888
 22
760.2502222222222
 32
0.0
 13
871.1900138888888
 23
760.2502222222222
 33
0.0
  0
SOLID
  5
519
330
17
100
AcDbEntity
  8
CENTER
 62
250
420
0
100
AcDbTrace
 10
873.9183972222221
 20
784.2504
 30
0.0
 11
871.1900138888888
 21
760.2502222222222
 31
0.0
 12
870.8301805555554
 22
752.2506333333333
 32
0.0
 13
870.8301805555554
 23
752.2506333333333
 33
0.0
  0
SOLID
  5
51A
330
17
100
AcDbEntity
  8
CENTER
 62
250
420
0
100
AcDbTrace
 10
870.8301805555554
 20
752.2506333333333
 30
0.0
 11
870.530672222222
 21
744.2496333333333
 31
0.0
 12
870.2607972222221
 22
736.2500444444443
 32
0.0
 13
870.2607972222221
 23
736.2500444444443
 33
0.0
  0
SOLID
  5
51B
330
17
100
AcDbEntity
  8
CENTER
 62
250
420
0
100
AcDbTrace
 10
870.8301805555554
 20
752.2506333333333
 30
0.0
 11
870.2607972222221
 21
736.2500444444443
 31
0.0
 12
869.9898638888887
 22
728.2504555555554
 32
0.0
 13
869.9898638888887
 23
728.2504555555554
 33
0.0
  0
SOLID
  5
51C
330
17
100
AcDbEntity
  8
CENTER
 62
250
420
0
100
AcDbTrace
 10
870.8301805555554
 20
752.2506333333333
 30
0.0
 11
869.9898638888887
 21
728.2504555555554
 31
0.0
 12
869.7803138888889
 22
720.2494555555555
 32
0.0
 13
869.7803138888889
 23
720.2494555555555
 33
0.0
  0
SOLID
  5
51D
330
17
100
AcDbEntity
  8
CENTER
 62
250
420
0
100
AcDbTrace
 10
870.8301805555554
 20
752.2506333333333
 30
0.0
 11
869.7803138888889
 21
720.2494555555555
 31
0.0
 12
869.6003972222221
 22
712.2498666666665
 32
0.0
 13
869.6003972222221
 23
712.2498666666665
 33
0.0
  0
SOLID
  5
51E
330
17
100
AcDbEntity
  8
CENTER
 62
250
420
0
100
AcDbTrace
 10
870.8301805555554
 20
752.2506333333333
 30
0.0
 11
869.6003972222221
 21
712.2498666666665
 31
0.0
 12
869.4204805555555
 22
704.2502777777776
 32
0.0
 13
869.4204805555555
 23
704.2502777777776
 33
0.0
  0
SOLID
  5
51F
330
17
100
AcDbEntity
  8
CENTER
 62
250
420
0
100
AcDbTrace
 10
870.8301805555554
 20
752.2506333333333
 30
0.0
 11
869.4204805555555
 21
704.2502777777776
 31
0.0
 12
869.2701972222222
 22
696.2492777777777
 32
0.0
 13
869.2701972222222
 23
696.2492777777777
 33
0.0
  0
SOLID
  5
520
330
17
100
AcDbEntity
  8
CENTER
 62
250
420
0
100
AcDbTrace
 10
870.8301805555554
 20
752.2506333333333
 30
0.0
 11
869.2701972222222
 21
696.2492777777777
 31
0.0
 12
869.1199138888887
 22
688.2496888888888
 32
0.0
 13
869.1199138888887
 23
688.2496888888888
 33
0.0
  0
SOLID
  5
521
330
17
100
AcDbEntity
  8
CENTER
 62
250
420
0
100
AcDbTrace
 10
870.8301805555554
 20
752.2506333333333
 30
0.0
 11
869.1199138888887
 21
688.2496888888888
 31
0.0
 12
869.0003222222222
 22
680.2500999999999
 32
0.0
 13
869.0003222222222
 23
680.2500999999999
 33
0.0
  0
SOLID
  5
522
330
17
100
AcDbEntity
  8
CENTER
 62
250
420
0
100
AcDbTrace
 10
870.8301805555554
 20
752.2506333333333
 30
0.0
 11
869.0003222222222
 21
680.2500999999999
 31
0.0
 12
868.879672222222
 22
672.2490999999999
 32
0.0
 13
868.879672222222
 23
672.2490999999999
 33
0.0
  0
SOLID
  5
523
330
17
100
AcDbEntity
  8
CENTER
 62
250
420
0
100
AcDbTrace
 10
870.8301805555554
 20
752.2506333333333
 30
0.0
 11
868.879672222222
 21
672.2490999999999
 31
0.0
 12
868.7600805555553
 22
664.249511111111
 32
0.0
 13
868.7600805555553
 23
664.249511111111
 33
0.0
  0
SOLID
  5
524
330
17
100
AcDbEntity
  8
CENTER
 62
250
420
0
100
AcDbTrace
 10
870.8301805555554
 20
752.2506333333333
 30
0.0
 11
868.7600805555553
 21
664.249511111111
 31
0.0
 12
868.670122222222
 22
656.248511111111
 32
0.0
 13
868.670122222222
 23
656.248511111111
 33
0.0
  0
SOLID
  5
525
330
17
100
AcDbEntity
  8
CENTER
 62
250
420
0
100
AcDbTrace
 10
870.8301805555554
 20
752.2506333333333
 30
0.0
 11
868.670122222222
 21
656.248511111111
 31
0.0
 12
868.5505305555553
 22
648.2489222222221
 32
0.0
 13
868.5505305555553
 23
648.2489222222221
 33
0.0
  0
SOLID
  5
526
330
17
100
AcDbEntity
  8
CENTER
 62
250
420
0
100
AcDbTrace
 10
870.8301805555554
 20
752.2506333333333
 30
0.0
 11
868.5505305555553
 21
648.2489222222221
 31
0.0
 12
868.4902055555552
 22
640.2493333333332
 32
0.0
 13
868.4902055555552
 23
640.2493333333332
 33
0.0
  0
SOLID
  5
527
330
17
100
AcDbEntity
  8
CENTER
 62
250
420
0
100
AcDbTrace
 10
870.8301805555554
 20
752.2506333333333
 30
0.0
 11
868.4902055555552
 21
640.2493333333332
 31
0.0
 12
868.4002472222218
 22
632.2483333333332
 32
0.0
 13
868.4002472222218
 23
632.2483333333332
 33
0.0
  0
SOLID
  5
528
330
17
100
AcDbEntity
  8
CENTER
 62
250
420
0
100
AcDbTrace
 10
870.8301805555554
 20
752.2506333333333
 30
0.0
 11
868.4002472222218
 21
632.2483333333332
 31
0.0
 12
868.3102888888884
 22
624.2487444444444
 32
0.0
 13
868.3102888888884
 23
624.2487444444444
 33
0.0
  0
SOLID
  5
529
330
17
100
AcDbEntity
  8
CENTER
 62
250
420
0
100
AcDbTrace
 10
870.8301805555554
 20
752.2506333333333
 30
0.0
 11
868.3102888888884
 21
624.2487444444444
 31
0.0
 12
868.2499638888884
 22
616.2491555555554
 32
0.0
 13
868.2499638888884
 23
616.2491555555554
 33
0.0
  0
SOLID
  5
52A
330
17
100
AcDbEntity
  8
CENTER
 62
250
420
0
100
AcDbTrace
 10
868.1293138888884
 20
600.2485666666665
 30
0.0
 11
868.0689888888884
 21
592.2489777777777
 31
0.0
 12
868.0086638888882
 22
584.2479777777776
 32
0.0
 13
868.0086638888882
 23
584.2479777777776
 33
0.0
  0
SOLID
  5
52B
330
17
100
AcDbEntity
  8
CENTER
 62
250
420
0
100
AcDbTrace
 10
868.1896388888885
 20
608.2481555555554
 30
0.0
 11
868.1293138888884
 21
600.2485666666665
 31
0.0
 12
868.0086638888882
 22
584.2479777777776
 32
0.0
 13
868.0086638888882
 23
584.2479777777776
 33
0.0
  0
SOLID
  5
52C
330
17
100
AcDbEntity
  8
CENTER
 62
250
420
0
100
AcDbTrace
 10
867.9483388888883
 20
576.2483888888888
 30
0.0
 11
867.8880138888884
 21
568.2488
 31
0.0
 12
867.8573222222216
 22
560.2477999999999
 32
0.0
 13
867.8573222222216
 23
560.2477999999999
 33
0.0
  0
SOLID
  5
52D
330
17
100
AcDbEntity
  8
CENTER
 62
250
420
0
100
AcDbTrace
 10
868.0086638888882
 20
584.2479777777776
 30
0.0
 11
867.9483388888883
 21
576.2483888888888
 31
0.0
 12
867.8573222222216
 22
560.2477999999999
 32
0.0
 13
867.8573222222216
 23
560.2477999999999
 33
0.0
  0
SOLID
  5
52E
330
17
100
AcDbEntity
  8
CENTER
 62
250
420
0
100
AcDbTrace
 10
868.1896388888885
 20
608.2481555555554
 30
0.0
 11
868.0086638888882
 21
584.2479777777776
 31
0.0
 12
867.8573222222216
 22
560.2477999999999
 32
0.0
 13
867.8573222222216
 23
560.2477999999999
 33
0.0
  0
SOLID
  5
52F
330
17
100
AcDbEntity
  8
CENTER
 62
250
420
0
100
AcDbTrace
 10
868.2499638888884
 20
616.2491555555554
 30
0.0
 11
868.1896388888885
 21
608.2481555555554
 31
0.0
 12
867.8573222222216
 22
560.2477999999999
 32
0.0
 13
867.8573222222216
 23
560.2477999999999
 33
0.0
  0
SOLID
  5
530
330
17
100
AcDbEntity
  8
CENTER
 62
250
420
0
100
AcDbTrace
 10
867.8573222222216
 20
560.2477999999999
 30
0.0
 11
867.7969972222216
 21
552.248211111111
 31
0.0
 12
867.7673638888882
 22
544.2486222222221
 32
0.0
 13
867.7673638888882
 23
544.2486222222221
 33
0.0
  0
SOLID
  5
531
330
17
100
AcDbEntity
  8
CENTER
 62
250
420
0
100
AcDbTrace
 10
868.2499638888884
 20
616.2491555555554
 30
0.0
 11
867.8573222222216
 21
560.2477999999999
 31
0.0
 12
867.7673638888882
 22
544.2486222222221
 32
0.0
 13
867.7673638888882
 23
544.2486222222221
 33
0.0
  0
SOLID
  5
532
330
17
100
AcDbEntity
  8
CENTER
 62
250
420
0
100
AcDbTrace
 10
868.2499638888884
 20
616.2491555555554
 30
0.0
 11
867.7673638888882
 21
544.2486222222221
 31
0.0
 12
868.067930555555
 22
544.2486222222221
 32
0.0
 13
868.067930555555
 23
544.2486222222221
 33
0.0
  0
SOLID
  5
533
330
17
100
AcDbEntity
  8
CENTER
 62
250
420
0
100
AcDbTrace
 10
868.2499638888884
 20
616.2491555555554
 30
0.0
 11
868.067930555555
 21
544.2486222222221
 31
0.0
 12
868.1282555555549
 22
552.248211111111
 32
0.0
 13
868.1282555555549
 23
552.248211111111
 33
0.0
  0
SOLID
  5
534
330
17
100
AcDbEntity
  8
CENTER
 62
250
420
0
100
AcDbTrace
 10
868.2499638888884
 20
616.2491555555554
 30
0.0
 11
868.1282555555549
 21
552.248211111111
 31
0.0
 12
868.1578888888884
 22
560.2477999999999
 32
0.0
 13
868.1578888888884
 23
560.2477999999999
 33
0.0
  0
SOLID
  5
535
330
17
100
AcDbEntity
  8
CENTER
 62
250
420
0
100
AcDbTrace
 10
868.2499638888884
 20
616.2491555555554
 30
0.0
 11
868.1578888888884
 21
560.2477999999999
 31
0.0
 12
868.2182138888883
 22
568.2488
 32
0.0
 13
868.2182138888883
 23
568.2488
 33
0.0
  0
SOLID
  5
536
330
17
100
AcDbEntity
  8
CENTER
 62
250
420
0
100
AcDbTrace
 10
868.2499638888884
 20
616.2491555555554
 30
0.0
 11
868.2182138888883
 21
568.2488
 31
0.0
 12
868.2785388888884
 22
576.2483888888888
 32
0.0
 13
868.2785388888884
 23
576.2483888888888
 33
0.0
  0
SOLID
  5
537
330
17
100
AcDbEntity
  8
CENTER
 62
250
420
0
100
AcDbTrace
 10
868.2499638888884
 20
616.2491555555554
 30
0.0
 11
868.2785388888884
 21
576.2483888888888
 31
0.0
 12
868.3388638888883
 22
584.2479777777776
 32
0.0
 13
868.3388638888883
 23
584.2479777777776
 33
0.0
  0
SOLID
  5
538
330
17
100
AcDbEntity
  8
CENTER
 62
250
420
0
100
AcDbTrace
 10
868.2499638888884
 20
616.2491555555554
 30
0.0
 11
868.3388638888883
 21
584.2479777777776
 31
0.0
 12
868.3991888888884
 22
592.2489777777777
 32
0.0
 13
868.3991888888884
 23
592.2489777777777
 33
0.0
  0
SOLID
  5
539
330
17
100
AcDbEntity
  8
CENTER
 62
250
420
0
100
AcDbTrace
 10
868.2499638888884
 20
616.2491555555554
 30
0.0
 11
868.3991888888884
 21
592.2489777777777
 31
0.0
 12
868.4891472222218
 22
600.2485666666665
 32
0.0
 13
868.4891472222218
 23
600.2485666666665
 33
0.0
  0
SOLID
  5
53A
330
17
100
AcDbEntity
  8
CENTER
 62
250
420
0
100
AcDbTrace
 10
868.2499638888884
 20
616.2491555555554
 30
0.0
 11
868.4891472222218
 21
600.2485666666665
 31
0.0
 12
868.5494722222218
 22
608.2481555555554
 32
0.0
 13
868.5494722222218
 23
608.2481555555554
 33
0.0
  0
SOLID
  5
53B
330
17
100
AcDbEntity
  8
CENTER
 62
250
420
0
100
AcDbTrace
 10
868.2499638888884
 20
616.2491555555554
 30
0.0
 11
868.5494722222218
 21
608.2481555555554
 31
0.0
 12
868.6394305555551
 22
616.2491555555554
 32
0.0
 13
868.6394305555551
 23
616.2491555555554
 33
0.0
  0
SOLID
  5
53C
330
17
100
AcDbEntity
  8
CENTER
 62
250
420
0
100
AcDbTrace
 10
868.2499638888884
 20
616.2491555555554
 30
0.0
 11
868.6394305555551
 21
616.2491555555554
 31
0.0
 12
868.7293888888885
 22
624.2487444444444
 32
0.0
 13
868.7293888888885
 23
624.2487444444444
 33
0.0
  0
SOLID
  5
53D
330
17
100
AcDbEntity
  8
CENTER
 62
250
420
0
100
AcDbTrace
 10
868.2499638888884
 20
616.2491555555554
 30
0.0
 11
868.7293888888885
 21
624.2487444444444
 31
0.0
 12
868.8193472222218
 22
632.2483333333332
 32
0.0
 13
868.8193472222218
 23
632.2483333333332
 33
0.0
  0
SOLID
  5
53E
330
17
100
AcDbEntity
  8
CENTER
 62
250
420
0
100
AcDbTrace
 10
868.2499638888884
 20
616.2491555555554
 30
0.0
 11
868.8193472222218
 21
632.2483333333332
 31
0.0
 12
868.9093055555552
 22
640.2493333333332
 32
0.0
 13
868.9093055555552
 23
640.2493333333332
 33
0.0
  0
SOLID
  5
53F
330
17
100
AcDbEntity
  8
CENTER
 62
250
420
0
100
AcDbTrace
 10
868.2499638888884
 20
616.2491555555554
 30
0.0
 11
868.9093055555552
 21
640.2493333333332
 31
0.0
 12
869.0003222222219
 22
648.2489222222221
 32
0.0
 13
869.0003222222219
 23
648.2489222222221
 33
0.0
  0
SOLID
  5
540
330
17
100
AcDbEntity
  8
CENTER
 62
250
420
0
100
AcDbTrace
 10
868.2499638888884
 20
616.2491555555554
 30
0.0
 11
869.0003222222219
 21
648.2489222222221
 31
0.0
 12
869.1199138888886
 22
656.248511111111
 32
0.0
 13
869.1199138888886
 23
656.248511111111
 33
0.0
  0
SOLID
  5
541
330
17
100
AcDbEntity
  8
CENTER
 62
250
420
0
100
AcDbTrace
 10
868.2499638888884
 20
616.2491555555554
 30
0.0
 11
869.1199138888886
 21
656.248511111111
 31
0.0
 12
869.2395055555554
 22
664.249511111111
 32
0.0
 13
869.2395055555554
 23
664.249511111111
 33
0.0
  0
SOLID
  5
542
330
17
100
AcDbEntity
  8
CENTER
 62
250
420
0
100
AcDbTrace
 10
868.2499638888884
 20
616.2491555555554
 30
0.0
 11
869.2395055555554
 21
664.249511111111
 31
0.0
 12
869.3590972222221
 22
672.2490999999999
 32
0.0
 13
869.3590972222221
 23
672.2490999999999
 33
0.0
  0
SOLID
  5
543
330
17
100
AcDbEntity
  8
CENTER
 62
250
420
0
100
AcDbTrace
 10
870.8301805555554
 20
752.2506333333333
 30
0.0
 11
868.2499638888884
 21
616.2491555555554
 31
0.0
 12
869.3590972222221
 22
672.2490999999999
 32
0.0
 13
869.3590972222221
 23
672.2490999999999
 33
0.0
  0
SOLID
  5
544
330
17
100
AcDbEntity
  8
CENTER
 62
250
420
0
100
AcDbTrace
 10
870.8301805555554
 20
752.2506333333333
 30
0.0
 11
869.3590972222221
 21
672.2490999999999
 31
0.0
 12
869.5093805555556
 22
680.2500999999999
 32
0.0
 13
869.5093805555556
 23
680.2500999999999
 33
0.0
  0
SOLID
  5
545
330
17
100
AcDbEntity
  8
CENTER
 62
250
420
0
100
AcDbTrace
 10
870.8301805555554
 20
752.2506333333333
 30
0.0
 11
869.5093805555556
 21
680.2500999999999
 31
0.0
 12
869.6596638888889
 22
688.2496888888888
 32
0.0
 13
869.6596638888889
 23
688.2496888888888
 33
0.0
  0
SOLID
  5
546
330
17
100
AcDbEntity
  8
CENTER
 62
250
420
0
100
AcDbTrace
 10
870.8301805555554
 20
752.2506333333333
 30
0.0
 11
869.6596638888889
 21
688.2496888888888
 31
0.0
 12
869.8395805555555
 22
696.2492777777777
 32
0.0
 13
869.8395805555555
 23
696.2492777777777
 33
0.0
  0
SOLID
  5
547
330
17
100
AcDbEntity
  8
CENTER
 62
250
420
0
100
AcDbTrace
 10
870.8301805555554
 20
752.2506333333333
 30
0.0
 11
869.8395805555555
 21
696.2492777777777
 31
0.0
 12
870.0194972222222
 22
704.2502777777776
 32
0.0
 13
870.0194972222222
 23
704.2502777777776
 33
0.0
  0
SOLID
  5
548
330
17
100
AcDbEntity
  8
CENTER
 62
250
420
0
100
AcDbTrace
 10
870.8301805555554
 20
752.2506333333333
 30
0.0
 11
870.0194972222222
 21
704.2502777777776
 31
0.0
 12
870.2301055555554
 22
712.2498666666665
 32
0.0
 13
870.2301055555554
 23
712.2498666666665
 33
0.0
  0
SOLID
  5
549
330
17
100
AcDbEntity
  8
CENTER
 62
250
420
0
100
AcDbTrace
 10
870.8301805555554
 20
752.2506333333333
 30
0.0
 11
870.2301055555554
 21
712.2498666666665
 31
0.0
 12
870.4396555555554
 22
720.2494555555555
 32
0.0
 13
870.4396555555554
 23
720.2494555555555
 33
0.0
  0
SOLID
  5
54A
330
17
100
AcDbEntity
  8
CENTER
 62
250
420
0
100
AcDbTrace
 10
870.8301805555554
 20
752.2506333333333
 30
0.0
 11
870.4396555555554
 21
720.2494555555555
 31
0.0
 12
870.7095305555554
 22
728.2504555555554
 32
0.0
 13
870.7095305555554
 23
728.2504555555554
 33
0.0
  0
SOLID
  5
54B
330
17
100
AcDbEntity
  8
CENTER
 62
250
420
0
100
AcDbTrace
 10
870.8301805555554
 20
752.2506333333333
 30
0.0
 11
870.7095305555554
 21
728.2504555555554
 31
0.0
 12
871.0090388888888
 22
736.2500444444443
 32
0.0
 13
871.0090388888888
 23
736.2500444444443
 33
0.0
  0
SOLID
  5
54C
330
17
100
AcDbEntity
  8
CENTER
 62
250
420
0
100
AcDbTrace
 10
870.8301805555554
 20
752.2506333333333
 30
0.0
 11
871.0090388888888
 21
736.2500444444443
 31
0.0
 12
871.3096055555554
 22
744.2496333333333
 32
0.0
 13
871.3096055555554
 23
744.2496333333333
 33
0.0
  0
SOLID
  5
54D
330
17
100
AcDbEntity
  8
CENTER
 62
250
420
0
100
AcDbTrace
 10
870.8301805555554
 20
752.2506333333333
 30
0.0
 11
871.3096055555554
 21
744.2496333333333
 31
0.0
 12
871.6990722222222
 22
752.2506333333333
 32
0.0
 13
871.6990722222222
 23
752.2506333333333
 33
0.0
  0
SOLID
  5
54E
330
17
100
AcDbEntity
  8
CENTER
 62
250
420
0
100
AcDbTrace
 10
870.8301805555554
 20
752.2506333333333
 30
0.0
 11
871.6990722222222
 21
752.2506333333333
 31
0.0
 12
872.118172222222
 22
760.2502222222222
 32
0.0
 13
872.118172222222
 23
760.2502222222222
 33
0.0
  0
SOLID
  5
54F
330
17
100
AcDbEntity
  8
CENTER
 62
250
420
0
100
AcDbTrace
 10
870.8301805555554
 20
752.2506333333333
 30
0.0
 11
872.118172222222
 21
760.2502222222222
 31
0.0
 12
872.6282888888887
 22
768.2498111111111
 32
0.0
 13
872.6282888888887
 23
768.2498111111111
 33
0.0
  0
SOLID
  5
550
330
17
100
AcDbEntity
  8
CENTER
 62
250
420
0
100
AcDbTrace
 10
870.8301805555554
 20
752.2506333333333
 30
0.0
 11
872.6282888888887
 21
768.2498111111111
 31
0.0
 12
873.1976722222221
 22
776.2508111111109
 32
0.0
 13
873.1976722222221
 23
776.2508111111109
 33
0.0
  0
SOLID
  5
551
330
17
100
AcDbEntity
  8
CENTER
 62
250
420
0
100
AcDbTrace
 10
870.8301805555554
 20
752.2506333333333
 30
0.0
 11
873.1976722222221
 21
776.2508111111109
 31
0.0
 12
873.9183972222221
 22
784.2504
 32
0.0
 13
873.9183972222221
 23
784.2504
 33
0.0
  0
HATCH
  5
552
330
17
100
AcDbEntity
  8
CENTER
 62
7
420
0
100
AcDbHatch
 10
0.0
 20
0.0
 30
0.0
210
0.0
220
0.0
230
1.0
  2
SOLID
 70
1
 71
0
 91
1
 92
3
 72
0
 73
1
 93
63
 10
872.7193055555556
 20
784.2504
 10
872.1192305555556
 20
776.2508111111109
 10
871.6101722222222
 20
768.2498111111111
 10
871.1900138888888
 20
760.2502222222222
 10
870.8301805555554
 20
752.2506333333333
 10
870.530672222222
 20
744.2496333333333
 10
870.2607972222221
 20
736.2500444444443
 10
869.9898638888887
 20
728.2504555555554
 10
869.7803138888889
 20
720.2494555555555
 10
869.6003972222221
 20
712.2498666666665
 10
869.4204805555555
 20
704.2502777777776
 10
869.2701972222222
 20
696.2492777777777
 10
869.1199138888887
 20
688.2496888888888
 10
869.0003222222222
 20
680.2500999999999
 10
868.879672222222
 20
672.2490999999999
 10
868.7600805555553
 20
664.249511111111
 10
868.670122222222
 20
656.248511111111
 10
868.5505305555553
 20
648.2489222222221
 10
868.4902055555552
 20
640.2493333333332
 10
868.4002472222218
 20
632.2483333333332
 10
868.3102888888884
 20
624.2487444444444
 10
868.2499638888884
 20
616.2491555555554
 10
868.1896388888885
 20
608.2481555555554
 10
868.1293138888884
 20
600.2485666666665
 10
868.0689888888884
 20
592.2489777777777
 10
868.0086638888882
 20
584.2479777777776
 10
867.9483388888883
 20
576.2483888888888
 10
867.8880138888884
 20
568.2488
 10
867.8573222222216
 20
560.2477999999999
 10
867.7969972222216
 20
552.248211111111
 10
867.7673638888882
 20
544.2486222222221
 10
868.067930555555
 20
544.2486222222221
 10
868.1282555555549
 20
552.248211111111
 10
868.1578888888884
 20
560.2477999999999
 10
868.2182138888883
 20
568.2488
 10
868.2785388888884
 20
576.2483888888888
 10
868.3388638888883
 20
584.2479777777776
 10
868.3991888888884
 20
592.2489777777777
 10
868.4891472222218
 20
600.2485666666665
 10
868.5494722222218
 20
608.2481555555554
 10
868.6394305555551
 20
616.2491555555554
 10
868.7293888888885
 20
624.2487444444444
 10
868.8193472222218
 20
632.2483333333332
 10
868.9093055555552
 20
640.2493333333332
 10
869.0003222222219
 20
648.2489222222221
 10
869.1199138888886
 20
656.248511111111
 10
869.2395055555554
 20
664.249511111111
 10
869.3590972222221
 20
672.2490999999999
 10
869.5093805555556
 20
680.2500999999999
 10
869.6596638888889
 20
688.2496888888888
 10
869.8395805555555
 20
696.2492777777777
 10
870.0194972222222
 20
704.2502777777776
 10
870.2301055555554
 20
712.2498666666665
 10
870.4396555555554
 20
720.2494555555555
 10
870.7095305555554
 20
728.2504555555554
 10
871.0090388888888
 20
736.2500444444443
 10
871.3096055555554
 20
744.2496333333333
 10
871.6990722222222
 20
752.2506333333333
 10
872.118172222222
 20
760.2502222222222
 10
872.6282888888887
 20
768.2498111111111
 10
873.1976722222221
 20
776.2508111111109
 10
873.9183972222221
 20
784.2504
 10
872.7193055555556
 20
784.2504
 97
0
 75
1
 76
1
 98
0
  0
LWPOLYLINE
  5
553
330
17
100
AcDbEntity
  8
CENTER
 62
250
100
AcDbPolyline
 90
63
 70
1
 10
875.1196055555555
 20
784.2504
 10
874.308922222222
 20
776.2508111111109
 10
873.6199472222222
 20
768.2498111111111
 10
873.0495055555555
 20
760.2502222222222
 10
872.5404472222223
 20
752.2506333333333
 10
872.1202888888888
 20
744.2496333333333
 10
871.7604555555555
 20
736.2500444444443
 10
871.4006222222222
 20
728.2504555555554
 10
871.1296888888888
 20
720.2494555555555
 10
870.8598138888888
 20
712.2498666666665
 10
870.6195722222222
 20
704.2502777777776
 10
870.4100222222222
 20
696.2492777777777
 10
870.2004722222222
 20
688.2496888888888
 10
870.0194972222222
 20
680.2500999999999
 10
869.8692138888887
 20
672.2490999999999
 10
869.7189305555554
 20
664.249511111111
 10
869.5686472222219
 20
656.248511111111
 10
869.4490555555553
 20
648.2489222222221
 10
869.3294638888885
 20
640.2493333333332
 10
869.2098722222219
 20
632.2483333333332
 10
869.1199138888885
 20
624.2487444444444
 10
869.0288972222218
 20
616.2491555555554
 10
868.9389388888883
 20
608.2481555555554
 10
868.8489805555549
 20
600.2485666666665
 10
868.7590222222216
 20
592.2489777777777
 10
868.6986972222217
 20
584.2479777777776
 10
868.6087388888883
 20
576.2483888888888
 10
868.5484138888881
 20
568.2488
 10
868.4880888888882
 20
560.2477999999999
 10
868.4277638888882
 20
552.248211111111
 10
868.3674388888882
 20
544.2486222222221
 10
868.6669472222216
 20
544.2486222222221
 10
868.7272722222216
 20
552.248211111111
 10
868.7875972222215
 20
560.2477999999999
 10
868.8775555555549
 20
568.2488
 10
868.9378805555549
 20
576.2483888888888
 10
869.0278388888884
 20
584.2479777777776
 10
869.1188555555549
 20
592.2489777777777
 10
869.2088138888882
 20
600.2485666666665
 10
869.2987722222217
 20
608.2481555555554
 10
869.4183638888885
 20
616.2491555555554
 10
869.5083222222219
 20
624.2487444444444
 10
869.6279138888887
 20
632.2483333333332
 10
869.7475055555553
 20
640.2493333333332
 10
869.8977888888887
 20
648.2489222222221
 10
870.0480722222221
 20
656.248511111111
 10
870.1994138888888
 20
664.249511111111
 10
870.3793305555554
 20
672.2490999999999
 10
870.5592472222221
 20
680.2500999999999
 10
870.7687972222219
 20
688.2496888888888
 10
870.9783472222219
 20
696.2492777777777
 10
871.2185888888887
 20
704.2502777777776
 10
871.489522222222
 20
712.2498666666665
 10
871.7890305555552
 20
720.2494555555555
 10
872.1192305555553
 20
728.2504555555554
 10
872.5097555555552
 20
736.2500444444443
 10
872.9288555555553
 20
744.2496333333333
 10
873.4082805555553
 20
752.2506333333333
 10
873.9787222222219
 20
760.2502222222222
 10
874.6094888888886
 20
768.2498111111111
 10
875.3884222222218
 20
776.2508111111109
 10
876.3186972222219
 20
784.2504
 10
875.1196055555555
 20
784.2504
  0
SOLID
  5
554
330
17
100
AcDbEntity
  8
CENTER
 62
250
420
0
100
AcDbTrace
 10
876.3186972222219
 20
784.2504
 30
0.0
 11
875.1196055555555
 21
784.2504
 31
0.0
 12
874.308922222222
 22
776.2508111111109
 32
0.0
 13
874.308922222222
 23
776.2508111111109
 33
0.0
  0
SOLID
  5
555
330
17
100
AcDbEntity
  8
CENTER
 62
250
420
0
100
AcDbTrace
 10
876.3186972222219
 20
784.2504
 30
0.0
 11
874.308922222222
 21
776.2508111111109
 31
0.0
 12
873.6199472222222
 22
768.2498111111111
 32
0.0
 13
873.6199472222222
 23
768.2498111111111
 33
0.0
  0
SOLID
  5
556
330
17
100
AcDbEntity
  8
CENTER
 62
250
420
0
100
AcDbTrace
 10
876.3186972222219
 20
784.2504
 30
0.0
 11
873.6199472222222
 21
768.2498111111111
 31
0.0
 12
873.0495055555555
 22
760.2502222222222
 32
0.0
 13
873.0495055555555
 23
760.2502222222222
 33
0.0
  0
SOLID
  5
557
330
17
100
AcDbEntity
  8
CENTER
 62
250
420
0
100
AcDbTrace
 10
876.3186972222219
 20
784.2504
 30
0.0
 11
873.0495055555555
 21
760.2502222222222
 31
0.0
 12
872.5404472222223
 22
752.2506333333333
 32
0.0
 13
872.5404472222223
 23
752.2506333333333
 33
0.0
  0
SOLID
  5
558
330
17
100
AcDbEntity
  8
CENTER
 62
250
420
0
100
AcDbTrace
 10
872.5404472222223
 20
752.2506333333333
 30
0.0
 11
872.1202888888888
 21
744.2496333333333
 31
0.0
 12
871.7604555555555
 22
736.2500444444443
 32
0.0
 13
871.7604555555555
 23
736.2500444444443
 33
0.0
  0
SOLID
  5
559
330
17
100
AcDbEntity
  8
CENTER
 62
250
420
0
100
AcDbTrace
 10
872.5404472222223
 20
752.2506333333333
 30
0.0
 11
871.7604555555555
 21
736.2500444444443
 31
0.0
 12
871.4006222222222
 22
728.2504555555554
 32
0.0
 13
871.4006222222222
 23
728.2504555555554
 33
0.0
  0
SOLID
  5
55A
330
17
100
AcDbEntity
  8
CENTER
 62
250
420
0
100
AcDbTrace
 10
872.5404472222223
 20
752.2506333333333
 30
0.0
 11
871.4006222222222
 21
728.2504555555554
 31
0.0
 12
871.1296888888888
 22
720.2494555555555
 32
0.0
 13
871.1296888888888
 23
720.2494555555555
 33
0.0
  0
SOLID
  5
55B
330
17
100
AcDbEntity
  8
CENTER
 62
250
420
0
100
AcDbTrace
 10
872.5404472222223
 20
752.2506333333333
 30
0.0
 11
871.1296888888888
 21
720.2494555555555
 31
0.0
 12
870.8598138888888
 22
712.2498666666665
 32
0.0
 13
870.8598138888888
 23
712.2498666666665
 33
0.0
  0
SOLID
  5
55C
330
17
100
AcDbEntity
  8
CENTER
 62
250
420
0
100
AcDbTrace
 10
872.5404472222223
 20
752.2506333333333
 30
0.0
 11
870.8598138888888
 21
712.2498666666665
 31
0.0
 12
870.6195722222222
 22
704.2502777777776
 32
0.0
 13
870.6195722222222
 23
704.2502777777776
 33
0.0
  0
SOLID
  5
55D
330
17
100
AcDbEntity
  8
CENTER
 62
250
420
0
100
AcDbTrace
 10
872.5404472222223
 20
752.2506333333333
 30
0.0
 11
870.6195722222222
 21
704.2502777777776
 31
0.0
 12
870.4100222222222
 22
696.2492777777777
 32
0.0
 13
870.4100222222222
 23
696.2492777777777
 33
0.0
  0
SOLID
  5
55E
330
17
100
AcDbEntity
  8
CENTER
 62
250
420
0
100
AcDbTrace
 10
872.5404472222223
 20
752.2506333333333
 30
0.0
 11
870.4100222222222
 21
696.2492777777777
 31
0.0
 12
870.2004722222222
 22
688.2496888888888
 32
0.0
 13
870.2004722222222
 23
688.2496888888888
 33
0.0
  0
SOLID
  5
55F
330
17
100
AcDbEntity
  8
CENTER
 62
250
420
0
100
AcDbTrace
 10
872.5404472222223
 20
752.2506333333333
 30
0.0
 11
870.2004722222222
 21
688.2496888888888
 31
0.0
 12
870.0194972222222
 22
680.2500999999999
 32
0.0
 13
870.0194972222222
 23
680.2500999999999
 33
0.0
  0
SOLID
  5
560
330
17
100
AcDbEntity
  8
CENTER
 62
250
420
0
100
AcDbTrace
 10
872.5404472222223
 20
752.2506333333333
 30
0.0
 11
870.0194972222222
 21
680.2500999999999
 31
0.0
 12
869.8692138888887
 22
672.2490999999999
 32
0.0
 13
869.8692138888887
 23
672.2490999999999
 33
0.0
  0
SOLID
  5
561
330
17
100
AcDbEntity
  8
CENTER
 62
250
420
0
100
AcDbTrace
 10
872.5404472222223
 20
752.2506333333333
 30
0.0
 11
869.8692138888887
 21
672.2490999999999
 31
0.0
 12
869.7189305555554
 22
664.249511111111
 32
0.0
 13
869.7189305555554
 23
664.249511111111
 33
0.0
  0
SOLID
  5
562
330
17
100
AcDbEntity
  8
CENTER
 62
250
420
0
100
AcDbTrace
 10
872.5404472222223
 20
752.2506333333333
 30
0.0
 11
869.7189305555554
 21
664.249511111111
 31
0.0
 12
869.5686472222219
 22
656.248511111111
 32
0.0
 13
869.5686472222219
 23
656.248511111111
 33
0.0
  0
SOLID
  5
563
330
17
100
AcDbEntity
  8
CENTER
 62
250
420
0
100
AcDbTrace
 10
872.5404472222223
 20
752.2506333333333
 30
0.0
 11
869.5686472222219
 21
656.248511111111
 31
0.0
 12
869.4490555555553
 22
648.2489222222221
 32
0.0
 13
869.4490555555553
 23
648.2489222222221
 33
0.0
  0
SOLID
  5
564
330
17
100
AcDbEntity
  8
CENTER
 62
250
420
0
100
AcDbTrace
 10
872.5404472222223
 20
752.2506333333333
 30
0.0
 11
869.4490555555553
 21
648.2489222222221
 31
0.0
 12
869.3294638888885
 22
640.2493333333332
 32
0.0
 13
869.3294638888885
 23
640.2493333333332
 33
0.0
  0
SOLID
  5
565
330
17
100
AcDbEntity
  8
CENTER
 62
250
420
0
100
AcDbTrace
 10
869.3294638888885
 20
640.2493333333332
 30
0.0
 11
869.2098722222219
 21
632.2483333333332
 31
0.0
 12
869.1199138888885
 22
624.2487444444444
 32
0.0
 13
869.1199138888885
 23
624.2487444444444
 33
0.0
  0
SOLID
  5
566
330
17
100
AcDbEntity
  8
CENTER
 62
250
420
0
100
AcDbTrace
 10
869.3294638888885
 20
640.2493333333332
 30
0.0
 11
869.1199138888885
 21
624.2487444444444
 31
0.0
 12
869.0288972222218
 22
616.2491555555554
 32
0.0
 13
869.0288972222218
 23
616.2491555555554
 33
0.0
  0
SOLID
  5
567
330
17
100
AcDbEntity
  8
CENTER
 62
250
420
0
100
AcDbTrace
 10
869.3294638888885
 20
640.2493333333332
 30
0.0
 11
869.0288972222218
 21
616.2491555555554
 31
0.0
 12
868.9389388888883
 22
608.2481555555554
 32
0.0
 13
868.9389388888883
 23
608.2481555555554
 33
0.0
  0
SOLID
  5
568
330
17
100
AcDbEntity
  8
CENTER
 62
250
420
0
100
AcDbTrace
 10
869.3294638888885
 20
640.2493333333332
 30
0.0
 11
868.9389388888883
 21
608.2481555555554
 31
0.0
 12
868.8489805555549
 22
600.2485666666665
 32
0.0
 13
868.8489805555549
 23
600.2485666666665
 33
0.0
  0
SOLID
  5
569
330
17
100
AcDbEntity
  8
CENTER
 62
250
420
0
100
AcDbTrace
 10
869.3294638888885
 20
640.2493333333332
 30
0.0
 11
868.8489805555549
 21
600.2485666666665
 31
0.0
 12
868.7590222222216
 22
592.2489777777777
 32
0.0
 13
868.7590222222216
 23
592.2489777777777
 33
0.0
  0
SOLID
  5
56A
330
17
100
AcDbEntity
  8
CENTER
 62
250
420
0
100
AcDbTrace
 10
869.3294638888885
 20
640.2493333333332
 30
0.0
 11
868.7590222222216
 21
592.2489777777777
 31
0.0
 12
868.6986972222217
 22
584.2479777777776
 32
0.0
 13
868.6986972222217
 23
584.2479777777776
 33
0.0
  0
SOLID
  5
56B
330
17
100
AcDbEntity
  8
CENTER
 62
250
420
0
100
AcDbTrace
 10
869.3294638888885
 20
640.2493333333332
 30
0.0
 11
868.6986972222217
 21
584.2479777777776
 31
0.0
 12
868.6087388888883
 22
576.2483888888888
 32
0.0
 13
868.6087388888883
 23
576.2483888888888
 33
0.0
  0
SOLID
  5
56C
330
17
100
AcDbEntity
  8
CENTER
 62
250
420
0
100
AcDbTrace
 10
869.3294638888885
 20
640.2493333333332
 30
0.0
 11
868.6087388888883
 21
576.2483888888888
 31
0.0
 12
868.5484138888881
 22
568.2488
 32
0.0
 13
868.5484138888881
 23
568.2488
 33
0.0
  0
SOLID
  5
56D
330
17
100
AcDbEntity
  8
CENTER
 62
250
420
0
100
AcDbTrace
 10
869.3294638888885
 20
640.2493333333332
 30
0.0
 11
868.5484138888881
 21
568.2488
 31
0.0
 12
868.4880888888882
 22
560.2477999999999
 32
0.0
 13
868.4880888888882
 23
560.2477999999999
 33
0.0
  0
SOLID
  5
56E
330
17
100
AcDbEntity
  8
CENTER
 62
250
420
0
100
AcDbTrace
 10
869.3294638888885
 20
640.2493333333332
 30
0.0
 11
868.4880888888882
 21
560.2477999999999
 31
0.0
 12
868.4277638888882
 22
552.248211111111
 32
0.0
 13
868.4277638888882
 23
552.248211111111
 33
0.0
  0
SOLID
  5
56F
330
17
100
AcDbEntity
  8
CENTER
 62
250
420
0
100
AcDbTrace
 10
869.3294638888885
 20
640.2493333333332
 30
0.0
 11
868.4277638888882
 21
552.248211111111
 31
0.0
 12
868.3674388888882
 22
544.2486222222221
 32
0.0
 13
868.3674388888882
 23
544.2486222222221
 33
0.0
  0
SOLID
  5
570
330
17
100
AcDbEntity
  8
CENTER
 62
250
420
0
100
AcDbTrace
 10
869.3294638888885
 20
640.2493333333332
 30
0.0
 11
868.3674388888882
 21
544.2486222222221
 31
0.0
 12
868.6669472222216
 22
544.2486222222221
 32
0.0
 13
868.6669472222216
 23
544.2486222222221
 33
0.0
  0
SOLID
  5
571
330
17
100
AcDbEntity
  8
CENTER
 62
250
420
0
100
AcDbTrace
 10
869.3294638888885
 20
640.2493333333332
 30
0.0
 11
868.6669472222216
 21
544.2486222222221
 31
0.0
 12
868.7272722222216
 22
552.248211111111
 32
0.0
 13
868.7272722222216
 23
552.248211111111
 33
0.0
  0
SOLID
  5
572
330
17
100
AcDbEntity
  8
CENTER
 62
250
420
0
100
AcDbTrace
 10
869.3294638888885
 20
640.2493333333332
 30
0.0
 11
868.7272722222216
 21
552.248211111111
 31
0.0
 12
868.7875972222215
 22
560.2477999999999
 32
0.0
 13
868.7875972222215
 23
560.2477999999999
 33
0.0
  0
SOLID
  5
573
330
17
100
AcDbEntity
  8
CENTER
 62
250
420
0
100
AcDbTrace
 10
869.3294638888885
 20
640.2493333333332
 30
0.0
 11
868.7875972222215
 21
560.2477999999999
 31
0.0
 12
868.8775555555549
 22
568.2488
 32
0.0
 13
868.8775555555549
 23
568.2488
 33
0.0
  0
SOLID
  5
574
330
17
100
AcDbEntity
  8
CENTER
 62
250
420
0
100
AcDbTrace
 10
869.3294638888885
 20
640.2493333333332
 30
0.0
 11
868.8775555555549
 21
568.2488
 31
0.0
 12
868.9378805555549
 22
576.2483888888888
 32
0.0
 13
868.9378805555549
 23
576.2483888888888
 33
0.0
  0
SOLID
  5
575
330
17
100
AcDbEntity
  8
CENTER
 62
250
420
0
100
AcDbTrace
 10
869.3294638888885
 20
640.2493333333332
 30
0.0
 11
868.9378805555549
 21
576.2483888888888
 31
0.0
 12
869.0278388888884
 22
584.2479777777776
 32
0.0
 13
869.0278388888884
 23
584.2479777777776
 33
0.0
  0
SOLID
  5
576
330
17
100
AcDbEntity
  8
CENTER
 62
250
420
0
100
AcDbTrace
 10
869.3294638888885
 20
640.2493333333332
 30
0.0
 11
869.0278388888884
 21
584.2479777777776
 31
0.0
 12
869.1188555555549
 22
592.2489777777777
 32
0.0
 13
869.1188555555549
 23
592.2489777777777
 33
0.0
  0
SOLID
  5
577
330
17
100
AcDbEntity
  8
CENTER
 62
250
420
0
100
AcDbTrace
 10
869.3294638888885
 20
640.2493333333332
 30
0.0
 11
869.1188555555549
 21
592.2489777777777
 31
0.0
 12
869.2088138888882
 22
600.2485666666665
 32
0.0
 13
869.2088138888882
 23
600.2485666666665
 33
0.0
  0
SOLID
  5
578
330
17
100
AcDbEntity
  8
CENTER
 62
250
420
0
100
AcDbTrace
 10
869.3294638888885
 20
640.2493333333332
 30
0.0
 11
869.2088138888882
 21
600.2485666666665
 31
0.0
 12
869.2987722222217
 22
608.2481555555554
 32
0.0
 13
869.2987722222217
 23
608.2481555555554
 33
0.0
  0
SOLID
  5
579
330
17
100
AcDbEntity
  8
CENTER
 62
250
420
0
100
AcDbTrace
 10
869.3294638888885
 20
640.2493333333332
 30
0.0
 11
869.2987722222217
 21
608.2481555555554
 31
0.0
 12
869.4183638888885
 22
616.2491555555554
 32
0.0
 13
869.4183638888885
 23
616.2491555555554
 33
0.0
  0
SOLID
  5
57A
330
17
100
AcDbEntity
  8
CENTER
 62
250
420
0
100
AcDbTrace
 10
869.3294638888885
 20
640.2493333333332
 30
0.0
 11
869.4183638888885
 21
616.2491555555554
 31
0.0
 12
869.5083222222219
 22
624.2487444444444
 32
0.0
 13
869.5083222222219
 23
624.2487444444444
 33
0.0
  0
SOLID
  5
57B
330
17
100
AcDbEntity
  8
CENTER
 62
250
420
0
100
AcDbTrace
 10
869.3294638888885
 20
640.2493333333332
 30
0.0
 11
869.5083222222219
 21
624.2487444444444
 31
0.0
 12
869.6279138888887
 22
632.2483333333332
 32
0.0
 13
869.6279138888887
 23
632.2483333333332
 33
0.0
  0
SOLID
  5
57C
330
17
100
AcDbEntity
  8
CENTER
 62
250
420
0
100
AcDbTrace
 10
869.3294638888885
 20
640.2493333333332
 30
0.0
 11
869.6279138888887
 21
632.2483333333332
 31
0.0
 12
869.7475055555553
 22
640.2493333333332
 32
0.0
 13
869.7475055555553
 23
640.2493333333332
 33
0.0
  0
SOLID
  5
57D
330
17
100
AcDbEntity
  8
CENTER
 62
250
420
0
100
AcDbTrace
 10
869.3294638888885
 20
640.2493333333332
 30
0.0
 11
869.7475055555553
 21
640.2493333333332
 31
0.0
 12
869.8977888888887
 22
648.2489222222221
 32
0.0
 13
869.8977888888887
 23
648.2489222222221
 33
0.0
  0
SOLID
  5
57E
330
17
100
AcDbEntity
  8
CENTER
 62
250
420
0
100
AcDbTrace
 10
869.3294638888885
 20
640.2493333333332
 30
0.0
 11
869.8977888888887
 21
648.2489222222221
 31
0.0
 12
870.0480722222221
 22
656.248511111111
 32
0.0
 13
870.0480722222221
 23
656.248511111111
 33
0.0
  0
SOLID
  5
57F
330
17
100
AcDbEntity
  8
CENTER
 62
250
420
0
100
AcDbTrace
 10
869.3294638888885
 20
640.2493333333332
 30
0.0
 11
870.0480722222221
 21
656.248511111111
 31
0.0
 12
870.1994138888888
 22
664.249511111111
 32
0.0
 13
870.1994138888888
 23
664.249511111111
 33
0.0
  0
SOLID
  5
580
330
17
100
AcDbEntity
  8
CENTER
 62
250
420
0
100
AcDbTrace
 10
869.3294638888885
 20
640.2493333333332
 30
0.0
 11
870.1994138888888
 21
664.249511111111
 31
0.0
 12
870.3793305555554
 22
672.2490999999999
 32
0.0
 13
870.3793305555554
 23
672.2490999999999
 33
0.0
  0
SOLID
  5
581
330
17
100
AcDbEntity
  8
CENTER
 62
250
420
0
100
AcDbTrace
 10
869.3294638888885
 20
640.2493333333332
 30
0.0
 11
870.3793305555554
 21
672.2490999999999
 31
0.0
 12
870.5592472222221
 22
680.2500999999999
 32
0.0
 13
870.5592472222221
 23
680.2500999999999
 33
0.0
  0
SOLID
  5
582
330
17
100
AcDbEntity
  8
CENTER
 62
250
420
0
100
AcDbTrace
 10
869.3294638888885
 20
640.2493333333332
 30
0.0
 11
870.5592472222221
 21
680.2500999999999
 31
0.0
 12
870.7687972222219
 22
688.2496888888888
 32
0.0
 13
870.7687972222219
 23
688.2496888888888
 33
0.0
  0
SOLID
  5
583
330
17
100
AcDbEntity
  8
CENTER
 62
250
420
0
100
AcDbTrace
 10
869.3294638888885
 20
640.2493333333332
 30
0.0
 11
870.7687972222219
 21
688.2496888888888
 31
0.0
 12
870.9783472222219
 22
696.2492777777777
 32
0.0
 13
870.9783472222219
 23
696.2492777777777
 33
0.0
  0
SOLID
  5
584
330
17
100
AcDbEntity
  8
CENTER
 62
250
420
0
100
AcDbTrace
 10
872.5404472222223
 20
752.2506333333333
 30
0.0
 11
869.3294638888885
 21
640.2493333333332
 31
0.0
 12
870.9783472222219
 22
696.2492777777777
 32
0.0
 13
870.9783472222219
 23
696.2492777777777
 33
0.0
  0
SOLID
  5
585
330
17
100
AcDbEntity
  8
CENTER
 62
250
420
0
100
AcDbTrace
 10
872.5404472222223
 20
752.2506333333333
 30
0.0
 11
870.9783472222219
 21
696.2492777777777
 31
0.0
 12
871.2185888888887
 22
704.2502777777776
 32
0.0
 13
871.2185888888887
 23
704.2502777777776
 33
0.0
  0
SOLID
  5
586
330
17
100
AcDbEntity
  8
CENTER
 62
250
420
0
100
AcDbTrace
 10
872.5404472222223
 20
752.2506333333333
 30
0.0
 11
871.2185888888887
 21
704.2502777777776
 31
0.0
 12
871.489522222222
 22
712.2498666666665
 32
0.0
 13
871.489522222222
 23
712.2498666666665
 33
0.0
  0
SOLID
  5
587
330
17
100
AcDbEntity
  8
CENTER
 62
250
420
0
100
AcDbTrace
 10
872.5404472222223
 20
752.2506333333333
 30
0.0
 11
871.489522222222
 21
712.2498666666665
 31
0.0
 12
871.7890305555552
 22
720.2494555555555
 32
0.0
 13
871.7890305555552
 23
720.2494555555555
 33
0.0
  0
SOLID
  5
588
330
17
100
AcDbEntity
  8
CENTER
 62
250
420
0
100
AcDbTrace
 10
872.5404472222223
 20
752.2506333333333
 30
0.0
 11
871.7890305555552
 21
720.2494555555555
 31
0.0
 12
872.1192305555553
 22
728.2504555555554
 32
0.0
 13
872.1192305555553
 23
728.2504555555554
 33
0.0
  0
SOLID
  5
589
330
17
100
AcDbEntity
  8
CENTER
 62
250
420
0
100
AcDbTrace
 10
872.5404472222223
 20
752.2506333333333
 30
0.0
 11
872.1192305555553
 21
728.2504555555554
 31
0.0
 12
872.5097555555552
 22
736.2500444444443
 32
0.0
 13
872.5097555555552
 23
736.2500444444443
 33
0.0
  0
SOLID
  5
58A
330
17
100
AcDbEntity
  8
CENTER
 62
250
420
0
100
AcDbTrace
 10
872.5404472222223
 20
752.2506333333333
 30
0.0
 11
872.5097555555552
 21
736.2500444444443
 31
0.0
 12
872.9288555555553
 22
744.2496333333333
 32
0.0
 13
872.9288555555553
 23
744.2496333333333
 33
0.0
  0
SOLID
  5
58B
330
17
100
AcDbEntity
  8
CENTER
 62
250
420
0
100
AcDbTrace
 10
872.5404472222223
 20
752.2506333333333
 30
0.0
 11
872.9288555555553
 21
744.2496333333333
 31
0.0
 12
873.4082805555553
 22
752.2506333333333
 32
0.0
 13
873.4082805555553
 23
752.2506333333333
 33
0.0
  0
SOLID
  5
58C
330
17
100
AcDbEntity
  8
CENTER
 62
250
420
0
100
AcDbTrace
 10
872.5404472222223
 20
752.2506333333333
 30
0.0
 11
873.4082805555553
 21
752.2506333333333
 31
0.0
 12
873.9787222222219
 22
760.2502222222222
 32
0.0
 13
873.9787222222219
 23
760.2502222222222
 33
0.0
  0
SOLID
  5
58D
330
17
100
AcDbEntity
  8
CENTER
 62
250
420
0
100
AcDbTrace
 10
872.5404472222223
 20
752.2506333333333
 30
0.0
 11
873.9787222222219
 21
760.2502222222222
 31
0.0
 12
874.6094888888886
 22
768.2498111111111
 32
0.0
 13
874.6094888888886
 23
768.2498111111111
 33
0.0
  0
SOLID
  5
58E
330
17
100
AcDbEntity
  8
CENTER
 62
250
420
0
100
AcDbTrace
 10
872.5404472222223
 20
752.2506333333333
 30
0.0
 11
874.6094888888886
 21
768.2498111111111
 31
0.0
 12
875.3884222222218
 22
776.2508111111109
 32
0.0
 13
875.3884222222218
 23
776.2508111111109
 33
0.0
  0
SOLID
  5
58F
330
17
100
AcDbEntity
  8
CENTER
 62
250
420
0
100
AcDbTrace
 10
872.5404472222223
 20
752.2506333333333
 30
0.0
 11
875.3884222222218
 21
776.2508111111109
 31
0.0
 12
876.3186972222219
 22
784.2504
 32
0.0
 13
876.3186972222219
 23
784.2504
 33
0.0
  0
HATCH
  5
590
330
17
100
AcDbEntity
  8
CENTER
 62
7
420
0
100
AcDbHatch
 10
0.0
 20
0.0
 30
0.0
210
0.0
220
0.0
230
1.0
  2
SOLID
 70
1
 71
0
 91
1
 92
3
 72
0
 73
1
 93
63
 10
875.1196055555555
 20
784.2504
 10
874.308922222222
 20
776.2508111111109
 10
873.6199472222222
 20
768.2498111111111
 10
873.0495055555555
 20
760.2502222222222
 10
872.5404472222223
 20
752.2506333333333
 10
872.1202888888888
 20
744.2496333333333
 10
871.7604555555555
 20
736.2500444444443
 10
871.4006222222222
 20
728.2504555555554
 10
871.1296888888888
 20
720.2494555555555
 10
870.8598138888888
 20
712.2498666666665
 10
870.6195722222222
 20
704.2502777777776
 10
870.4100222222222
 20
696.2492777777777
 10
870.2004722222222
 20
688.2496888888888
 10
870.0194972222222
 20
680.2500999999999
 10
869.8692138888887
 20
672.2490999999999
 10
869.7189305555554
 20
664.249511111111
 10
869.5686472222219
 20
656.248511111111
 10
869.4490555555553
 20
648.2489222222221
 10
869.3294638888885
 20
640.2493333333332
 10
869.2098722222219
 20
632.2483333333332
 10
869.1199138888885
 20
624.2487444444444
 10
869.0288972222218
 20
616.2491555555554
 10
868.9389388888883
 20
608.2481555555554
 10
868.8489805555549
 20
600.2485666666665
 10
868.7590222222216
 20
592.2489777777777
 10
868.6986972222217
 20
584.2479777777776
 10
868.6087388888883
 20
576.2483888888888
 10
868.5484138888881
 20
568.2488
 10
868.4880888888882
 20
560.2477999999999
 10
868.4277638888882
 20
552.248211111111
 10
868.3674388888882
 20
544.2486222222221
 10
868.6669472222216
 20
544.2486222222221
 10
868.7272722222216
 20
552.248211111111
 10
868.7875972222215
 20
560.2477999999999
 10
868.8775555555549
 20
568.2488
 10
868.9378805555549
 20
576.2483888888888
 10
869.0278388888884
 20
584.2479777777776
 10
869.1188555555549
 20
592.2489777777777
 10
869.2088138888882
 20
600.2485666666665
 10
869.2987722222217
 20
608.2481555555554
 10
869.4183638888885
 20
616.2491555555554
 10
869.5083222222219
 20
624.2487444444444
 10
869.6279138888887
 20
632.2483333333332
 10
869.7475055555553
 20
640.2493333333332
 10
869.8977888888887
 20
648.2489222222221
 10
870.0480722222221
 20
656.248511111111
 10
870.1994138888888
 20
664.249511111111
 10
870.3793305555554
 20
672.2490999999999
 10
870.5592472222221
 20
680.2500999999999
 10
870.7687972222219
 20
688.2496888888888
 10
870.9783472222219
 20
696.2492777777777
 10
871.2185888888887
 20
704.2502777777776
 10
871.489522222222
 20
712.2498666666665
 10
871.7890305555552
 20
720.2494555555555
 10
872.1192305555553
 20
728.2504555555554
 10
872.5097555555552
 20
736.2500444444443
 10
872.9288555555553
 20
744.2496333333333
 10
873.4082805555553
 20
752.2506333333333
 10
873.9787222222219
 20
760.2502222222222
 10
874.6094888888886
 20
768.2498111111111
 10
875.3884222222218
 20
776.2508111111109
 10
876.3186972222219
 20
784.2504
 10
875.1196055555555
 20
784.2504
 97
0
 75
1
 76
1
 98
0
  0
TEXT
  5
591
330
17
100
AcDbEntity
  8
LABELS
 62
250
100
AcDbText
 10
895.2753522222221
 20
539.3310411111111
 30
0.0
 40
16.93333333333333
  1
20
 11
895.2753522222221
 21
539.3310411111111
 31
0.0
100
AcDbText
  0
TEXT
  5
592
330
17
100
AcDbEntity
  8
LABELS
 62
250
100
AcDbText
 10
895.2753522222221
 20
571.3305255555555
 30
0.0
 40
16.93333333333333
  1
18
 11
895.2753522222221
 21
571.3305255555555
 31
0.0
100
AcDbText
  0
TEXT
  5
593
330
17
100
AcDbEntity
  8
LABELS
 62
250
100
AcDbText
 10
895.7445113888889
 20
603.3312799999999
 30
0.0
 40
16.93333333333333
  1
16
 11
895.7445113888889
 21
603.3312799999999
 31
0.0
100
AcDbText
  0
TEXT
  5
594
330
17
100
AcDbEntity
  8
LABELS
 62
250
100
AcDbText
 10
897.1274355555554
 20
635.3307644444444
 30
0.0
 40
16.93333333333333
  1
14
 11
897.1274355555554
 21
635.3307644444444
 31
0.0
100
AcDbText
  0
LWPOLYLINE
  5
595
330
17
100
AcDbEntity
  8
CENTER
 62
250
370
35
100
AcDbPolyline
 90
2
 70
0
 43
1.9999677777777776
 10
1001.1194805555555
 20
482.65221111111106
 10
1001.1194805555555
 20
466.65162222222216
  0
LWPOLYLINE
  5
596
330
17
100
AcDbEntity
  8
CENTER
 62
250
370
35
100
AcDbPolyline
 90
2
 70
0
 43
1.9999677777777776
 10
989.1179805555555
 20
484.9311555555555
 10
989.1179805555555
 20
460.93097777777774
  0
LWPOLYLINE
  5
597
330
17
100
AcDbEntity
  8
CENTER
 62
250
370
35
100
AcDbPolyline
 90
2
 70
0
 43
1.9999677777777776
 10
977.1185972222221
 20
486.53135555555554
 10
977.1185972222221
 20
470.5321777777777
  0
LWPOLYLINE
  5
598
330
17
100
AcDbEntity
  8
CENTER
 62
250
370
35
100
AcDbPolyline
 90
2
 70
0
 43
1.9999677777777776
 10
965.1192138888887
 20
487.7308
 10
965.1192138888887
 20
463.7306222222222
  0
LWPOLYLINE
  5
599
330
17
100
AcDbEntity
  8
CENTER
 62
250
370
35
100
AcDbPolyline
 90
2
 70
0
 43
1.9999677777777776
 10
953.1177138888888
 20
488.69176666666664
 10
953.1177138888888
 20
472.69117777777774
  0
LWPOLYLINE
  5
59A
330
17
100
AcDbEntity
  8
CENTER
 62
250
370
35
100
AcDbPolyline
 90
2
 70
0
 43
1.9999677777777776
 10
941.1183305555555
 20
489.4509444444444
 10
941.1183305555555
 20
465.45076666666665
  0
LWPOLYLINE
  5
59B
330
17
100
AcDbEntity
  8
CENTER
 62
250
370
35
100
AcDbPolyline
 90
2
 70
0
 43
1.9999677777777776
 10
929.1189472222221
 20
490.05207777777775
 10
929.1189472222221
 20
474.05148888888885
  0
LWPOLYLINE
  5
59C
330
17
100
AcDbEntity
  8
CENTER
 62
250
370
35
100
AcDbPolyline
 90
2
 70
0
 43
1.9999677777777776
 10
917.1174472222222
 20
490.5713666666666
 10
917.1174472222222
 20
466.57118888888886
  0
LWPOLYLINE
  5
59D
330
17
100
AcDbEntity
  8
CENTER
 62
250
370
35
100
AcDbPolyline
 90
2
 70
0
 43
1.9999677777777776
 10
905.1191222222221
 20
491.0102222222221
 10
905.1191222222221
 20
475.0096333333333
  0
LWPOLYLINE
  5
59E
330
17
100
AcDbEntity
  8
CENTER
 62
250
370
35
100
AcDbPolyline
 90
2
 70
0
 43
1.9999677777777776
 10
893.1197388888887
 20
491.41238888888887
 10
893.1197388888887
 20
467.4122111111111
  0
LWPOLYLINE
  5
59F
330
17
100
AcDbEntity
  8
CENTER
 62
250
370
35
100
AcDbPolyline
 90
2
 70
0
 43
1.9999677777777776
 10
881.1182388888888
 20
491.7313
 10
881.1182388888888
 20
475.7307111111111
  0
LWPOLYLINE
  5
5A0
330
17
100
AcDbEntity
  8
CENTER
 62
250
370
35
100
AcDbPolyline
 90
2
 70
0
 43
1.9999677777777776
 10
869.1188555555556
 20
492.01069999999993
 10
869.1188555555556
 20
468.01052222222216
  0
LWPOLYLINE
  5
5A1
330
17
100
AcDbEntity
  8
CENTER
 62
250
370
35
100
AcDbPolyline
 90
2
 70
0
 43
1.9999677777777776
 10
857.1194722222222
 20
492.25058888888884
 10
857.1194722222222
 20
476.24999999999994
  0
LWPOLYLINE
  5
5A2
330
17
100
AcDbEntity
  8
CENTER
 62
250
370
35
100
AcDbPolyline
 90
2
 70
0
 43
1.9999677777777776
 10
845.1179722222222
 20
492.49047777777776
 10
845.1179722222222
 20
468.4903
  0
LWPOLYLINE
  5
5A3
330
17
100
AcDbEntity
  8
CENTER
 62
250
370
35
100
AcDbPolyline
 90
2
 70
0
 43
1.9999677777777776
 10
833.1185888888888
 20
492.6908555555555
 10
833.1185888888888
 20
476.6916777777777
  0
LWPOLYLINE
  5
5A4
330
17
100
AcDbEntity
  8
CENTER
 62
250
100
AcDbPolyline
 90
63
 70
1
 10
1001.1194805555555
 20
517.8495555555555
 10
995.1187305555555
 20
516.6091888888889
 10
989.1179805555556
 20
515.570611111111
 10
983.1193472222221
 20
514.7295888888889
 10
977.1185972222222
 20
513.970411111111
 10
971.1178472222223
 20
513.3297666666666
 10
965.119213888889
 20
512.7300444444444
 10
959.118463888889
 20
512.2488555555555
 10
953.117713888889
 20
511.8085888888888
 10
947.1190805555557
 20
511.4092444444443
 10
941.1183305555559
 20
511.049411111111
 10
935.1175805555557
 20
510.7276777777776
 10
929.1189472222225
 20
510.44827777777766
 10
923.1181972222225
 20
510.1688777777777
 10
917.1174472222226
 20
509.9289888888888
 10
911.1188138888893
 20
509.6890999999999
 10
905.1180638888892
 20
509.4887222222221
 10
899.1173138888893
 20
509.28693333333325
 10
893.118680555556
 20
509.0865555555555
 10
887.1179305555561
 20
508.92709999999994
 10
881.117180555556
 20
508.7676444444444
 10
875.1185472222227
 20
508.6477
 10
869.1177972222229
 20
508.4882444444444
 10
863.1170472222229
 20
508.3683
 10
857.1184138888894
 20
508.2483555555556
 10
851.1176638888895
 20
508.1284111111112
 10
845.1169138888896
 20
508.0084666666667
 10
839.1182805555561
 20
507.92803333333336
 10
833.1175305555562
 20
507.8066777777778
 10
827.1167805555563
 20
507.72624444444443
 10
821.118147222223
 20
507.6458111111111
 10
821.118147222223
 20
507.2464666666666
 10
827.1167805555563
 20
507.32689999999997
 10
833.1175305555562
 20
507.4073333333333
 10
839.1182805555561
 20
507.4877666666667
 10
845.1169138888896
 20
507.56820000000005
 10
851.1176638888895
 20
507.68814444444445
 10
857.1184138888894
 20
507.7685777777778
 10
863.1170472222229
 20
507.88993333333343
 10
869.1177972222229
 20
508.00987777777783
 10
875.1185472222227
 20
508.12982222222223
 10
881.117180555556
 20
508.24976666666663
 10
887.1179305555561
 20
508.3697111111111
 10
893.118680555556
 20
508.52916666666664
 10
899.1173138888893
 20
508.6886222222222
 10
905.1180638888892
 20
508.84807777777775
 10
911.1188138888893
 20
509.0484555555555
 10
917.1174472222226
 20
509.24883333333327
 10
923.1181972222225
 20
509.45062222222214
 10
929.1189472222225
 20
509.69051111111105
 10
935.1175805555557
 20
509.969911111111
 10
941.1183305555559
 20
510.24931111111096
 10
947.1190805555557
 20
510.5696333333332
 10
953.117713888889
 20
510.9308777777776
 10
959.118463888889
 20
511.2907111111109
 10
965.119213888889
 20
511.7309777777776
 10
971.1178472222223
 20
512.2502666666664
 10
977.1185972222222
 20
512.8104777777776
 10
983.1193472222221
 20
513.489222222222
 10
989.1179805555556
 20
514.2498111111108
 10
995.1187305555555
 20
515.1684444444442
 10
1001.1194805555555
 20
516.2493555555553
 10
1001.1194805555555
 20
517.8495555555555
  0
SOLID
  5
5A5
330
17
100
AcDbEntity
  8
CENTER
 62
250
420
0
100
AcDbTrace
 10
1001.1194805555555
 20
516.2493555555553
 30
0.0
 11
1001.1194805555555
 21
517.8495555555555
 31
0.0
 12
995.1187305555555
 22
516.6091888888889
 32
0.0
 13
995.1187305555555
 23
516.6091888888889
 33
0.0
  0
SOLID
  5
5A6
330
17
100
AcDbEntity
  8
CENTER
 62
250
420
0
100
AcDbTrace
 10
1001.1194805555555
 20
516.2493555555553
 30
0.0
 11
995.1187305555555
 21
516.6091888888889
 31
0.0
 12
989.1179805555556
 22
515.570611111111
 32
0.0
 13
989.1179805555556
 23
515.570611111111
 33
0.0
  0
SOLID
  5
5A7
330
17
100
AcDbEntity
  8
CENTER
 62
250
420
0
100
AcDbTrace
 10
1001.1194805555555
 20
516.2493555555553
 30
0.0
 11
989.1179805555556
 21
515.570611111111
 31
0.0
 12
983.1193472222221
 22
514.7295888888889
 32
0.0
 13
983.1193472222221
 23
514.7295888888889
 33
0.0
  0
SOLID
  5
5A8
330
17
100
AcDbEntity
  8
CENTER
 62
250
420
0
100
AcDbTrace
 10
1001.1194805555555
 20
516.2493555555553
 30
0.0
 11
983.1193472222221
 21
514.7295888888889
 31
0.0
 12
977.1185972222222
 22
513.970411111111
 32
0.0
 13
977.1185972222222
 23
513.970411111111
 33
0.0
  0
SOLID
  5
5A9
330
17
100
AcDbEntity
  8
CENTER
 62
250
420
0
100
AcDbTrace
 10
1001.1194805555555
 20
516.2493555555553
 30
0.0
 11
977.1185972222222
 21
513.970411111111
 31
0.0
 12
971.1178472222223
 22
513.3297666666666
 32
0.0
 13
971.1178472222223
 23
513.3297666666666
 33
0.0
  0
SOLID
  5
5AA
330
17
100
AcDbEntity
  8
CENTER
 62
250
420
0
100
AcDbTrace
 10
1001.1194805555555
 20
516.2493555555553
 30
0.0
 11
971.1178472222223
 21
513.3297666666666
 31
0.0
 12
965.119213888889
 22
512.7300444444444
 32
0.0
 13
965.119213888889
 23
512.7300444444444
 33
0.0
  0
SOLID
  5
5AB
330
17
100
AcDbEntity
  8
CENTER
 62
250
420
0
100
AcDbTrace
 10
923.1181972222225
 20
510.1688777777777
 30
0.0
 11
917.1174472222226
 21
509.9289888888888
 31
0.0
 12
911.1188138888893
 22
509.6890999999999
 32
0.0
 13
911.1188138888893
 23
509.6890999999999
 33
0.0
  0
SOLID
  5
5AC
330
17
100
AcDbEntity
  8
CENTER
 62
250
420
0
100
AcDbTrace
 10
911.1188138888893
 20
509.6890999999999
 30
0.0
 11
905.1180638888892
 21
509.4887222222221
 31
0.0
 12
899.1173138888893
 22
509.28693333333325
 32
0.0
 13
899.1173138888893
 23
509.28693333333325
 33
0.0
  0
SOLID
  5
5AD
330
17
100
AcDbEntity
  8
CENTER
 62
250
420
0
100
AcDbTrace
 10
881.117180555556
 20
508.7676444444444
 30
0.0
 11
875.1185472222227
 21
508.6477
 31
0.0
 12
869.1177972222229
 22
508.4882444444444
 32
0.0
 13
869.1177972222229
 23
508.4882444444444
 33
0.0
  0
SOLID
  5
5AE
330
17
100
AcDbEntity
  8
CENTER
 62
250
420
0
100
AcDbTrace
 10
869.1177972222229
 20
508.4882444444444
 30
0.0
 11
863.1170472222229
 21
508.3683
 31
0.0
 12
857.1184138888894
 22
508.2483555555556
 32
0.0
 13
857.1184138888894
 23
508.2483555555556
 33
0.0
  0
SOLID
  5
5AF
330
17
100
AcDbEntity
  8
CENTER
 62
250
420
0
100
AcDbTrace
 10
845.1169138888896
 20
508.0084666666667
 30
0.0
 11
839.1182805555561
 21
507.92803333333336
 31
0.0
 12
833.1175305555562
 22
507.8066777777778
 32
0.0
 13
833.1175305555562
 23
507.8066777777778
 33
0.0
  0
SOLID
  5
5B0
330
17
100
AcDbEntity
  8
CENTER
 62
250
420
0
100
AcDbTrace
 10
833.1175305555562
 20
507.8066777777778
 30
0.0
 11
827.1167805555563
 21
507.72624444444443
 31
0.0
 12
821.118147222223
 22
507.6458111111111
 32
0.0
 13
821.118147222223
 23
507.6458111111111
 33
0.0
  0
SOLID
  5
5B1
330
17
100
AcDbEntity
  8
CENTER
 62
250
420
0
100
AcDbTrace
 10
833.1175305555562
 20
507.8066777777778
 30
0.0
 11
821.118147222223
 21
507.6458111111111
 31
0.0
 12
821.118147222223
 22
507.2464666666666
 32
0.0
 13
821.118147222223
 23
507.2464666666666
 33
0.0
  0
SOLID
  5
5B2
330
17
100
AcDbEntity
  8
CENTER
 62
250
420
0
100
AcDbTrace
 10
845.1169138888896
 20
508.0084666666667
 30
0.0
 11
833.1175305555562
 21
507.8066777777778
 31
0.0
 12
821.118147222223
 22
507.2464666666666
 32
0.0
 13
821.118147222223
 23
507.2464666666666
 33
0.0
  0
SOLID
  5
5B3
330
17
100
AcDbEntity
  8
CENTER
 62
250
420
0
100
AcDbTrace
 10
851.1176638888895
 20
508.1284111111112
 30
0.0
 11
845.1169138888896
 21
508.0084666666667
 31
0.0
 12
821.118147222223
 22
507.2464666666666
 32
0.0
 13
821.118147222223
 23
507.2464666666666
 33
0.0
  0
SOLID
  5
5B4
330
17
100
AcDbEntity
  8
CENTER
 62
250
420
0
100
AcDbTrace
 10
857.1184138888894
 20
508.2483555555556
 30
0.0
 11
851.1176638888895
 21
508.1284111111112
 31
0.0
 12
821.118147222223
 22
507.2464666666666
 32
0.0
 13
821.118147222223
 23
507.2464666666666
 33
0.0
  0
SOLID
  5
5B5
330
17
100
AcDbEntity
  8
CENTER
 62
250
420
0
100
AcDbTrace
 10
869.1177972222229
 20
508.4882444444444
 30
0.0
 11
857.1184138888894
 21
508.2483555555556
 31
0.0
 12
821.118147222223
 22
507.2464666666666
 32
0.0
 13
821.118147222223
 23
507.2464666666666
 33
0.0
  0
SOLID
  5
5B6
330
17
100
AcDbEntity
  8
CENTER
 62
250
420
0
100
AcDbTrace
 10
881.117180555556
 20
508.7676444444444
 30
0.0
 11
869.1177972222229
 21
508.4882444444444
 31
0.0
 12
821.118147222223
 22
507.2464666666666
 32
0.0
 13
821.118147222223
 23
507.2464666666666
 33
0.0
  0
SOLID
  5
5B7
330
17
100
AcDbEntity
  8
CENTER
 62
250
420
0
100
AcDbTrace
 10
881.117180555556
 20
508.7676444444444
 30
0.0
 11
821.118147222223
 21
507.2464666666666
 31
0.0
 12
827.1167805555563
 22
507.32689999999997
 32
0.0
 13
827.1167805555563
 23
507.32689999999997
 33
0.0
  0
SOLID
  5
5B8
330
17
100
AcDbEntity
  8
CENTER
 62
250
420
0
100
AcDbTrace
 10
887.1179305555561
 20
508.92709999999994
 30
0.0
 11
881.117180555556
 21
508.7676444444444
 31
0.0
 12
827.1167805555563
 22
507.32689999999997
 32
0.0
 13
827.1167805555563
 23
507.32689999999997
 33
0.0
  0
SOLID
  5
5B9
330
17
100
AcDbEntity
  8
CENTER
 62
250
420
0
100
AcDbTrace
 10
893.118680555556
 20
509.0865555555555
 30
0.0
 11
887.1179305555561
 21
508.92709999999994
 31
0.0
 12
827.1167805555563
 22
507.32689999999997
 32
0.0
 13
827.1167805555563
 23
507.32689999999997
 33
0.0
  0
SOLID
  5
5BA
330
17
100
AcDbEntity
  8
CENTER
 62
250
420
0
100
AcDbTrace
 10
893.118680555556
 20
509.0865555555555
 30
0.0
 11
827.1167805555563
 21
507.32689999999997
 31
0.0
 12
833.1175305555562
 22
507.4073333333333
 32
0.0
 13
833.1175305555562
 23
507.4073333333333
 33
0.0
  0
SOLID
  5
5BB
330
17
100
AcDbEntity
  8
CENTER
 62
250
420
0
100
AcDbTrace
 10
893.118680555556
 20
509.0865555555555
 30
0.0
 11
833.1175305555562
 21
507.4073333333333
 31
0.0
 12
839.1182805555561
 22
507.4877666666667
 32
0.0
 13
839.1182805555561
 23
507.4877666666667
 33
0.0
  0
SOLID
  5
5BC
330
17
100
AcDbEntity
  8
CENTER
 62
250
420
0
100
AcDbTrace
 10
893.118680555556
 20
509.0865555555555
 30
0.0
 11
839.1182805555561
 21
507.4877666666667
 31
0.0
 12
845.1169138888896
 22
507.56820000000005
 32
0.0
 13
845.1169138888896
 23
507.56820000000005
 33
0.0
  0
SOLID
  5
5BD
330
17
100
AcDbEntity
  8
CENTER
 62
250
420
0
100
AcDbTrace
 10
893.118680555556
 20
509.0865555555555
 30
0.0
 11
845.1169138888896
 21
507.56820000000005
 31
0.0
 12
851.1176638888895
 22
507.68814444444445
 32
0.0
 13
851.1176638888895
 23
507.68814444444445
 33
0.0
  0
SOLID
  5
5BE
330
17
100
AcDbEntity
  8
CENTER
 62
250
420
0
100
AcDbTrace
 10
893.118680555556
 20
509.0865555555555
 30
0.0
 11
851.1176638888895
 21
507.68814444444445
 31
0.0
 12
857.1184138888894
 22
507.7685777777778
 32
0.0
 13
857.1184138888894
 23
507.7685777777778
 33
0.0
  0
SOLID
  5
5BF
330
17
100
AcDbEntity
  8
CENTER
 62
250
420
0
100
AcDbTrace
 10
899.1173138888893
 20
509.28693333333325
 30
0.0
 11
893.118680555556
 21
509.0865555555555
 31
0.0
 12
857.1184138888894
 22
507.7685777777778
 32
0.0
 13
857.1184138888894
 23
507.7685777777778
 33
0.0
  0
SOLID
  5
5C0
330
17
100
AcDbEntity
  8
CENTER
 62
250
420
0
100
AcDbTrace
 10
911.1188138888893
 20
509.6890999999999
 30
0.0
 11
899.1173138888893
 21
509.28693333333325
 31
0.0
 12
857.1184138888894
 22
507.7685777777778
 32
0.0
 13
857.1184138888894
 23
507.7685777777778
 33
0.0
  0
SOLID
  5
5C1
330
17
100
AcDbEntity
  8
CENTER
 62
250
420
0
100
AcDbTrace
 10
911.1188138888893
 20
509.6890999999999
 30
0.0
 11
857.1184138888894
 21
507.7685777777778
 31
0.0
 12
863.1170472222229
 22
507.88993333333343
 32
0.0
 13
863.1170472222229
 23
507.88993333333343
 33
0.0
  0
SOLID
  5
5C2
330
17
100
AcDbEntity
  8
CENTER
 62
250
420
0
100
AcDbTrace
 10
911.1188138888893
 20
509.6890999999999
 30
0.0
 11
863.1170472222229
 21
507.88993333333343
 31
0.0
 12
869.1177972222229
 22
508.00987777777783
 32
0.0
 13
869.1177972222229
 23
508.00987777777783
 33
0.0
  0
SOLID
  5
5C3
330
17
100
AcDbEntity
  8
CENTER
 62
250
420
0
100
AcDbTrace
 10
911.1188138888893
 20
509.6890999999999
 30
0.0
 11
869.1177972222229
 21
508.00987777777783
 31
0.0
 12
875.1185472222227
 22
508.12982222222223
 32
0.0
 13
875.1185472222227
 23
508.12982222222223
 33
0.0
  0
SOLID
  5
5C4
330
17
100
AcDbEntity
  8
CENTER
 62
250
420
0
100
AcDbTrace
 10
923.1181972222225
 20
510.1688777777777
 30
0.0
 11
911.1188138888893
 21
509.6890999999999
 31
0.0
 12
875.1185472222227
 22
508.12982222222223
 32
0.0
 13
875.1185472222227
 23
508.12982222222223
 33
0.0
  0
SOLID
  5
5C5
330
17
100
AcDbEntity
  8
CENTER
 62
250
420
0
100
AcDbTrace
 10
923.1181972222225
 20
510.1688777777777
 30
0.0
 11
875.1185472222227
 21
508.12982222222223
 31
0.0
 12
881.117180555556
 22
508.24976666666663
 32
0.0
 13
881.117180555556
 23
508.24976666666663
 33
0.0
  0
SOLID
  5
5C6
330
17
100
AcDbEntity
  8
CENTER
 62
250
420
0
100
AcDbTrace
 10
923.1181972222225
 20
510.1688777777777
 30
0.0
 11
881.117180555556
 21
508.24976666666663
 31
0.0
 12
887.1179305555561
 22
508.3697111111111
 32
0.0
 13
887.1179305555561
 23
508.3697111111111
 33
0.0
  0
SOLID
  5
5C7
330
17
100
AcDbEntity
  8
CENTER
 62
250
420
0
100
AcDbTrace
 10
929.1189472222225
 20
510.44827777777766
 30
0.0
 11
923.1181972222225
 21
510.1688777777777
 31
0.0
 12
887.1179305555561
 22
508.3697111111111
 32
0.0
 13
887.1179305555561
 23
508.3697111111111
 33
0.0
  0
SOLID
  5
5C8
330
17
100
AcDbEntity
  8
CENTER
 62
250
420
0
100
AcDbTrace
 10
935.1175805555557
 20
510.7276777777776
 30
0.0
 11
929.1189472222225
 21
510.44827777777766
 31
0.0
 12
887.1179305555561
 22
508.3697111111111
 32
0.0
 13
887.1179305555561
 23
508.3697111111111
 33
0.0
  0
SOLID
  5
5C9
330
17
100
AcDbEntity
  8
CENTER
 62
250
420
0
100
AcDbTrace
 10
935.1175805555557
 20
510.7276777777776
 30
0.0
 11
887.1179305555561
 21
508.3697111111111
 31
0.0
 12
893.118680555556
 22
508.52916666666664
 32
0.0
 13
893.118680555556
 23
508.52916666666664
 33
0.0
  0
SOLID
  5
5CA
330
17
100
AcDbEntity
  8
CENTER
 62
250
420
0
100
AcDbTrace
 10
935.1175805555557
 20
510.7276777777776
 30
0.0
 11
893.118680555556
 21
508.52916666666664
 31
0.0
 12
899.1173138888893
 22
508.6886222222222
 32
0.0
 13
899.1173138888893
 23
508.6886222222222
 33
0.0
  0
SOLID
  5
5CB
330
17
100
AcDbEntity
  8
CENTER
 62
250
420
0
100
AcDbTrace
 10
941.1183305555559
 20
511.049411111111
 30
0.0
 11
935.1175805555557
 21
510.7276777777776
 31
0.0
 12
899.1173138888893
 22
508.6886222222222
 32
0.0
 13
899.1173138888893
 23
508.6886222222222
 33
0.0
  0
SOLID
  5
5CC
330
17
100
AcDbEntity
  8
CENTER
 62
250
420
0
100
AcDbTrace
 10
941.1183305555559
 20
511.049411111111
 30
0.0
 11
899.1173138888893
 21
508.6886222222222
 31
0.0
 12
905.1180638888892
 22
508.84807777777775
 32
0.0
 13
905.1180638888892
 23
508.84807777777775
 33
0.0
  0
SOLID
  5
5CD
330
17
100
AcDbEntity
  8
CENTER
 62
250
420
0
100
AcDbTrace
 10
947.1190805555557
 20
511.4092444444443
 30
0.0
 11
941.1183305555559
 21
511.049411111111
 31
0.0
 12
905.1180638888892
 22
508.84807777777775
 32
0.0
 13
905.1180638888892
 23
508.84807777777775
 33
0.0
  0
SOLID
  5
5CE
330
17
100
AcDbEntity
  8
CENTER
 62
250
420
0
100
AcDbTrace
 10
947.1190805555557
 20
511.4092444444443
 30
0.0
 11
905.1180638888892
 21
508.84807777777775
 31
0.0
 12
911.1188138888893
 22
509.0484555555555
 32
0.0
 13
911.1188138888893
 23
509.0484555555555
 33
0.0
  0
SOLID
  5
5CF
330
17
100
AcDbEntity
  8
CENTER
 62
250
420
0
100
AcDbTrace
 10
947.1190805555557
 20
511.4092444444443
 30
0.0
 11
911.1188138888893
 21
509.0484555555555
 31
0.0
 12
917.1174472222226
 22
509.24883333333327
 32
0.0
 13
917.1174472222226
 23
509.24883333333327
 33
0.0
  0
SOLID
  5
5D0
330
17
100
AcDbEntity
  8
CENTER
 62
250
420
0
100
AcDbTrace
 10
953.117713888889
 20
511.8085888888888
 30
0.0
 11
947.1190805555557
 21
511.4092444444443
 31
0.0
 12
917.1174472222226
 22
509.24883333333327
 32
0.0
 13
917.1174472222226
 23
509.24883333333327
 33
0.0
  0
SOLID
  5
5D1
330
17
100
AcDbEntity
  8
CENTER
 62
250
420
0
100
AcDbTrace
 10
953.117713888889
 20
511.8085888888888
 30
0.0
 11
917.1174472222226
 21
509.24883333333327
 31
0.0
 12
923.1181972222225
 22
509.45062222222214
 32
0.0
 13
923.1181972222225
 23
509.45062222222214
 33
0.0
  0
SOLID
  5
5D2
330
17
100
AcDbEntity
  8
CENTER
 62
250
420
0
100
AcDbTrace
 10
959.118463888889
 20
512.2488555555555
 30
0.0
 11
953.117713888889
 21
511.8085888888888
 31
0.0
 12
923.1181972222225
 22
509.45062222222214
 32
0.0
 13
923.1181972222225
 23
509.45062222222214
 33
0.0
  0
SOLID
  5
5D3
330
17
100
AcDbEntity
  8
CENTER
 62
250
420
0
100
AcDbTrace
 10
959.118463888889
 20
512.2488555555555
 30
0.0
 11
923.1181972222225
 21
509.45062222222214
 31
0.0
 12
929.1189472222225
 22
509.69051111111105
 32
0.0
 13
929.1189472222225
 23
509.69051111111105
 33
0.0
  0
SOLID
  5
5D4
330
17
100
AcDbEntity
  8
CENTER
 62
250
420
0
100
AcDbTrace
 10
965.119213888889
 20
512.7300444444444
 30
0.0
 11
959.118463888889
 21
512.2488555555555
 31
0.0
 12
929.1189472222225
 22
509.69051111111105
 32
0.0
 13
929.1189472222225
 23
509.69051111111105
 33
0.0
  0
SOLID
  5
5D5
330
17
100
AcDbEntity
  8
CENTER
 62
250
420
0
100
AcDbTrace
 10
965.119213888889
 20
512.7300444444444
 30
0.0
 11
929.1189472222225
 21
509.69051111111105
 31
0.0
 12
935.1175805555557
 22
509.969911111111
 32
0.0
 13
935.1175805555557
 23
509.969911111111
 33
0.0
  0
SOLID
  5
5D6
330
17
100
AcDbEntity
  8
CENTER
 62
250
420
0
100
AcDbTrace
 10
965.119213888889
 20
512.7300444444444
 30
0.0
 11
935.1175805555557
 21
509.969911111111
 31
0.0
 12
941.1183305555559
 22
510.24931111111096
 32
0.0
 13
941.1183305555559
 23
510.24931111111096
 33
0.0
  0
SOLID
  5
5D7
330
17
100
AcDbEntity
  8
CENTER
 62
250
420
0
100
AcDbTrace
 10
1001.1194805555555
 20
516.2493555555553
 30
0.0
 11
965.119213888889
 21
512.7300444444444
 31
0.0
 12
941.1183305555559
 22
510.24931111111096
 32
0.0
 13
941.1183305555559
 23
510.24931111111096
 33
0.0
  0
SOLID
  5
5D8
330
17
100
AcDbEntity
  8
CENTER
 62
250
420
0
100
AcDbTrace
 10
1001.1194805555555
 20
516.2493555555553
 30
0.0
 11
941.1183305555559
 21
510.24931111111096
 31
0.0
 12
947.1190805555557
 22
510.5696333333332
 32
0.0
 13
947.1190805555557
 23
510.5696333333332
 33
0.0
  0
SOLID
  5
5D9
330
17
100
AcDbEntity
  8
CENTER
 62
250
420
0
100
AcDbTrace
 10
1001.1194805555555
 20
516.2493555555553
 30
0.0
 11
947.1190805555557
 21
510.5696333333332
 31
0.0
 12
953.117713888889
 22
510.9308777777776
 32
0.0
 13
953.117713888889
 23
510.9308777777776
 33
0.0
  0
SOLID
  5
5DA
330
17
100
AcDbEntity
  8
CENTER
 62
250
420
0
100
AcDbTrace
 10
1001.1194805555555
 20
516.2493555555553
 30
0.0
 11
953.117713888889
 21
510.9308777777776
 31
0.0
 12
959.118463888889
 22
511.2907111111109
 32
0.0
 13
959.118463888889
 23
511.2907111111109
 33
0.0
  0
SOLID
  5
5DB
330
17
100
AcDbEntity
  8
CENTER
 62
250
420
0
100
AcDbTrace
 10
1001.1194805555555
 20
516.2493555555553
 30
0.0
 11
959.118463888889
 21
511.2907111111109
 31
0.0
 12
965.119213888889
 22
511.7309777777776
 32
0.0
 13
965.119213888889
 23
511.7309777777776
 33
0.0
  0
SOLID
  5
5DC
330
17
100
AcDbEntity
  8
CENTER
 62
250
420
0
100
AcDbTrace
 10
1001.1194805555555
 20
516.2493555555553
 30
0.0
 11
965.119213888889
 21
511.7309777777776
 31
0.0
 12
971.1178472222223
 22
512.2502666666664
 32
0.0
 13
971.1178472222223
 23
512.2502666666664
 33
0.0
  0
SOLID
  5
5DD
330
17
100
AcDbEntity
  8
CENTER
 62
250
420
0
100
AcDbTrace
 10
1001.1194805555555
 20
516.2493555555553
 30
0.0
 11
971.1178472222223
 21
512.2502666666664
 31
0.0
 12
977.1185972222222
 22
512.8104777777776
 32
0.0
 13
977.1185972222222
 23
512.8104777777776
 33
0.0
  0
SOLID
  5
5DE
330
17
100
AcDbEntity
  8
CENTER
 62
250
420
0
100
AcDbTrace
 10
1001.1194805555555
 20
516.2493555555553
 30
0.0
 11
977.1185972222222
 21
512.8104777777776
 31
0.0
 12
983.1193472222221
 22
513.489222222222
 32
0.0
 13
983.1193472222221
 23
513.489222222222
 33
0.0
  0
SOLID
  5
5DF
330
17
100
AcDbEntity
  8
CENTER
 62
250
420
0
100
AcDbTrace
 10
1001.1194805555555
 20
516.2493555555553
 30
0.0
 11
983.1193472222221
 21
513.489222222222
 31
0.0
 12
989.1179805555556
 22
514.2498111111108
 32
0.0
 13
989.1179805555556
 23
514.2498111111108
 33
0.0
  0
SOLID
  5
5E0
330
17
100
AcDbEntity
  8
CENTER
 62
250
420
0
100
AcDbTrace
 10
989.1179805555556
 20
514.2498111111108
 30
0.0
 11
995.1187305555555
 21
515.1684444444442
 31
0.0
 12
1001.1194805555555
 22
516.2493555555553
 32
0.0
 13
1001.1194805555555
 23
516.2493555555553
 33
0.0
  0
HATCH
  5
5E1
330
17
100
AcDbEntity
  8
CENTER
 62
7
420
0
100
AcDbHatch
 10
0.0
 20
0.0
 30
0.0
210
0.0
220
0.0
230
1.0
  2
SOLID
 70
1
 71
0
 91
1
 92
3
 72
0
 73
1
 93
63
 10
1001.1194805555555
 20
517.8495555555555
 10
995.1187305555555
 20
516.6091888888889
 10
989.1179805555556
 20
515.570611111111
 10
983.1193472222221
 20
514.7295888888889
 10
977.1185972222222
 20
513.970411111111
 10
971.1178472222223
 20
513.3297666666666
 10
965.119213888889
 20
512.7300444444444
 10
959.118463888889
 20
512.2488555555555
 10
953.117713888889
 20
511.8085888888888
 10
947.1190805555557
 20
511.4092444444443
 10
941.1183305555559
 20
511.049411111111
 10
935.1175805555557
 20
510.7276777777776
 10
929.1189472222225
 20
510.44827777777766
 10
923.1181972222225
 20
510.1688777777777
 10
917.1174472222226
 20
509.9289888888888
 10
911.1188138888893
 20
509.6890999999999
 10
905.1180638888892
 20
509.4887222222221
 10
899.1173138888893
 20
509.28693333333325
 10
893.118680555556
 20
509.0865555555555
 10
887.1179305555561
 20
508.92709999999994
 10
881.117180555556
 20
508.7676444444444
 10
875.1185472222227
 20
508.6477
 10
869.1177972222229
 20
508.4882444444444
 10
863.1170472222229
 20
508.3683
 10
857.1184138888894
 20
508.2483555555556
 10
851.1176638888895
 20
508.1284111111112
 10
845.1169138888896
 20
508.0084666666667
 10
839.1182805555561
 20
507.92803333333336
 10
833.1175305555562
 20
507.8066777777778
 10
827.1167805555563
 20
507.72624444444443
 10
821.118147222223
 20
507.6458111111111
 10
821.118147222223
 20
507.2464666666666
 10
827.1167805555563
 20
507.32689999999997
 10
833.1175305555562
 20
507.4073333333333
 10
839.1182805555561
 20
507.4877666666667
 10
845.1169138888896
 20
507.56820000000005
 10
851.1176638888895
 20
507.68814444444445
 10
857.1184138888894
 20
507.7685777777778
 10
863.1170472222229
 20
507.88993333333343
 10
869.1177972222229
 20
508.00987777777783
 10
875.1185472222227
 20
508.12982222222223
 10
881.117180555556
 20
508.24976666666663
 10
887.1179305555561
 20
508.3697111111111
 10
893.118680555556
 20
508.52916666666664
 10
899.1173138888893
 20
508.6886222222222
 10
905.1180638888892
 20
508.84807777777775
 10
911.1188138888893
 20
509.0484555555555
 10
917.1174472222226
 20
509.24883333333327
 10
923.1181972222225
 20
509.45062222222214
 10
929.1189472222225
 20
509.69051111111105
 10
935.1175805555557
 20
509.969911111111
 10
941.1183305555559
 20
510.24931111111096
 10
947.1190805555557
 20
510.5696333333332
 10
953.117713888889
 20
510.9308777777776
 10
959.118463888889
 20
511.2907111111109
 10
965.119213888889
 20
511.7309777777776
 10
971.1178472222223
 20
512.2502666666664
 10
977.1185972222222
 20
512.8104777777776
 10
983.1193472222221
 20
513.489222222222
 10
989.1179805555556
 20
514.2498111111108
 10
995.1187305555555
 20
515.1684444444442
 10
1001.1194805555555
 20
516.2493555555553
 10
1001.1194805555555
 20
517.8495555555555
 97
0
 75
1
 76
1
 98
0
  0
LWPOLYLINE
  5
5E2
330
17
100
AcDbEntity
  8
CENTER
 62
250
100
AcDbPolyline
 90
63
 70
1
 10
1001.1194805555555
 20
514.6505666666667
 10
995.1187305555555
 20
513.6896
 10
989.1179805555556
 20
512.9304222222222
 10
983.1193472222221
 20
512.2502666666667
 10
977.1185972222222
 20
511.6914666666666
 10
971.1178472222223
 20
511.17217777777773
 10
965.119213888889
 20
510.73049999999995
 10
959.118463888889
 20
510.37066666666664
 10
953.117713888889
 20
510.0108333333333
 10
947.1190805555557
 20
509.7314333333333
 10
941.1183305555559
 20
509.45203333333336
 10
935.1175805555557
 20
509.2107333333334
 10
929.1189472222225
 20
508.9708444444445
 10
923.1181972222225
 20
508.77046666666666
 10
917.1174472222226
 20
508.5700888888889
 10
911.1188138888893
 20
508.41063333333335
 10
905.1180638888892
 20
508.2511777777778
 10
899.1173138888893
 20
508.09172222222224
 10
893.118680555556
 20
507.97177777777785
 10
887.1179305555561
 20
507.85183333333345
 10
881.117180555556
 20
507.7304777777778
 10
875.1185472222227
 20
507.6105333333334
 10
869.1177972222229
 20
507.490588888889
 10
863.1170472222229
 20
507.41015555555566
 10
857.1184138888894
 20
507.29021111111126
 10
851.1176638888895
 20
507.2097777777779
 10
845.1169138888896
 20
507.12934444444454
 10
839.1182805555561
 20
507.0489111111112
 10
833.1175305555562
 20
506.9684777777778
 10
827.1167805555563
 20
506.92896666666667
 10
821.118147222223
 20
506.8485333333333
 10
821.118147222223
 20
506.44918888888884
 10
827.1167805555563
 20
506.4887
 10
833.1175305555562
 20
506.56913333333335
 10
839.1182805555561
 20
506.6086444444445
 10
845.1169138888896
 20
506.68907777777787
 10
851.1176638888895
 20
506.7695111111112
 10
857.1184138888894
 20
506.8499444444446
 10
863.1170472222229
 20
506.9303777777779
 10
869.1177972222229
 20
507.01081111111125
 10
875.1185472222227
 20
507.0912444444446
 10
881.117180555556
 20
507.171677777778
 10
887.1179305555561
 20
507.29162222222243
 10
893.118680555556
 20
507.41156666666683
 10
899.1173138888893
 20
507.4920000000002
 10
905.1180638888892
 20
507.65145555555574
 10
911.1188138888893
 20
507.77140000000014
 10
917.1174472222226
 20
507.9322666666668
 10
923.1181972222225
 20
508.09172222222236
 10
929.1189472222225
 20
508.2511777777779
 10
935.1175805555557
 20
508.4515555555557
 10
941.1183305555559
 20
508.65193333333343
 10
947.1190805555557
 20
508.89182222222234
 10
953.117713888889
 20
509.13171111111126
 10
959.118463888889
 20
509.4125222222224
 10
965.119213888889
 20
509.7328444444446
 10
971.1178472222223
 20
510.13218888888906
 10
977.1185972222222
 20
510.5315333333335
 10
983.1193472222221
 20
511.0127222222224
 10
989.1179805555556
 20
511.5715222222224
 10
995.1187305555555
 20
512.2502666666669
 10
1001.1194805555555
 20
513.0503666666668
 10
1001.1194805555555
 20
514.6505666666667
  0
SOLID
  5
5E3
330
17
100
AcDbEntity
  8
CENTER
 62
250
420
0
100
AcDbTrace
 10
1001.1194805555555
 20
513.0503666666668
 30
0.0
 11
1001.1194805555555
 21
514.6505666666667
 31
0.0
 12
995.1187305555555
 22
513.6896
 32
0.0
 13
995.1187305555555
 23
513.6896
 33
0.0
  0
SOLID
  5
5E4
330
17
100
AcDbEntity
  8
CENTER
 62
250
420
0
100
AcDbTrace
 10
1001.1194805555555
 20
513.0503666666668
 30
0.0
 11
995.1187305555555
 21
513.6896
 31
0.0
 12
989.1179805555556
 22
512.9304222222222
 32
0.0
 13
989.1179805555556
 23
512.9304222222222
 33
0.0
  0
SOLID
  5
5E5
330
17
100
AcDbEntity
  8
CENTER
 62
250
420
0
100
AcDbTrace
 10
1001.1194805555555
 20
513.0503666666668
 30
0.0
 11
989.1179805555556
 21
512.9304222222222
 31
0.0
 12
983.1193472222221
 22
512.2502666666667
 32
0.0
 13
983.1193472222221
 23
512.2502666666667
 33
0.0
  0
SOLID
  5
5E6
330
17
100
AcDbEntity
  8
CENTER
 62
250
420
0
100
AcDbTrace
 10
1001.1194805555555
 20
513.0503666666668
 30
0.0
 11
983.1193472222221
 21
512.2502666666667
 31
0.0
 12
977.1185972222222
 22
511.6914666666666
 32
0.0
 13
977.1185972222222
 23
511.6914666666666
 33
0.0
  0
SOLID
  5
5E7
330
17
100
AcDbEntity
  8
CENTER
 62
250
420
0
100
AcDbTrace
 10
1001.1194805555555
 20
513.0503666666668
 30
0.0
 11
977.1185972222222
 21
511.6914666666666
 31
0.0
 12
971.1178472222223
 22
511.17217777777773
 32
0.0
 13
971.1178472222223
 23
511.17217777777773
 33
0.0
  0
SOLID
  5
5E8
330
17
100
AcDbEntity
  8
CENTER
 62
250
420
0
100
AcDbTrace
 10
1001.1194805555555
 20
513.0503666666668
 30
0.0
 11
971.1178472222223
 21
511.17217777777773
 31
0.0
 12
965.119213888889
 22
510.73049999999995
 32
0.0
 13
965.119213888889
 23
510.73049999999995
 33
0.0
  0
SOLID
  5
5E9
330
17
100
AcDbEntity
  8
CENTER
 62
250
420
0
100
AcDbTrace
 10
893.118680555556
 20
507.97177777777785
 30
0.0
 11
887.1179305555561
 21
507.85183333333345
 31
0.0
 12
881.117180555556
 22
507.7304777777778
 32
0.0
 13
881.117180555556
 23
507.7304777777778
 33
0.0
  0
SOLID
  5
5EA
330
17
100
AcDbEntity
  8
CENTER
 62
250
420
0
100
AcDbTrace
 10
899.1173138888893
 20
508.09172222222224
 30
0.0
 11
893.118680555556
 21
507.97177777777785
 31
0.0
 12
881.117180555556
 22
507.7304777777778
 32
0.0
 13
881.117180555556
 23
507.7304777777778
 33
0.0
  0
SOLID
  5
5EB
330
17
100
AcDbEntity
  8
CENTER
 62
250
420
0
100
AcDbTrace
 10
869.1177972222229
 20
507.490588888889
 30
0.0
 11
863.1170472222229
 21
507.41015555555566
 31
0.0
 12
857.1184138888894
 22
507.29021111111126
 32
0.0
 13
857.1184138888894
 23
507.29021111111126
 33
0.0
  0
SOLID
  5
5EC
330
17
100
AcDbEntity
  8
CENTER
 62
250
420
0
100
AcDbTrace
 10
851.1176638888895
 20
507.2097777777779
 30
0.0
 11
845.1169138888896
 21
507.12934444444454
 31
0.0
 12
839.1182805555561
 22
507.0489111111112
 32
0.0
 13
839.1182805555561
 23
507.0489111111112
 33
0.0
  0
SOLID
  5
5ED
330
17
100
AcDbEntity
  8
CENTER
 62
250
420
0
100
AcDbTrace
 10
857.1184138888894
 20
507.29021111111126
 30
0.0
 11
851.1176638888895
 21
507.2097777777779
 31
0.0
 12
839.1182805555561
 22
507.0489111111112
 32
0.0
 13
839.1182805555561
 23
507.0489111111112
 33
0.0
  0
SOLID
  5
5EE
330
17
100
AcDbEntity
  8
CENTER
 62
250
420
0
100
AcDbTrace
 10
833.1175305555562
 20
506.9684777777778
 30
0.0
 11
827.1167805555563
 21
506.92896666666667
 31
0.0
 12
821.118147222223
 22
506.8485333333333
 32
0.0
 13
821.118147222223
 23
506.8485333333333
 33
0.0
  0
SOLID
  5
5EF
330
17
100
AcDbEntity
  8
CENTER
 62
250
420
0
100
AcDbTrace
 10
833.1175305555562
 20
506.9684777777778
 30
0.0
 11
821.118147222223
 21
506.8485333333333
 31
0.0
 12
821.118147222223
 22
506.44918888888884
 32
0.0
 13
821.118147222223
 23
506.44918888888884
 33
0.0
  0
SOLID
  5
5F0
330
17
100
AcDbEntity
  8
CENTER
 62
250
420
0
100
AcDbTrace
 10
839.1182805555561
 20
507.0489111111112
 30
0.0
 11
833.1175305555562
 21
506.9684777777778
 31
0.0
 12
821.118147222223
 22
506.44918888888884
 32
0.0
 13
821.118147222223
 23
506.44918888888884
 33
0.0
  0
SOLID
  5
5F1
330
17
100
AcDbEntity
  8
CENTER
 62
250
420
0
100
AcDbTrace
 10
857.1184138888894
 20
507.29021111111126
 30
0.0
 11
839.1182805555561
 21
507.0489111111112
 31
0.0
 12
821.118147222223
 22
506.44918888888884
 32
0.0
 13
821.118147222223
 23
506.44918888888884
 33
0.0
  0
SOLID
  5
5F2
330
17
100
AcDbEntity
  8
CENTER
 62
250
420
0
100
AcDbTrace
 10
869.1177972222229
 20
507.490588888889
 30
0.0
 11
857.1184138888894
 21
507.29021111111126
 31
0.0
 12
821.118147222223
 22
506.44918888888884
 32
0.0
 13
821.118147222223
 23
506.44918888888884
 33
0.0
  0
SOLID
  5
5F3
330
17
100
AcDbEntity
  8
CENTER
 62
250
420
0
100
AcDbTrace
 10
875.1185472222227
 20
507.6105333333334
 30
0.0
 11
869.1177972222229
 21
507.490588888889
 31
0.0
 12
821.118147222223
 22
506.44918888888884
 32
0.0
 13
821.118147222223
 23
506.44918888888884
 33
0.0
  0
SOLID
  5
5F4
330
17
100
AcDbEntity
  8
CENTER
 62
250
420
0
100
AcDbTrace
 10
881.117180555556
 20
507.7304777777778
 30
0.0
 11
875.1185472222227
 21
507.6105333333334
 31
0.0
 12
821.118147222223
 22
506.44918888888884
 32
0.0
 13
821.118147222223
 23
506.44918888888884
 33
0.0
  0
SOLID
  5
5F5
330
17
100
AcDbEntity
  8
CENTER
 62
250
420
0
100
AcDbTrace
 10
899.1173138888893
 20
508.09172222222224
 30
0.0
 11
881.117180555556
 21
507.7304777777778
 31
0.0
 12
821.118147222223
 22
506.44918888888884
 32
0.0
 13
821.118147222223
 23
506.44918888888884
 33
0.0
  0
SOLID
  5
5F6
330
17
100
AcDbEntity
  8
CENTER
 62
250
420
0
100
AcDbTrace
 10
899.1173138888893
 20
508.09172222222224
 30
0.0
 11
821.118147222223
 21
506.44918888888884
 31
0.0
 12
827.1167805555563
 22
506.4887
 32
0.0
 13
827.1167805555563
 23
506.4887
 33
0.0
  0
SOLID
  5
5F7
330
17
100
AcDbEntity
  8
CENTER
 62
250
420
0
100
AcDbTrace
 10
899.1173138888893
 20
508.09172222222224
 30
0.0
 11
827.1167805555563
 21
506.4887
 31
0.0
 12
833.1175305555562
 22
506.56913333333335
 32
0.0
 13
833.1175305555562
 23
506.56913333333335
 33
0.0
  0
SOLID
  5
5F8
330
17
100
AcDbEntity
  8
CENTER
 62
250
420
0
100
AcDbTrace
 10
899.1173138888893
 20
508.09172222222224
 30
0.0
 11
833.1175305555562
 21
506.56913333333335
 31
0.0
 12
839.1182805555561
 22
506.6086444444445
 32
0.0
 13
839.1182805555561
 23
506.6086444444445
 33
0.0
  0
SOLID
  5
5F9
330
17
100
AcDbEntity
  8
CENTER
 62
250
420
0
100
AcDbTrace
 10
899.1173138888893
 20
508.09172222222224
 30
0.0
 11
839.1182805555561
 21
506.6086444444445
 31
0.0
 12
845.1169138888896
 22
506.68907777777787
 32
0.0
 13
845.1169138888896
 23
506.68907777777787
 33
0.0
  0
SOLID
  5
5FA
330
17
100
AcDbEntity
  8
CENTER
 62
250
420
0
100
AcDbTrace
 10
899.1173138888893
 20
508.09172222222224
 30
0.0
 11
845.1169138888896
 21
506.68907777777787
 31
0.0
 12
851.1176638888895
 22
506.7695111111112
 32
0.0
 13
851.1176638888895
 23
506.7695111111112
 33
0.0
  0
SOLID
  5
5FB
330
17
100
AcDbEntity
  8
CENTER
 62
250
420
0
100
AcDbTrace
 10
905.1180638888892
 20
508.2511777777778
 30
0.0
 11
899.1173138888893
 21
508.09172222222224
 31
0.0
 12
851.1176638888895
 22
506.7695111111112
 32
0.0
 13
851.1176638888895
 23
506.7695111111112
 33
0.0
  0
SOLID
  5
5FC
330
17
100
AcDbEntity
  8
CENTER
 62
250
420
0
100
AcDbTrace
 10
911.1188138888893
 20
508.41063333333335
 30
0.0
 11
905.1180638888892
 21
508.2511777777778
 31
0.0
 12
851.1176638888895
 22
506.7695111111112
 32
0.0
 13
851.1176638888895
 23
506.7695111111112
 33
0.0
  0
SOLID
  5
5FD
330
17
100
AcDbEntity
  8
CENTER
 62
250
420
0
100
AcDbTrace
 10
917.1174472222226
 20
508.5700888888889
 30
0.0
 11
911.1188138888893
 21
508.41063333333335
 31
0.0
 12
851.1176638888895
 22
506.7695111111112
 32
0.0
 13
851.1176638888895
 23
506.7695111111112
 33
0.0
  0
SOLID
  5
5FE
330
17
100
AcDbEntity
  8
CENTER
 62
250
420
0
100
AcDbTrace
 10
917.1174472222226
 20
508.5700888888889
 30
0.0
 11
851.1176638888895
 21
506.7695111111112
 31
0.0
 12
857.1184138888894
 22
506.8499444444446
 32
0.0
 13
857.1184138888894
 23
506.8499444444446
 33
0.0
  0
SOLID
  5
5FF
330
17
100
AcDbEntity
  8
CENTER
 62
250
420
0
100
AcDbTrace
 10
917.1174472222226
 20
508.5700888888889
 30
0.0
 11
857.1184138888894
 21
506.8499444444446
 31
0.0
 12
863.1170472222229
 22
506.9303777777779
 32
0.0
 13
863.1170472222229
 23
506.9303777777779
 33
0.0
  0
SOLID
  5
600
330
17
100
AcDbEntity
  8
CENTER
 62
250
420
0
100
AcDbTrace
 10
917.1174472222226
 20
508.5700888888889
 30
0.0
 11
863.1170472222229
 21
506.9303777777779
 31
0.0
 12
869.1177972222229
 22
507.01081111111125
 32
0.0
 13
869.1177972222229
 23
507.01081111111125
 33
0.0
  0
SOLID
  5
601
330
17
100
AcDbEntity
  8
CENTER
 62
250
420
0
100
AcDbTrace
 10
917.1174472222226
 20
508.5700888888889
 30
0.0
 11
869.1177972222229
 21
507.01081111111125
 31
0.0
 12
875.1185472222227
 22
507.0912444444446
 32
0.0
 13
875.1185472222227
 23
507.0912444444446
 33
0.0
  0
SOLID
  5
602
330
17
100
AcDbEntity
  8
CENTER
 62
250
420
0
100
AcDbTrace
 10
923.1181972222225
 20
508.77046666666666
 30
0.0
 11
917.1174472222226
 21
508.5700888888889
 31
0.0
 12
875.1185472222227
 22
507.0912444444446
 32
0.0
 13
875.1185472222227
 23
507.0912444444446
 33
0.0
  0
SOLID
  5
603
330
17
100
AcDbEntity
  8
CENTER
 62
250
420
0
100
AcDbTrace
 10
929.1189472222225
 20
508.9708444444445
 30
0.0
 11
923.1181972222225
 21
508.77046666666666
 31
0.0
 12
875.1185472222227
 22
507.0912444444446
 32
0.0
 13
875.1185472222227
 23
507.0912444444446
 33
0.0
  0
SOLID
  5
604
330
17
100
AcDbEntity
  8
CENTER
 62
250
420
0
100
AcDbTrace
 10
929.1189472222225
 20
508.9708444444445
 30
0.0
 11
875.1185472222227
 21
507.0912444444446
 31
0.0
 12
881.117180555556
 22
507.171677777778
 32
0.0
 13
881.117180555556
 23
507.171677777778
 33
0.0
  0
SOLID
  5
605
330
17
100
AcDbEntity
  8
CENTER
 62
250
420
0
100
AcDbTrace
 10
929.1189472222225
 20
508.9708444444445
 30
0.0
 11
881.117180555556
 21
507.171677777778
 31
0.0
 12
887.1179305555561
 22
507.29162222222243
 32
0.0
 13
887.1179305555561
 23
507.29162222222243
 33
0.0
  0
SOLID
  5
606
330
17
100
AcDbEntity
  8
CENTER
 62
250
420
0
100
AcDbTrace
 10
929.1189472222225
 20
508.9708444444445
 30
0.0
 11
887.1179305555561
 21
507.29162222222243
 31
0.0
 12
893.118680555556
 22
507.41156666666683
 32
0.0
 13
893.118680555556
 23
507.41156666666683
 33
0.0
  0
SOLID
  5
607
330
17
100
AcDbEntity
  8
CENTER
 62
250
420
0
100
AcDbTrace
 10
935.1175805555557
 20
509.2107333333334
 30
0.0
 11
929.1189472222225
 21
508.9708444444445
 31
0.0
 12
893.118680555556
 22
507.41156666666683
 32
0.0
 13
893.118680555556
 23
507.41156666666683
 33
0.0
  0
SOLID
  5
608
330
17
100
AcDbEntity
  8
CENTER
 62
250
420
0
100
AcDbTrace
 10
941.1183305555559
 20
509.45203333333336
 30
0.0
 11
935.1175805555557
 21
509.2107333333334
 31
0.0
 12
893.118680555556
 22
507.41156666666683
 32
0.0
 13
893.118680555556
 23
507.41156666666683
 33
0.0
  0
SOLID
  5
609
330
17
100
AcDbEntity
  8
CENTER
 62
250
420
0
100
AcDbTrace
 10
941.1183305555559
 20
509.45203333333336
 30
0.0
 11
893.118680555556
 21
507.41156666666683
 31
0.0
 12
899.1173138888893
 22
507.4920000000002
 32
0.0
 13
899.1173138888893
 23
507.4920000000002
 33
0.0
  0
SOLID
  5
60A
330
17
100
AcDbEntity
  8
CENTER
 62
250
420
0
100
AcDbTrace
 10
947.1190805555557
 20
509.7314333333333
 30
0.0
 11
941.1183305555559
 21
509.45203333333336
 31
0.0
 12
899.1173138888893
 22
507.4920000000002
 32
0.0
 13
899.1173138888893
 23
507.4920000000002
 33
0.0
  0
SOLID
  5
60B
330
17
100
AcDbEntity
  8
CENTER
 62
250
420
0
100
AcDbTrace
 10
953.117713888889
 20
510.0108333333333
 30
0.0
 11
947.1190805555557
 21
509.7314333333333
 31
0.0
 12
899.1173138888893
 22
507.4920000000002
 32
0.0
 13
899.1173138888893
 23
507.4920000000002
 33
0.0
  0
SOLID
  5
60C
330
17
100
AcDbEntity
  8
CENTER
 62
250
420
0
100
AcDbTrace
 10
953.117713888889
 20
510.0108333333333
 30
0.0
 11
899.1173138888893
 21
507.4920000000002
 31
0.0
 12
905.1180638888892
 22
507.65145555555574
 32
0.0
 13
905.1180638888892
 23
507.65145555555574
 33
0.0
  0
SOLID
  5
60D
330
17
100
AcDbEntity
  8
CENTER
 62
250
420
0
100
AcDbTrace
 10
953.117713888889
 20
510.0108333333333
 30
0.0
 11
905.1180638888892
 21
507.65145555555574
 31
0.0
 12
911.1188138888893
 22
507.77140000000014
 32
0.0
 13
911.1188138888893
 23
507.77140000000014
 33
0.0
  0
SOLID
  5
60E
330
17
100
AcDbEntity
  8
CENTER
 62
250
420
0
100
AcDbTrace
 10
953.117713888889
 20
510.0108333333333
 30
0.0
 11
911.1188138888893
 21
507.77140000000014
 31
0.0
 12
917.1174472222226
 22
507.9322666666668
 32
0.0
 13
917.1174472222226
 23
507.9322666666668
 33
0.0
  0
SOLID
  5
60F
330
17
100
AcDbEntity
  8
CENTER
 62
250
420
0
100
AcDbTrace
 10
953.117713888889
 20
510.0108333333333
 30
0.0
 11
917.1174472222226
 21
507.9322666666668
 31
0.0
 12
923.1181972222225
 22
508.09172222222236
 32
0.0
 13
923.1181972222225
 23
508.09172222222236
 33
0.0
  0
SOLID
  5
610
330
17
100
AcDbEntity
  8
CENTER
 62
250
420
0
100
AcDbTrace
 10
959.118463888889
 20
510.37066666666664
 30
0.0
 11
953.117713888889
 21
510.0108333333333
 31
0.0
 12
923.1181972222225
 22
508.09172222222236
 32
0.0
 13
923.1181972222225
 23
508.09172222222236
 33
0.0
  0
SOLID
  5
611
330
17
100
AcDbEntity
  8
CENTER
 62
250
420
0
100
AcDbTrace
 10
965.119213888889
 20
510.73049999999995
 30
0.0
 11
959.118463888889
 21
510.37066666666664
 31
0.0
 12
923.1181972222225
 22
508.09172222222236
 32
0.0
 13
923.1181972222225
 23
508.09172222222236
 33
0.0
  0
SOLID
  5
612
330
17
100
AcDbEntity
  8
CENTER
 62
250
420
0
100
AcDbTrace
 10
965.119213888889
 20
510.73049999999995
 30
0.0
 11
923.1181972222225
 21
508.09172222222236
 31
0.0
 12
929.1189472222225
 22
508.2511777777779
 32
0.0
 13
929.1189472222225
 23
508.2511777777779
 33
0.0
  0
SOLID
  5
613
330
17
100
AcDbEntity
  8
CENTER
 62
250
420
0
100
AcDbTrace
 10
1001.1194805555555
 20
513.0503666666668
 30
0.0
 11
965.119213888889
 21
510.73049999999995
 31
0.0
 12
929.1189472222225
 22
508.2511777777779
 32
0.0
 13
929.1189472222225
 23
508.2511777777779
 33
0.0
  0
SOLID
  5
614
330
17
100
AcDbEntity
  8
CENTER
 62
250
420
0
100
AcDbTrace
 10
1001.1194805555555
 20
513.0503666666668
 30
0.0
 11
929.1189472222225
 21
508.2511777777779
 31
0.0
 12
935.1175805555557
 22
508.4515555555557
 32
0.0
 13
935.1175805555557
 23
508.4515555555557
 33
0.0
  0
SOLID
  5
615
330
17
100
AcDbEntity
  8
CENTER
 62
250
420
0
100
AcDbTrace
 10
1001.1194805555555
 20
513.0503666666668
 30
0.0
 11
935.1175805555557
 21
508.4515555555557
 31
0.0
 12
941.1183305555559
 22
508.65193333333343
 32
0.0
 13
941.1183305555559
 23
508.65193333333343
 33
0.0
  0
SOLID
  5
616
330
17
100
AcDbEntity
  8
CENTER
 62
250
420
0
100
AcDbTrace
 10
1001.1194805555555
 20
513.0503666666668
 30
0.0
 11
941.1183305555559
 21
508.65193333333343
 31
0.0
 12
947.1190805555557
 22
508.89182222222234
 32
0.0
 13
947.1190805555557
 23
508.89182222222234
 33
0.0
  0
SOLID
  5
617
330
17
100
AcDbEntity
  8
CENTER
 62
250
420
0
100
AcDbTrace
 10
1001.1194805555555
 20
513.0503666666668
 30
0.0
 11
947.1190805555557
 21
508.89182222222234
 31
0.0
 12
953.117713888889
 22
509.13171111111126
 32
0.0
 13
953.117713888889
 23
509.13171111111126
 33
0.0
  0
SOLID
  5
618
330
17
100
AcDbEntity
  8
CENTER
 62
250
420
0
100
AcDbTrace
 10
1001.1194805555555
 20
513.0503666666668
 30
0.0
 11
953.117713888889
 21
509.13171111111126
 31
0.0
 12
959.118463888889
 22
509.4125222222224
 32
0.0
 13
959.118463888889
 23
509.4125222222224
 33
0.0
  0
SOLID
  5
619
330
17
100
AcDbEntity
  8
CENTER
 62
250
420
0
100
AcDbTrace
 10
1001.1194805555555
 20
513.0503666666668
 30
0.0
 11
959.118463888889
 21
509.4125222222224
 31
0.0
 12
965.119213888889
 22
509.7328444444446
 32
0.0
 13
965.119213888889
 23
509.7328444444446
 33
0.0
  0
SOLID
  5
61A
330
17
100
AcDbEntity
  8
CENTER
 62
250
420
0
100
AcDbTrace
 10
1001.1194805555555
 20
513.0503666666668
 30
0.0
 11
965.119213888889
 21
509.7328444444446
 31
0.0
 12
971.1178472222223
 22
510.13218888888906
 32
0.0
 13
971.1178472222223
 23
510.13218888888906
 33
0.0
  0
SOLID
  5
61B
330
17
100
AcDbEntity
  8
CENTER
 62
250
420
0
100
AcDbTrace
 10
1001.1194805555555
 20
513.0503666666668
 30
0.0
 11
971.1178472222223
 21
510.13218888888906
 31
0.0
 12
977.1185972222222
 22
510.5315333333335
 32
0.0
 13
977.1185972222222
 23
510.5315333333335
 33
0.0
  0
SOLID
  5
61C
330
17
100
AcDbEntity
  8
CENTER
 62
250
420
0
100
AcDbTrace
 10
1001.1194805555555
 20
513.0503666666668
 30
0.0
 11
977.1185972222222
 21
510.5315333333335
 31
0.0
 12
983.1193472222221
 22
511.0127222222224
 32
0.0
 13
983.1193472222221
 23
511.0127222222224
 33
0.0
  0
SOLID
  5
61D
330
17
100
AcDbEntity
  8
CENTER
 62
250
420
0
100
AcDbTrace
 10
1001.1194805555555
 20
513.0503666666668
 30
0.0
 11
983.1193472222221
 21
511.0127222222224
 31
0.0
 12
989.1179805555556
 22
511.5715222222224
 32
0.0
 13
989.1179805555556
 23
511.5715222222224
 33
0.0
  0
SOLID
  5
61E
330
17
100
AcDbEntity
  8
CENTER
 62
250
420
0
100
AcDbTrace
 10
989.1179805555556
 20
511.5715222222224
 30
0.0
 11
995.1187305555555
 21
512.2502666666669
 31
0.0
 12
1001.1194805555555
 22
513.0503666666668
 32
0.0
 13
1001.1194805555555
 23
513.0503666666668
 33
0.0
  0
HATCH
  5
61F
330
17
100
AcDbEntity
  8
CENTER
 62
7
420
0
100
AcDbHatch
 10
0.0
 20
0.0
 30
0.0
210
0.0
220
0.0
230
1.0
  2
SOLID
 70
1
 71
0
 91
1
 92
3
 72
0
 73
1
 93
63
 10
1001.1194805555555
 20
514.6505666666667
 10
995.1187305555555
 20
513.6896
 10
989.1179805555556
 20
512.9304222222222
 10
983.1193472222221
 20
512.2502666666667
 10
977.1185972222222
 20
511.6914666666666
 10
971.1178472222223
 20
511.17217777777773
 10
965.119213888889
 20
510.73049999999995
 10
959.118463888889
 20
510.37066666666664
 10
953.117713888889
 20
510.0108333333333
 10
947.1190805555557
 20
509.7314333333333
 10
941.1183305555559
 20
509.45203333333336
 10
935.1175805555557
 20
509.2107333333334
 10
929.1189472222225
 20
508.9708444444445
 10
923.1181972222225
 20
508.77046666666666
 10
917.1174472222226
 20
508.5700888888889
 10
911.1188138888893
 20
508.41063333333335
 10
905.1180638888892
 20
508.2511777777778
 10
899.1173138888893
 20
508.09172222222224
 10
893.118680555556
 20
507.97177777777785
 10
887.1179305555561
 20
507.85183333333345
 10
881.117180555556
 20
507.7304777777778
 10
875.1185472222227
 20
507.6105333333334
 10
869.1177972222229
 20
507.490588888889
 10
863.1170472222229
 20
507.41015555555566
 10
857.1184138888894
 20
507.29021111111126
 10
851.1176638888895
 20
507.2097777777779
 10
845.1169138888896
 20
507.12934444444454
 10
839.1182805555561
 20
507.0489111111112
 10
833.1175305555562
 20
506.9684777777778
 10
827.1167805555563
 20
506.92896666666667
 10
821.118147222223
 20
506.8485333333333
 10
821.118147222223
 20
506.44918888888884
 10
827.1167805555563
 20
506.4887
 10
833.1175305555562
 20
506.56913333333335
 10
839.1182805555561
 20
506.6086444444445
 10
845.1169138888896
 20
506.68907777777787
 10
851.1176638888895
 20
506.7695111111112
 10
857.1184138888894
 20
506.8499444444446
 10
863.1170472222229
 20
506.9303777777779
 10
869.1177972222229
 20
507.01081111111125
 10
875.1185472222227
 20
507.0912444444446
 10
881.117180555556
 20
507.171677777778
 10
887.1179305555561
 20
507.29162222222243
 10
893.118680555556
 20
507.41156666666683
 10
899.1173138888893
 20
507.4920000000002
 10
905.1180638888892
 20
507.65145555555574
 10
911.1188138888893
 20
507.77140000000014
 10
917.1174472222226
 20
507.9322666666668
 10
923.1181972222225
 20
508.09172222222236
 10
929.1189472222225
 20
508.2511777777779
 10
935.1175805555557
 20
508.4515555555557
 10
941.1183305555559
 20
508.65193333333343
 10
947.1190805555557
 20
508.89182222222234
 10
953.117713888889
 20
509.13171111111126
 10
959.118463888889
 20
509.4125222222224
 10
965.119213888889
 20
509.7328444444446
 10
971.1178472222223
 20
510.13218888888906
 10
977.1185972222222
 20
510.5315333333335
 10
983.1193472222221
 20
511.0127222222224
 10
989.1179805555556
 20
511.5715222222224
 10
995.1187305555555
 20
512.2502666666669
 10
1001.1194805555555
 20
513.0503666666668
 10
1001.1194805555555
 20
514.6505666666667
 97
0
 75
1
 76
1
 98
0
  0
LWPOLYLINE
  5
620
330
17
100
AcDbEntity
  8
CENTER
 62
250
100
AcDbPolyline
 90
63
 70
1
 10
1001.1194805555555
 20
511.45016666666663
 10
995.1187305555555
 20
510.8109333333333
 10
989.1179805555556
 20
510.25072222222224
 10
983.1193472222221
 20
509.77094444444447
 10
977.1185972222222
 20
509.41111111111115
 10
971.1178472222223
 20
509.04986666666673
 10
965.119213888889
 20
508.72954444444457
 10
959.118463888889
 20
508.48965555555566
 10
953.117713888889
 20
508.24976666666674
 10
947.1190805555557
 20
508.049388888889
 10
941.1183305555559
 20
507.84901111111117
 10
935.1175805555557
 20
507.68814444444456
 10
929.1189472222225
 20
507.528688888889
 10
923.1181972222225
 20
507.36923333333345
 10
917.1174472222226
 20
507.24928888888905
 10
911.1188138888893
 20
507.1293444444446
 10
905.1180638888892
 20
507.0094000000002
 10
899.1173138888893
 20
506.92896666666684
 10
893.118680555556
 20
506.80902222222244
 10
887.1179305555561
 20
506.7285888888891
 10
881.117180555556
 20
506.6481555555557
 10
875.1185472222227
 20
506.56772222222236
 10
869.1177972222229
 20
506.487288888889
 10
863.1170472222229
 20
506.44777777777784
 10
857.1184138888894
 20
506.3673444444445
 10
851.1176638888895
 20
506.28550000000007
 10
845.1169138888896
 20
506.2459888888889
 10
839.1182805555561
 20
506.20647777777776
 10
833.1175305555562
 20
506.12604444444446
 10
827.1167805555563
 20
506.0865333333333
 10
821.118147222223
 20
506.04702222222215
 10
821.118147222223
 20
505.6476777777777
 10
827.1167805555563
 20
505.68718888888884
 10
833.1175305555562
 20
505.7267
 10
839.1182805555561
 20
505.7662111111111
 10
845.1169138888896
 20
505.80572222222224
 10
851.1176638888895
 20
505.8452333333334
 10
857.1184138888894
 20
505.88474444444455
 10
863.1170472222229
 20
505.92425555555565
 10
869.1177972222229
 20
506.004688888889
 10
875.1185472222227
 20
506.04420000000016
 10
881.117180555556
 20
506.1246333333335
 10
887.1179305555561
 20
506.1641444444447
 10
893.118680555556
 20
506.24457777777803
 10
899.1173138888893
 20
506.3250111111114
 10
905.1180638888892
 20
506.4068555555558
 10
911.1188138888893
 20
506.48728888888917
 10
917.1174472222226
 20
506.5677222222225
 10
923.1181972222225
 20
506.6876666666669
 10
929.1189472222225
 20
506.8076111111113
 10
935.1175805555557
 20
506.9275555555558
 10
941.1183305555559
 20
507.0475000000002
 10
947.1190805555557
 20
507.20695555555574
 10
953.117713888889
 20
507.3664111111113
 10
959.118463888889
 20
507.52586666666684
 10
965.119213888889
 20
507.7262444444446
 10
971.1178472222223
 20
507.9675444444446
 10
977.1185972222222
 20
508.2469444444446
 10
983.1193472222221
 20
508.56726666666674
 10
989.1179805555556
 20
508.9271000000001
 10
995.1187305555555
 20
509.32785555555563
 10
1001.1194805555555
 20
509.8471444444445
 10
1001.1194805555555
 20
511.45016666666663
  0
SOLID
  5
621
330
17
100
AcDbEntity
  8
CENTER
 62
250
420
0
100
AcDbTrace
 10
1001.1194805555555
 20
509.8471444444445
 30
0.0
 11
1001.1194805555555
 21
511.45016666666663
 31
0.0
 12
995.1187305555555
 22
510.8109333333333
 32
0.0
 13
995.1187305555555
 23
510.8109333333333
 33
0.0
  0
SOLID
  5
622
330
17
100
AcDbEntity
  8
CENTER
 62
250
420
0
100
AcDbTrace
 10
1001.1194805555555
 20
509.8471444444445
 30
0.0
 11
995.1187305555555
 21
510.8109333333333
 31
0.0
 12
989.1179805555556
 22
510.25072222222224
 32
0.0
 13
989.1179805555556
 23
510.25072222222224
 33
0.0
  0
SOLID
  5
623
330
17
100
AcDbEntity
  8
CENTER
 62
250
420
0
100
AcDbTrace
 10
1001.1194805555555
 20
509.8471444444445
 30
0.0
 11
989.1179805555556
 21
510.25072222222224
 31
0.0
 12
983.1193472222221
 22
509.77094444444447
 32
0.0
 13
983.1193472222221
 23
509.77094444444447
 33
0.0
  0
SOLID
  5
624
330
17
100
AcDbEntity
  8
CENTER
 62
250
420
0
100
AcDbTrace
 10
1001.1194805555555
 20
509.8471444444445
 30
0.0
 11
983.1193472222221
 21
509.77094444444447
 31
0.0
 12
977.1185972222222
 22
509.41111111111115
 32
0.0
 13
977.1185972222222
 23
509.41111111111115
 33
0.0
  0
SOLID
  5
625
330
17
100
AcDbEntity
  8
CENTER
 62
250
420
0
100
AcDbTrace
 10
1001.1194805555555
 20
509.8471444444445
 30
0.0
 11
977.1185972222222
 21
509.41111111111115
 31
0.0
 12
971.1178472222223
 22
509.04986666666673
 32
0.0
 13
971.1178472222223
 23
509.04986666666673
 33
0.0
  0
SOLID
  5
626
330
17
100
AcDbEntity
  8
CENTER
 62
250
420
0
100
AcDbTrace
 10
1001.1194805555555
 20
509.8471444444445
 30
0.0
 11
971.1178472222223
 21
509.04986666666673
 31
0.0
 12
965.119213888889
 22
508.72954444444457
 32
0.0
 13
965.119213888889
 23
508.72954444444457
 33
0.0
  0
SOLID
  5
627
330
17
100
AcDbEntity
  8
CENTER
 62
250
420
0
100
AcDbTrace
 10
1001.1194805555555
 20
509.8471444444445
 30
0.0
 11
965.119213888889
 21
508.72954444444457
 31
0.0
 12
959.118463888889
 22
508.48965555555566
 32
0.0
 13
959.118463888889
 23
508.48965555555566
 33
0.0
  0
SOLID
  5
628
330
17
100
AcDbEntity
  8
CENTER
 62
250
420
0
100
AcDbTrace
 10
1001.1194805555555
 20
509.8471444444445
 30
0.0
 11
959.118463888889
 21
508.48965555555566
 31
0.0
 12
953.117713888889
 22
508.24976666666674
 32
0.0
 13
953.117713888889
 23
508.24976666666674
 33
0.0
  0
SOLID
  5
629
330
17
100
AcDbEntity
  8
CENTER
 62
250
420
0
100
AcDbTrace
 10
1001.1194805555555
 20
509.8471444444445
 30
0.0
 11
953.117713888889
 21
508.24976666666674
 31
0.0
 12
947.1190805555557
 22
508.049388888889
 32
0.0
 13
947.1190805555557
 23
508.049388888889
 33
0.0
  0
SOLID
  5
62A
330
17
100
AcDbEntity
  8
CENTER
 62
250
420
0
100
AcDbTrace
 10
1001.1194805555555
 20
509.8471444444445
 30
0.0
 11
947.1190805555557
 21
508.049388888889
 31
0.0
 12
941.1183305555559
 22
507.84901111111117
 32
0.0
 13
941.1183305555559
 23
507.84901111111117
 33
0.0
  0
SOLID
  5
62B
330
17
100
AcDbEntity
  8
CENTER
 62
250
420
0
100
AcDbTrace
 10
923.1181972222225
 20
507.36923333333345
 30
0.0
 11
917.1174472222226
 21
507.24928888888905
 31
0.0
 12
911.1188138888893
 22
507.1293444444446
 32
0.0
 13
911.1188138888893
 23
507.1293444444446
 33
0.0
  0
SOLID
  5
62C
330
17
100
AcDbEntity
  8
CENTER
 62
250
420
0
100
AcDbTrace
 10
905.1180638888892
 20
507.0094000000002
 30
0.0
 11
899.1173138888893
 21
506.92896666666684
 31
0.0
 12
893.118680555556
 22
506.80902222222244
 32
0.0
 13
893.118680555556
 23
506.80902222222244
 33
0.0
  0
SOLID
  5
62D
330
17
100
AcDbEntity
  8
CENTER
 62
250
420
0
100
AcDbTrace
 10
887.1179305555561
 20
506.7285888888891
 30
0.0
 11
881.117180555556
 21
506.6481555555557
 31
0.0
 12
875.1185472222227
 22
506.56772222222236
 32
0.0
 13
875.1185472222227
 23
506.56772222222236
 33
0.0
  0
SOLID
  5
62E
330
17
100
AcDbEntity
  8
CENTER
 62
250
420
0
100
AcDbTrace
 10
893.118680555556
 20
506.80902222222244
 30
0.0
 11
887.1179305555561
 21
506.7285888888891
 31
0.0
 12
875.1185472222227
 22
506.56772222222236
 32
0.0
 13
875.1185472222227
 23
506.56772222222236
 33
0.0
  0
SOLID
  5
62F
330
17
100
AcDbEntity
  8
CENTER
 62
250
420
0
100
AcDbTrace
 10
869.1177972222229
 20
506.487288888889
 30
0.0
 11
863.1170472222229
 21
506.44777777777784
 31
0.0
 12
857.1184138888894
 22
506.3673444444445
 32
0.0
 13
857.1184138888894
 23
506.3673444444445
 33
0.0
  0
SOLID
  5
630
330
17
100
AcDbEntity
  8
CENTER
 62
250
420
0
100
AcDbTrace
 10
869.1177972222229
 20
506.487288888889
 30
0.0
 11
857.1184138888894
 21
506.3673444444445
 31
0.0
 12
851.1176638888895
 22
506.28550000000007
 32
0.0
 13
851.1176638888895
 23
506.28550000000007
 33
0.0
  0
SOLID
  5
631
330
17
100
AcDbEntity
  8
CENTER
 62
250
420
0
100
AcDbTrace
 10
851.1176638888895
 20
506.28550000000007
 30
0.0
 11
845.1169138888896
 21
506.2459888888889
 31
0.0
 12
839.1182805555561
 22
506.20647777777776
 32
0.0
 13
839.1182805555561
 23
506.20647777777776
 33
0.0
  0
SOLID
  5
632
330
17
100
AcDbEntity
  8
CENTER
 62
250
420
0
100
AcDbTrace
 10
851.1176638888895
 20
506.28550000000007
 30
0.0
 11
839.1182805555561
 21
506.20647777777776
 31
0.0
 12
833.1175305555562
 22
506.12604444444446
 32
0.0
 13
833.1175305555562
 23
506.12604444444446
 33
0.0
  0
SOLID
  5
633
330
17
100
AcDbEntity
  8
CENTER
 62
250
420
0
100
AcDbTrace
 10
833.1175305555562
 20
506.12604444444446
 30
0.0
 11
827.1167805555563
 21
506.0865333333333
 31
0.0
 12
821.118147222223
 22
506.04702222222215
 32
0.0
 13
821.118147222223
 23
506.04702222222215
 33
0.0
  0
SOLID
  5
634
330
17
100
AcDbEntity
  8
CENTER
 62
250
420
0
100
AcDbTrace
 10
833.1175305555562
 20
506.12604444444446
 30
0.0
 11
821.118147222223
 21
506.04702222222215
 31
0.0
 12
821.118147222223
 22
505.6476777777777
 32
0.0
 13
821.118147222223
 23
505.6476777777777
 33
0.0
  0
SOLID
  5
635
330
17
100
AcDbEntity
  8
CENTER
 62
250
420
0
100
AcDbTrace
 10
851.1176638888895
 20
506.28550000000007
 30
0.0
 11
833.1175305555562
 21
506.12604444444446
 31
0.0
 12
821.118147222223
 22
505.6476777777777
 32
0.0
 13
821.118147222223
 23
505.6476777777777
 33
0.0
  0
SOLID
  5
636
330
17
100
AcDbEntity
  8
CENTER
 62
250
420
0
100
AcDbTrace
 10
869.1177972222229
 20
506.487288888889
 30
0.0
 11
851.1176638888895
 21
506.28550000000007
 31
0.0
 12
821.118147222223
 22
505.6476777777777
 32
0.0
 13
821.118147222223
 23
505.6476777777777
 33
0.0
  0
SOLID
  5
637
330
17
100
AcDbEntity
  8
CENTER
 62
250
420
0
100
AcDbTrace
 10
875.1185472222227
 20
506.56772222222236
 30
0.0
 11
869.1177972222229
 21
506.487288888889
 31
0.0
 12
821.118147222223
 22
505.6476777777777
 32
0.0
 13
821.118147222223
 23
505.6476777777777
 33
0.0
  0
SOLID
  5
638
330
17
100
AcDbEntity
  8
CENTER
 62
250
420
0
100
AcDbTrace
 10
893.118680555556
 20
506.80902222222244
 30
0.0
 11
875.1185472222227
 21
506.56772222222236
 31
0.0
 12
821.118147222223
 22
505.6476777777777
 32
0.0
 13
821.118147222223
 23
505.6476777777777
 33
0.0
  0
SOLID
  5
639
330
17
100
AcDbEntity
  8
CENTER
 62
250
420
0
100
AcDbTrace
 10
893.118680555556
 20
506.80902222222244
 30
0.0
 11
821.118147222223
 21
505.6476777777777
 31
0.0
 12
827.1167805555563
 22
505.68718888888884
 32
0.0
 13
827.1167805555563
 23
505.68718888888884
 33
0.0
  0
SOLID
  5
63A
330
17
100
AcDbEntity
  8
CENTER
 62
250
420
0
100
AcDbTrace
 10
905.1180638888892
 20
507.0094000000002
 30
0.0
 11
893.118680555556
 21
506.80902222222244
 31
0.0
 12
827.1167805555563
 22
505.68718888888884
 32
0.0
 13
827.1167805555563
 23
505.68718888888884
 33
0.0
  0
SOLID
  5
63B
330
17
100
AcDbEntity
  8
CENTER
 62
250
420
0
100
AcDbTrace
 10
905.1180638888892
 20
507.0094000000002
 30
0.0
 11
827.1167805555563
 21
505.68718888888884
 31
0.0
 12
833.1175305555562
 22
505.7267
 32
0.0
 13
833.1175305555562
 23
505.7267
 33
0.0
  0
SOLID
  5
63C
330
17
100
AcDbEntity
  8
CENTER
 62
250
420
0
100
AcDbTrace
 10
905.1180638888892
 20
507.0094000000002
 30
0.0
 11
833.1175305555562
 21
505.7267
 31
0.0
 12
839.1182805555561
 22
505.7662111111111
 32
0.0
 13
839.1182805555561
 23
505.7662111111111
 33
0.0
  0
SOLID
  5
63D
330
17
100
AcDbEntity
  8
CENTER
 62
250
420
0
100
AcDbTrace
 10
905.1180638888892
 20
507.0094000000002
 30
0.0
 11
839.1182805555561
 21
505.7662111111111
 31
0.0
 12
845.1169138888896
 22
505.80572222222224
 32
0.0
 13
845.1169138888896
 23
505.80572222222224
 33
0.0
  0
SOLID
  5
63E
330
17
100
AcDbEntity
  8
CENTER
 62
250
420
0
100
AcDbTrace
 10
911.1188138888893
 20
507.1293444444446
 30
0.0
 11
905.1180638888892
 21
507.0094000000002
 31
0.0
 12
845.1169138888896
 22
505.80572222222224
 32
0.0
 13
845.1169138888896
 23
505.80572222222224
 33
0.0
  0
SOLID
  5
63F
330
17
100
AcDbEntity
  8
CENTER
 62
250
420
0
100
AcDbTrace
 10
923.1181972222225
 20
507.36923333333345
 30
0.0
 11
911.1188138888893
 21
507.1293444444446
 31
0.0
 12
845.1169138888896
 22
505.80572222222224
 32
0.0
 13
845.1169138888896
 23
505.80572222222224
 33
0.0
  0
SOLID
  5
640
330
17
100
AcDbEntity
  8
CENTER
 62
250
420
0
100
AcDbTrace
 10
923.1181972222225
 20
507.36923333333345
 30
0.0
 11
845.1169138888896
 21
505.80572222222224
 31
0.0
 12
851.1176638888895
 22
505.8452333333334
 32
0.0
 13
851.1176638888895
 23
505.8452333333334
 33
0.0
  0
SOLID
  5
641
330
17
100
AcDbEntity
  8
CENTER
 62
250
420
0
100
AcDbTrace
 10
923.1181972222225
 20
507.36923333333345
 30
0.0
 11
851.1176638888895
 21
505.8452333333334
 31
0.0
 12
857.1184138888894
 22
505.88474444444455
 32
0.0
 13
857.1184138888894
 23
505.88474444444455
 33
0.0
  0
SOLID
  5
642
330
17
100
AcDbEntity
  8
CENTER
 62
250
420
0
100
AcDbTrace
 10
923.1181972222225
 20
507.36923333333345
 30
0.0
 11
857.1184138888894
 21
505.88474444444455
 31
0.0
 12
863.1170472222229
 22
505.92425555555565
 32
0.0
 13
863.1170472222229
 23
505.92425555555565
 33
0.0
  0
SOLID
  5
643
330
17
100
AcDbEntity
  8
CENTER
 62
250
420
0
100
AcDbTrace
 10
923.1181972222225
 20
507.36923333333345
 30
0.0
 11
863.1170472222229
 21
505.92425555555565
 31
0.0
 12
869.1177972222229
 22
506.004688888889
 32
0.0
 13
869.1177972222229
 23
506.004688888889
 33
0.0
  0
SOLID
  5
644
330
17
100
AcDbEntity
  8
CENTER
 62
250
420
0
100
AcDbTrace
 10
923.1181972222225
 20
507.36923333333345
 30
0.0
 11
869.1177972222229
 21
506.004688888889
 31
0.0
 12
875.1185472222227
 22
506.04420000000016
 32
0.0
 13
875.1185472222227
 23
506.04420000000016
 33
0.0
  0
SOLID
  5
645
330
17
100
AcDbEntity
  8
CENTER
 62
250
420
0
100
AcDbTrace
 10
929.1189472222225
 20
507.528688888889
 30
0.0
 11
923.1181972222225
 21
507.36923333333345
 31
0.0
 12
875.1185472222227
 22
506.04420000000016
 32
0.0
 13
875.1185472222227
 23
506.04420000000016
 33
0.0
  0
SOLID
  5
646
330
17
100
AcDbEntity
  8
CENTER
 62
250
420
0
100
AcDbTrace
 10
935.1175805555557
 20
507.68814444444456
 30
0.0
 11
929.1189472222225
 21
507.528688888889
 31
0.0
 12
875.1185472222227
 22
506.04420000000016
 32
0.0
 13
875.1185472222227
 23
506.04420000000016
 33
0.0
  0
SOLID
  5
647
330
17
100
AcDbEntity
  8
CENTER
 62
250
420
0
100
AcDbTrace
 10
941.1183305555559
 20
507.84901111111117
 30
0.0
 11
935.1175805555557
 21
507.68814444444456
 31
0.0
 12
875.1185472222227
 22
506.04420000000016
 32
0.0
 13
875.1185472222227
 23
506.04420000000016
 33
0.0
  0
SOLID
  5
648
330
17
100
AcDbEntity
  8
CENTER
 62
250
420
0
100
AcDbTrace
 10
941.1183305555559
 20
507.84901111111117
 30
0.0
 11
875.1185472222227
 21
506.04420000000016
 31
0.0
 12
881.117180555556
 22
506.1246333333335
 32
0.0
 13
881.117180555556
 23
506.1246333333335
 33
0.0
  0
SOLID
  5
649
330
17
100
AcDbEntity
  8
CENTER
 62
250
420
0
100
AcDbTrace
 10
941.1183305555559
 20
507.84901111111117
 30
0.0
 11
881.117180555556
 21
506.1246333333335
 31
0.0
 12
887.1179305555561
 22
506.1641444444447
 32
0.0
 13
887.1179305555561
 23
506.1641444444447
 33
0.0
  0
SOLID
  5
64A
330
17
100
AcDbEntity
  8
CENTER
 62
250
420
0
100
AcDbTrace
 10
941.1183305555559
 20
507.84901111111117
 30
0.0
 11
887.1179305555561
 21
506.1641444444447
 31
0.0
 12
893.118680555556
 22
506.24457777777803
 32
0.0
 13
893.118680555556
 23
506.24457777777803
 33
0.0
  0
SOLID
  5
64B
330
17
100
AcDbEntity
  8
CENTER
 62
250
420
0
100
AcDbTrace
 10
1001.1194805555555
 20
509.8471444444445
 30
0.0
 11
941.1183305555559
 21
507.84901111111117
 31
0.0
 12
893.118680555556
 22
506.24457777777803
 32
0.0
 13
893.118680555556
 23
506.24457777777803
 33
0.0
  0
SOLID
  5
64C
330
17
100
AcDbEntity
  8
CENTER
 62
250
420
0
100
AcDbTrace
 10
1001.1194805555555
 20
509.8471444444445
 30
0.0
 11
893.118680555556
 21
506.24457777777803
 31
0.0
 12
899.1173138888893
 22
506.3250111111114
 32
0.0
 13
899.1173138888893
 23
506.3250111111114
 33
0.0
  0
SOLID
  5
64D
330
17
100
AcDbEntity
  8
CENTER
 62
250
420
0
100
AcDbTrace
 10
1001.1194805555555
 20
509.8471444444445
 30
0.0
 11
899.1173138888893
 21
506.3250111111114
 31
0.0
 12
905.1180638888892
 22
506.4068555555558
 32
0.0
 13
905.1180638888892
 23
506.4068555555558
 33
0.0
  0
SOLID
  5
64E
330
17
100
AcDbEntity
  8
CENTER
 62
250
420
0
100
AcDbTrace
 10
1001.1194805555555
 20
509.8471444444445
 30
0.0
 11
905.1180638888892
 21
506.4068555555558
 31
0.0
 12
911.1188138888893
 22
506.48728888888917
 32
0.0
 13
911.1188138888893
 23
506.48728888888917
 33
0.0
  0
SOLID
  5
64F
330
17
100
AcDbEntity
  8
CENTER
 62
250
420
0
100
AcDbTrace
 10
1001.1194805555555
 20
509.8471444444445
 30
0.0
 11
911.1188138888893
 21
506.48728888888917
 31
0.0
 12
917.1174472222226
 22
506.5677222222225
 32
0.0
 13
917.1174472222226
 23
506.5677222222225
 33
0.0
  0
SOLID
  5
650
330
17
100
AcDbEntity
  8
CENTER
 62
250
420
0
100
AcDbTrace
 10
1001.1194805555555
 20
509.8471444444445
 30
0.0
 11
917.1174472222226
 21
506.5677222222225
 31
0.0
 12
923.1181972222225
 22
506.6876666666669
 32
0.0
 13
923.1181972222225
 23
506.6876666666669
 33
0.0
  0
SOLID
  5
651
330
17
100
AcDbEntity
  8
CENTER
 62
250
420
0
100
AcDbTrace
 10
1001.1194805555555
 20
509.8471444444445
 30
0.0
 11
923.1181972222225
 21
506.6876666666669
 31
0.0
 12
929.1189472222225
 22
506.8076111111113
 32
0.0
 13
929.1189472222225
 23
506.8076111111113
 33
0.0
  0
SOLID
  5
652
330
17
100
AcDbEntity
  8
CENTER
 62
250
420
0
100
AcDbTrace
 10
1001.1194805555555
 20
509.8471444444445
 30
0.0
 11
929.1189472222225
 21
506.8076111111113
 31
0.0
 12
935.1175805555557
 22
506.9275555555558
 32
0.0
 13
935.1175805555557
 23
506.9275555555558
 33
0.0
  0
SOLID
  5
653
330
17
100
AcDbEntity
  8
CENTER
 62
250
420
0
100
AcDbTrace
 10
1001.1194805555555
 20
509.8471444444445
 30
0.0
 11
935.1175805555557
 21
506.9275555555558
 31
0.0
 12
941.1183305555559
 22
507.0475000000002
 32
0.0
 13
941.1183305555559
 23
507.0475000000002
 33
0.0
  0
SOLID
  5
654
330
17
100
AcDbEntity
  8
CENTER
 62
250
420
0
100
AcDbTrace
 10
1001.1194805555555
 20
509.8471444444445
 30
0.0
 11
941.1183305555559
 21
507.0475000000002
 31
0.0
 12
947.1190805555557
 22
507.20695555555574
 32
0.0
 13
947.1190805555557
 23
507.20695555555574
 33
0.0
  0
SOLID
  5
655
330
17
100
AcDbEntity
  8
CENTER
 62
250
420
0
100
AcDbTrace
 10
1001.1194805555555
 20
509.8471444444445
 30
0.0
 11
947.1190805555557
 21
507.20695555555574
 31
0.0
 12
953.117713888889
 22
507.3664111111113
 32
0.0
 13
953.117713888889
 23
507.3664111111113
 33
0.0
  0
SOLID
  5
656
330
17
100
AcDbEntity
  8
CENTER
 62
250
420
0
100
AcDbTrace
 10
1001.1194805555555
 20
509.8471444444445
 30
0.0
 11
953.117713888889
 21
507.3664111111113
 31
0.0
 12
959.118463888889
 22
507.52586666666684
 32
0.0
 13
959.118463888889
 23
507.52586666666684
 33
0.0
  0
SOLID
  5
657
330
17
100
AcDbEntity
  8
CENTER
 62
250
420
0
100
AcDbTrace
 10
1001.1194805555555
 20
509.8471444444445
 30
0.0
 11
959.118463888889
 21
507.52586666666684
 31
0.0
 12
965.119213888889
 22
507.7262444444446
 32
0.0
 13
965.119213888889
 23
507.7262444444446
 33
0.0
  0
SOLID
  5
658
330
17
100
AcDbEntity
  8
CENTER
 62
250
420
0
100
AcDbTrace
 10
1001.1194805555555
 20
509.8471444444445
 30
0.0
 11
965.119213888889
 21
507.7262444444446
 31
0.0
 12
971.1178472222223
 22
507.9675444444446
 32
0.0
 13
971.1178472222223
 23
507.9675444444446
 33
0.0
  0
SOLID
  5
659
330
17
100
AcDbEntity
  8
CENTER
 62
250
420
0
100
AcDbTrace
 10
1001.1194805555555
 20
509.8471444444445
 30
0.0
 11
971.1178472222223
 21
507.9675444444446
 31
0.0
 12
977.1185972222222
 22
508.2469444444446
 32
0.0
 13
977.1185972222222
 23
508.2469444444446
 33
0.0
  0
SOLID
  5
65A
330
17
100
AcDbEntity
  8
CENTER
 62
250
420
0
100
AcDbTrace
 10
1001.1194805555555
 20
509.8471444444445
 30
0.0
 11
977.1185972222222
 21
508.2469444444446
 31
0.0
 12
983.1193472222221
 22
508.56726666666674
 32
0.0
 13
983.1193472222221
 23
508.56726666666674
 33
0.0
  0
SOLID
  5
65B
330
17
100
AcDbEntity
  8
CENTER
 62
250
420
0
100
AcDbTrace
 10
1001.1194805555555
 20
509.8471444444445
 30
0.0
 11
983.1193472222221
 21
508.56726666666674
 31
0.0
 12
989.1179805555556
 22
508.9271000000001
 32
0.0
 13
989.1179805555556
 23
508.9271000000001
 33
0.0
  0
SOLID
  5
65C
330
17
100
AcDbEntity
  8
CENTER
 62
250
420
0
100
AcDbTrace
 10
989.1179805555556
 20
508.9271000000001
 30
0.0
 11
995.1187305555555
 21
509.32785555555563
 31
0.0
 12
1001.1194805555555
 22
509.8471444444445
 32
0.0
 13
1001.1194805555555
 23
509.8471444444445
 33
0.0
  0
HATCH
  5
65D
330
17
100
AcDbEntity
  8
CENTER
 62
7
420
0
100
AcDbHatch
 10
0.0
 20
0.0
 30
0.0
210
0.0
220
0.0
230
1.0
  2
SOLID
 70
1
 71
0
 91
1
 92
3
 72
0
 73
1
 93
63
 10
1001.1194805555555
 20
511.45016666666663
 10
995.1187305555555
 20
510.8109333333333
 10
989.1179805555556
 20
510.25072222222224
 10
983.1193472222221
 20
509.77094444444447
 10
977.1185972222222
 20
509.41111111111115
 10
971.1178472222223
 20
509.04986666666673
 10
965.119213888889
 20
508.72954444444457
 10
959.118463888889
 20
508.48965555555566
 10
953.117713888889
 20
508.24976666666674
 10
947.1190805555557
 20
508.049388888889
 10
941.1183305555559
 20
507.84901111111117
 10
935.1175805555557
 20
507.68814444444456
 10
929.1189472222225
 20
507.528688888889
 10
923.1181972222225
 20
507.36923333333345
 10
917.1174472222226
 20
507.24928888888905
 10
911.1188138888893
 20
507.1293444444446
 10
905.1180638888892
 20
507.0094000000002
 10
899.1173138888893
 20
506.92896666666684
 10
893.118680555556
 20
506.80902222222244
 10
887.1179305555561
 20
506.7285888888891
 10
881.117180555556
 20
506.6481555555557
 10
875.1185472222227
 20
506.56772222222236
 10
869.1177972222229
 20
506.487288888889
 10
863.1170472222229
 20
506.44777777777784
 10
857.1184138888894
 20
506.3673444444445
 10
851.1176638888895
 20
506.28550000000007
 10
845.1169138888896
 20
506.2459888888889
 10
839.1182805555561
 20
506.20647777777776
 10
833.1175305555562
 20
506.12604444444446
 10
827.1167805555563
 20
506.0865333333333
 10
821.118147222223
 20
506.04702222222215
 10
821.118147222223
 20
505.6476777777777
 10
827.1167805555563
 20
505.68718888888884
 10
833.1175305555562
 20
505.7267
 10
839.1182805555561
 20
505.7662111111111
 10
845.1169138888896
 20
505.80572222222224
 10
851.1176638888895
 20
505.8452333333334
 10
857.1184138888894
 20
505.88474444444455
 10
863.1170472222229
 20
505.92425555555565
 10
869.1177972222229
 20
506.004688888889
 10
875.1185472222227
 20
506.04420000000016
 10
881.117180555556
 20
506.1246333333335
 10
887.1179305555561
 20
506.1641444444447
 10
893.118680555556
 20
506.24457777777803
 10
899.1173138888893
 20
506.3250111111114
 10
905.1180638888892
 20
506.4068555555558
 10
911.1188138888893
 20
506.48728888888917
 10
917.1174472222226
 20
506.5677222222225
 10
923.1181972222225
 20
506.6876666666669
 10
929.1189472222225
 20
506.8076111111113
 10
935.1175805555557
 20
506.9275555555558
 10
941.1183305555559
 20
507.0475000000002
 10
947.1190805555557
 20
507.20695555555574
 10
953.117713888889
 20
507.3664111111113
 10
959.118463888889
 20
507.52586666666684
 10
965.119213888889
 20
507.7262444444446
 10
971.1178472222223
 20
507.9675444444446
 10
977.1185972222222
 20
508.2469444444446
 10
983.1193472222221
 20
508.56726666666674
 10
989.1179805555556
 20
508.9271000000001
 10
995.1187305555555
 20
509.32785555555563
 10
1001.1194805555555
 20
509.8471444444445
 10
1001.1194805555555
 20
511.45016666666663
 97
0
 75
1
 76
1
 98
0
  0
LWPOLYLINE
  5
65E
330
17
100
AcDbEntity
  8
CENTER
 62
250
100
AcDbPolyline
 90
63
 70
1
 10
1001.1194805555555
 20
508.25117777777774
 10
995.1187305555555
 20
507.8913444444444
 10
989.1179805555556
 20
507.56961111111104
 10
983.1193472222221
 20
507.32972222222213
 10
977.1185972222222
 20
507.0898333333332
 10
971.1178472222223
 20
506.93037777777766
 10
965.119213888889
 20
506.7299999999999
 10
959.118463888889
 20
506.6100555555555
 10
953.117713888889
 20
506.49011111111105
 10
947.1190805555557
 20
506.37016666666665
 10
941.1183305555559
 20
506.2488111111111
 10
935.1175805555557
 20
506.1683777777777
 10
929.1189472222225
 20
506.0484333333333
 10
923.1181972222225
 20
505.96799999999996
 10
917.1174472222226
 20
505.9284888888888
 10
911.1188138888893
 20
505.84805555555545
 10
905.1180638888892
 20
505.7676222222221
 10
899.1173138888893
 20
505.728111111111
 10
893.118680555556
 20
505.68859999999984
 10
887.1179305555561
 20
505.6081666666665
 10
881.117180555556
 20
505.5686555555553
 10
875.1185472222227
 20
505.52914444444417
 10
869.1177972222229
 20
505.4896333333331
 10
863.1170472222229
 20
505.4501222222219
 10
857.1184138888894
 20
505.41061111111077
 10
851.1176638888895
 20
505.41061111111077
 10
845.1169138888896
 20
505.3710999999996
 10
839.1182805555561
 20
505.3315888888885
 10
833.1175305555562
 20
505.29207777777737
 10
827.1167805555563
 20
505.29207777777737
 10
821.118147222223
 20
505.2525666666662
 10
821.118147222223
 20
504.8518111111107
 10
827.1167805555563
 20
504.8518111111107
 10
833.1175305555562
 20
504.8927333333329
 10
839.1182805555561
 20
504.8927333333329
 10
845.1169138888896
 20
504.93224444444405
 10
851.1176638888895
 20
504.93224444444405
 10
857.1184138888894
 20
504.97175555555515
 10
863.1170472222229
 20
504.97175555555515
 10
869.1177972222229
 20
505.0112666666663
 10
875.1185472222227
 20
505.0112666666663
 10
881.117180555556
 20
505.05077777777745
 10
887.1179305555561
 20
505.0902888888886
 10
893.118680555556
 20
505.0902888888886
 10
899.1173138888893
 20
505.1297999999997
 10
905.1180638888892
 20
505.16931111111086
 10
911.1188138888893
 20
505.208822222222
 10
917.1174472222226
 20
505.24833333333316
 10
923.1181972222225
 20
505.28784444444426
 10
929.1189472222225
 20
505.3273555555554
 10
935.1175805555557
 20
505.4077888888888
 10
941.1183305555559
 20
505.4472999999999
 10
947.1190805555557
 20
505.5277333333333
 10
953.117713888889
 20
505.56724444444444
 10
959.118463888889
 20
505.64767777777774
 10
965.119213888889
 20
505.7281111111111
 10
971.1178472222223
 20
505.84805555555556
 10
977.1185972222222
 20
505.96799999999996
 10
983.1193472222221
 20
506.08794444444436
 10
989.1179805555556
 20
506.2473999999999
 10
995.1187305555555
 20
506.4491888888888
 10
1001.1194805555555
 20
506.64956666666654
 10
1001.1194805555555
 20
508.25117777777774
  0
SOLID
  5
65F
330
17
100
AcDbEntity
  8
CENTER
 62
250
420
0
100
AcDbTrace
 10
1001.1194805555555
 20
506.64956666666654
 30
0.0
 11
1001.1194805555555
 21
508.25117777777774
 31
0.0
 12
995.1187305555555
 22
507.8913444444444
 32
0.0
 13
995.1187305555555
 23
507.8913444444444
 33
0.0
  0
SOLID
  5
660
330
17
100
AcDbEntity
  8
CENTER
 62
250
420
0
100
AcDbTrace
 10
1001.1194805555555
 20
506.64956666666654
 30
0.0
 11
995.1187305555555
 21
507.8913444444444
 31
0.0
 12
989.1179805555556
 22
507.56961111111104
 32
0.0
 13
989.1179805555556
 23
507.56961111111104
 33
0.0
  0
SOLID
  5
661
330
17
100
AcDbEntity
  8
CENTER
 62
250
420
0
100
AcDbTrace
 10
1001.1194805555555
 20
506.64956666666654
 30
0.0
 11
989.1179805555556
 21
507.56961111111104
 31
0.0
 12
983.1193472222221
 22
507.32972222222213
 32
0.0
 13
983.1193472222221
 23
507.32972222222213
 33
0.0
  0
SOLID
  5
662
330
17
100
AcDbEntity
  8
CENTER
 62
250
420
0
100
AcDbTrace
 10
1001.1194805555555
 20
506.64956666666654
 30
0.0
 11
983.1193472222221
 21
507.32972222222213
 31
0.0
 12
977.1185972222222
 22
507.0898333333332
 32
0.0
 13
977.1185972222222
 23
507.0898333333332
 33
0.0
  0
SOLID
  5
663
330
17
100
AcDbEntity
  8
CENTER
 62
250
420
0
100
AcDbTrace
 10
1001.1194805555555
 20
506.64956666666654
 30
0.0
 11
977.1185972222222
 21
507.0898333333332
 31
0.0
 12
971.1178472222223
 22
506.93037777777766
 32
0.0
 13
971.1178472222223
 23
506.93037777777766
 33
0.0
  0
SOLID
  5
664
330
17
100
AcDbEntity
  8
CENTER
 62
250
420
0
100
AcDbTrace
 10
1001.1194805555555
 20
506.64956666666654
 30
0.0
 11
971.1178472222223
 21
506.93037777777766
 31
0.0
 12
965.119213888889
 22
506.7299999999999
 32
0.0
 13
965.119213888889
 23
506.7299999999999
 33
0.0
  0
SOLID
  5
665
330
17
100
AcDbEntity
  8
CENTER
 62
250
420
0
100
AcDbTrace
 10
1001.1194805555555
 20
506.64956666666654
 30
0.0
 11
965.119213888889
 21
506.7299999999999
 31
0.0
 12
959.118463888889
 22
506.6100555555555
 32
0.0
 13
959.118463888889
 23
506.6100555555555
 33
0.0
  0
SOLID
  5
666
330
17
100
AcDbEntity
  8
CENTER
 62
250
420
0
100
AcDbTrace
 10
1001.1194805555555
 20
506.64956666666654
 30
0.0
 11
959.118463888889
 21
506.6100555555555
 31
0.0
 12
953.117713888889
 22
506.49011111111105
 32
0.0
 13
953.117713888889
 23
506.49011111111105
 33
0.0
  0
SOLID
  5
667
330
17
100
AcDbEntity
  8
CENTER
 62
250
420
0
100
AcDbTrace
 10
1001.1194805555555
 20
506.64956666666654
 30
0.0
 11
953.117713888889
 21
506.49011111111105
 31
0.0
 12
947.1190805555557
 22
506.37016666666665
 32
0.0
 13
947.1190805555557
 23
506.37016666666665
 33
0.0
  0
SOLID
  5
668
330
17
100
AcDbEntity
  8
CENTER
 62
250
420
0
100
AcDbTrace
 10
1001.1194805555555
 20
506.64956666666654
 30
0.0
 11
947.1190805555557
 21
506.37016666666665
 31
0.0
 12
941.1183305555559
 22
506.2488111111111
 32
0.0
 13
941.1183305555559
 23
506.2488111111111
 33
0.0
  0
SOLID
  5
669
330
17
100
AcDbEntity
  8
CENTER
 62
250
420
0
100
AcDbTrace
 10
1001.1194805555555
 20
506.64956666666654
 30
0.0
 11
941.1183305555559
 21
506.2488111111111
 31
0.0
 12
935.1175805555557
 22
506.1683777777777
 32
0.0
 13
935.1175805555557
 23
506.1683777777777
 33
0.0
  0
SOLID
  5
66A
330
17
100
AcDbEntity
  8
CENTER
 62
250
420
0
100
AcDbTrace
 10
1001.1194805555555
 20
506.64956666666654
 30
0.0
 11
935.1175805555557
 21
506.1683777777777
 31
0.0
 12
929.1189472222225
 22
506.0484333333333
 32
0.0
 13
929.1189472222225
 23
506.0484333333333
 33
0.0
  0
SOLID
  5
66B
330
17
100
AcDbEntity
  8
CENTER
 62
250
420
0
100
AcDbTrace
 10
1001.1194805555555
 20
506.64956666666654
 30
0.0
 11
929.1189472222225
 21
506.0484333333333
 31
0.0
 12
923.1181972222225
 22
505.96799999999996
 32
0.0
 13
923.1181972222225
 23
505.96799999999996
 33
0.0
  0
SOLID
  5
66C
330
17
100
AcDbEntity
  8
CENTER
 62
250
420
0
100
AcDbTrace
 10
923.1181972222225
 20
505.96799999999996
 30
0.0
 11
917.1174472222226
 21
505.9284888888888
 31
0.0
 12
911.1188138888893
 22
505.84805555555545
 32
0.0
 13
911.1188138888893
 23
505.84805555555545
 33
0.0
  0
SOLID
  5
66D
330
17
100
AcDbEntity
  8
CENTER
 62
250
420
0
100
AcDbTrace
 10
1001.1194805555555
 20
506.64956666666654
 30
0.0
 11
923.1181972222225
 21
505.96799999999996
 31
0.0
 12
911.1188138888893
 22
505.84805555555545
 32
0.0
 13
911.1188138888893
 23
505.84805555555545
 33
0.0
  0
SOLID
  5
66E
330
17
100
AcDbEntity
  8
CENTER
 62
250
420
0
100
AcDbTrace
 10
1001.1194805555555
 20
506.64956666666654
 30
0.0
 11
911.1188138888893
 21
505.84805555555545
 31
0.0
 12
905.1180638888892
 22
505.7676222222221
 32
0.0
 13
905.1180638888892
 23
505.7676222222221
 33
0.0
  0
SOLID
  5
66F
330
17
100
AcDbEntity
  8
CENTER
 62
250
420
0
100
AcDbTrace
 10
905.1180638888892
 20
505.7676222222221
 30
0.0
 11
899.1173138888893
 21
505.728111111111
 31
0.0
 12
893.118680555556
 22
505.68859999999984
 32
0.0
 13
893.118680555556
 23
505.68859999999984
 33
0.0
  0
SOLID
  5
670
330
17
100
AcDbEntity
  8
CENTER
 62
250
420
0
100
AcDbTrace
 10
905.1180638888892
 20
505.7676222222221
 30
0.0
 11
893.118680555556
 21
505.68859999999984
 31
0.0
 12
887.1179305555561
 22
505.6081666666665
 32
0.0
 13
887.1179305555561
 23
505.6081666666665
 33
0.0
  0
SOLID
  5
671
330
17
100
AcDbEntity
  8
CENTER
 62
250
420
0
100
AcDbTrace
 10
887.1179305555561
 20
505.6081666666665
 30
0.0
 11
881.117180555556
 21
505.5686555555553
 31
0.0
 12
875.1185472222227
 22
505.52914444444417
 32
0.0
 13
875.1185472222227
 23
505.52914444444417
 33
0.0
  0
SOLID
  5
672
330
17
100
AcDbEntity
  8
CENTER
 62
250
420
0
100
AcDbTrace
 10
869.1177972222229
 20
505.4896333333331
 30
0.0
 11
863.1170472222229
 21
505.4501222222219
 31
0.0
 12
857.1184138888894
 22
505.41061111111077
 32
0.0
 13
857.1184138888894
 23
505.41061111111077
 33
0.0
  0
SOLID
  5
673
330
17
100
AcDbEntity
  8
CENTER
 62
250
420
0
100
AcDbTrace
 10
875.1185472222227
 20
505.52914444444417
 30
0.0
 11
869.1177972222229
 21
505.4896333333331
 31
0.0
 12
857.1184138888894
 22
505.41061111111077
 32
0.0
 13
857.1184138888894
 23
505.41061111111077
 33
0.0
  0
SOLID
  5
674
330
17
100
AcDbEntity
  8
CENTER
 62
250
420
0
100
AcDbTrace
 10
857.1184138888894
 20
505.41061111111077
 30
0.0
 11
851.1176638888895
 21
505.41061111111077
 31
0.0
 12
845.1169138888896
 22
505.3710999999996
 32
0.0
 13
845.1169138888896
 23
505.3710999999996
 33
0.0
  0
SOLID
  5
675
330
17
100
AcDbEntity
  8
CENTER
 62
250
420
0
100
AcDbTrace
 10
857.1184138888894
 20
505.41061111111077
 30
0.0
 11
845.1169138888896
 21
505.3710999999996
 31
0.0
 12
839.1182805555561
 22
505.3315888888885
 32
0.0
 13
839.1182805555561
 23
505.3315888888885
 33
0.0
  0
SOLID
  5
676
330
17
100
AcDbEntity
  8
CENTER
 62
250
420
0
100
AcDbTrace
 10
857.1184138888894
 20
505.41061111111077
 30
0.0
 11
839.1182805555561
 21
505.3315888888885
 31
0.0
 12
833.1175305555562
 22
505.29207777777737
 32
0.0
 13
833.1175305555562
 23
505.29207777777737
 33
0.0
  0
SOLID
  5
677
330
17
100
AcDbEntity
  8
CENTER
 62
250
420
0
100
AcDbTrace
 10
833.1175305555562
 20
505.29207777777737
 30
0.0
 11
827.1167805555563
 21
505.29207777777737
 31
0.0
 12
821.118147222223
 22
505.2525666666662
 32
0.0
 13
821.118147222223
 23
505.2525666666662
 33
0.0
  0
SOLID
  5
678
330
17
100
AcDbEntity
  8
CENTER
 62
250
420
0
100
AcDbTrace
 10
833.1175305555562
 20
505.29207777777737
 30
0.0
 11
821.118147222223
 21
505.2525666666662
 31
0.0
 12
821.118147222223
 22
504.8518111111107
 32
0.0
 13
821.118147222223
 23
504.8518111111107
 33
0.0
  0
SOLID
  5
679
330
17
100
AcDbEntity
  8
CENTER
 62
250
420
0
100
AcDbTrace
 10
857.1184138888894
 20
505.41061111111077
 30
0.0
 11
833.1175305555562
 21
505.29207777777737
 31
0.0
 12
821.118147222223
 22
504.8518111111107
 32
0.0
 13
821.118147222223
 23
504.8518111111107
 33
0.0
  0
SOLID
  5
67A
330
17
100
AcDbEntity
  8
CENTER
 62
250
420
0
100
AcDbTrace
 10
875.1185472222227
 20
505.52914444444417
 30
0.0
 11
857.1184138888894
 21
505.41061111111077
 31
0.0
 12
821.118147222223
 22
504.8518111111107
 32
0.0
 13
821.118147222223
 23
504.8518111111107
 33
0.0
  0
SOLID
  5
67B
330
17
100
AcDbEntity
  8
CENTER
 62
250
420
0
100
AcDbTrace
 10
887.1179305555561
 20
505.6081666666665
 30
0.0
 11
875.1185472222227
 21
505.52914444444417
 31
0.0
 12
821.118147222223
 22
504.8518111111107
 32
0.0
 13
821.118147222223
 23
504.8518111111107
 33
0.0
  0
SOLID
  5
67C
330
17
100
AcDbEntity
  8
CENTER
 62
250
420
0
100
AcDbTrace
 10
905.1180638888892
 20
505.7676222222221
 30
0.0
 11
887.1179305555561
 21
505.6081666666665
 31
0.0
 12
821.118147222223
 22
504.8518111111107
 32
0.0
 13
821.118147222223
 23
504.8518111111107
 33
0.0
  0
SOLID
  5
67D
330
17
100
AcDbEntity
  8
CENTER
 62
250
420
0
100
AcDbTrace
 10
1001.1194805555555
 20
506.64956666666654
 30
0.0
 11
905.1180638888892
 21
505.7676222222221
 31
0.0
 12
821.118147222223
 22
504.8518111111107
 32
0.0
 13
821.118147222223
 23
504.8518111111107
 33
0.0
  0
SOLID
  5
67E
330
17
100
AcDbEntity
  8
CENTER
 62
250
420
0
100
AcDbTrace
 10
1001.1194805555555
 20
506.64956666666654
 30
0.0
 11
821.118147222223
 21
504.8518111111107
 31
0.0
 12
827.1167805555563
 22
504.8518111111107
 32
0.0
 13
827.1167805555563
 23
504.8518111111107
 33
0.0
  0
SOLID
  5
67F
330
17
100
AcDbEntity
  8
CENTER
 62
250
420
0
100
AcDbTrace
 10
1001.1194805555555
 20
506.64956666666654
 30
0.0
 11
827.1167805555563
 21
504.8518111111107
 31
0.0
 12
833.1175305555562
 22
504.8927333333329
 32
0.0
 13
833.1175305555562
 23
504.8927333333329
 33
0.0
  0
SOLID
  5
680
330
17
100
AcDbEntity
  8
CENTER
 62
250
420
0
100
AcDbTrace
 10
1001.1194805555555
 20
506.64956666666654
 30
0.0
 11
833.1175305555562
 21
504.8927333333329
 31
0.0
 12
839.1182805555561
 22
504.8927333333329
 32
0.0
 13
839.1182805555561
 23
504.8927333333329
 33
0.0
  0
SOLID
  5
681
330
17
100
AcDbEntity
  8
CENTER
 62
250
420
0
100
AcDbTrace
 10
1001.1194805555555
 20
506.64956666666654
 30
0.0
 11
839.1182805555561
 21
504.8927333333329
 31
0.0
 12
845.1169138888896
 22
504.93224444444405
 32
0.0
 13
845.1169138888896
 23
504.93224444444405
 33
0.0
  0
SOLID
  5
682
330
17
100
AcDbEntity
  8
CENTER
 62
250
420
0
100
AcDbTrace
 10
1001.1194805555555
 20
506.64956666666654
 30
0.0
 11
845.1169138888896
 21
504.93224444444405
 31
0.0
 12
851.1176638888895
 22
504.93224444444405
 32
0.0
 13
851.1176638888895
 23
504.93224444444405
 33
0.0
  0
SOLID
  5
683
330
17
100
AcDbEntity
  8
CENTER
 62
250
420
0
100
AcDbTrace
 10
1001.1194805555555
 20
506.64956666666654
 30
0.0
 11
851.1176638888895
 21
504.93224444444405
 31
0.0
 12
857.1184138888894
 22
504.97175555555515
 32
0.0
 13
857.1184138888894
 23
504.97175555555515
 33
0.0
  0
SOLID
  5
684
330
17
100
AcDbEntity
  8
CENTER
 62
250
420
0
100
AcDbTrace
 10
1001.1194805555555
 20
506.64956666666654
 30
0.0
 11
857.1184138888894
 21
504.97175555555515
 31
0.0
 12
863.1170472222229
 22
504.97175555555515
 32
0.0
 13
863.1170472222229
 23
504.97175555555515
 33
0.0
  0
SOLID
  5
685
330
17
100
AcDbEntity
  8
CENTER
 62
250
420
0
100
AcDbTrace
 10
1001.1194805555555
 20
506.64956666666654
 30
0.0
 11
863.1170472222229
 21
504.97175555555515
 31
0.0
 12
869.1177972222229
 22
505.0112666666663
 32
0.0
 13
869.1177972222229
 23
505.0112666666663
 33
0.0
  0
SOLID
  5
686
330
17
100
AcDbEntity
  8
CENTER
 62
250
420
0
100
AcDbTrace
 10
1001.1194805555555
 20
506.64956666666654
 30
0.0
 11
869.1177972222229
 21
505.0112666666663
 31
0.0
 12
875.1185472222227
 22
505.0112666666663
 32
0.0
 13
875.1185472222227
 23
505.0112666666663
 33
0.0
  0
SOLID
  5
687
330
17
100
AcDbEntity
  8
CENTER
 62
250
420
0
100
AcDbTrace
 10
1001.1194805555555
 20
506.64956666666654
 30
0.0
 11
875.1185472222227
 21
505.0112666666663
 31
0.0
 12
881.117180555556
 22
505.05077777777745
 32
0.0
 13
881.117180555556
 23
505.05077777777745
 33
0.0
  0
SOLID
  5
688
330
17
100
AcDbEntity
  8
CENTER
 62
250
420
0
100
AcDbTrace
 10
1001.1194805555555
 20
506.64956666666654
 30
0.0
 11
881.117180555556
 21
505.05077777777745
 31
0.0
 12
887.1179305555561
 22
505.0902888888886
 32
0.0
 13
887.1179305555561
 23
505.0902888888886
 33
0.0
  0
SOLID
  5
689
330
17
100
AcDbEntity
  8
CENTER
 62
250
420
0
100
AcDbTrace
 10
1001.1194805555555
 20
506.64956666666654
 30
0.0
 11
887.1179305555561
 21
505.0902888888886
 31
0.0
 12
893.118680555556
 22
505.0902888888886
 32
0.0
 13
893.118680555556
 23
505.0902888888886
 33
0.0
  0
SOLID
  5
68A
330
17
100
AcDbEntity
  8
CENTER
 62
250
420
0
100
AcDbTrace
 10
1001.1194805555555
 20
506.64956666666654
 30
0.0
 11
893.118680555556
 21
505.0902888888886
 31
0.0
 12
899.1173138888893
 22
505.1297999999997
 32
0.0
 13
899.1173138888893
 23
505.1297999999997
 33
0.0
  0
SOLID
  5
68B
330
17
100
AcDbEntity
  8
CENTER
 62
250
420
0
100
AcDbTrace
 10
1001.1194805555555
 20
506.64956666666654
 30
0.0
 11
899.1173138888893
 21
505.1297999999997
 31
0.0
 12
905.1180638888892
 22
505.16931111111086
 32
0.0
 13
905.1180638888892
 23
505.16931111111086
 33
0.0
  0
SOLID
  5
68C
330
17
100
AcDbEntity
  8
CENTER
 62
250
420
0
100
AcDbTrace
 10
1001.1194805555555
 20
506.64956666666654
 30
0.0
 11
905.1180638888892
 21
505.16931111111086
 31
0.0
 12
911.1188138888893
 22
505.208822222222
 32
0.0
 13
911.1188138888893
 23
505.208822222222
 33
0.0
  0
SOLID
  5
68D
330
17
100
AcDbEntity
  8
CENTER
 62
250
420
0
100
AcDbTrace
 10
1001.1194805555555
 20
506.64956666666654
 30
0.0
 11
911.1188138888893
 21
505.208822222222
 31
0.0
 12
917.1174472222226
 22
505.24833333333316
 32
0.0
 13
917.1174472222226
 23
505.24833333333316
 33
0.0
  0
SOLID
  5
68E
330
17
100
AcDbEntity
  8
CENTER
 62
250
420
0
100
AcDbTrace
 10
1001.1194805555555
 20
506.64956666666654
 30
0.0
 11
917.1174472222226
 21
505.24833333333316
 31
0.0
 12
923.1181972222225
 22
505.28784444444426
 32
0.0
 13
923.1181972222225
 23
505.28784444444426
 33
0.0
  0
SOLID
  5
68F
330
17
100
AcDbEntity
  8
CENTER
 62
250
420
0
100
AcDbTrace
 10
1001.1194805555555
 20
506.64956666666654
 30
0.0
 11
923.1181972222225
 21
505.28784444444426
 31
0.0
 12
929.1189472222225
 22
505.3273555555554
 32
0.0
 13
929.1189472222225
 23
505.3273555555554
 33
0.0
  0
SOLID
  5
690
330
17
100
AcDbEntity
  8
CENTER
 62
250
420
0
100
AcDbTrace
 10
1001.1194805555555
 20
506.64956666666654
 30
0.0
 11
929.1189472222225
 21
505.3273555555554
 31
0.0
 12
935.1175805555557
 22
505.4077888888888
 32
0.0
 13
935.1175805555557
 23
505.4077888888888
 33
0.0
  0
SOLID
  5
691
330
17
100
AcDbEntity
  8
CENTER
 62
250
420
0
100
AcDbTrace
 10
1001.1194805555555
 20
506.64956666666654
 30
0.0
 11
935.1175805555557
 21
505.4077888888888
 31
0.0
 12
941.1183305555559
 22
505.4472999999999
 32
0.0
 13
941.1183305555559
 23
505.4472999999999
 33
0.0
  0
SOLID
  5
692
330
17
100
AcDbEntity
  8
CENTER
 62
250
420
0
100
AcDbTrace
 10
1001.1194805555555
 20
506.64956666666654
 30
0.0
 11
941.1183305555559
 21
505.4472999999999
 31
0.0
 12
947.1190805555557
 22
505.5277333333333
 32
0.0
 13
947.1190805555557
 23
505.5277333333333
 33
0.0
  0
SOLID
  5
693
330
17
100
AcDbEntity
  8
CENTER
 62
250
420
0
100
AcDbTrace
 10
1001.1194805555555
 20
506.64956666666654
 30
0.0
 11
947.1190805555557
 21
505.5277333333333
 31
0.0
 12
953.117713888889
 22
505.56724444444444
 32
0.0
 13
953.117713888889
 23
505.56724444444444
 33
0.0
  0
SOLID
  5
694
330
17
100
AcDbEntity
  8
CENTER
 62
250
420
0
100
AcDbTrace
 10
1001.1194805555555
 20
506.64956666666654
 30
0.0
 11
953.117713888889
 21
505.56724444444444
 31
0.0
 12
959.118463888889
 22
505.64767777777774
 32
0.0
 13
959.118463888889
 23
505.64767777777774
 33
0.0
  0
SOLID
  5
695
330
17
100
AcDbEntity
  8
CENTER
 62
250
420
0
100
AcDbTrace
 10
1001.1194805555555
 20
506.64956666666654
 30
0.0
 11
959.118463888889
 21
505.64767777777774
 31
0.0
 12
965.119213888889
 22
505.7281111111111
 32
0.0
 13
965.119213888889
 23
505.7281111111111
 33
0.0
  0
SOLID
  5
696
330
17
100
AcDbEntity
  8
CENTER
 62
250
420
0
100
AcDbTrace
 10
1001.1194805555555
 20
506.64956666666654
 30
0.0
 11
965.119213888889
 21
505.7281111111111
 31
0.0
 12
971.1178472222223
 22
505.84805555555556
 32
0.0
 13
971.1178472222223
 23
505.84805555555556
 33
0.0
  0
SOLID
  5
697
330
17
100
AcDbEntity
  8
CENTER
 62
250
420
0
100
AcDbTrace
 10
1001.1194805555555
 20
506.64956666666654
 30
0.0
 11
971.1178472222223
 21
505.84805555555556
 31
0.0
 12
977.1185972222222
 22
505.96799999999996
 32
0.0
 13
977.1185972222222
 23
505.96799999999996
 33
0.0
  0
SOLID
  5
698
330
17
100
AcDbEntity
  8
CENTER
 62
250
420
0
100
AcDbTrace
 10
1001.1194805555555
 20
506.64956666666654
 30
0.0
 11
977.1185972222222
 21
505.96799999999996
 31
0.0
 12
983.1193472222221
 22
506.08794444444436
 32
0.0
 13
983.1193472222221
 23
506.08794444444436
 33
0.0
  0
SOLID
  5
699
330
17
100
AcDbEntity
  8
CENTER
 62
250
420
0
100
AcDbTrace
 10
983.1193472222221
 20
506.08794444444436
 30
0.0
 11
989.1179805555556
 21
506.2473999999999
 31
0.0
 12
995.1187305555555
 22
506.4491888888888
 32
0.0
 13
995.1187305555555
 23
506.4491888888888
 33
0.0
  0
SOLID
  5
69A
330
17
100
AcDbEntity
  8
CENTER
 62
250
420
0
100
AcDbTrace
 10
983.1193472222221
 20
506.08794444444436
 30
0.0
 11
995.1187305555555
 21
506.4491888888888
 31
0.0
 12
1001.1194805555555
 22
506.64956666666654
 32
0.0
 13
1001.1194805555555
 23
506.64956666666654
 33
0.0
  0
HATCH
  5
69B
330
17
100
AcDbEntity
  8
CENTER
 62
7
420
0
100
AcDbHatch
 10
0.0
 20
0.0
 30
0.0
210
0.0
220
0.0
230
1.0
  2
SOLID
 70
1
 71
0
 91
1
 92
3
 72
0
 73
1
 93
63
 10
1001.1194805555555
 20
508.25117777777774
 10
995.1187305555555
 20
507.8913444444444
 10
989.1179805555556
 20
507.56961111111104
 10
983.1193472222221
 20
507.32972222222213
 10
977.1185972222222
 20
507.0898333333332
 10
971.1178472222223
 20
506.93037777777766
 10
965.119213888889
 20
506.7299999999999
 10
959.118463888889
 20
506.6100555555555
 10
953.117713888889
 20
506.49011111111105
 10
947.1190805555557
 20
506.37016666666665
 10
941.1183305555559
 20
506.2488111111111
 10
935.1175805555557
 20
506.1683777777777
 10
929.1189472222225
 20
506.0484333333333
 10
923.1181972222225
 20
505.96799999999996
 10
917.1174472222226
 20
505.9284888888888
 10
911.1188138888893
 20
505.84805555555545
 10
905.1180638888892
 20
505.7676222222221
 10
899.1173138888893
 20
505.728111111111
 10
893.118680555556
 20
505.68859999999984
 10
887.1179305555561
 20
505.6081666666665
 10
881.117180555556
 20
505.5686555555553
 10
875.1185472222227
 20
505.52914444444417
 10
869.1177972222229
 20
505.4896333333331
 10
863.1170472222229
 20
505.4501222222219
 10
857.1184138888894
 20
505.41061111111077
 10
851.1176638888895
 20
505.41061111111077
 10
845.1169138888896
 20
505.3710999999996
 10
839.1182805555561
 20
505.3315888888885
 10
833.1175305555562
 20
505.29207777777737
 10
827.1167805555563
 20
505.29207777777737
 10
821.118147222223
 20
505.2525666666662
 10
821.118147222223
 20
504.8518111111107
 10
827.1167805555563
 20
504.8518111111107
 10
833.1175305555562
 20
504.8927333333329
 10
839.1182805555561
 20
504.8927333333329
 10
845.1169138888896
 20
504.93224444444405
 10
851.1176638888895
 20
504.93224444444405
 10
857.1184138888894
 20
504.97175555555515
 10
863.1170472222229
 20
504.97175555555515
 10
869.1177972222229
 20
505.0112666666663
 10
875.1185472222227
 20
505.0112666666663
 10
881.117180555556
 20
505.05077777777745
 10
887.1179305555561
 20
505.0902888888886
 10
893.118680555556
 20
505.0902888888886
 10
899.1173138888893
 20
505.1297999999997
 10
905.1180638888892
 20
505.16931111111086
 10
911.1188138888893
 20
505.208822222222
 10
917.1174472222226
 20
505.24833333333316
 10
923.1181972222225
 20
505.28784444444426
 10
929.1189472222225
 20
505.3273555555554
 10
935.1175805555557
 20
505.4077888888888
 10
941.1183305555559
 20
505.4472999999999
 10
947.1190805555557
 20
505.5277333333333
 10
953.117713888889
 20
505.56724444444444
 10
959.118463888889
 20
505.64767777777774
 10
965.119213888889
 20
505.7281111111111
 10
971.1178472222223
 20
505.84805555555556
 10
977.1185972222222
 20
505.96799999999996
 10
983.1193472222221
 20
506.08794444444436
 10
989.1179805555556
 20
506.2473999999999
 10
995.1187305555555
 20
506.4491888888888
 10
1001.1194805555555
 20
506.64956666666654
 10
1001.1194805555555
 20
508.25117777777774
 97
0
 75
1
 76
1
 98
0
  0
LWPOLYLINE
  5
69C
330
17
100
AcDbEntity
  8
CENTER
 62
250
100
AcDbPolyline
 90
63
 70
1
 10
1001.1194805555555
 20
505.05077777777774
 10
995.1187305555555
 20
504.97034444444444
 10
989.1179805555556
 20
504.9308333333333
 10
983.1193472222221
 20
504.8489888888888
 10
977.1185972222222
 20
504.8094777777777
 10
971.1178472222223
 20
504.76996666666656
 10
965.119213888889
 20
504.7304555555554
 10
959.118463888889
 20
504.7304555555554
 10
953.117713888889
 20
504.69094444444426
 10
947.1190805555557
 20
504.69094444444426
 10
941.1183305555559
 20
504.65143333333316
 10
935.1175805555557
 20
504.65143333333316
 10
929.1189472222225
 20
504.611922222222
 10
923.1181972222225
 20
504.611922222222
 10
917.1174472222226
 20
504.57241111111085
 10
911.1188138888893
 20
504.57241111111085
 10
905.1180638888892
 20
504.57241111111085
 10
899.1173138888893
 20
504.5328999999997
 10
893.118680555556
 20
504.5328999999997
 10
887.1179305555561
 20
504.5328999999997
 10
881.117180555556
 20
504.5328999999997
 10
875.1185472222227
 20
504.4933888888886
 10
869.1177972222229
 20
504.4933888888886
 10
863.1170472222229
 20
504.4933888888886
 10
857.1184138888894
 20
504.4933888888886
 10
851.1176638888895
 20
504.4933888888886
 10
845.1169138888896
 20
504.4933888888886
 10
839.1182805555561
 20
504.45387777777745
 10
833.1175305555562
 20
504.45387777777745
 10
827.1167805555563
 20
504.45387777777745
 10
821.118147222223
 20
504.45387777777745
 10
821.118147222223
 20
504.054533333333
 10
827.1167805555563
 20
504.054533333333
 10
833.1175305555562
 20
504.054533333333
 10
839.1182805555561
 20
504.054533333333
 10
845.1169138888896
 20
504.01502222222183
 10
851.1176638888895
 20
504.01502222222183
 10
857.1184138888894
 20
504.01502222222183
 10
863.1170472222229
 20
504.01502222222183
 10
869.1177972222229
 20
504.01502222222183
 10
875.1185472222227
 20
504.01502222222183
 10
881.117180555556
 20
503.9755111111107
 10
887.1179305555561
 20
503.9755111111107
 10
893.118680555556
 20
503.9755111111107
 10
899.1173138888893
 20
503.9755111111107
 10
905.1180638888892
 20
503.9359999999996
 10
911.1188138888893
 20
503.9359999999996
 10
917.1174472222226
 20
503.9359999999996
 10
923.1181972222225
 20
503.8964888888884
 10
929.1189472222225
 20
503.8964888888884
 10
935.1175805555557
 20
503.8569777777773
 10
941.1183305555559
 20
503.8569777777773
 10
947.1190805555557
 20
503.8174666666661
 10
953.117713888889
 20
503.8174666666661
 10
959.118463888889
 20
503.777955555555
 10
965.119213888889
 20
503.73844444444387
 10
971.1178472222223
 20
503.73844444444387
 10
977.1185972222222
 20
503.6989333333327
 10
983.1193472222221
 20
503.65942222222156
 10
989.1179805555556
 20
503.5789888888882
 10
995.1187305555555
 20
503.5394777777771
 10
1001.1194805555555
 20
503.45904444444375
 10
1001.1194805555555
 20
505.05077777777774
  0
SOLID
  5
69D
330
17
100
AcDbEntity
  8
CENTER
 62
250
420
0
100
AcDbTrace
 10
1001.1194805555555
 20
503.45904444444375
 30
0.0
 11
1001.1194805555555
 21
505.05077777777774
 31
0.0
 12
995.1187305555555
 22
504.97034444444444
 32
0.0
 13
995.1187305555555
 23
504.97034444444444
 33
0.0
  0
SOLID
  5
69E
330
17
100
AcDbEntity
  8
CENTER
 62
250
420
0
100
AcDbTrace
 10
1001.1194805555555
 20
503.45904444444375
 30
0.0
 11
995.1187305555555
 21
504.97034444444444
 31
0.0
 12
989.1179805555556
 22
504.9308333333333
 32
0.0
 13
989.1179805555556
 23
504.9308333333333
 33
0.0
  0
SOLID
  5
69F
330
17
100
AcDbEntity
  8
CENTER
 62
250
420
0
100
AcDbTrace
 10
1001.1194805555555
 20
503.45904444444375
 30
0.0
 11
989.1179805555556
 21
504.9308333333333
 31
0.0
 12
983.1193472222221
 22
504.8489888888888
 32
0.0
 13
983.1193472222221
 23
504.8489888888888
 33
0.0
  0
SOLID
  5
6A0
330
17
100
AcDbEntity
  8
CENTER
 62
250
420
0
100
AcDbTrace
 10
1001.1194805555555
 20
503.45904444444375
 30
0.0
 11
983.1193472222221
 21
504.8489888888888
 31
0.0
 12
977.1185972222222
 22
504.8094777777777
 32
0.0
 13
977.1185972222222
 23
504.8094777777777
 33
0.0
  0
SOLID
  5
6A1
330
17
100
AcDbEntity
  8
CENTER
 62
250
420
0
100
AcDbTrace
 10
1001.1194805555555
 20
503.45904444444375
 30
0.0
 11
977.1185972222222
 21
504.8094777777777
 31
0.0
 12
971.1178472222223
 22
504.76996666666656
 32
0.0
 13
971.1178472222223
 23
504.76996666666656
 33
0.0
  0
SOLID
  5
6A2
330
17
100
AcDbEntity
  8
CENTER
 62
250
420
0
100
AcDbTrace
 10
1001.1194805555555
 20
503.45904444444375
 30
0.0
 11
971.1178472222223
 21
504.76996666666656
 31
0.0
 12
965.119213888889
 22
504.7304555555554
 32
0.0
 13
965.119213888889
 23
504.7304555555554
 33
0.0
  0
SOLID
  5
6A3
330
17
100
AcDbEntity
  8
CENTER
 62
250
420
0
100
AcDbTrace
 10
1001.1194805555555
 20
503.45904444444375
 30
0.0
 11
965.119213888889
 21
504.7304555555554
 31
0.0
 12
959.118463888889
 22
504.7304555555554
 32
0.0
 13
959.118463888889
 23
504.7304555555554
 33
0.0
  0
SOLID
  5
6A4
330
17
100
AcDbEntity
  8
CENTER
 62
250
420
0
100
AcDbTrace
 10
1001.1194805555555
 20
503.45904444444375
 30
0.0
 11
959.118463888889
 21
504.7304555555554
 31
0.0
 12
953.117713888889
 22
504.69094444444426
 32
0.0
 13
953.117713888889
 23
504.69094444444426
 33
0.0
  0
SOLID
  5
6A5
330
17
100
AcDbEntity
  8
CENTER
 62
250
420
0
100
AcDbTrace
 10
1001.1194805555555
 20
503.45904444444375
 30
0.0
 11
953.117713888889
 21
504.69094444444426
 31
0.0
 12
947.1190805555557
 22
504.69094444444426
 32
0.0
 13
947.1190805555557
 23
504.69094444444426
 33
0.0
  0
SOLID
  5
6A6
330
17
100
AcDbEntity
  8
CENTER
 62
250
420
0
100
AcDbTrace
 10
1001.1194805555555
 20
503.45904444444375
 30
0.0
 11
947.1190805555557
 21
504.69094444444426
 31
0.0
 12
941.1183305555559
 22
504.65143333333316
 32
0.0
 13
941.1183305555559
 23
504.65143333333316
 33
0.0
  0
SOLID
  5
6A7
330
17
100
AcDbEntity
  8
CENTER
 62
250
420
0
100
AcDbTrace
 10
1001.1194805555555
 20
503.45904444444375
 30
0.0
 11
941.1183305555559
 21
504.65143333333316
 31
0.0
 12
935.1175805555557
 22
504.65143333333316
 32
0.0
 13
935.1175805555557
 23
504.65143333333316
 33
0.0
  0
SOLID
  5
6A8
330
17
100
AcDbEntity
  8
CENTER
 62
250
420
0
100
AcDbTrace
 10
1001.1194805555555
 20
503.45904444444375
 30
0.0
 11
935.1175805555557
 21
504.65143333333316
 31
0.0
 12
929.1189472222225
 22
504.611922222222
 32
0.0
 13
929.1189472222225
 23
504.611922222222
 33
0.0
  0
SOLID
  5
6A9
330
17
100
AcDbEntity
  8
CENTER
 62
250
420
0
100
AcDbTrace
 10
1001.1194805555555
 20
503.45904444444375
 30
0.0
 11
929.1189472222225
 21
504.611922222222
 31
0.0
 12
923.1181972222225
 22
504.611922222222
 32
0.0
 13
923.1181972222225
 23
504.611922222222
 33
0.0
  0
SOLID
  5
6AA
330
17
100
AcDbEntity
  8
CENTER
 62
250
420
0
100
AcDbTrace
 10
911.1188138888893
 20
504.57241111111085
 30
0.0
 11
905.1180638888892
 21
504.57241111111085
 31
0.0
 12
899.1173138888893
 22
504.5328999999997
 32
0.0
 13
899.1173138888893
 23
504.5328999999997
 33
0.0
  0
SOLID
  5
6AB
330
17
100
AcDbEntity
  8
CENTER
 62
250
420
0
100
AcDbTrace
 10
917.1174472222226
 20
504.57241111111085
 30
0.0
 11
911.1188138888893
 21
504.57241111111085
 31
0.0
 12
899.1173138888893
 22
504.5328999999997
 32
0.0
 13
899.1173138888893
 23
504.5328999999997
 33
0.0
  0
SOLID
  5
6AC
330
17
100
AcDbEntity
  8
CENTER
 62
250
420
0
100
AcDbTrace
 10
887.1179305555561
 20
504.5328999999997
 30
0.0
 11
881.117180555556
 21
504.5328999999997
 31
0.0
 12
875.1185472222227
 22
504.4933888888886
 32
0.0
 13
875.1185472222227
 23
504.4933888888886
 33
0.0
  0
SOLID
  5
6AD
330
17
100
AcDbEntity
  8
CENTER
 62
250
420
0
100
AcDbTrace
 10
893.118680555556
 20
504.5328999999997
 30
0.0
 11
887.1179305555561
 21
504.5328999999997
 31
0.0
 12
875.1185472222227
 22
504.4933888888886
 32
0.0
 13
875.1185472222227
 23
504.4933888888886
 33
0.0
  0
SOLID
  5
6AE
330
17
100
AcDbEntity
  8
CENTER
 62
250
420
0
100
AcDbTrace
 10
899.1173138888893
 20
504.5328999999997
 30
0.0
 11
893.118680555556
 21
504.5328999999997
 31
0.0
 12
875.1185472222227
 22
504.4933888888886
 32
0.0
 13
875.1185472222227
 23
504.4933888888886
 33
0.0
  0
SOLID
  5
6AF
330
17
100
AcDbEntity
  8
CENTER
 62
250
420
0
100
AcDbTrace
 10
851.1176638888895
 20
504.4933888888886
 30
0.0
 11
845.1169138888896
 21
504.4933888888886
 31
0.0
 12
839.1182805555561
 22
504.45387777777745
 32
0.0
 13
839.1182805555561
 23
504.45387777777745
 33
0.0
  0
SOLID
  5
6B0
330
17
100
AcDbEntity
  8
CENTER
 62
250
420
0
100
AcDbTrace
 10
857.1184138888894
 20
504.4933888888886
 30
0.0
 11
851.1176638888895
 21
504.4933888888886
 31
0.0
 12
839.1182805555561
 22
504.45387777777745
 32
0.0
 13
839.1182805555561
 23
504.45387777777745
 33
0.0
  0
SOLID
  5
6B1
330
17
100
AcDbEntity
  8
CENTER
 62
250
420
0
100
AcDbTrace
 10
863.1170472222229
 20
504.4933888888886
 30
0.0
 11
857.1184138888894
 21
504.4933888888886
 31
0.0
 12
839.1182805555561
 22
504.45387777777745
 32
0.0
 13
839.1182805555561
 23
504.45387777777745
 33
0.0
  0
SOLID
  5
6B2
330
17
100
AcDbEntity
  8
CENTER
 62
250
420
0
100
AcDbTrace
 10
869.1177972222229
 20
504.4933888888886
 30
0.0
 11
863.1170472222229
 21
504.4933888888886
 31
0.0
 12
839.1182805555561
 22
504.45387777777745
 32
0.0
 13
839.1182805555561
 23
504.45387777777745
 33
0.0
  0
SOLID
  5
6B3
330
17
100
AcDbEntity
  8
CENTER
 62
250
420
0
100
AcDbTrace
 10
875.1185472222227
 20
504.4933888888886
 30
0.0
 11
869.1177972222229
 21
504.4933888888886
 31
0.0
 12
839.1182805555561
 22
504.45387777777745
 32
0.0
 13
839.1182805555561
 23
504.45387777777745
 33
0.0
  0
SOLID
  5
6B4
330
17
100
AcDbEntity
  8
CENTER
 62
250
420
0
100
AcDbTrace
 10
827.1167805555563
 20
504.45387777777745
 30
0.0
 11
821.118147222223
 21
504.45387777777745
 31
0.0
 12
821.118147222223
 22
504.054533333333
 32
0.0
 13
821.118147222223
 23
504.054533333333
 33
0.0
  0
SOLID
  5
6B5
330
17
100
AcDbEntity
  8
CENTER
 62
250
420
0
100
AcDbTrace
 10
833.1175305555562
 20
504.45387777777745
 30
0.0
 11
827.1167805555563
 21
504.45387777777745
 31
0.0
 12
821.118147222223
 22
504.054533333333
 32
0.0
 13
821.118147222223
 23
504.054533333333
 33
0.0
  0
SOLID
  5
6B6
330
17
100
AcDbEntity
  8
CENTER
 62
250
420
0
100
AcDbTrace
 10
839.1182805555561
 20
504.45387777777745
 30
0.0
 11
833.1175305555562
 21
504.45387777777745
 31
0.0
 12
821.118147222223
 22
504.054533333333
 32
0.0
 13
821.118147222223
 23
504.054533333333
 33
0.0
  0
SOLID
  5
6B7
330
17
100
AcDbEntity
  8
CENTER
 62
250
420
0
100
AcDbTrace
 10
875.1185472222227
 20
504.4933888888886
 30
0.0
 11
839.1182805555561
 21
504.45387777777745
 31
0.0
 12
821.118147222223
 22
504.054533333333
 32
0.0
 13
821.118147222223
 23
504.054533333333
 33
0.0
  0
SOLID
  5
6B8
330
17
100
AcDbEntity
  8
CENTER
 62
250
420
0
100
AcDbTrace
 10
899.1173138888893
 20
504.5328999999997
 30
0.0
 11
875.1185472222227
 21
504.4933888888886
 31
0.0
 12
821.118147222223
 22
504.054533333333
 32
0.0
 13
821.118147222223
 23
504.054533333333
 33
0.0
  0
SOLID
  5
6B9
330
17
100
AcDbEntity
  8
CENTER
 62
250
420
0
100
AcDbTrace
 10
917.1174472222226
 20
504.57241111111085
 30
0.0
 11
899.1173138888893
 21
504.5328999999997
 31
0.0
 12
821.118147222223
 22
504.054533333333
 32
0.0
 13
821.118147222223
 23
504.054533333333
 33
0.0
  0
SOLID
  5
6BA
330
17
100
AcDbEntity
  8
CENTER
 62
250
420
0
100
AcDbTrace
 10
917.1174472222226
 20
504.57241111111085
 30
0.0
 11
821.118147222223
 21
504.054533333333
 31
0.0
 12
827.1167805555563
 22
504.054533333333
 32
0.0
 13
827.1167805555563
 23
504.054533333333
 33
0.0
  0
SOLID
  5
6BB
330
17
100
AcDbEntity
  8
CENTER
 62
250
420
0
100
AcDbTrace
 10
917.1174472222226
 20
504.57241111111085
 30
0.0
 11
827.1167805555563
 21
504.054533333333
 31
0.0
 12
833.1175305555562
 22
504.054533333333
 32
0.0
 13
833.1175305555562
 23
504.054533333333
 33
0.0
  0
SOLID
  5
6BC
330
17
100
AcDbEntity
  8
CENTER
 62
250
420
0
100
AcDbTrace
 10
917.1174472222226
 20
504.57241111111085
 30
0.0
 11
833.1175305555562
 21
504.054533333333
 31
0.0
 12
839.1182805555561
 22
504.054533333333
 32
0.0
 13
839.1182805555561
 23
504.054533333333
 33
0.0
  0
SOLID
  5
6BD
330
17
100
AcDbEntity
  8
CENTER
 62
250
420
0
100
AcDbTrace
 10
923.1181972222225
 20
504.611922222222
 30
0.0
 11
917.1174472222226
 21
504.57241111111085
 31
0.0
 12
839.1182805555561
 22
504.054533333333
 32
0.0
 13
839.1182805555561
 23
504.054533333333
 33
0.0
  0
SOLID
  5
6BE
330
17
100
AcDbEntity
  8
CENTER
 62
250
420
0
100
AcDbTrace
 10
923.1181972222225
 20
504.611922222222
 30
0.0
 11
839.1182805555561
 21
504.054533333333
 31
0.0
 12
845.1169138888896
 22
504.01502222222183
 32
0.0
 13
845.1169138888896
 23
504.01502222222183
 33
0.0
  0
SOLID
  5
6BF
330
17
100
AcDbEntity
  8
CENTER
 62
250
420
0
100
AcDbTrace
 10
923.1181972222225
 20
504.611922222222
 30
0.0
 11
845.1169138888896
 21
504.01502222222183
 31
0.0
 12
851.1176638888895
 22
504.01502222222183
 32
0.0
 13
851.1176638888895
 23
504.01502222222183
 33
0.0
  0
SOLID
  5
6C0
330
17
100
AcDbEntity
  8
CENTER
 62
250
420
0
100
AcDbTrace
 10
923.1181972222225
 20
504.611922222222
 30
0.0
 11
851.1176638888895
 21
504.01502222222183
 31
0.0
 12
857.1184138888894
 22
504.01502222222183
 32
0.0
 13
857.1184138888894
 23
504.01502222222183
 33
0.0
  0
SOLID
  5
6C1
330
17
100
AcDbEntity
  8
CENTER
 62
250
420
0
100
AcDbTrace
 10
923.1181972222225
 20
504.611922222222
 30
0.0
 11
857.1184138888894
 21
504.01502222222183
 31
0.0
 12
863.1170472222229
 22
504.01502222222183
 32
0.0
 13
863.1170472222229
 23
504.01502222222183
 33
0.0
  0
SOLID
  5
6C2
330
17
100
AcDbEntity
  8
CENTER
 62
250
420
0
100
AcDbTrace
 10
923.1181972222225
 20
504.611922222222
 30
0.0
 11
863.1170472222229
 21
504.01502222222183
 31
0.0
 12
869.1177972222229
 22
504.01502222222183
 32
0.0
 13
869.1177972222229
 23
504.01502222222183
 33
0.0
  0
SOLID
  5
6C3
330
17
100
AcDbEntity
  8
CENTER
 62
250
420
0
100
AcDbTrace
 10
923.1181972222225
 20
504.611922222222
 30
0.0
 11
869.1177972222229
 21
504.01502222222183
 31
0.0
 12
875.1185472222227
 22
504.01502222222183
 32
0.0
 13
875.1185472222227
 23
504.01502222222183
 33
0.0
  0
SOLID
  5
6C4
330
17
100
AcDbEntity
  8
CENTER
 62
250
420
0
100
AcDbTrace
 10
923.1181972222225
 20
504.611922222222
 30
0.0
 11
875.1185472222227
 21
504.01502222222183
 31
0.0
 12
881.117180555556
 22
503.9755111111107
 32
0.0
 13
881.117180555556
 23
503.9755111111107
 33
0.0
  0
SOLID
  5
6C5
330
17
100
AcDbEntity
  8
CENTER
 62
250
420
0
100
AcDbTrace
 10
923.1181972222225
 20
504.611922222222
 30
0.0
 11
881.117180555556
 21
503.9755111111107
 31
0.0
 12
887.1179305555561
 22
503.9755111111107
 32
0.0
 13
887.1179305555561
 23
503.9755111111107
 33
0.0
  0
SOLID
  5
6C6
330
17
100
AcDbEntity
  8
CENTER
 62
250
420
0
100
AcDbTrace
 10
923.1181972222225
 20
504.611922222222
 30
0.0
 11
887.1179305555561
 21
503.9755111111107
 31
0.0
 12
893.118680555556
 22
503.9755111111107
 32
0.0
 13
893.118680555556
 23
503.9755111111107
 33
0.0
  0
SOLID
  5
6C7
330
17
100
AcDbEntity
  8
CENTER
 62
250
420
0
100
AcDbTrace
 10
923.1181972222225
 20
504.611922222222
 30
0.0
 11
893.118680555556
 21
503.9755111111107
 31
0.0
 12
899.1173138888893
 22
503.9755111111107
 32
0.0
 13
899.1173138888893
 23
503.9755111111107
 33
0.0
  0
SOLID
  5
6C8
330
17
100
AcDbEntity
  8
CENTER
 62
250
420
0
100
AcDbTrace
 10
923.1181972222225
 20
504.611922222222
 30
0.0
 11
899.1173138888893
 21
503.9755111111107
 31
0.0
 12
905.1180638888892
 22
503.9359999999996
 32
0.0
 13
905.1180638888892
 23
503.9359999999996
 33
0.0
  0
SOLID
  5
6C9
330
17
100
AcDbEntity
  8
CENTER
 62
250
420
0
100
AcDbTrace
 10
923.1181972222225
 20
504.611922222222
 30
0.0
 11
905.1180638888892
 21
503.9359999999996
 31
0.0
 12
911.1188138888893
 22
503.9359999999996
 32
0.0
 13
911.1188138888893
 23
503.9359999999996
 33
0.0
  0
SOLID
  5
6CA
330
17
100
AcDbEntity
  8
CENTER
 62
250
420
0
100
AcDbTrace
 10
923.1181972222225
 20
504.611922222222
 30
0.0
 11
911.1188138888893
 21
503.9359999999996
 31
0.0
 12
917.1174472222226
 22
503.9359999999996
 32
0.0
 13
917.1174472222226
 23
503.9359999999996
 33
0.0
  0
SOLID
  5
6CB
330
17
100
AcDbEntity
  8
CENTER
 62
250
420
0
100
AcDbTrace
 10
923.1181972222225
 20
504.611922222222
 30
0.0
 11
917.1174472222226
 21
503.9359999999996
 31
0.0
 12
923.1181972222225
 22
503.8964888888884
 32
0.0
 13
923.1181972222225
 23
503.8964888888884
 33
0.0
  0
SOLID
  5
6CC
330
17
100
AcDbEntity
  8
CENTER
 62
250
420
0
100
AcDbTrace
 10
923.1181972222225
 20
504.611922222222
 30
0.0
 11
923.1181972222225
 21
503.8964888888884
 31
0.0
 12
929.1189472222225
 22
503.8964888888884
 32
0.0
 13
929.1189472222225
 23
503.8964888888884
 33
0.0
  0
SOLID
  5
6CD
330
17
100
AcDbEntity
  8
CENTER
 62
250
420
0
100
AcDbTrace
 10
923.1181972222225
 20
504.611922222222
 30
0.0
 11
929.1189472222225
 21
503.8964888888884
 31
0.0
 12
935.1175805555557
 22
503.8569777777773
 32
0.0
 13
935.1175805555557
 23
503.8569777777773
 33
0.0
  0
SOLID
  5
6CE
330
17
100
AcDbEntity
  8
CENTER
 62
250
420
0
100
AcDbTrace
 10
923.1181972222225
 20
504.611922222222
 30
0.0
 11
935.1175805555557
 21
503.8569777777773
 31
0.0
 12
941.1183305555559
 22
503.8569777777773
 32
0.0
 13
941.1183305555559
 23
503.8569777777773
 33
0.0
  0
SOLID
  5
6CF
330
17
100
AcDbEntity
  8
CENTER
 62
250
420
0
100
AcDbTrace
 10
923.1181972222225
 20
504.611922222222
 30
0.0
 11
941.1183305555559
 21
503.8569777777773
 31
0.0
 12
947.1190805555557
 22
503.8174666666661
 32
0.0
 13
947.1190805555557
 23
503.8174666666661
 33
0.0
  0
SOLID
  5
6D0
330
17
100
AcDbEntity
  8
CENTER
 62
250
420
0
100
AcDbTrace
 10
923.1181972222225
 20
504.611922222222
 30
0.0
 11
947.1190805555557
 21
503.8174666666661
 31
0.0
 12
953.117713888889
 22
503.8174666666661
 32
0.0
 13
953.117713888889
 23
503.8174666666661
 33
0.0
  0
SOLID
  5
6D1
330
17
100
AcDbEntity
  8
CENTER
 62
250
420
0
100
AcDbTrace
 10
923.1181972222225
 20
504.611922222222
 30
0.0
 11
953.117713888889
 21
503.8174666666661
 31
0.0
 12
959.118463888889
 22
503.777955555555
 32
0.0
 13
959.118463888889
 23
503.777955555555
 33
0.0
  0
SOLID
  5
6D2
330
17
100
AcDbEntity
  8
CENTER
 62
250
420
0
100
AcDbTrace
 10
923.1181972222225
 20
504.611922222222
 30
0.0
 11
959.118463888889
 21
503.777955555555
 31
0.0
 12
965.119213888889
 22
503.73844444444387
 32
0.0
 13
965.119213888889
 23
503.73844444444387
 33
0.0
  0
SOLID
  5
6D3
330
17
100
AcDbEntity
  8
CENTER
 62
250
420
0
100
AcDbTrace
 10
923.1181972222225
 20
504.611922222222
 30
0.0
 11
965.119213888889
 21
503.73844444444387
 31
0.0
 12
971.1178472222223
 22
503.73844444444387
 32
0.0
 13
971.1178472222223
 23
503.73844444444387
 33
0.0
  0
SOLID
  5
6D4
330
17
100
AcDbEntity
  8
CENTER
 62
250
420
0
100
AcDbTrace
 10
923.1181972222225
 20
504.611922222222
 30
0.0
 11
971.1178472222223
 21
503.73844444444387
 31
0.0
 12
977.1185972222222
 22
503.6989333333327
 32
0.0
 13
977.1185972222222
 23
503.6989333333327
 33
0.0
  0
SOLID
  5
6D5
330
17
100
AcDbEntity
  8
CENTER
 62
250
420
0
100
AcDbTrace
 10
923.1181972222225
 20
504.611922222222
 30
0.0
 11
977.1185972222222
 21
503.6989333333327
 31
0.0
 12
983.1193472222221
 22
503.65942222222156
 32
0.0
 13
983.1193472222221
 23
503.65942222222156
 33
0.0
  0
SOLID
  5
6D6
330
17
100
AcDbEntity
  8
CENTER
 62
250
420
0
100
AcDbTrace
 10
923.1181972222225
 20
504.611922222222
 30
0.0
 11
983.1193472222221
 21
503.65942222222156
 31
0.0
 12
989.1179805555556
 22
503.5789888888882
 32
0.0
 13
989.1179805555556
 23
503.5789888888882
 33
0.0
  0
SOLID
  5
6D7
330
17
100
AcDbEntity
  8
CENTER
 62
250
420
0
100
AcDbTrace
 10
923.1181972222225
 20
504.611922222222
 30
0.0
 11
989.1179805555556
 21
503.5789888888882
 31
0.0
 12
995.1187305555555
 22
503.5394777777771
 32
0.0
 13
995.1187305555555
 23
503.5394777777771
 33
0.0
  0
SOLID
  5
6D8
330
17
100
AcDbEntity
  8
CENTER
 62
250
420
0
100
AcDbTrace
 10
923.1181972222225
 20
504.611922222222
 30
0.0
 11
995.1187305555555
 21
503.5394777777771
 31
0.0
 12
1001.1194805555555
 22
503.45904444444375
 32
0.0
 13
1001.1194805555555
 23
503.45904444444375
 33
0.0
  0
HATCH
  5
6D9
330
17
100
AcDbEntity
  8
CENTER
 62
7
420
0
100
AcDbHatch
 10
0.0
 20
0.0
 30
0.0
210
0.0
220
0.0
230
1.0
  2
SOLID
 70
1
 71
0
 91
1
 92
3
 72
0
 73
1
 93
63
 10
1001.1194805555555
 20
505.05077777777774
 10
995.1187305555555
 20
504.97034444444444
 10
989.1179805555556
 20
504.9308333333333
 10
983.1193472222221
 20
504.8489888888888
 10
977.1185972222222
 20
504.8094777777777
 10
971.1178472222223
 20
504.76996666666656
 10
965.119213888889
 20
504.7304555555554
 10
959.118463888889
 20
504.7304555555554
 10
953.117713888889
 20
504.69094444444426
 10
947.1190805555557
 20
504.69094444444426
 10
941.1183305555559
 20
504.65143333333316
 10
935.1175805555557
 20
504.65143333333316
 10
929.1189472222225
 20
504.611922222222
 10
923.1181972222225
 20
504.611922222222
 10
917.1174472222226
 20
504.57241111111085
 10
911.1188138888893
 20
504.57241111111085
 10
905.1180638888892
 20
504.57241111111085
 10
899.1173138888893
 20
504.5328999999997
 10
893.118680555556
 20
504.5328999999997
 10
887.1179305555561
 20
504.5328999999997
 10
881.117180555556
 20
504.5328999999997
 10
875.1185472222227
 20
504.4933888888886
 10
869.1177972222229
 20
504.4933888888886
 10
863.1170472222229
 20
504.4933888888886
 10
857.1184138888894
 20
504.4933888888886
 10
851.1176638888895
 20
504.4933888888886
 10
845.1169138888896
 20
504.4933888888886
 10
839.1182805555561
 20
504.45387777777745
 10
833.1175305555562
 20
504.45387777777745
 10
827.1167805555563
 20
504.45387777777745
 10
821.118147222223
 20
504.45387777777745
 10
821.118147222223
 20
504.054533333333
 10
827.1167805555563
 20
504.054533333333
 10
833.1175305555562
 20
504.054533333333
 10
839.1182805555561
 20
504.054533333333
 10
845.1169138888896
 20
504.01502222222183
 10
851.1176638888895
 20
504.01502222222183
 10
857.1184138888894
 20
504.01502222222183
 10
863.1170472222229
 20
504.01502222222183
 10
869.1177972222229
 20
504.01502222222183
 10
875.1185472222227
 20
504.01502222222183
 10
881.117180555556
 20
503.9755111111107
 10
887.1179305555561
 20
503.9755111111107
 10
893.118680555556
 20
503.9755111111107
 10
899.1173138888893
 20
503.9755111111107
 10
905.1180638888892
 20
503.9359999999996
 10
911.1188138888893
 20
503.9359999999996
 10
917.1174472222226
 20
503.9359999999996
 10
923.1181972222225
 20
503.8964888888884
 10
929.1189472222225
 20
503.8964888888884
 10
935.1175805555557
 20
503.8569777777773
 10
941.1183305555559
 20
503.8569777777773
 10
947.1190805555557
 20
503.8174666666661
 10
953.117713888889
 20
503.8174666666661
 10
959.118463888889
 20
503.777955555555
 10
965.119213888889
 20
503.73844444444387
 10
971.1178472222223
 20
503.73844444444387
 10
977.1185972222222
 20
503.6989333333327
 10
983.1193472222221
 20
503.65942222222156
 10
989.1179805555556
 20
503.5789888888882
 10
995.1187305555555
 20
503.5394777777771
 10
1001.1194805555555
 20
503.45904444444375
 10
1001.1194805555555
 20
505.05077777777774
 97
0
 75
1
 76
1
 98
0
  0
LWPOLYLINE
  5
6DA
330
17
100
AcDbEntity
  8
CENTER
 62
250
100
AcDbPolyline
 90
63
 70
1
 10
1001.1194805555555
 20
501.8517888888888
 10
995.1187305555555
 20
502.05216666666655
 10
989.1179805555556
 20
502.25254444444437
 10
983.1193472222221
 20
502.4119999999999
 10
977.1185972222222
 20
502.5319444444443
 10
971.1178472222223
 20
502.6518888888887
 10
965.119213888889
 20
502.7323222222221
 10
959.118463888889
 20
502.8522666666665
 10
953.117713888889
 20
502.93269999999984
 10
947.1190805555557
 20
502.972211111111
 10
941.1183305555559
 20
503.05264444444435
 10
935.1175805555557
 20
503.0921555555555
 10
929.1189472222225
 20
503.17258888888887
 10
923.1181972222225
 20
503.2121
 10
917.1174472222226
 20
503.2516111111111
 10
911.1188138888893
 20
503.29112222222227
 10
905.1180638888892
 20
503.3306333333334
 10
899.1173138888893
 20
503.3701444444446
 10
893.118680555556
 20
503.4110666666668
 10
887.1179305555561
 20
503.4110666666668
 10
881.117180555556
 20
503.4505777777779
 10
875.1185472222227
 20
503.49008888888903
 10
869.1177972222229
 20
503.49008888888903
 10
863.1170472222229
 20
503.5296000000002
 10
857.1184138888894
 20
503.5296000000002
 10
851.1176638888895
 20
503.56911111111134
 10
845.1169138888896
 20
503.56911111111134
 10
839.1182805555561
 20
503.60862222222244
 10
833.1175305555562
 20
503.60862222222244
 10
827.1167805555563
 20
503.6481333333336
 10
821.118147222223
 20
503.6481333333336
 10
821.118147222223
 20
503.24737777777807
 10
827.1167805555563
 20
503.2078666666669
 10
833.1175305555562
 20
503.2078666666669
 10
839.1182805555561
 20
503.16835555555576
 10
845.1169138888896
 20
503.12884444444467
 10
851.1176638888895
 20
503.0893333333335
 10
857.1184138888894
 20
503.0893333333335
 10
863.1170472222229
 20
503.04982222222236
 10
869.1177972222229
 20
503.0103111111112
 10
875.1185472222227
 20
502.9708000000001
 10
881.117180555556
 20
502.93128888888896
 10
887.1179305555561
 20
502.8917777777778
 10
893.118680555556
 20
502.81134444444444
 10
899.1173138888893
 20
502.7718333333333
 10
905.1180638888892
 20
502.7323222222222
 10
911.1188138888893
 20
502.65188888888883
 10
917.1174472222226
 20
502.5714555555555
 10
923.1181972222225
 20
502.5319444444443
 10
929.1189472222225
 20
502.45151111111096
 10
935.1175805555557
 20
502.33156666666656
 10
941.1183305555559
 20
502.2511333333332
 10
947.1190805555557
 20
502.1311888888888
 10
953.117713888889
 20
502.01124444444434
 10
959.118463888889
 20
501.8898888888888
 10
965.119213888889
 20
501.7304333333332
 10
971.1178472222223
 20
501.57097777777767
 10
977.1185972222222
 20
501.4115222222221
 10
983.1193472222221
 20
501.1716333333332
 10
989.1179805555556
 20
500.9317444444443
 10
995.1187305555555
 20
500.61142222222213
 10
1001.1194805555555
 20
500.2501777777777
 10
1001.1194805555555
 20
501.8517888888888
  0
SOLID
  5
6DB
330
17
100
AcDbEntity
  8
CENTER
 62
250
420
0
100
AcDbTrace
 10
1001.1194805555555
 20
500.2501777777777
 30
0.0
 11
1001.1194805555555
 21
501.8517888888888
 31
0.0
 12
995.1187305555555
 22
502.05216666666655
 32
0.0
 13
995.1187305555555
 23
502.05216666666655
 33
0.0
  0
SOLID
  5
6DC
330
17
100
AcDbEntity
  8
CENTER
 62
250
420
0
100
AcDbTrace
 10
1001.1194805555555
 20
500.2501777777777
 30
0.0
 11
995.1187305555555
 21
502.05216666666655
 31
0.0
 12
989.1179805555556
 22
502.25254444444437
 32
0.0
 13
989.1179805555556
 23
502.25254444444437
 33
0.0
  0
SOLID
  5
6DD
330
17
100
AcDbEntity
  8
CENTER
 62
250
420
0
100
AcDbTrace
 10
1001.1194805555555
 20
500.2501777777777
 30
0.0
 11
989.1179805555556
 21
502.25254444444437
 31
0.0
 12
983.1193472222221
 22
502.4119999999999
 32
0.0
 13
983.1193472222221
 23
502.4119999999999
 33
0.0
  0
SOLID
  5
6DE
330
17
100
AcDbEntity
  8
CENTER
 62
250
420
0
100
AcDbTrace
 10
1001.1194805555555
 20
500.2501777777777
 30
0.0
 11
983.1193472222221
 21
502.4119999999999
 31
0.0
 12
977.1185972222222
 22
502.5319444444443
 32
0.0
 13
977.1185972222222
 23
502.5319444444443
 33
0.0
  0
SOLID
  5
6DF
330
17
100
AcDbEntity
  8
CENTER
 62
250
420
0
100
AcDbTrace
 10
1001.1194805555555
 20
500.2501777777777
 30
0.0
 11
977.1185972222222
 21
502.5319444444443
 31
0.0
 12
971.1178472222223
 22
502.6518888888887
 32
0.0
 13
971.1178472222223
 23
502.6518888888887
 33
0.0
  0
SOLID
  5
6E0
330
17
100
AcDbEntity
  8
CENTER
 62
250
420
0
100
AcDbTrace
 10
1001.1194805555555
 20
500.2501777777777
 30
0.0
 11
971.1178472222223
 21
502.6518888888887
 31
0.0
 12
965.119213888889
 22
502.7323222222221
 32
0.0
 13
965.119213888889
 23
502.7323222222221
 33
0.0
  0
SOLID
  5
6E1
330
17
100
AcDbEntity
  8
CENTER
 62
250
420
0
100
AcDbTrace
 10
1001.1194805555555
 20
500.2501777777777
 30
0.0
 11
965.119213888889
 21
502.7323222222221
 31
0.0
 12
959.118463888889
 22
502.8522666666665
 32
0.0
 13
959.118463888889
 23
502.8522666666665
 33
0.0
  0
SOLID
  5
6E2
330
17
100
AcDbEntity
  8
CENTER
 62
250
420
0
100
AcDbTrace
 10
959.118463888889
 20
502.8522666666665
 30
0.0
 11
953.117713888889
 21
502.93269999999984
 31
0.0
 12
947.1190805555557
 22
502.972211111111
 32
0.0
 13
947.1190805555557
 23
502.972211111111
 33
0.0
  0
SOLID
  5
6E3
330
17
100
AcDbEntity
  8
CENTER
 62
250
420
0
100
AcDbTrace
 10
947.1190805555557
 20
502.972211111111
 30
0.0
 11
941.1183305555559
 21
503.05264444444435
 31
0.0
 12
935.1175805555557
 22
503.0921555555555
 32
0.0
 13
935.1175805555557
 23
503.0921555555555
 33
0.0
  0
SOLID
  5
6E4
330
17
100
AcDbEntity
  8
CENTER
 62
250
420
0
100
AcDbTrace
 10
959.118463888889
 20
502.8522666666665
 30
0.0
 11
947.1190805555557
 21
502.972211111111
 31
0.0
 12
935.1175805555557
 22
503.0921555555555
 32
0.0
 13
935.1175805555557
 23
503.0921555555555
 33
0.0
  0
SOLID
  5
6E5
330
17
100
AcDbEntity
  8
CENTER
 62
250
420
0
100
AcDbTrace
 10
935.1175805555557
 20
503.0921555555555
 30
0.0
 11
929.1189472222225
 21
503.17258888888887
 31
0.0
 12
923.1181972222225
 22
503.2121
 32
0.0
 13
923.1181972222225
 23
503.2121
 33
0.0
  0
SOLID
  5
6E6
330
17
100
AcDbEntity
  8
CENTER
 62
250
420
0
100
AcDbTrace
 10
935.1175805555557
 20
503.0921555555555
 30
0.0
 11
923.1181972222225
 21
503.2121
 31
0.0
 12
917.1174472222226
 22
503.2516111111111
 32
0.0
 13
917.1174472222226
 23
503.2516111111111
 33
0.0
  0
SOLID
  5
6E7
330
17
100
AcDbEntity
  8
CENTER
 62
250
420
0
100
AcDbTrace
 10
959.118463888889
 20
502.8522666666665
 30
0.0
 11
935.1175805555557
 21
503.0921555555555
 31
0.0
 12
917.1174472222226
 22
503.2516111111111
 32
0.0
 13
917.1174472222226
 23
503.2516111111111
 33
0.0
  0
SOLID
  5
6E8
330
17
100
AcDbEntity
  8
CENTER
 62
250
420
0
100
AcDbTrace
 10
959.118463888889
 20
502.8522666666665
 30
0.0
 11
917.1174472222226
 21
503.2516111111111
 31
0.0
 12
911.1188138888893
 22
503.29112222222227
 32
0.0
 13
911.1188138888893
 23
503.29112222222227
 33
0.0
  0
SOLID
  5
6E9
330
17
100
AcDbEntity
  8
CENTER
 62
250
420
0
100
AcDbTrace
 10
959.118463888889
 20
502.8522666666665
 30
0.0
 11
911.1188138888893
 21
503.29112222222227
 31
0.0
 12
905.1180638888892
 22
503.3306333333334
 32
0.0
 13
905.1180638888892
 23
503.3306333333334
 33
0.0
  0
SOLID
  5
6EA
330
17
100
AcDbEntity
  8
CENTER
 62
250
420
0
100
AcDbTrace
 10
959.118463888889
 20
502.8522666666665
 30
0.0
 11
905.1180638888892
 21
503.3306333333334
 31
0.0
 12
899.1173138888893
 22
503.3701444444446
 32
0.0
 13
899.1173138888893
 23
503.3701444444446
 33
0.0
  0
SOLID
  5
6EB
330
17
100
AcDbEntity
  8
CENTER
 62
250
420
0
100
AcDbTrace
 10
959.118463888889
 20
502.8522666666665
 30
0.0
 11
899.1173138888893
 21
503.3701444444446
 31
0.0
 12
893.118680555556
 22
503.4110666666668
 32
0.0
 13
893.118680555556
 23
503.4110666666668
 33
0.0
  0
SOLID
  5
6EC
330
17
100
AcDbEntity
  8
CENTER
 62
250
420
0
100
AcDbTrace
 10
959.118463888889
 20
502.8522666666665
 30
0.0
 11
893.118680555556
 21
503.4110666666668
 31
0.0
 12
887.1179305555561
 22
503.4110666666668
 32
0.0
 13
887.1179305555561
 23
503.4110666666668
 33
0.0
  0
SOLID
  5
6ED
330
17
100
AcDbEntity
  8
CENTER
 62
250
420
0
100
AcDbTrace
 10
959.118463888889
 20
502.8522666666665
 30
0.0
 11
887.1179305555561
 21
503.4110666666668
 31
0.0
 12
881.117180555556
 22
503.4505777777779
 32
0.0
 13
881.117180555556
 23
503.4505777777779
 33
0.0
  0
SOLID
  5
6EE
330
17
100
AcDbEntity
  8
CENTER
 62
250
420
0
100
AcDbTrace
 10
959.118463888889
 20
502.8522666666665
 30
0.0
 11
881.117180555556
 21
503.4505777777779
 31
0.0
 12
875.1185472222227
 22
503.49008888888903
 32
0.0
 13
875.1185472222227
 23
503.49008888888903
 33
0.0
  0
SOLID
  5
6EF
330
17
100
AcDbEntity
  8
CENTER
 62
250
420
0
100
AcDbTrace
 10
959.118463888889
 20
502.8522666666665
 30
0.0
 11
875.1185472222227
 21
503.49008888888903
 31
0.0
 12
869.1177972222229
 22
503.49008888888903
 32
0.0
 13
869.1177972222229
 23
503.49008888888903
 33
0.0
  0
SOLID
  5
6F0
330
17
100
AcDbEntity
  8
CENTER
 62
250
420
0
100
AcDbTrace
 10
959.118463888889
 20
502.8522666666665
 30
0.0
 11
869.1177972222229
 21
503.49008888888903
 31
0.0
 12
863.1170472222229
 22
503.5296000000002
 32
0.0
 13
863.1170472222229
 23
503.5296000000002
 33
0.0
  0
SOLID
  5
6F1
330
17
100
AcDbEntity
  8
CENTER
 62
250
420
0
100
AcDbTrace
 10
959.118463888889
 20
502.8522666666665
 30
0.0
 11
863.1170472222229
 21
503.5296000000002
 31
0.0
 12
857.1184138888894
 22
503.5296000000002
 32
0.0
 13
857.1184138888894
 23
503.5296000000002
 33
0.0
  0
SOLID
  5
6F2
330
17
100
AcDbEntity
  8
CENTER
 62
250
420
0
100
AcDbTrace
 10
959.118463888889
 20
502.8522666666665
 30
0.0
 11
857.1184138888894
 21
503.5296000000002
 31
0.0
 12
851.1176638888895
 22
503.56911111111134
 32
0.0
 13
851.1176638888895
 23
503.56911111111134
 33
0.0
  0
SOLID
  5
6F3
330
17
100
AcDbEntity
  8
CENTER
 62
250
420
0
100
AcDbTrace
 10
959.118463888889
 20
502.8522666666665
 30
0.0
 11
851.1176638888895
 21
503.56911111111134
 31
0.0
 12
845.1169138888896
 22
503.56911111111134
 32
0.0
 13
845.1169138888896
 23
503.56911111111134
 33
0.0
  0
SOLID
  5
6F4
330
17
100
AcDbEntity
  8
CENTER
 62
250
420
0
100
AcDbTrace
 10
845.1169138888896
 20
503.56911111111134
 30
0.0
 11
839.1182805555561
 21
503.60862222222244
 31
0.0
 12
833.1175305555562
 22
503.60862222222244
 32
0.0
 13
833.1175305555562
 23
503.60862222222244
 33
0.0
  0
SOLID
  5
6F5
330
17
100
AcDbEntity
  8
CENTER
 62
250
420
0
100
AcDbTrace
 10
959.118463888889
 20
502.8522666666665
 30
0.0
 11
845.1169138888896
 21
503.56911111111134
 31
0.0
 12
833.1175305555562
 22
503.60862222222244
 32
0.0
 13
833.1175305555562
 23
503.60862222222244
 33
0.0
  0
SOLID
  5
6F6
330
17
100
AcDbEntity
  8
CENTER
 62
250
420
0
100
AcDbTrace
 10
833.1175305555562
 20
503.60862222222244
 30
0.0
 11
827.1167805555563
 21
503.6481333333336
 31
0.0
 12
821.118147222223
 22
503.6481333333336
 32
0.0
 13
821.118147222223
 23
503.6481333333336
 33
0.0
  0
SOLID
  5
6F7
330
17
100
AcDbEntity
  8
CENTER
 62
250
420
0
100
AcDbTrace
 10
959.118463888889
 20
502.8522666666665
 30
0.0
 11
833.1175305555562
 21
503.60862222222244
 31
0.0
 12
821.118147222223
 22
503.6481333333336
 32
0.0
 13
821.118147222223
 23
503.6481333333336
 33
0.0
  0
SOLID
  5
6F8
330
17
100
AcDbEntity
  8
CENTER
 62
250
420
0
100
AcDbTrace
 10
959.118463888889
 20
502.8522666666665
 30
0.0
 11
821.118147222223
 21
503.6481333333336
 31
0.0
 12
821.118147222223
 22
503.24737777777807
 32
0.0
 13
821.118147222223
 23
503.24737777777807
 33
0.0
  0
SOLID
  5
6F9
330
17
100
AcDbEntity
  8
CENTER
 62
250
420
0
100
AcDbTrace
 10
821.118147222223
 20
503.24737777777807
 30
0.0
 11
827.1167805555563
 21
503.2078666666669
 31
0.0
 12
833.1175305555562
 22
503.2078666666669
 32
0.0
 13
833.1175305555562
 23
503.2078666666669
 33
0.0
  0
SOLID
  5
6FA
330
17
100
AcDbEntity
  8
CENTER
 62
250
420
0
100
AcDbTrace
 10
959.118463888889
 20
502.8522666666665
 30
0.0
 11
821.118147222223
 21
503.24737777777807
 31
0.0
 12
833.1175305555562
 22
503.2078666666669
 32
0.0
 13
833.1175305555562
 23
503.2078666666669
 33
0.0
  0
SOLID
  5
6FB
330
17
100
AcDbEntity
  8
CENTER
 62
250
420
0
100
AcDbTrace
 10
959.118463888889
 20
502.8522666666665
 30
0.0
 11
833.1175305555562
 21
503.2078666666669
 31
0.0
 12
839.1182805555561
 22
503.16835555555576
 32
0.0
 13
839.1182805555561
 23
503.16835555555576
 33
0.0
  0
SOLID
  5
6FC
330
17
100
AcDbEntity
  8
CENTER
 62
250
420
0
100
AcDbTrace
 10
959.118463888889
 20
502.8522666666665
 30
0.0
 11
839.1182805555561
 21
503.16835555555576
 31
0.0
 12
845.1169138888896
 22
503.12884444444467
 32
0.0
 13
845.1169138888896
 23
503.12884444444467
 33
0.0
  0
SOLID
  5
6FD
330
17
100
AcDbEntity
  8
CENTER
 62
250
420
0
100
AcDbTrace
 10
845.1169138888896
 20
503.12884444444467
 30
0.0
 11
851.1176638888895
 21
503.0893333333335
 31
0.0
 12
857.1184138888894
 22
503.0893333333335
 32
0.0
 13
857.1184138888894
 23
503.0893333333335
 33
0.0
  0
SOLID
  5
6FE
330
17
100
AcDbEntity
  8
CENTER
 62
250
420
0
100
AcDbTrace
 10
959.118463888889
 20
502.8522666666665
 30
0.0
 11
845.1169138888896
 21
503.12884444444467
 31
0.0
 12
857.1184138888894
 22
503.0893333333335
 32
0.0
 13
857.1184138888894
 23
503.0893333333335
 33
0.0
  0
SOLID
  5
6FF
330
17
100
AcDbEntity
  8
CENTER
 62
250
420
0
100
AcDbTrace
 10
959.118463888889
 20
502.8522666666665
 30
0.0
 11
857.1184138888894
 21
503.0893333333335
 31
0.0
 12
863.1170472222229
 22
503.04982222222236
 32
0.0
 13
863.1170472222229
 23
503.04982222222236
 33
0.0
  0
SOLID
  5
700
330
17
100
AcDbEntity
  8
CENTER
 62
250
420
0
100
AcDbTrace
 10
959.118463888889
 20
502.8522666666665
 30
0.0
 11
863.1170472222229
 21
503.04982222222236
 31
0.0
 12
869.1177972222229
 22
503.0103111111112
 32
0.0
 13
869.1177972222229
 23
503.0103111111112
 33
0.0
  0
SOLID
  5
701
330
17
100
AcDbEntity
  8
CENTER
 62
250
420
0
100
AcDbTrace
 10
959.118463888889
 20
502.8522666666665
 30
0.0
 11
869.1177972222229
 21
503.0103111111112
 31
0.0
 12
875.1185472222227
 22
502.9708000000001
 32
0.0
 13
875.1185472222227
 23
502.9708000000001
 33
0.0
  0
SOLID
  5
702
330
17
100
AcDbEntity
  8
CENTER
 62
250
420
0
100
AcDbTrace
 10
959.118463888889
 20
502.8522666666665
 30
0.0
 11
875.1185472222227
 21
502.9708000000001
 31
0.0
 12
881.117180555556
 22
502.93128888888896
 32
0.0
 13
881.117180555556
 23
502.93128888888896
 33
0.0
  0
SOLID
  5
703
330
17
100
AcDbEntity
  8
CENTER
 62
250
420
0
100
AcDbTrace
 10
959.118463888889
 20
502.8522666666665
 30
0.0
 11
881.117180555556
 21
502.93128888888896
 31
0.0
 12
887.1179305555561
 22
502.8917777777778
 32
0.0
 13
887.1179305555561
 23
502.8917777777778
 33
0.0
  0
SOLID
  5
704
330
17
100
AcDbEntity
  8
CENTER
 62
250
420
0
100
AcDbTrace
 10
959.118463888889
 20
502.8522666666665
 30
0.0
 11
887.1179305555561
 21
502.8917777777778
 31
0.0
 12
893.118680555556
 22
502.81134444444444
 32
0.0
 13
893.118680555556
 23
502.81134444444444
 33
0.0
  0
SOLID
  5
705
330
17
100
AcDbEntity
  8
CENTER
 62
250
420
0
100
AcDbTrace
 10
959.118463888889
 20
502.8522666666665
 30
0.0
 11
893.118680555556
 21
502.81134444444444
 31
0.0
 12
899.1173138888893
 22
502.7718333333333
 32
0.0
 13
899.1173138888893
 23
502.7718333333333
 33
0.0
  0
SOLID
  5
706
330
17
100
AcDbEntity
  8
CENTER
 62
250
420
0
100
AcDbTrace
 10
959.118463888889
 20
502.8522666666665
 30
0.0
 11
899.1173138888893
 21
502.7718333333333
 31
0.0
 12
905.1180638888892
 22
502.7323222222222
 32
0.0
 13
905.1180638888892
 23
502.7323222222222
 33
0.0
  0
SOLID
  5
707
330
17
100
AcDbEntity
  8
CENTER
 62
250
420
0
100
AcDbTrace
 10
959.118463888889
 20
502.8522666666665
 30
0.0
 11
905.1180638888892
 21
502.7323222222222
 31
0.0
 12
911.1188138888893
 22
502.65188888888883
 32
0.0
 13
911.1188138888893
 23
502.65188888888883
 33
0.0
  0
SOLID
  5
708
330
17
100
AcDbEntity
  8
CENTER
 62
250
420
0
100
AcDbTrace
 10
959.118463888889
 20
502.8522666666665
 30
0.0
 11
911.1188138888893
 21
502.65188888888883
 31
0.0
 12
917.1174472222226
 22
502.5714555555555
 32
0.0
 13
917.1174472222226
 23
502.5714555555555
 33
0.0
  0
SOLID
  5
709
330
17
100
AcDbEntity
  8
CENTER
 62
250
420
0
100
AcDbTrace
 10
959.118463888889
 20
502.8522666666665
 30
0.0
 11
917.1174472222226
 21
502.5714555555555
 31
0.0
 12
923.1181972222225
 22
502.5319444444443
 32
0.0
 13
923.1181972222225
 23
502.5319444444443
 33
0.0
  0
SOLID
  5
70A
330
17
100
AcDbEntity
  8
CENTER
 62
250
420
0
100
AcDbTrace
 10
959.118463888889
 20
502.8522666666665
 30
0.0
 11
923.1181972222225
 21
502.5319444444443
 31
0.0
 12
929.1189472222225
 22
502.45151111111096
 32
0.0
 13
929.1189472222225
 23
502.45151111111096
 33
0.0
  0
SOLID
  5
70B
330
17
100
AcDbEntity
  8
CENTER
 62
250
420
0
100
AcDbTrace
 10
959.118463888889
 20
502.8522666666665
 30
0.0
 11
929.1189472222225
 21
502.45151111111096
 31
0.0
 12
935.1175805555557
 22
502.33156666666656
 32
0.0
 13
935.1175805555557
 23
502.33156666666656
 33
0.0
  0
SOLID
  5
70C
330
17
100
AcDbEntity
  8
CENTER
 62
250
420
0
100
AcDbTrace
 10
959.118463888889
 20
502.8522666666665
 30
0.0
 11
935.1175805555557
 21
502.33156666666656
 31
0.0
 12
941.1183305555559
 22
502.2511333333332
 32
0.0
 13
941.1183305555559
 23
502.2511333333332
 33
0.0
  0
SOLID
  5
70D
330
17
100
AcDbEntity
  8
CENTER
 62
250
420
0
100
AcDbTrace
 10
959.118463888889
 20
502.8522666666665
 30
0.0
 11
941.1183305555559
 21
502.2511333333332
 31
0.0
 12
947.1190805555557
 22
502.1311888888888
 32
0.0
 13
947.1190805555557
 23
502.1311888888888
 33
0.0
  0
SOLID
  5
70E
330
17
100
AcDbEntity
  8
CENTER
 62
250
420
0
100
AcDbTrace
 10
959.118463888889
 20
502.8522666666665
 30
0.0
 11
947.1190805555557
 21
502.1311888888888
 31
0.0
 12
953.117713888889
 22
502.01124444444434
 32
0.0
 13
953.117713888889
 23
502.01124444444434
 33
0.0
  0
SOLID
  5
70F
330
17
100
AcDbEntity
  8
CENTER
 62
250
420
0
100
AcDbTrace
 10
959.118463888889
 20
502.8522666666665
 30
0.0
 11
953.117713888889
 21
502.01124444444434
 31
0.0
 12
959.118463888889
 22
501.8898888888888
 32
0.0
 13
959.118463888889
 23
501.8898888888888
 33
0.0
  0
SOLID
  5
710
330
17
100
AcDbEntity
  8
CENTER
 62
250
420
0
100
AcDbTrace
 10
959.118463888889
 20
502.8522666666665
 30
0.0
 11
959.118463888889
 21
501.8898888888888
 31
0.0
 12
965.119213888889
 22
501.7304333333332
 32
0.0
 13
965.119213888889
 23
501.7304333333332
 33
0.0
  0
SOLID
  5
711
330
17
100
AcDbEntity
  8
CENTER
 62
250
420
0
100
AcDbTrace
 10
959.118463888889
 20
502.8522666666665
 30
0.0
 11
965.119213888889
 21
501.7304333333332
 31
0.0
 12
971.1178472222223
 22
501.57097777777767
 32
0.0
 13
971.1178472222223
 23
501.57097777777767
 33
0.0
  0
SOLID
  5
712
330
17
100
AcDbEntity
  8
CENTER
 62
250
420
0
100
AcDbTrace
 10
959.118463888889
 20
502.8522666666665
 30
0.0
 11
971.1178472222223
 21
501.57097777777767
 31
0.0
 12
977.1185972222222
 22
501.4115222222221
 32
0.0
 13
977.1185972222222
 23
501.4115222222221
 33
0.0
  0
SOLID
  5
713
330
17
100
AcDbEntity
  8
CENTER
 62
250
420
0
100
AcDbTrace
 10
959.118463888889
 20
502.8522666666665
 30
0.0
 11
977.1185972222222
 21
501.4115222222221
 31
0.0
 12
983.1193472222221
 22
501.1716333333332
 32
0.0
 13
983.1193472222221
 23
501.1716333333332
 33
0.0
  0
SOLID
  5
714
330
17
100
AcDbEntity
  8
CENTER
 62
250
420
0
100
AcDbTrace
 10
959.118463888889
 20
502.8522666666665
 30
0.0
 11
983.1193472222221
 21
501.1716333333332
 31
0.0
 12
989.1179805555556
 22
500.9317444444443
 32
0.0
 13
989.1179805555556
 23
500.9317444444443
 33
0.0
  0
SOLID
  5
715
330
17
100
AcDbEntity
  8
CENTER
 62
250
420
0
100
AcDbTrace
 10
959.118463888889
 20
502.8522666666665
 30
0.0
 11
989.1179805555556
 21
500.9317444444443
 31
0.0
 12
995.1187305555555
 22
500.61142222222213
 32
0.0
 13
995.1187305555555
 23
500.61142222222213
 33
0.0
  0
SOLID
  5
716
330
17
100
AcDbEntity
  8
CENTER
 62
250
420
0
100
AcDbTrace
 10
959.118463888889
 20
502.8522666666665
 30
0.0
 11
995.1187305555555
 21
500.61142222222213
 31
0.0
 12
1001.1194805555555
 22
500.2501777777777
 32
0.0
 13
1001.1194805555555
 23
500.2501777777777
 33
0.0
  0
HATCH
  5
717
330
17
100
AcDbEntity
  8
CENTER
 62
7
420
0
100
AcDbHatch
 10
0.0
 20
0.0
 30
0.0
210
0.0
220
0.0
230
1.0
  2
SOLID
 70
1
 71
0
 91
1
 92
3
 72
0
 73
1
 93
63
 10
1001.1194805555555
 20
501.8517888888888
 10
995.1187305555555
 20
502.05216666666655
 10
989.1179805555556
 20
502.25254444444437
 10
983.1193472222221
 20
502.4119999999999
 10
977.1185972222222
 20
502.5319444444443
 10
971.1178472222223
 20
502.6518888888887
 10
965.119213888889
 20
502.7323222222221
 10
959.118463888889
 20
502.8522666666665
 10
953.117713888889
 20
502.93269999999984
 10
947.1190805555557
 20
502.972211111111
 10
941.1183305555559
 20
503.05264444444435
 10
935.1175805555557
 20
503.0921555555555
 10
929.1189472222225
 20
503.17258888888887
 10
923.1181972222225
 20
503.2121
 10
917.1174472222226
 20
503.2516111111111
 10
911.1188138888893
 20
503.29112222222227
 10
905.1180638888892
 20
503.3306333333334
 10
899.1173138888893
 20
503.3701444444446
 10
893.118680555556
 20
503.4110666666668
 10
887.1179305555561
 20
503.4110666666668
 10
881.117180555556
 20
503.4505777777779
 10
875.1185472222227
 20
503.49008888888903
 10
869.1177972222229
 20
503.49008888888903
 10
863.1170472222229
 20
503.5296000000002
 10
857.1184138888894
 20
503.5296000000002
 10
851.1176638888895
 20
503.56911111111134
 10
845.1169138888896
 20
503.56911111111134
 10
839.1182805555561
 20
503.60862222222244
 10
833.1175305555562
 20
503.60862222222244
 10
827.1167805555563
 20
503.6481333333336
 10
821.118147222223
 20
503.6481333333336
 10
821.118147222223
 20
503.24737777777807
 10
827.1167805555563
 20
503.2078666666669
 10
833.1175305555562
 20
503.2078666666669
 10
839.1182805555561
 20
503.16835555555576
 10
845.1169138888896
 20
503.12884444444467
 10
851.1176638888895
 20
503.0893333333335
 10
857.1184138888894
 20
503.0893333333335
 10
863.1170472222229
 20
503.04982222222236
 10
869.1177972222229
 20
503.0103111111112
 10
875.1185472222227
 20
502.9708000000001
 10
881.117180555556
 20
502.93128888888896
 10
887.1179305555561
 20
502.8917777777778
 10
893.118680555556
 20
502.81134444444444
 10
899.1173138888893
 20
502.7718333333333
 10
905.1180638888892
 20
502.7323222222222
 10
911.1188138888893
 20
502.65188888888883
 10
917.1174472222226
 20
502.5714555555555
 10
923.1181972222225
 20
502.5319444444443
 10
929.1189472222225
 20
502.45151111111096
 10
935.1175805555557
 20
502.33156666666656
 10
941.1183305555559
 20
502.2511333333332
 10
947.1190805555557
 20
502.1311888888888
 10
953.117713888889
 20
502.01124444444434
 10
959.118463888889
 20
501.8898888888888
 10
965.119213888889
 20
501.7304333333332
 10
971.1178472222223
 20
501.57097777777767
 10
977.1185972222222
 20
501.4115222222221
 10
983.1193472222221
 20
501.1716333333332
 10
989.1179805555556
 20
500.9317444444443
 10
995.1187305555555
 20
500.61142222222213
 10
1001.1194805555555
 20
500.2501777777777
 10
1001.1194805555555
 20
501.8517888888888
 97
0
 75
1
 76
1
 98
0
  0
LWPOLYLINE
  5
718
330
17
100
AcDbEntity
  8
CENTER
 62
250
100
AcDbPolyline
 90
63
 70
1
 10
1001.1194805555555
 20
498.6499777777778
 10
995.1187305555555
 20
499.1706777777778
 10
989.1179805555556
 20
499.5700222222223
 10
983.1193472222221
 20
499.9298555555556
 10
977.1185972222222
 20
500.25017777777776
 10
971.1178472222223
 20
500.53098888888894
 10
965.119213888889
 20
500.7313666666667
 10
959.118463888889
 20
500.9712555555556
 10
953.117713888889
 20
501.13071111111117
 10
947.1190805555557
 20
501.2901666666667
 10
941.1183305555559
 20
501.4496222222223
 10
935.1175805555557
 20
501.5695666666667
 10
929.1189472222225
 20
501.6895111111111
 10
923.1181972222225
 20
501.80945555555553
 10
917.1174472222226
 20
501.9308111111111
 10
911.1188138888893
 20
502.01124444444446
 10
905.1180638888892
 20
502.0916777777778
 10
899.1173138888893
 20
502.1721111111112
 10
893.118680555556
 20
502.2525444444445
 10
887.1179305555561
 20
502.33297777777784
 10
881.117180555556
 20
502.372488888889
 10
875.1185472222227
 20
502.45292222222236
 10
869.1177972222229
 20
502.4924333333335
 10
863.1170472222229
 20
502.57286666666687
 10
857.1184138888894
 20
502.612377777778
 10
851.1176638888895
 20
502.6518888888891
 10
845.1169138888896
 20
502.69140000000027
 10
839.1182805555561
 20
502.7309111111114
 10
833.1175305555562
 20
502.7704222222226
 10
827.1167805555563
 20
502.8099333333337
 10
821.118147222223
 20
502.8494444444448
 10
821.118147222223
 20
502.45010000000036
 10
827.1167805555563
 20
502.4105888888892
 10
833.1175305555562
 20
502.3710777777781
 10
839.1182805555561
 20
502.29064444444475
 10
845.1169138888896
 20
502.2511333333336
 10
851.1176638888895
 20
502.21162222222245
 10
857.1184138888894
 20
502.1311888888891
 10
863.1170472222229
 20
502.0507555555557
 10
869.1177972222229
 20
502.01124444444457
 10
875.1185472222227
 20
501.93081111111127
 10
881.117180555556
 20
501.8503777777779
 10
887.1179305555561
 20
501.76853333333344
 10
893.118680555556
 20
501.6881000000001
 10
899.1173138888893
 20
501.5681555555557
 10
905.1180638888892
 20
501.4877222222223
 10
911.1188138888893
 20
501.3677777777779
 10
917.1174472222226
 20
501.2478333333335
 10
923.1181972222225
 20
501.12788888888906
 10
929.1189472222225
 20
500.9684333333335
 10
935.1175805555557
 20
500.80897777777795
 10
941.1183305555559
 20
500.6495222222224
 10
947.1190805555557
 20
500.44914444444464
 10
953.117713888889
 20
500.24735555555577
 10
959.118463888889
 20
500.00746666666686
 10
965.119213888889
 20
499.7280666666669
 10
971.1178472222223
 20
499.44866666666695
 10
977.1185972222222
 20
499.08883333333364
 10
983.1193472222221
 20
498.7275888888892
 10
989.1179805555556
 20
498.24781111111145
 10
995.1187305555555
 20
497.6890111111114
 10
1001.1194805555555
 20
497.048366666667
 10
1001.1194805555555
 20
498.6499777777778
  0
SOLID
  5
719
330
17
100
AcDbEntity
  8
CENTER
 62
250
420
0
100
AcDbTrace
 10
1001.1194805555555
 20
497.048366666667
 30
0.0
 11
1001.1194805555555
 21
498.6499777777778
 31
0.0
 12
995.1187305555555
 22
499.1706777777778
 32
0.0
 13
995.1187305555555
 23
499.1706777777778
 33
0.0
  0
SOLID
  5
71A
330
17
100
AcDbEntity
  8
CENTER
 62
250
420
0
100
AcDbTrace
 10
1001.1194805555555
 20
497.048366666667
 30
0.0
 11
995.1187305555555
 21
499.1706777777778
 31
0.0
 12
989.1179805555556
 22
499.5700222222223
 32
0.0
 13
989.1179805555556
 23
499.5700222222223
 33
0.0
  0
SOLID
  5
71B
330
17
100
AcDbEntity
  8
CENTER
 62
250
420
0
100
AcDbTrace
 10
1001.1194805555555
 20
497.048366666667
 30
0.0
 11
989.1179805555556
 21
499.5700222222223
 31
0.0
 12
983.1193472222221
 22
499.9298555555556
 32
0.0
 13
983.1193472222221
 23
499.9298555555556
 33
0.0
  0
SOLID
  5
71C
330
17
100
AcDbEntity
  8
CENTER
 62
250
420
0
100
AcDbTrace
 10
1001.1194805555555
 20
497.048366666667
 30
0.0
 11
983.1193472222221
 21
499.9298555555556
 31
0.0
 12
977.1185972222222
 22
500.25017777777776
 32
0.0
 13
977.1185972222222
 23
500.25017777777776
 33
0.0
  0
SOLID
  5
71D
330
17
100
AcDbEntity
  8
CENTER
 62
250
420
0
100
AcDbTrace
 10
1001.1194805555555
 20
497.048366666667
 30
0.0
 11
977.1185972222222
 21
500.25017777777776
 31
0.0
 12
971.1178472222223
 22
500.53098888888894
 32
0.0
 13
971.1178472222223
 23
500.53098888888894
 33
0.0
  0
SOLID
  5
71E
330
17
100
AcDbEntity
  8
CENTER
 62
250
420
0
100
AcDbTrace
 10
965.119213888889
 20
500.7313666666667
 30
0.0
 11
959.118463888889
 21
500.9712555555556
 31
0.0
 12
953.117713888889
 22
501.13071111111117
 32
0.0
 13
953.117713888889
 23
501.13071111111117
 33
0.0
  0
SOLID
  5
71F
330
17
100
AcDbEntity
  8
CENTER
 62
250
420
0
100
AcDbTrace
 10
971.1178472222223
 20
500.53098888888894
 30
0.0
 11
965.119213888889
 21
500.7313666666667
 31
0.0
 12
953.117713888889
 22
501.13071111111117
 32
0.0
 13
953.117713888889
 23
501.13071111111117
 33
0.0
  0
SOLID
  5
720
330
17
100
AcDbEntity
  8
CENTER
 62
250
420
0
100
AcDbTrace
 10
971.1178472222223
 20
500.53098888888894
 30
0.0
 11
953.117713888889
 21
501.13071111111117
 31
0.0
 12
947.1190805555557
 22
501.2901666666667
 32
0.0
 13
947.1190805555557
 23
501.2901666666667
 33
0.0
  0
SOLID
  5
721
330
17
100
AcDbEntity
  8
CENTER
 62
250
420
0
100
AcDbTrace
 10
971.1178472222223
 20
500.53098888888894
 30
0.0
 11
947.1190805555557
 21
501.2901666666667
 31
0.0
 12
941.1183305555559
 22
501.4496222222223
 32
0.0
 13
941.1183305555559
 23
501.4496222222223
 33
0.0
  0
SOLID
  5
722
330
17
100
AcDbEntity
  8
CENTER
 62
250
420
0
100
AcDbTrace
 10
971.1178472222223
 20
500.53098888888894
 30
0.0
 11
941.1183305555559
 21
501.4496222222223
 31
0.0
 12
935.1175805555557
 22
501.5695666666667
 32
0.0
 13
935.1175805555557
 23
501.5695666666667
 33
0.0
  0
SOLID
  5
723
330
17
100
AcDbEntity
  8
CENTER
 62
250
420
0
100
AcDbTrace
 10
971.1178472222223
 20
500.53098888888894
 30
0.0
 11
935.1175805555557
 21
501.5695666666667
 31
0.0
 12
929.1189472222225
 22
501.6895111111111
 32
0.0
 13
929.1189472222225
 23
501.6895111111111
 33
0.0
  0
SOLID
  5
724
330
17
100
AcDbEntity
  8
CENTER
 62
250
420
0
100
AcDbTrace
 10
971.1178472222223
 20
500.53098888888894
 30
0.0
 11
929.1189472222225
 21
501.6895111111111
 31
0.0
 12
923.1181972222225
 22
501.80945555555553
 32
0.0
 13
923.1181972222225
 23
501.80945555555553
 33
0.0
  0
SOLID
  5
725
330
17
100
AcDbEntity
  8
CENTER
 62
250
420
0
100
AcDbTrace
 10
971.1178472222223
 20
500.53098888888894
 30
0.0
 11
923.1181972222225
 21
501.80945555555553
 31
0.0
 12
917.1174472222226
 22
501.9308111111111
 32
0.0
 13
917.1174472222226
 23
501.9308111111111
 33
0.0
  0
SOLID
  5
726
330
17
100
AcDbEntity
  8
CENTER
 62
250
420
0
100
AcDbTrace
 10
971.1178472222223
 20
500.53098888888894
 30
0.0
 11
917.1174472222226
 21
501.9308111111111
 31
0.0
 12
911.1188138888893
 22
502.01124444444446
 32
0.0
 13
911.1188138888893
 23
502.01124444444446
 33
0.0
  0
SOLID
  5
727
330
17
100
AcDbEntity
  8
CENTER
 62
250
420
0
100
AcDbTrace
 10
971.1178472222223
 20
500.53098888888894
 30
0.0
 11
911.1188138888893
 21
502.01124444444446
 31
0.0
 12
905.1180638888892
 22
502.0916777777778
 32
0.0
 13
905.1180638888892
 23
502.0916777777778
 33
0.0
  0
SOLID
  5
728
330
17
100
AcDbEntity
  8
CENTER
 62
250
420
0
100
AcDbTrace
 10
971.1178472222223
 20
500.53098888888894
 30
0.0
 11
905.1180638888892
 21
502.0916777777778
 31
0.0
 12
899.1173138888893
 22
502.1721111111112
 32
0.0
 13
899.1173138888893
 23
502.1721111111112
 33
0.0
  0
SOLID
  5
729
330
17
100
AcDbEntity
  8
CENTER
 62
250
420
0
100
AcDbTrace
 10
971.1178472222223
 20
500.53098888888894
 30
0.0
 11
899.1173138888893
 21
502.1721111111112
 31
0.0
 12
893.118680555556
 22
502.2525444444445
 32
0.0
 13
893.118680555556
 23
502.2525444444445
 33
0.0
  0
SOLID
  5
72A
330
17
100
AcDbEntity
  8
CENTER
 62
250
420
0
100
AcDbTrace
 10
971.1178472222223
 20
500.53098888888894
 30
0.0
 11
893.118680555556
 21
502.2525444444445
 31
0.0
 12
887.1179305555561
 22
502.33297777777784
 32
0.0
 13
887.1179305555561
 23
502.33297777777784
 33
0.0
  0
SOLID
  5
72B
330
17
100
AcDbEntity
  8
CENTER
 62
250
420
0
100
AcDbTrace
 10
971.1178472222223
 20
500.53098888888894
 30
0.0
 11
887.1179305555561
 21
502.33297777777784
 31
0.0
 12
881.117180555556
 22
502.372488888889
 32
0.0
 13
881.117180555556
 23
502.372488888889
 33
0.0
  0
SOLID
  5
72C
330
17
100
AcDbEntity
  8
CENTER
 62
250
420
0
100
AcDbTrace
 10
971.1178472222223
 20
500.53098888888894
 30
0.0
 11
881.117180555556
 21
502.372488888889
 31
0.0
 12
875.1185472222227
 22
502.45292222222236
 32
0.0
 13
875.1185472222227
 23
502.45292222222236
 33
0.0
  0
SOLID
  5
72D
330
17
100
AcDbEntity
  8
CENTER
 62
250
420
0
100
AcDbTrace
 10
971.1178472222223
 20
500.53098888888894
 30
0.0
 11
875.1185472222227
 21
502.45292222222236
 31
0.0
 12
869.1177972222229
 22
502.4924333333335
 32
0.0
 13
869.1177972222229
 23
502.4924333333335
 33
0.0
  0
SOLID
  5
72E
330
17
100
AcDbEntity
  8
CENTER
 62
250
420
0
100
AcDbTrace
 10
971.1178472222223
 20
500.53098888888894
 30
0.0
 11
869.1177972222229
 21
502.4924333333335
 31
0.0
 12
863.1170472222229
 22
502.57286666666687
 32
0.0
 13
863.1170472222229
 23
502.57286666666687
 33
0.0
  0
SOLID
  5
72F
330
17
100
AcDbEntity
  8
CENTER
 62
250
420
0
100
AcDbTrace
 10
971.1178472222223
 20
500.53098888888894
 30
0.0
 11
863.1170472222229
 21
502.57286666666687
 31
0.0
 12
857.1184138888894
 22
502.612377777778
 32
0.0
 13
857.1184138888894
 23
502.612377777778
 33
0.0
  0
SOLID
  5
730
330
17
100
AcDbEntity
  8
CENTER
 62
250
420
0
100
AcDbTrace
 10
971.1178472222223
 20
500.53098888888894
 30
0.0
 11
857.1184138888894
 21
502.612377777778
 31
0.0
 12
851.1176638888895
 22
502.6518888888891
 32
0.0
 13
851.1176638888895
 23
502.6518888888891
 33
0.0
  0
SOLID
  5
731
330
17
100
AcDbEntity
  8
CENTER
 62
250
420
0
100
AcDbTrace
 10
971.1178472222223
 20
500.53098888888894
 30
0.0
 11
851.1176638888895
 21
502.6518888888891
 31
0.0
 12
845.1169138888896
 22
502.69140000000027
 32
0.0
 13
845.1169138888896
 23
502.69140000000027
 33
0.0
  0
SOLID
  5
732
330
17
100
AcDbEntity
  8
CENTER
 62
250
420
0
100
AcDbTrace
 10
971.1178472222223
 20
500.53098888888894
 30
0.0
 11
845.1169138888896
 21
502.69140000000027
 31
0.0
 12
839.1182805555561
 22
502.7309111111114
 32
0.0
 13
839.1182805555561
 23
502.7309111111114
 33
0.0
  0
SOLID
  5
733
330
17
100
AcDbEntity
  8
CENTER
 62
250
420
0
100
AcDbTrace
 10
971.1178472222223
 20
500.53098888888894
 30
0.0
 11
839.1182805555561
 21
502.7309111111114
 31
0.0
 12
833.1175305555562
 22
502.7704222222226
 32
0.0
 13
833.1175305555562
 23
502.7704222222226
 33
0.0
  0
SOLID
  5
734
330
17
100
AcDbEntity
  8
CENTER
 62
250
420
0
100
AcDbTrace
 10
971.1178472222223
 20
500.53098888888894
 30
0.0
 11
833.1175305555562
 21
502.7704222222226
 31
0.0
 12
827.1167805555563
 22
502.8099333333337
 32
0.0
 13
827.1167805555563
 23
502.8099333333337
 33
0.0
  0
SOLID
  5
735
330
17
100
AcDbEntity
  8
CENTER
 62
250
420
0
100
AcDbTrace
 10
971.1178472222223
 20
500.53098888888894
 30
0.0
 11
827.1167805555563
 21
502.8099333333337
 31
0.0
 12
821.118147222223
 22
502.8494444444448
 32
0.0
 13
821.118147222223
 23
502.8494444444448
 33
0.0
  0
SOLID
  5
736
330
17
100
AcDbEntity
  8
CENTER
 62
250
420
0
100
AcDbTrace
 10
821.118147222223
 20
502.8494444444448
 30
0.0
 11
821.118147222223
 21
502.45010000000036
 31
0.0
 12
827.1167805555563
 22
502.4105888888892
 32
0.0
 13
827.1167805555563
 23
502.4105888888892
 33
0.0
  0
SOLID
  5
737
330
17
100
AcDbEntity
  8
CENTER
 62
250
420
0
100
AcDbTrace
 10
821.118147222223
 20
502.8494444444448
 30
0.0
 11
827.1167805555563
 21
502.4105888888892
 31
0.0
 12
833.1175305555562
 22
502.3710777777781
 32
0.0
 13
833.1175305555562
 23
502.3710777777781
 33
0.0
  0
SOLID
  5
738
330
17
100
AcDbEntity
  8
CENTER
 62
250
420
0
100
AcDbTrace
 10
821.118147222223
 20
502.8494444444448
 30
0.0
 11
833.1175305555562
 21
502.3710777777781
 31
0.0
 12
839.1182805555561
 22
502.29064444444475
 32
0.0
 13
839.1182805555561
 23
502.29064444444475
 33
0.0
  0
SOLID
  5
739
330
17
100
AcDbEntity
  8
CENTER
 62
250
420
0
100
AcDbTrace
 10
821.118147222223
 20
502.8494444444448
 30
0.0
 11
839.1182805555561
 21
502.29064444444475
 31
0.0
 12
845.1169138888896
 22
502.2511333333336
 32
0.0
 13
845.1169138888896
 23
502.2511333333336
 33
0.0
  0
SOLID
  5
73A
330
17
100
AcDbEntity
  8
CENTER
 62
250
420
0
100
AcDbTrace
 10
821.118147222223
 20
502.8494444444448
 30
0.0
 11
845.1169138888896
 21
502.2511333333336
 31
0.0
 12
851.1176638888895
 22
502.21162222222245
 32
0.0
 13
851.1176638888895
 23
502.21162222222245
 33
0.0
  0
SOLID
  5
73B
330
17
100
AcDbEntity
  8
CENTER
 62
250
420
0
100
AcDbTrace
 10
821.118147222223
 20
502.8494444444448
 30
0.0
 11
851.1176638888895
 21
502.21162222222245
 31
0.0
 12
857.1184138888894
 22
502.1311888888891
 32
0.0
 13
857.1184138888894
 23
502.1311888888891
 33
0.0
  0
SOLID
  5
73C
330
17
100
AcDbEntity
  8
CENTER
 62
250
420
0
100
AcDbTrace
 10
821.118147222223
 20
502.8494444444448
 30
0.0
 11
857.1184138888894
 21
502.1311888888891
 31
0.0
 12
863.1170472222229
 22
502.0507555555557
 32
0.0
 13
863.1170472222229
 23
502.0507555555557
 33
0.0
  0
SOLID
  5
73D
330
17
100
AcDbEntity
  8
CENTER
 62
250
420
0
100
AcDbTrace
 10
821.118147222223
 20
502.8494444444448
 30
0.0
 11
863.1170472222229
 21
502.0507555555557
 31
0.0
 12
869.1177972222229
 22
502.01124444444457
 32
0.0
 13
869.1177972222229
 23
502.01124444444457
 33
0.0
  0
SOLID
  5
73E
330
17
100
AcDbEntity
  8
CENTER
 62
250
420
0
100
AcDbTrace
 10
821.118147222223
 20
502.8494444444448
 30
0.0
 11
869.1177972222229
 21
502.01124444444457
 31
0.0
 12
875.1185472222227
 22
501.93081111111127
 32
0.0
 13
875.1185472222227
 23
501.93081111111127
 33
0.0
  0
SOLID
  5
73F
330
17
100
AcDbEntity
  8
CENTER
 62
250
420
0
100
AcDbTrace
 10
821.118147222223
 20
502.8494444444448
 30
0.0
 11
875.1185472222227
 21
501.93081111111127
 31
0.0
 12
881.117180555556
 22
501.8503777777779
 32
0.0
 13
881.117180555556
 23
501.8503777777779
 33
0.0
  0
SOLID
  5
740
330
17
100
AcDbEntity
  8
CENTER
 62
250
420
0
100
AcDbTrace
 10
821.118147222223
 20
502.8494444444448
 30
0.0
 11
881.117180555556
 21
501.8503777777779
 31
0.0
 12
887.1179305555561
 22
501.76853333333344
 32
0.0
 13
887.1179305555561
 23
501.76853333333344
 33
0.0
  0
SOLID
  5
741
330
17
100
AcDbEntity
  8
CENTER
 62
250
420
0
100
AcDbTrace
 10
821.118147222223
 20
502.8494444444448
 30
0.0
 11
887.1179305555561
 21
501.76853333333344
 31
0.0
 12
893.118680555556
 22
501.6881000000001
 32
0.0
 13
893.118680555556
 23
501.6881000000001
 33
0.0
  0
SOLID
  5
742
330
17
100
AcDbEntity
  8
CENTER
 62
250
420
0
100
AcDbTrace
 10
971.1178472222223
 20
500.53098888888894
 30
0.0
 11
821.118147222223
 21
502.8494444444448
 31
0.0
 12
893.118680555556
 22
501.6881000000001
 32
0.0
 13
893.118680555556
 23
501.6881000000001
 33
0.0
  0
SOLID
  5
743
330
17
100
AcDbEntity
  8
CENTER
 62
250
420
0
100
AcDbTrace
 10
893.118680555556
 20
501.6881000000001
 30
0.0
 11
899.1173138888893
 21
501.5681555555557
 31
0.0
 12
905.1180638888892
 22
501.4877222222223
 32
0.0
 13
905.1180638888892
 23
501.4877222222223
 33
0.0
  0
SOLID
  5
744
330
17
100
AcDbEntity
  8
CENTER
 62
250
420
0
100
AcDbTrace
 10
971.1178472222223
 20
500.53098888888894
 30
0.0
 11
893.118680555556
 21
501.6881000000001
 31
0.0
 12
905.1180638888892
 22
501.4877222222223
 32
0.0
 13
905.1180638888892
 23
501.4877222222223
 33
0.0
  0
SOLID
  5
745
330
17
100
AcDbEntity
  8
CENTER
 62
250
420
0
100
AcDbTrace
 10
971.1178472222223
 20
500.53098888888894
 30
0.0
 11
905.1180638888892
 21
501.4877222222223
 31
0.0
 12
911.1188138888893
 22
501.3677777777779
 32
0.0
 13
911.1188138888893
 23
501.3677777777779
 33
0.0
  0
SOLID
  5
746
330
17
100
AcDbEntity
  8
CENTER
 62
250
420
0
100
AcDbTrace
 10
971.1178472222223
 20
500.53098888888894
 30
0.0
 11
911.1188138888893
 21
501.3677777777779
 31
0.0
 12
917.1174472222226
 22
501.2478333333335
 32
0.0
 13
917.1174472222226
 23
501.2478333333335
 33
0.0
  0
SOLID
  5
747
330
17
100
AcDbEntity
  8
CENTER
 62
250
420
0
100
AcDbTrace
 10
971.1178472222223
 20
500.53098888888894
 30
0.0
 11
917.1174472222226
 21
501.2478333333335
 31
0.0
 12
923.1181972222225
 22
501.12788888888906
 32
0.0
 13
923.1181972222225
 23
501.12788888888906
 33
0.0
  0
SOLID
  5
748
330
17
100
AcDbEntity
  8
CENTER
 62
250
420
0
100
AcDbTrace
 10
971.1178472222223
 20
500.53098888888894
 30
0.0
 11
923.1181972222225
 21
501.12788888888906
 31
0.0
 12
929.1189472222225
 22
500.9684333333335
 32
0.0
 13
929.1189472222225
 23
500.9684333333335
 33
0.0
  0
SOLID
  5
749
330
17
100
AcDbEntity
  8
CENTER
 62
250
420
0
100
AcDbTrace
 10
971.1178472222223
 20
500.53098888888894
 30
0.0
 11
929.1189472222225
 21
500.9684333333335
 31
0.0
 12
935.1175805555557
 22
500.80897777777795
 32
0.0
 13
935.1175805555557
 23
500.80897777777795
 33
0.0
  0
SOLID
  5
74A
330
17
100
AcDbEntity
  8
CENTER
 62
250
420
0
100
AcDbTrace
 10
971.1178472222223
 20
500.53098888888894
 30
0.0
 11
935.1175805555557
 21
500.80897777777795
 31
0.0
 12
941.1183305555559
 22
500.6495222222224
 32
0.0
 13
941.1183305555559
 23
500.6495222222224
 33
0.0
  0
SOLID
  5
74B
330
17
100
AcDbEntity
  8
CENTER
 62
250
420
0
100
AcDbTrace
 10
971.1178472222223
 20
500.53098888888894
 30
0.0
 11
941.1183305555559
 21
500.6495222222224
 31
0.0
 12
947.1190805555557
 22
500.44914444444464
 32
0.0
 13
947.1190805555557
 23
500.44914444444464
 33
0.0
  0
SOLID
  5
74C
330
17
100
AcDbEntity
  8
CENTER
 62
250
420
0
100
AcDbTrace
 10
971.1178472222223
 20
500.53098888888894
 30
0.0
 11
947.1190805555557
 21
500.44914444444464
 31
0.0
 12
953.117713888889
 22
500.24735555555577
 32
0.0
 13
953.117713888889
 23
500.24735555555577
 33
0.0
  0
SOLID
  5
74D
330
17
100
AcDbEntity
  8
CENTER
 62
250
420
0
100
AcDbTrace
 10
971.1178472222223
 20
500.53098888888894
 30
0.0
 11
953.117713888889
 21
500.24735555555577
 31
0.0
 12
959.118463888889
 22
500.00746666666686
 32
0.0
 13
959.118463888889
 23
500.00746666666686
 33
0.0
  0
SOLID
  5
74E
330
17
100
AcDbEntity
  8
CENTER
 62
250
420
0
100
AcDbTrace
 10
971.1178472222223
 20
500.53098888888894
 30
0.0
 11
959.118463888889
 21
500.00746666666686
 31
0.0
 12
965.119213888889
 22
499.7280666666669
 32
0.0
 13
965.119213888889
 23
499.7280666666669
 33
0.0
  0
SOLID
  5
74F
330
17
100
AcDbEntity
  8
CENTER
 62
250
420
0
100
AcDbTrace
 10
971.1178472222223
 20
500.53098888888894
 30
0.0
 11
965.119213888889
 21
499.7280666666669
 31
0.0
 12
971.1178472222223
 22
499.44866666666695
 32
0.0
 13
971.1178472222223
 23
499.44866666666695
 33
0.0
  0
SOLID
  5
750
330
17
100
AcDbEntity
  8
CENTER
 62
250
420
0
100
AcDbTrace
 10
971.1178472222223
 20
500.53098888888894
 30
0.0
 11
971.1178472222223
 21
499.44866666666695
 31
0.0
 12
977.1185972222222
 22
499.08883333333364
 32
0.0
 13
977.1185972222222
 23
499.08883333333364
 33
0.0
  0
SOLID
  5
751
330
17
100
AcDbEntity
  8
CENTER
 62
250
420
0
100
AcDbTrace
 10
971.1178472222223
 20
500.53098888888894
 30
0.0
 11
977.1185972222222
 21
499.08883333333364
 31
0.0
 12
983.1193472222221
 22
498.7275888888892
 32
0.0
 13
983.1193472222221
 23
498.7275888888892
 33
0.0
  0
SOLID
  5
752
330
17
100
AcDbEntity
  8
CENTER
 62
250
420
0
100
AcDbTrace
 10
971.1178472222223
 20
500.53098888888894
 30
0.0
 11
983.1193472222221
 21
498.7275888888892
 31
0.0
 12
989.1179805555556
 22
498.24781111111145
 32
0.0
 13
989.1179805555556
 23
498.24781111111145
 33
0.0
  0
SOLID
  5
753
330
17
100
AcDbEntity
  8
CENTER
 62
250
420
0
100
AcDbTrace
 10
971.1178472222223
 20
500.53098888888894
 30
0.0
 11
989.1179805555556
 21
498.24781111111145
 31
0.0
 12
995.1187305555555
 22
497.6890111111114
 32
0.0
 13
995.1187305555555
 23
497.6890111111114
 33
0.0
  0
SOLID
  5
754
330
17
100
AcDbEntity
  8
CENTER
 62
250
420
0
100
AcDbTrace
 10
971.1178472222223
 20
500.53098888888894
 30
0.0
 11
995.1187305555555
 21
497.6890111111114
 31
0.0
 12
1001.1194805555555
 22
497.048366666667
 32
0.0
 13
1001.1194805555555
 23
497.048366666667
 33
0.0
  0
HATCH
  5
755
330
17
100
AcDbEntity
  8
CENTER
 62
7
420
0
100
AcDbHatch
 10
0.0
 20
0.0
 30
0.0
210
0.0
220
0.0
230
1.0
  2
SOLID
 70
1
 71
0
 91
1
 92
3
 72
0
 73
1
 93
63
 10
1001.1194805555555
 20
498.6499777777778
 10
995.1187305555555
 20
499.1706777777778
 10
989.1179805555556
 20
499.5700222222223
 10
983.1193472222221
 20
499.9298555555556
 10
977.1185972222222
 20
500.25017777777776
 10
971.1178472222223
 20
500.53098888888894
 10
965.119213888889
 20
500.7313666666667
 10
959.118463888889
 20
500.9712555555556
 10
953.117713888889
 20
501.13071111111117
 10
947.1190805555557
 20
501.2901666666667
 10
941.1183305555559
 20
501.4496222222223
 10
935.1175805555557
 20
501.5695666666667
 10
929.1189472222225
 20
501.6895111111111
 10
923.1181972222225
 20
501.80945555555553
 10
917.1174472222226
 20
501.9308111111111
 10
911.1188138888893
 20
502.01124444444446
 10
905.1180638888892
 20
502.0916777777778
 10
899.1173138888893
 20
502.1721111111112
 10
893.118680555556
 20
502.2525444444445
 10
887.1179305555561
 20
502.33297777777784
 10
881.117180555556
 20
502.372488888889
 10
875.1185472222227
 20
502.45292222222236
 10
869.1177972222229
 20
502.4924333333335
 10
863.1170472222229
 20
502.57286666666687
 10
857.1184138888894
 20
502.612377777778
 10
851.1176638888895
 20
502.6518888888891
 10
845.1169138888896
 20
502.69140000000027
 10
839.1182805555561
 20
502.7309111111114
 10
833.1175305555562
 20
502.7704222222226
 10
827.1167805555563
 20
502.8099333333337
 10
821.118147222223
 20
502.8494444444448
 10
821.118147222223
 20
502.45010000000036
 10
827.1167805555563
 20
502.4105888888892
 10
833.1175305555562
 20
502.3710777777781
 10
839.1182805555561
 20
502.29064444444475
 10
845.1169138888896
 20
502.2511333333336
 10
851.1176638888895
 20
502.21162222222245
 10
857.1184138888894
 20
502.1311888888891
 10
863.1170472222229
 20
502.0507555555557
 10
869.1177972222229
 20
502.01124444444457
 10
875.1185472222227
 20
501.93081111111127
 10
881.117180555556
 20
501.8503777777779
 10
887.1179305555561
 20
501.76853333333344
 10
893.118680555556
 20
501.6881000000001
 10
899.1173138888893
 20
501.5681555555557
 10
905.1180638888892
 20
501.4877222222223
 10
911.1188138888893
 20
501.3677777777779
 10
917.1174472222226
 20
501.2478333333335
 10
923.1181972222225
 20
501.12788888888906
 10
929.1189472222225
 20
500.9684333333335
 10
935.1175805555557
 20
500.80897777777795
 10
941.1183305555559
 20
500.6495222222224
 10
947.1190805555557
 20
500.44914444444464
 10
953.117713888889
 20
500.24735555555577
 10
959.118463888889
 20
500.00746666666686
 10
965.119213888889
 20
499.7280666666669
 10
971.1178472222223
 20
499.44866666666695
 10
977.1185972222222
 20
499.08883333333364
 10
983.1193472222221
 20
498.7275888888892
 10
989.1179805555556
 20
498.24781111111145
 10
995.1187305555555
 20
497.6890111111114
 10
1001.1194805555555
 20
497.048366666667
 10
1001.1194805555555
 20
498.6499777777778
 97
0
 75
1
 76
1
 98
0
  0
LWPOLYLINE
  5
756
330
17
100
AcDbEntity
  8
CENTER
 62
250
100
AcDbPolyline
 90
64
 70
1
 10
1001.1194805555555
 20
495.44957777777773
 10
995.1187305555555
 20
496.2496777777777
 10
989.1179805555556
 20
496.9284222222222
 10
983.1193472222221
 20
497.48863333333327
 10
977.1185972222222
 20
497.96841111111104
 10
971.1178472222223
 20
498.3677555555555
 10
965.119213888889
 20
498.7275888888888
 10
959.118463888889
 20
499.0888333333332
 10
953.117713888889
 20
499.3682333333332
 10
947.1190805555557
 20
499.6081222222221
 10
941.1183305555559
 20
499.848011111111
 10
935.1175805555557
 20
500.0483888888888
 10
929.1189472222225
 20
500.24876666666654
 10
923.1181972222225
 20
500.4082222222221
 10
917.1174472222226
 20
500.56908888888876
 10
911.1188138888893
 20
500.7285444444443
 10
905.1180638888892
 20
500.8484888888887
 10
899.1173138888893
 20
501.00794444444426
 10
893.118680555556
 20
501.0883777777776
 10
887.1179305555561
 20
501.208322222222
 10
881.117180555556
 20
501.3282666666664
 10
875.1185472222227
 20
501.4086999999998
 10
869.1177972222229
 20
501.48913333333314
 10
863.1170472222229
 20
501.5695666666665
 10
857.1194722222222
 20
501.65
 10
851.1187222222222
 20
501.73043333333334
 10
845.1179722222223
 20
501.81086666666664
 10
839.1193388888889
 20
501.8913
 10
833.118588888889
 20
501.93222222222226
 10
827.1178388888891
 20
502.0126555555556
 10
821.1192055555556
 20
502.0521666666667
 10
821.1192055555556
 20
501.65
 10
827.1178388888891
 20
501.5695666666666
 10
833.118588888889
 20
501.53005555555546
 10
839.1193388888889
 20
501.4496222222221
 10
845.1179722222223
 20
501.36918888888874
 10
851.1187222222222
 20
501.2887555555554
 10
857.1194722222222
 20
501.208322222222
 10
863.1181055555555
 20
501.0883777777776
 10
869.1188555555556
 20
501.00794444444426
 10
875.1196055555555
 20
500.88799999999986
 10
881.1182388888888
 20
500.7680555555554
 10
887.1189888888887
 20
500.648111111111
 10
893.1197388888887
 20
500.5281666666666
 10
899.1183722222221
 20
500.40681111111104
 10
905.119122222222
 20
500.2473555555555
 10
911.1198722222219
 20
500.08789999999993
 10
917.1185055555552
 20
499.9284444444444
 10
923.1192555555552
 20
499.72806666666656
 10
929.1200055555552
 20
499.5276888888888
 10
935.1186388888885
 20
499.2877999999999
 10
941.1193888888884
 20
499.047911111111
 10
947.1201388888885
 20
498.76709999999986
 10
953.1187722222218
 20
498.4876999999999
 10
959.1195222222217
 20
498.1278666666666
 10
965.1202722222216
 20
497.7285222222221
 10
971.1189055555551
 20
497.32776666666655
 10
977.119655555555
 20
496.8084777777777
 10
983.120405555555
 20
496.24967777777766
 10
989.1190388888883
 20
495.5695222222221
 10
995.1197888888883
 20
494.81034444444424
 10
1001.1205388888882
 20
493.84937777777765
 10
1001.1205388888882
 20
495.44957777777773
 10
1001.1194805555555
 20
495.44957777777773
  0
SOLID
  5
757
330
17
100
AcDbEntity
  8
CENTER
 62
250
420
0
100
AcDbTrace
 10
1001.1194805555555
 20
495.44957777777773
 30
0.0
 11
995.1187305555555
 21
496.2496777777777
 31
0.0
 12
989.1179805555556
 22
496.9284222222222
 32
0.0
 13
989.1179805555556
 23
496.9284222222222
 33
0.0
  0
SOLID
  5
758
330
17
100
AcDbEntity
  8
CENTER
 62
250
420
0
100
AcDbTrace
 10
1001.1194805555555
 20
495.44957777777773
 30
0.0
 11
989.1179805555556
 21
496.9284222222222
 31
0.0
 12
983.1193472222221
 22
497.48863333333327
 32
0.0
 13
983.1193472222221
 23
497.48863333333327
 33
0.0
  0
SOLID
  5
759
330
17
100
AcDbEntity
  8
CENTER
 62
250
420
0
100
AcDbTrace
 10
1001.1194805555555
 20
495.44957777777773
 30
0.0
 11
983.1193472222221
 21
497.48863333333327
 31
0.0
 12
977.1185972222222
 22
497.96841111111104
 32
0.0
 13
977.1185972222222
 23
497.96841111111104
 33
0.0
  0
SOLID
  5
75A
330
17
100
AcDbEntity
  8
CENTER
 62
250
420
0
100
AcDbTrace
 10
1001.1194805555555
 20
495.44957777777773
 30
0.0
 11
977.1185972222222
 21
497.96841111111104
 31
0.0
 12
971.1178472222223
 22
498.3677555555555
 32
0.0
 13
971.1178472222223
 23
498.3677555555555
 33
0.0
  0
SOLID
  5
75B
330
17
100
AcDbEntity
  8
CENTER
 62
250
420
0
100
AcDbTrace
 10
1001.1194805555555
 20
495.44957777777773
 30
0.0
 11
971.1178472222223
 21
498.3677555555555
 31
0.0
 12
965.119213888889
 22
498.7275888888888
 32
0.0
 13
965.119213888889
 23
498.7275888888888
 33
0.0
  0
SOLID
  5
75C
330
17
100
AcDbEntity
  8
CENTER
 62
250
420
0
100
AcDbTrace
 10
1001.1194805555555
 20
495.44957777777773
 30
0.0
 11
965.119213888889
 21
498.7275888888888
 31
0.0
 12
959.118463888889
 22
499.0888333333332
 32
0.0
 13
959.118463888889
 23
499.0888333333332
 33
0.0
  0
SOLID
  5
75D
330
17
100
AcDbEntity
  8
CENTER
 62
250
420
0
100
AcDbTrace
 10
1001.1194805555555
 20
495.44957777777773
 30
0.0
 11
959.118463888889
 21
499.0888333333332
 31
0.0
 12
953.117713888889
 22
499.3682333333332
 32
0.0
 13
953.117713888889
 23
499.3682333333332
 33
0.0
  0
SOLID
  5
75E
330
17
100
AcDbEntity
  8
CENTER
 62
250
420
0
100
AcDbTrace
 10
1001.1194805555555
 20
495.44957777777773
 30
0.0
 11
953.117713888889
 21
499.3682333333332
 31
0.0
 12
947.1190805555557
 22
499.6081222222221
 32
0.0
 13
947.1190805555557
 23
499.6081222222221
 33
0.0
  0
SOLID
  5
75F
330
17
100
AcDbEntity
  8
CENTER
 62
250
420
0
100
AcDbTrace
 10
1001.1194805555555
 20
495.44957777777773
 30
0.0
 11
947.1190805555557
 21
499.6081222222221
 31
0.0
 12
941.1183305555559
 22
499.848011111111
 32
0.0
 13
941.1183305555559
 23
499.848011111111
 33
0.0
  0
SOLID
  5
760
330
17
100
AcDbEntity
  8
CENTER
 62
250
420
0
100
AcDbTrace
 10
1001.1194805555555
 20
495.44957777777773
 30
0.0
 11
941.1183305555559
 21
499.848011111111
 31
0.0
 12
935.1175805555557
 22
500.0483888888888
 32
0.0
 13
935.1175805555557
 23
500.0483888888888
 33
0.0
  0
SOLID
  5
761
330
17
100
AcDbEntity
  8
CENTER
 62
250
420
0
100
AcDbTrace
 10
1001.1194805555555
 20
495.44957777777773
 30
0.0
 11
935.1175805555557
 21
500.0483888888888
 31
0.0
 12
929.1189472222225
 22
500.24876666666654
 32
0.0
 13
929.1189472222225
 23
500.24876666666654
 33
0.0
  0
SOLID
  5
762
330
17
100
AcDbEntity
  8
CENTER
 62
250
420
0
100
AcDbTrace
 10
923.1181972222225
 20
500.4082222222221
 30
0.0
 11
917.1174472222226
 21
500.56908888888876
 31
0.0
 12
911.1188138888893
 22
500.7285444444443
 32
0.0
 13
911.1188138888893
 23
500.7285444444443
 33
0.0
  0
SOLID
  5
763
330
17
100
AcDbEntity
  8
CENTER
 62
250
420
0
100
AcDbTrace
 10
923.1181972222225
 20
500.4082222222221
 30
0.0
 11
911.1188138888893
 21
500.7285444444443
 31
0.0
 12
905.1180638888892
 22
500.8484888888887
 32
0.0
 13
905.1180638888892
 23
500.8484888888887
 33
0.0
  0
SOLID
  5
764
330
17
100
AcDbEntity
  8
CENTER
 62
250
420
0
100
AcDbTrace
 10
929.1189472222225
 20
500.24876666666654
 30
0.0
 11
923.1181972222225
 21
500.4082222222221
 31
0.0
 12
905.1180638888892
 22
500.8484888888887
 32
0.0
 13
905.1180638888892
 23
500.8484888888887
 33
0.0
  0
SOLID
  5
765
330
17
100
AcDbEntity
  8
CENTER
 62
250
420
0
100
AcDbTrace
 10
905.1180638888892
 20
500.8484888888887
 30
0.0
 11
899.1173138888893
 21
501.00794444444426
 31
0.0
 12
893.118680555556
 22
501.0883777777776
 32
0.0
 13
893.118680555556
 23
501.0883777777776
 33
0.0
  0
SOLID
  5
766
330
17
100
AcDbEntity
  8
CENTER
 62
250
420
0
100
AcDbTrace
 10
929.1189472222225
 20
500.24876666666654
 30
0.0
 11
905.1180638888892
 21
500.8484888888887
 31
0.0
 12
893.118680555556
 22
501.0883777777776
 32
0.0
 13
893.118680555556
 23
501.0883777777776
 33
0.0
  0
SOLID
  5
767
330
17
100
AcDbEntity
  8
CENTER
 62
250
420
0
100
AcDbTrace
 10
929.1189472222225
 20
500.24876666666654
 30
0.0
 11
893.118680555556
 21
501.0883777777776
 31
0.0
 12
887.1179305555561
 22
501.208322222222
 32
0.0
 13
887.1179305555561
 23
501.208322222222
 33
0.0
  0
SOLID
  5
768
330
17
100
AcDbEntity
  8
CENTER
 62
250
420
0
100
AcDbTrace
 10
929.1189472222225
 20
500.24876666666654
 30
0.0
 11
887.1179305555561
 21
501.208322222222
 31
0.0
 12
881.117180555556
 22
501.3282666666664
 32
0.0
 13
881.117180555556
 23
501.3282666666664
 33
0.0
  0
SOLID
  5
769
330
17
100
AcDbEntity
  8
CENTER
 62
250
420
0
100
AcDbTrace
 10
929.1189472222225
 20
500.24876666666654
 30
0.0
 11
881.117180555556
 21
501.3282666666664
 31
0.0
 12
875.1185472222227
 22
501.4086999999998
 32
0.0
 13
875.1185472222227
 23
501.4086999999998
 33
0.0
  0
SOLID
  5
76A
330
17
100
AcDbEntity
  8
CENTER
 62
250
420
0
100
AcDbTrace
 10
929.1189472222225
 20
500.24876666666654
 30
0.0
 11
875.1185472222227
 21
501.4086999999998
 31
0.0
 12
869.1177972222229
 22
501.48913333333314
 32
0.0
 13
869.1177972222229
 23
501.48913333333314
 33
0.0
  0
SOLID
  5
76B
330
17
100
AcDbEntity
  8
CENTER
 62
250
420
0
100
AcDbTrace
 10
929.1189472222225
 20
500.24876666666654
 30
0.0
 11
869.1177972222229
 21
501.48913333333314
 31
0.0
 12
863.1170472222229
 22
501.5695666666665
 32
0.0
 13
863.1170472222229
 23
501.5695666666665
 33
0.0
  0
SOLID
  5
76C
330
17
100
AcDbEntity
  8
CENTER
 62
250
420
0
100
AcDbTrace
 10
929.1189472222225
 20
500.24876666666654
 30
0.0
 11
863.1170472222229
 21
501.5695666666665
 31
0.0
 12
857.1194722222222
 22
501.65
 32
0.0
 13
857.1194722222222
 23
501.65
 33
0.0
  0
SOLID
  5
76D
330
17
100
AcDbEntity
  8
CENTER
 62
250
420
0
100
AcDbTrace
 10
929.1189472222225
 20
500.24876666666654
 30
0.0
 11
857.1194722222222
 21
501.65
 31
0.0
 12
851.1187222222222
 22
501.73043333333334
 32
0.0
 13
851.1187222222222
 23
501.73043333333334
 33
0.0
  0
SOLID
  5
76E
330
17
100
AcDbEntity
  8
CENTER
 62
250
420
0
100
AcDbTrace
 10
929.1189472222225
 20
500.24876666666654
 30
0.0
 11
851.1187222222222
 21
501.73043333333334
 31
0.0
 12
845.1179722222223
 22
501.81086666666664
 32
0.0
 13
845.1179722222223
 23
501.81086666666664
 33
0.0
  0
SOLID
  5
76F
330
17
100
AcDbEntity
  8
CENTER
 62
250
420
0
100
AcDbTrace
 10
929.1189472222225
 20
500.24876666666654
 30
0.0
 11
845.1179722222223
 21
501.81086666666664
 31
0.0
 12
839.1193388888889
 22
501.8913
 32
0.0
 13
839.1193388888889
 23
501.8913
 33
0.0
  0
SOLID
  5
770
330
17
100
AcDbEntity
  8
CENTER
 62
250
420
0
100
AcDbTrace
 10
929.1189472222225
 20
500.24876666666654
 30
0.0
 11
839.1193388888889
 21
501.8913
 31
0.0
 12
833.118588888889
 22
501.93222222222226
 32
0.0
 13
833.118588888889
 23
501.93222222222226
 33
0.0
  0
SOLID
  5
771
330
17
100
AcDbEntity
  8
CENTER
 62
250
420
0
100
AcDbTrace
 10
929.1189472222225
 20
500.24876666666654
 30
0.0
 11
833.118588888889
 21
501.93222222222226
 31
0.0
 12
827.1178388888891
 22
502.0126555555556
 32
0.0
 13
827.1178388888891
 23
502.0126555555556
 33
0.0
  0
SOLID
  5
772
330
17
100
AcDbEntity
  8
CENTER
 62
250
420
0
100
AcDbTrace
 10
929.1189472222225
 20
500.24876666666654
 30
0.0
 11
827.1178388888891
 21
502.0126555555556
 31
0.0
 12
821.1192055555556
 22
502.0521666666667
 32
0.0
 13
821.1192055555556
 23
502.0521666666667
 33
0.0
  0
SOLID
  5
773
330
17
100
AcDbEntity
  8
CENTER
 62
250
420
0
100
AcDbTrace
 10
821.1192055555556
 20
502.0521666666667
 30
0.0
 11
821.1192055555556
 21
501.65
 31
0.0
 12
827.1178388888891
 22
501.5695666666666
 32
0.0
 13
827.1178388888891
 23
501.5695666666666
 33
0.0
  0
SOLID
  5
774
330
17
100
AcDbEntity
  8
CENTER
 62
250
420
0
100
AcDbTrace
 10
821.1192055555556
 20
502.0521666666667
 30
0.0
 11
827.1178388888891
 21
501.5695666666666
 31
0.0
 12
833.118588888889
 22
501.53005555555546
 32
0.0
 13
833.118588888889
 23
501.53005555555546
 33
0.0
  0
SOLID
  5
775
330
17
100
AcDbEntity
  8
CENTER
 62
250
420
0
100
AcDbTrace
 10
929.1189472222225
 20
500.24876666666654
 30
0.0
 11
821.1192055555556
 21
502.0521666666667
 31
0.0
 12
833.118588888889
 22
501.53005555555546
 32
0.0
 13
833.118588888889
 23
501.53005555555546
 33
0.0
  0
SOLID
  5
776
330
17
100
AcDbEntity
  8
CENTER
 62
250
420
0
100
AcDbTrace
 10
929.1189472222225
 20
500.24876666666654
 30
0.0
 11
833.118588888889
 21
501.53005555555546
 31
0.0
 12
839.1193388888889
 22
501.4496222222221
 32
0.0
 13
839.1193388888889
 23
501.4496222222221
 33
0.0
  0
SOLID
  5
777
330
17
100
AcDbEntity
  8
CENTER
 62
250
420
0
100
AcDbTrace
 10
929.1189472222225
 20
500.24876666666654
 30
0.0
 11
839.1193388888889
 21
501.4496222222221
 31
0.0
 12
845.1179722222223
 22
501.36918888888874
 32
0.0
 13
845.1179722222223
 23
501.36918888888874
 33
0.0
  0
SOLID
  5
778
330
17
100
AcDbEntity
  8
CENTER
 62
250
420
0
100
AcDbTrace
 10
929.1189472222225
 20
500.24876666666654
 30
0.0
 11
845.1179722222223
 21
501.36918888888874
 31
0.0
 12
851.1187222222222
 22
501.2887555555554
 32
0.0
 13
851.1187222222222
 23
501.2887555555554
 33
0.0
  0
SOLID
  5
779
330
17
100
AcDbEntity
  8
CENTER
 62
250
420
0
100
AcDbTrace
 10
929.1189472222225
 20
500.24876666666654
 30
0.0
 11
851.1187222222222
 21
501.2887555555554
 31
0.0
 12
857.1194722222222
 22
501.208322222222
 32
0.0
 13
857.1194722222222
 23
501.208322222222
 33
0.0
  0
SOLID
  5
77A
330
17
100
AcDbEntity
  8
CENTER
 62
250
420
0
100
AcDbTrace
 10
929.1189472222225
 20
500.24876666666654
 30
0.0
 11
857.1194722222222
 21
501.208322222222
 31
0.0
 12
863.1181055555555
 22
501.0883777777776
 32
0.0
 13
863.1181055555555
 23
501.0883777777776
 33
0.0
  0
SOLID
  5
77B
330
17
100
AcDbEntity
  8
CENTER
 62
250
420
0
100
AcDbTrace
 10
929.1189472222225
 20
500.24876666666654
 30
0.0
 11
863.1181055555555
 21
501.0883777777776
 31
0.0
 12
869.1188555555556
 22
501.00794444444426
 32
0.0
 13
869.1188555555556
 23
501.00794444444426
 33
0.0
  0
SOLID
  5
77C
330
17
100
AcDbEntity
  8
CENTER
 62
250
420
0
100
AcDbTrace
 10
929.1189472222225
 20
500.24876666666654
 30
0.0
 11
869.1188555555556
 21
501.00794444444426
 31
0.0
 12
875.1196055555555
 22
500.88799999999986
 32
0.0
 13
875.1196055555555
 23
500.88799999999986
 33
0.0
  0
SOLID
  5
77D
330
17
100
AcDbEntity
  8
CENTER
 62
250
420
0
100
AcDbTrace
 10
929.1189472222225
 20
500.24876666666654
 30
0.0
 11
875.1196055555555
 21
500.88799999999986
 31
0.0
 12
881.1182388888888
 22
500.7680555555554
 32
0.0
 13
881.1182388888888
 23
500.7680555555554
 33
0.0
  0
SOLID
  5
77E
330
17
100
AcDbEntity
  8
CENTER
 62
250
420
0
100
AcDbTrace
 10
929.1189472222225
 20
500.24876666666654
 30
0.0
 11
881.1182388888888
 21
500.7680555555554
 31
0.0
 12
887.1189888888887
 22
500.648111111111
 32
0.0
 13
887.1189888888887
 23
500.648111111111
 33
0.0
  0
SOLID
  5
77F
330
17
100
AcDbEntity
  8
CENTER
 62
250
420
0
100
AcDbTrace
 10
929.1189472222225
 20
500.24876666666654
 30
0.0
 11
887.1189888888887
 21
500.648111111111
 31
0.0
 12
893.1197388888887
 22
500.5281666666666
 32
0.0
 13
893.1197388888887
 23
500.5281666666666
 33
0.0
  0
SOLID
  5
780
330
17
100
AcDbEntity
  8
CENTER
 62
250
420
0
100
AcDbTrace
 10
929.1189472222225
 20
500.24876666666654
 30
0.0
 11
893.1197388888887
 21
500.5281666666666
 31
0.0
 12
899.1183722222221
 22
500.40681111111104
 32
0.0
 13
899.1183722222221
 23
500.40681111111104
 33
0.0
  0
SOLID
  5
781
330
17
100
AcDbEntity
  8
CENTER
 62
250
420
0
100
AcDbTrace
 10
929.1189472222225
 20
500.24876666666654
 30
0.0
 11
899.1183722222221
 21
500.40681111111104
 31
0.0
 12
905.119122222222
 22
500.2473555555555
 32
0.0
 13
905.119122222222
 23
500.2473555555555
 33
0.0
  0
SOLID
  5
782
330
17
100
AcDbEntity
  8
CENTER
 62
250
420
0
100
AcDbTrace
 10
929.1189472222225
 20
500.24876666666654
 30
0.0
 11
905.119122222222
 21
500.2473555555555
 31
0.0
 12
911.1198722222219
 22
500.08789999999993
 32
0.0
 13
911.1198722222219
 23
500.08789999999993
 33
0.0
  0
SOLID
  5
783
330
17
100
AcDbEntity
  8
CENTER
 62
250
420
0
100
AcDbTrace
 10
929.1189472222225
 20
500.24876666666654
 30
0.0
 11
911.1198722222219
 21
500.08789999999993
 31
0.0
 12
917.1185055555552
 22
499.9284444444444
 32
0.0
 13
917.1185055555552
 23
499.9284444444444
 33
0.0
  0
SOLID
  5
784
330
17
100
AcDbEntity
  8
CENTER
 62
250
420
0
100
AcDbTrace
 10
929.1189472222225
 20
500.24876666666654
 30
0.0
 11
917.1185055555552
 21
499.9284444444444
 31
0.0
 12
923.1192555555552
 22
499.72806666666656
 32
0.0
 13
923.1192555555552
 23
499.72806666666656
 33
0.0
  0
SOLID
  5
785
330
17
100
AcDbEntity
  8
CENTER
 62
250
420
0
100
AcDbTrace
 10
929.1189472222225
 20
500.24876666666654
 30
0.0
 11
923.1192555555552
 21
499.72806666666656
 31
0.0
 12
929.1200055555552
 22
499.5276888888888
 32
0.0
 13
929.1200055555552
 23
499.5276888888888
 33
0.0
  0
SOLID
  5
786
330
17
100
AcDbEntity
  8
CENTER
 62
250
420
0
100
AcDbTrace
 10
929.1189472222225
 20
500.24876666666654
 30
0.0
 11
929.1200055555552
 21
499.5276888888888
 31
0.0
 12
935.1186388888885
 22
499.2877999999999
 32
0.0
 13
935.1186388888885
 23
499.2877999999999
 33
0.0
  0
SOLID
  5
787
330
17
100
AcDbEntity
  8
CENTER
 62
250
420
0
100
AcDbTrace
 10
929.1189472222225
 20
500.24876666666654
 30
0.0
 11
935.1186388888885
 21
499.2877999999999
 31
0.0
 12
941.1193888888884
 22
499.047911111111
 32
0.0
 13
941.1193888888884
 23
499.047911111111
 33
0.0
  0
SOLID
  5
788
330
17
100
AcDbEntity
  8
CENTER
 62
250
420
0
100
AcDbTrace
 10
929.1189472222225
 20
500.24876666666654
 30
0.0
 11
941.1193888888884
 21
499.047911111111
 31
0.0
 12
947.1201388888885
 22
498.76709999999986
 32
0.0
 13
947.1201388888885
 23
498.76709999999986
 33
0.0
  0
SOLID
  5
789
330
17
100
AcDbEntity
  8
CENTER
 62
250
420
0
100
AcDbTrace
 10
929.1189472222225
 20
500.24876666666654
 30
0.0
 11
947.1201388888885
 21
498.76709999999986
 31
0.0
 12
953.1187722222218
 22
498.4876999999999
 32
0.0
 13
953.1187722222218
 23
498.4876999999999
 33
0.0
  0
SOLID
  5
78A
330
17
100
AcDbEntity
  8
CENTER
 62
250
420
0
100
AcDbTrace
 10
929.1189472222225
 20
500.24876666666654
 30
0.0
 11
953.1187722222218
 21
498.4876999999999
 31
0.0
 12
959.1195222222217
 22
498.1278666666666
 32
0.0
 13
959.1195222222217
 23
498.1278666666666
 33
0.0
  0
SOLID
  5
78B
330
17
100
AcDbEntity
  8
CENTER
 62
250
420
0
100
AcDbTrace
 10
1001.1194805555555
 20
495.44957777777773
 30
0.0
 11
929.1189472222225
 21
500.24876666666654
 31
0.0
 12
959.1195222222217
 22
498.1278666666666
 32
0.0
 13
959.1195222222217
 23
498.1278666666666
 33
0.0
  0
SOLID
  5
78C
330
17
100
AcDbEntity
  8
CENTER
 62
250
420
0
100
AcDbTrace
 10
1001.1194805555555
 20
495.44957777777773
 30
0.0
 11
959.1195222222217
 21
498.1278666666666
 31
0.0
 12
965.1202722222216
 22
497.7285222222221
 32
0.0
 13
965.1202722222216
 23
497.7285222222221
 33
0.0
  0
SOLID
  5
78D
330
17
100
AcDbEntity
  8
CENTER
 62
250
420
0
100
AcDbTrace
 10
1001.1194805555555
 20
495.44957777777773
 30
0.0
 11
965.1202722222216
 21
497.7285222222221
 31
0.0
 12
971.1189055555551
 22
497.32776666666655
 32
0.0
 13
971.1189055555551
 23
497.32776666666655
 33
0.0
  0
SOLID
  5
78E
330
17
100
AcDbEntity
  8
CENTER
 62
250
420
0
100
AcDbTrace
 10
1001.1194805555555
 20
495.44957777777773
 30
0.0
 11
971.1189055555551
 21
497.32776666666655
 31
0.0
 12
977.119655555555
 22
496.8084777777777
 32
0.0
 13
977.119655555555
 23
496.8084777777777
 33
0.0
  0
SOLID
  5
78F
330
17
100
AcDbEntity
  8
CENTER
 62
250
420
0
100
AcDbTrace
 10
1001.1194805555555
 20
495.44957777777773
 30
0.0
 11
977.119655555555
 21
496.8084777777777
 31
0.0
 12
983.120405555555
 22
496.24967777777766
 32
0.0
 13
983.120405555555
 23
496.24967777777766
 33
0.0
  0
SOLID
  5
790
330
17
100
AcDbEntity
  8
CENTER
 62
250
420
0
100
AcDbTrace
 10
1001.1194805555555
 20
495.44957777777773
 30
0.0
 11
983.120405555555
 21
496.24967777777766
 31
0.0
 12
989.1190388888883
 22
495.5695222222221
 32
0.0
 13
989.1190388888883
 23
495.5695222222221
 33
0.0
  0
SOLID
  5
791
330
17
100
AcDbEntity
  8
CENTER
 62
250
420
0
100
AcDbTrace
 10
1001.1194805555555
 20
495.44957777777773
 30
0.0
 11
989.1190388888883
 21
495.5695222222221
 31
0.0
 12
995.1197888888883
 22
494.81034444444424
 32
0.0
 13
995.1197888888883
 23
494.81034444444424
 33
0.0
  0
SOLID
  5
792
330
17
100
AcDbEntity
  8
CENTER
 62
250
420
0
100
AcDbTrace
 10
1001.1205388888882
 20
495.44957777777773
 30
0.0
 11
1001.1194805555555
 21
495.44957777777773
 31
0.0
 12
995.1197888888883
 22
494.81034444444424
 32
0.0
 13
995.1197888888883
 23
494.81034444444424
 33
0.0
  0
SOLID
  5
793
330
17
100
AcDbEntity
  8
CENTER
 62
250
420
0
100
AcDbTrace
 10
995.1197888888883
 20
494.81034444444424
 30
0.0
 11
1001.1205388888882
 21
493.84937777777765
 31
0.0
 12
1001.1205388888882
 22
495.44957777777773
 32
0.0
 13
1001.1205388888882
 23
495.44957777777773
 33
0.0
  0
HATCH
  5
794
330
17
100
AcDbEntity
  8
CENTER
 62
7
420
0
100
AcDbHatch
 10
0.0
 20
0.0
 30
0.0
210
0.0
220
0.0
230
1.0
  2
SOLID
 70
1
 71
0
 91
1
 92
3
 72
0
 73
1
 93
64
 10
1001.1194805555555
 20
495.44957777777773
 10
995.1187305555555
 20
496.2496777777777
 10
989.1179805555556
 20
496.9284222222222
 10
983.1193472222221
 20
497.48863333333327
 10
977.1185972222222
 20
497.96841111111104
 10
971.1178472222223
 20
498.3677555555555
 10
965.119213888889
 20
498.7275888888888
 10
959.118463888889
 20
499.0888333333332
 10
953.117713888889
 20
499.3682333333332
 10
947.1190805555557
 20
499.6081222222221
 10
941.1183305555559
 20
499.848011111111
 10
935.1175805555557
 20
500.0483888888888
 10
929.1189472222225
 20
500.24876666666654
 10
923.1181972222225
 20
500.4082222222221
 10
917.1174472222226
 20
500.56908888888876
 10
911.1188138888893
 20
500.7285444444443
 10
905.1180638888892
 20
500.8484888888887
 10
899.1173138888893
 20
501.00794444444426
 10
893.118680555556
 20
501.0883777777776
 10
887.1179305555561
 20
501.208322222222
 10
881.117180555556
 20
501.3282666666664
 10
875.1185472222227
 20
501.4086999999998
 10
869.1177972222229
 20
501.48913333333314
 10
863.1170472222229
 20
501.5695666666665
 10
857.1194722222222
 20
501.65
 10
851.1187222222222
 20
501.73043333333334
 10
845.1179722222223
 20
501.81086666666664
 10
839.1193388888889
 20
501.8913
 10
833.118588888889
 20
501.93222222222226
 10
827.1178388888891
 20
502.0126555555556
 10
821.1192055555556
 20
502.0521666666667
 10
821.1192055555556
 20
501.65
 10
827.1178388888891
 20
501.5695666666666
 10
833.118588888889
 20
501.53005555555546
 10
839.1193388888889
 20
501.4496222222221
 10
845.1179722222223
 20
501.36918888888874
 10
851.1187222222222
 20
501.2887555555554
 10
857.1194722222222
 20
501.208322222222
 10
863.1181055555555
 20
501.0883777777776
 10
869.1188555555556
 20
501.00794444444426
 10
875.1196055555555
 20
500.88799999999986
 10
881.1182388888888
 20
500.7680555555554
 10
887.1189888888887
 20
500.648111111111
 10
893.1197388888887
 20
500.5281666666666
 10
899.1183722222221
 20
500.40681111111104
 10
905.119122222222
 20
500.2473555555555
 10
911.1198722222219
 20
500.08789999999993
 10
917.1185055555552
 20
499.9284444444444
 10
923.1192555555552
 20
499.72806666666656
 10
929.1200055555552
 20
499.5276888888888
 10
935.1186388888885
 20
499.2877999999999
 10
941.1193888888884
 20
499.047911111111
 10
947.1201388888885
 20
498.76709999999986
 10
953.1187722222218
 20
498.4876999999999
 10
959.1195222222217
 20
498.1278666666666
 10
965.1202722222216
 20
497.7285222222221
 10
971.1189055555551
 20
497.32776666666655
 10
977.119655555555
 20
496.8084777777777
 10
983.120405555555
 20
496.24967777777766
 10
989.1190388888883
 20
495.5695222222221
 10
995.1197888888883
 20
494.81034444444424
 10
1001.1205388888882
 20
493.84937777777765
 10
1001.1205388888882
 20
495.44957777777773
 10
1001.1194805555555
 20
495.44957777777773
 97
0
 75
1
 76
1
 98
0
  0
LWPOLYLINE
  5
795
330
17
100
AcDbEntity
  8
CENTER
 62
250
100
AcDbPolyline
 90
63
 70
1
 10
1001.1194805555555
 20
492.25058888888884
 10
995.1187305555555
 20
493.33008888888884
 10
989.1179805555556
 20
494.24872222222217
 10
983.1193472222221
 20
495.00931111111106
 10
977.1185972222222
 20
495.6880555555555
 10
971.1178472222223
 20
496.24826666666655
 10
965.119213888889
 20
496.7280444444443
 10
959.118463888889
 20
497.20782222222203
 10
953.117713888889
 20
497.56906666666646
 10
947.1190805555557
 20
497.92889999999977
 10
941.1183305555559
 20
498.249222222222
 10
935.1175805555557
 20
498.52862222222194
 10
929.1189472222225
 20
498.80802222222195
 10
923.1181972222225
 20
499.0493222222219
 10
917.1174472222226
 20
499.2496999999997
 10
911.1188138888893
 20
499.45007777777744
 10
905.1180638888892
 20
499.65045555555525
 10
899.1173138888893
 20
499.8099111111108
 10
893.118680555556
 20
499.96936666666636
 10
887.1179305555561
 20
500.1288222222219
 10
881.117180555556
 20
500.2487666666663
 10
875.1185472222227
 20
500.3701222222219
 10
869.1177972222229
 20
500.4900666666663
 10
863.1170472222229
 20
500.61001111111074
 10
857.1184138888894
 20
500.72995555555514
 10
851.1176638888895
 20
500.8103888888885
 10
845.1169138888896
 20
500.9303333333329
 10
839.1182805555561
 20
501.01076666666626
 10
833.1175305555562
 20
501.0911999999996
 10
827.1167805555563
 20
501.171633333333
 10
821.118147222223
 20
501.25206666666634
 10
821.118147222223
 20
500.85272222222187
 10
827.1167805555563
 20
500.7722888888885
 10
833.1175305555562
 20
500.69185555555515
 10
839.1182805555561
 20
500.57191111111075
 10
845.1169138888896
 20
500.4914777777774
 10
851.1176638888895
 20
500.37153333333293
 10
857.1184138888894
 20
500.25017777777737
 10
863.1170472222229
 20
500.13023333333297
 10
869.1177972222229
 20
500.01028888888857
 10
875.1185472222227
 20
499.850833333333
 10
881.117180555556
 20
499.73088888888856
 10
887.1179305555561
 20
499.571433333333
 10
893.118680555556
 20
499.41197777777745
 10
899.1173138888893
 20
499.2115999999997
 10
905.1180638888892
 20
499.01122222222193
 10
911.1188138888893
 20
498.80943333333306
 10
917.1174472222226
 20
498.56954444444415
 10
923.1181972222225
 20
498.32965555555523
 10
929.1189472222225
 20
498.0502555555553
 10
935.1175805555557
 20
497.77085555555533
 10
941.1183305555559
 20
497.4505333333331
 10
947.1190805555557
 20
497.08928888888875
 10
953.117713888889
 20
496.6899444444443
 10
959.118463888889
 20
496.24967777777755
 10
965.119213888889
 20
495.7289777777775
 10
971.1178472222223
 20
495.1701777777775
 10
977.1185972222222
 20
494.53094444444423
 10
983.1193472222221
 20
493.77035555555534
 10
989.1179805555556
 20
492.9307444444442
 10
995.1187305555555
 20
491.8921666666664
 10
1001.1194805555555
 20
490.65179999999975
 10
1001.1194805555555
 20
492.25058888888884
  0
SOLID
  5
796
330
17
100
AcDbEntity
  8
CENTER
 62
250
420
0
100
AcDbTrace
 10
1001.1194805555555
 20
490.65179999999975
 30
0.0
 11
1001.1194805555555
 21
492.25058888888884
 31
0.0
 12
995.1187305555555
 22
493.33008888888884
 32
0.0
 13
995.1187305555555
 23
493.33008888888884
 33
0.0
  0
SOLID
  5
797
330
17
100
AcDbEntity
  8
CENTER
 62
250
420
0
100
AcDbTrace
 10
1001.1194805555555
 20
490.65179999999975
 30
0.0
 11
995.1187305555555
 21
493.33008888888884
 31
0.0
 12
989.1179805555556
 22
494.24872222222217
 32
0.0
 13
989.1179805555556
 23
494.24872222222217
 33
0.0
  0
SOLID
  5
798
330
17
100
AcDbEntity
  8
CENTER
 62
250
420
0
100
AcDbTrace
 10
1001.1194805555555
 20
490.65179999999975
 30
0.0
 11
989.1179805555556
 21
494.24872222222217
 31
0.0
 12
983.1193472222221
 22
495.00931111111106
 32
0.0
 13
983.1193472222221
 23
495.00931111111106
 33
0.0
  0
SOLID
  5
799
330
17
100
AcDbEntity
  8
CENTER
 62
250
420
0
100
AcDbTrace
 10
1001.1194805555555
 20
490.65179999999975
 30
0.0
 11
983.1193472222221
 21
495.00931111111106
 31
0.0
 12
977.1185972222222
 22
495.6880555555555
 32
0.0
 13
977.1185972222222
 23
495.6880555555555
 33
0.0
  0
SOLID
  5
79A
330
17
100
AcDbEntity
  8
CENTER
 62
250
420
0
100
AcDbTrace
 10
977.1185972222222
 20
495.6880555555555
 30
0.0
 11
971.1178472222223
 21
496.24826666666655
 31
0.0
 12
965.119213888889
 22
496.7280444444443
 32
0.0
 13
965.119213888889
 23
496.7280444444443
 33
0.0
  0
SOLID
  5
79B
330
17
100
AcDbEntity
  8
CENTER
 62
250
420
0
100
AcDbTrace
 10
977.1185972222222
 20
495.6880555555555
 30
0.0
 11
965.119213888889
 21
496.7280444444443
 31
0.0
 12
959.118463888889
 22
497.20782222222203
 32
0.0
 13
959.118463888889
 23
497.20782222222203
 33
0.0
  0
SOLID
  5
79C
330
17
100
AcDbEntity
  8
CENTER
 62
250
420
0
100
AcDbTrace
 10
977.1185972222222
 20
495.6880555555555
 30
0.0
 11
959.118463888889
 21
497.20782222222203
 31
0.0
 12
953.117713888889
 22
497.56906666666646
 32
0.0
 13
953.117713888889
 23
497.56906666666646
 33
0.0
  0
SOLID
  5
79D
330
17
100
AcDbEntity
  8
CENTER
 62
250
420
0
100
AcDbTrace
 10
977.1185972222222
 20
495.6880555555555
 30
0.0
 11
953.117713888889
 21
497.56906666666646
 31
0.0
 12
947.1190805555557
 22
497.92889999999977
 32
0.0
 13
947.1190805555557
 23
497.92889999999977
 33
0.0
  0
SOLID
  5
79E
330
17
100
AcDbEntity
  8
CENTER
 62
250
420
0
100
AcDbTrace
 10
977.1185972222222
 20
495.6880555555555
 30
0.0
 11
947.1190805555557
 21
497.92889999999977
 31
0.0
 12
941.1183305555559
 22
498.249222222222
 32
0.0
 13
941.1183305555559
 23
498.249222222222
 33
0.0
  0
SOLID
  5
79F
330
17
100
AcDbEntity
  8
CENTER
 62
250
420
0
100
AcDbTrace
 10
977.1185972222222
 20
495.6880555555555
 30
0.0
 11
941.1183305555559
 21
498.249222222222
 31
0.0
 12
935.1175805555557
 22
498.52862222222194
 32
0.0
 13
935.1175805555557
 23
498.52862222222194
 33
0.0
  0
SOLID
  5
7A0
330
17
100
AcDbEntity
  8
CENTER
 62
250
420
0
100
AcDbTrace
 10
977.1185972222222
 20
495.6880555555555
 30
0.0
 11
935.1175805555557
 21
498.52862222222194
 31
0.0
 12
929.1189472222225
 22
498.80802222222195
 32
0.0
 13
929.1189472222225
 23
498.80802222222195
 33
0.0
  0
SOLID
  5
7A1
330
17
100
AcDbEntity
  8
CENTER
 62
250
420
0
100
AcDbTrace
 10
977.1185972222222
 20
495.6880555555555
 30
0.0
 11
929.1189472222225
 21
498.80802222222195
 31
0.0
 12
923.1181972222225
 22
499.0493222222219
 32
0.0
 13
923.1181972222225
 23
499.0493222222219
 33
0.0
  0
SOLID
  5
7A2
330
17
100
AcDbEntity
  8
CENTER
 62
250
420
0
100
AcDbTrace
 10
977.1185972222222
 20
495.6880555555555
 30
0.0
 11
923.1181972222225
 21
499.0493222222219
 31
0.0
 12
917.1174472222226
 22
499.2496999999997
 32
0.0
 13
917.1174472222226
 23
499.2496999999997
 33
0.0
  0
SOLID
  5
7A3
330
17
100
AcDbEntity
  8
CENTER
 62
250
420
0
100
AcDbTrace
 10
977.1185972222222
 20
495.6880555555555
 30
0.0
 11
917.1174472222226
 21
499.2496999999997
 31
0.0
 12
911.1188138888893
 22
499.45007777777744
 32
0.0
 13
911.1188138888893
 23
499.45007777777744
 33
0.0
  0
SOLID
  5
7A4
330
17
100
AcDbEntity
  8
CENTER
 62
250
420
0
100
AcDbTrace
 10
977.1185972222222
 20
495.6880555555555
 30
0.0
 11
911.1188138888893
 21
499.45007777777744
 31
0.0
 12
905.1180638888892
 22
499.65045555555525
 32
0.0
 13
905.1180638888892
 23
499.65045555555525
 33
0.0
  0
SOLID
  5
7A5
330
17
100
AcDbEntity
  8
CENTER
 62
250
420
0
100
AcDbTrace
 10
977.1185972222222
 20
495.6880555555555
 30
0.0
 11
905.1180638888892
 21
499.65045555555525
 31
0.0
 12
899.1173138888893
 22
499.8099111111108
 32
0.0
 13
899.1173138888893
 23
499.8099111111108
 33
0.0
  0
SOLID
  5
7A6
330
17
100
AcDbEntity
  8
CENTER
 62
250
420
0
100
AcDbTrace
 10
977.1185972222222
 20
495.6880555555555
 30
0.0
 11
899.1173138888893
 21
499.8099111111108
 31
0.0
 12
893.118680555556
 22
499.96936666666636
 32
0.0
 13
893.118680555556
 23
499.96936666666636
 33
0.0
  0
SOLID
  5
7A7
330
17
100
AcDbEntity
  8
CENTER
 62
250
420
0
100
AcDbTrace
 10
893.118680555556
 20
499.96936666666636
 30
0.0
 11
887.1179305555561
 21
500.1288222222219
 31
0.0
 12
881.117180555556
 22
500.2487666666663
 32
0.0
 13
881.117180555556
 23
500.2487666666663
 33
0.0
  0
SOLID
  5
7A8
330
17
100
AcDbEntity
  8
CENTER
 62
250
420
0
100
AcDbTrace
 10
893.118680555556
 20
499.96936666666636
 30
0.0
 11
881.117180555556
 21
500.2487666666663
 31
0.0
 12
875.1185472222227
 22
500.3701222222219
 32
0.0
 13
875.1185472222227
 23
500.3701222222219
 33
0.0
  0
SOLID
  5
7A9
330
17
100
AcDbEntity
  8
CENTER
 62
250
420
0
100
AcDbTrace
 10
893.118680555556
 20
499.96936666666636
 30
0.0
 11
875.1185472222227
 21
500.3701222222219
 31
0.0
 12
869.1177972222229
 22
500.4900666666663
 32
0.0
 13
869.1177972222229
 23
500.4900666666663
 33
0.0
  0
SOLID
  5
7AA
330
17
100
AcDbEntity
  8
CENTER
 62
250
420
0
100
AcDbTrace
 10
893.118680555556
 20
499.96936666666636
 30
0.0
 11
869.1177972222229
 21
500.4900666666663
 31
0.0
 12
863.1170472222229
 22
500.61001111111074
 32
0.0
 13
863.1170472222229
 23
500.61001111111074
 33
0.0
  0
SOLID
  5
7AB
330
17
100
AcDbEntity
  8
CENTER
 62
250
420
0
100
AcDbTrace
 10
893.118680555556
 20
499.96936666666636
 30
0.0
 11
863.1170472222229
 21
500.61001111111074
 31
0.0
 12
857.1184138888894
 22
500.72995555555514
 32
0.0
 13
857.1184138888894
 23
500.72995555555514
 33
0.0
  0
SOLID
  5
7AC
330
17
100
AcDbEntity
  8
CENTER
 62
250
420
0
100
AcDbTrace
 10
893.118680555556
 20
499.96936666666636
 30
0.0
 11
857.1184138888894
 21
500.72995555555514
 31
0.0
 12
851.1176638888895
 22
500.8103888888885
 32
0.0
 13
851.1176638888895
 23
500.8103888888885
 33
0.0
  0
SOLID
  5
7AD
330
17
100
AcDbEntity
  8
CENTER
 62
250
420
0
100
AcDbTrace
 10
893.118680555556
 20
499.96936666666636
 30
0.0
 11
851.1176638888895
 21
500.8103888888885
 31
0.0
 12
845.1169138888896
 22
500.9303333333329
 32
0.0
 13
845.1169138888896
 23
500.9303333333329
 33
0.0
  0
SOLID
  5
7AE
330
17
100
AcDbEntity
  8
CENTER
 62
250
420
0
100
AcDbTrace
 10
893.118680555556
 20
499.96936666666636
 30
0.0
 11
845.1169138888896
 21
500.9303333333329
 31
0.0
 12
839.1182805555561
 22
501.01076666666626
 32
0.0
 13
839.1182805555561
 23
501.01076666666626
 33
0.0
  0
SOLID
  5
7AF
330
17
100
AcDbEntity
  8
CENTER
 62
250
420
0
100
AcDbTrace
 10
893.118680555556
 20
499.96936666666636
 30
0.0
 11
839.1182805555561
 21
501.01076666666626
 31
0.0
 12
833.1175305555562
 22
501.0911999999996
 32
0.0
 13
833.1175305555562
 23
501.0911999999996
 33
0.0
  0
SOLID
  5
7B0
330
17
100
AcDbEntity
  8
CENTER
 62
250
420
0
100
AcDbTrace
 10
893.118680555556
 20
499.96936666666636
 30
0.0
 11
833.1175305555562
 21
501.0911999999996
 31
0.0
 12
827.1167805555563
 22
501.171633333333
 32
0.0
 13
827.1167805555563
 23
501.171633333333
 33
0.0
  0
SOLID
  5
7B1
330
17
100
AcDbEntity
  8
CENTER
 62
250
420
0
100
AcDbTrace
 10
893.118680555556
 20
499.96936666666636
 30
0.0
 11
827.1167805555563
 21
501.171633333333
 31
0.0
 12
821.118147222223
 22
501.25206666666634
 32
0.0
 13
821.118147222223
 23
501.25206666666634
 33
0.0
  0
SOLID
  5
7B2
330
17
100
AcDbEntity
  8
CENTER
 62
250
420
0
100
AcDbTrace
 10
893.118680555556
 20
499.96936666666636
 30
0.0
 11
821.118147222223
 21
501.25206666666634
 31
0.0
 12
821.118147222223
 22
500.85272222222187
 32
0.0
 13
821.118147222223
 23
500.85272222222187
 33
0.0
  0
SOLID
  5
7B3
330
17
100
AcDbEntity
  8
CENTER
 62
250
420
0
100
AcDbTrace
 10
893.118680555556
 20
499.96936666666636
 30
0.0
 11
821.118147222223
 21
500.85272222222187
 31
0.0
 12
827.1167805555563
 22
500.7722888888885
 32
0.0
 13
827.1167805555563
 23
500.7722888888885
 33
0.0
  0
SOLID
  5
7B4
330
17
100
AcDbEntity
  8
CENTER
 62
250
420
0
100
AcDbTrace
 10
893.118680555556
 20
499.96936666666636
 30
0.0
 11
827.1167805555563
 21
500.7722888888885
 31
0.0
 12
833.1175305555562
 22
500.69185555555515
 32
0.0
 13
833.1175305555562
 23
500.69185555555515
 33
0.0
  0
SOLID
  5
7B5
330
17
100
AcDbEntity
  8
CENTER
 62
250
420
0
100
AcDbTrace
 10
893.118680555556
 20
499.96936666666636
 30
0.0
 11
833.1175305555562
 21
500.69185555555515
 31
0.0
 12
839.1182805555561
 22
500.57191111111075
 32
0.0
 13
839.1182805555561
 23
500.57191111111075
 33
0.0
  0
SOLID
  5
7B6
330
17
100
AcDbEntity
  8
CENTER
 62
250
420
0
100
AcDbTrace
 10
893.118680555556
 20
499.96936666666636
 30
0.0
 11
839.1182805555561
 21
500.57191111111075
 31
0.0
 12
845.1169138888896
 22
500.4914777777774
 32
0.0
 13
845.1169138888896
 23
500.4914777777774
 33
0.0
  0
SOLID
  5
7B7
330
17
100
AcDbEntity
  8
CENTER
 62
250
420
0
100
AcDbTrace
 10
893.118680555556
 20
499.96936666666636
 30
0.0
 11
845.1169138888896
 21
500.4914777777774
 31
0.0
 12
851.1176638888895
 22
500.37153333333293
 32
0.0
 13
851.1176638888895
 23
500.37153333333293
 33
0.0
  0
SOLID
  5
7B8
330
17
100
AcDbEntity
  8
CENTER
 62
250
420
0
100
AcDbTrace
 10
893.118680555556
 20
499.96936666666636
 30
0.0
 11
851.1176638888895
 21
500.37153333333293
 31
0.0
 12
857.1184138888894
 22
500.25017777777737
 32
0.0
 13
857.1184138888894
 23
500.25017777777737
 33
0.0
  0
SOLID
  5
7B9
330
17
100
AcDbEntity
  8
CENTER
 62
250
420
0
100
AcDbTrace
 10
893.118680555556
 20
499.96936666666636
 30
0.0
 11
857.1184138888894
 21
500.25017777777737
 31
0.0
 12
863.1170472222229
 22
500.13023333333297
 32
0.0
 13
863.1170472222229
 23
500.13023333333297
 33
0.0
  0
SOLID
  5
7BA
330
17
100
AcDbEntity
  8
CENTER
 62
250
420
0
100
AcDbTrace
 10
893.118680555556
 20
499.96936666666636
 30
0.0
 11
863.1170472222229
 21
500.13023333333297
 31
0.0
 12
869.1177972222229
 22
500.01028888888857
 32
0.0
 13
869.1177972222229
 23
500.01028888888857
 33
0.0
  0
SOLID
  5
7BB
330
17
100
AcDbEntity
  8
CENTER
 62
250
420
0
100
AcDbTrace
 10
893.118680555556
 20
499.96936666666636
 30
0.0
 11
869.1177972222229
 21
500.01028888888857
 31
0.0
 12
875.1185472222227
 22
499.850833333333
 32
0.0
 13
875.1185472222227
 23
499.850833333333
 33
0.0
  0
SOLID
  5
7BC
330
17
100
AcDbEntity
  8
CENTER
 62
250
420
0
100
AcDbTrace
 10
893.118680555556
 20
499.96936666666636
 30
0.0
 11
875.1185472222227
 21
499.850833333333
 31
0.0
 12
881.117180555556
 22
499.73088888888856
 32
0.0
 13
881.117180555556
 23
499.73088888888856
 33
0.0
  0
SOLID
  5
7BD
330
17
100
AcDbEntity
  8
CENTER
 62
250
420
0
100
AcDbTrace
 10
893.118680555556
 20
499.96936666666636
 30
0.0
 11
881.117180555556
 21
499.73088888888856
 31
0.0
 12
887.1179305555561
 22
499.571433333333
 32
0.0
 13
887.1179305555561
 23
499.571433333333
 33
0.0
  0
SOLID
  5
7BE
330
17
100
AcDbEntity
  8
CENTER
 62
250
420
0
100
AcDbTrace
 10
893.118680555556
 20
499.96936666666636
 30
0.0
 11
887.1179305555561
 21
499.571433333333
 31
0.0
 12
893.118680555556
 22
499.41197777777745
 32
0.0
 13
893.118680555556
 23
499.41197777777745
 33
0.0
  0
SOLID
  5
7BF
330
17
100
AcDbEntity
  8
CENTER
 62
250
420
0
100
AcDbTrace
 10
893.118680555556
 20
499.96936666666636
 30
0.0
 11
893.118680555556
 21
499.41197777777745
 31
0.0
 12
899.1173138888893
 22
499.2115999999997
 32
0.0
 13
899.1173138888893
 23
499.2115999999997
 33
0.0
  0
SOLID
  5
7C0
330
17
100
AcDbEntity
  8
CENTER
 62
250
420
0
100
AcDbTrace
 10
893.118680555556
 20
499.96936666666636
 30
0.0
 11
899.1173138888893
 21
499.2115999999997
 31
0.0
 12
905.1180638888892
 22
499.01122222222193
 32
0.0
 13
905.1180638888892
 23
499.01122222222193
 33
0.0
  0
SOLID
  5
7C1
330
17
100
AcDbEntity
  8
CENTER
 62
250
420
0
100
AcDbTrace
 10
893.118680555556
 20
499.96936666666636
 30
0.0
 11
905.1180638888892
 21
499.01122222222193
 31
0.0
 12
911.1188138888893
 22
498.80943333333306
 32
0.0
 13
911.1188138888893
 23
498.80943333333306
 33
0.0
  0
SOLID
  5
7C2
330
17
100
AcDbEntity
  8
CENTER
 62
250
420
0
100
AcDbTrace
 10
893.118680555556
 20
499.96936666666636
 30
0.0
 11
911.1188138888893
 21
498.80943333333306
 31
0.0
 12
917.1174472222226
 22
498.56954444444415
 32
0.0
 13
917.1174472222226
 23
498.56954444444415
 33
0.0
  0
SOLID
  5
7C3
330
17
100
AcDbEntity
  8
CENTER
 62
250
420
0
100
AcDbTrace
 10
893.118680555556
 20
499.96936666666636
 30
0.0
 11
917.1174472222226
 21
498.56954444444415
 31
0.0
 12
923.1181972222225
 22
498.32965555555523
 32
0.0
 13
923.1181972222225
 23
498.32965555555523
 33
0.0
  0
SOLID
  5
7C4
330
17
100
AcDbEntity
  8
CENTER
 62
250
420
0
100
AcDbTrace
 10
893.118680555556
 20
499.96936666666636
 30
0.0
 11
923.1181972222225
 21
498.32965555555523
 31
0.0
 12
929.1189472222225
 22
498.0502555555553
 32
0.0
 13
929.1189472222225
 23
498.0502555555553
 33
0.0
  0
SOLID
  5
7C5
330
17
100
AcDbEntity
  8
CENTER
 62
250
420
0
100
AcDbTrace
 10
893.118680555556
 20
499.96936666666636
 30
0.0
 11
929.1189472222225
 21
498.0502555555553
 31
0.0
 12
935.1175805555557
 22
497.77085555555533
 32
0.0
 13
935.1175805555557
 23
497.77085555555533
 33
0.0
  0
SOLID
  5
7C6
330
17
100
AcDbEntity
  8
CENTER
 62
250
420
0
100
AcDbTrace
 10
977.1185972222222
 20
495.6880555555555
 30
0.0
 11
893.118680555556
 21
499.96936666666636
 31
0.0
 12
935.1175805555557
 22
497.77085555555533
 32
0.0
 13
935.1175805555557
 23
497.77085555555533
 33
0.0
  0
SOLID
  5
7C7
330
17
100
AcDbEntity
  8
CENTER
 62
250
420
0
100
AcDbTrace
 10
977.1185972222222
 20
495.6880555555555
 30
0.0
 11
935.1175805555557
 21
497.77085555555533
 31
0.0
 12
941.1183305555559
 22
497.4505333333331
 32
0.0
 13
941.1183305555559
 23
497.4505333333331
 33
0.0
  0
SOLID
  5
7C8
330
17
100
AcDbEntity
  8
CENTER
 62
250
420
0
100
AcDbTrace
 10
977.1185972222222
 20
495.6880555555555
 30
0.0
 11
941.1183305555559
 21
497.4505333333331
 31
0.0
 12
947.1190805555557
 22
497.08928888888875
 32
0.0
 13
947.1190805555557
 23
497.08928888888875
 33
0.0
  0
SOLID
  5
7C9
330
17
100
AcDbEntity
  8
CENTER
 62
250
420
0
100
AcDbTrace
 10
977.1185972222222
 20
495.6880555555555
 30
0.0
 11
947.1190805555557
 21
497.08928888888875
 31
0.0
 12
953.117713888889
 22
496.6899444444443
 32
0.0
 13
953.117713888889
 23
496.6899444444443
 33
0.0
  0
SOLID
  5
7CA
330
17
100
AcDbEntity
  8
CENTER
 62
250
420
0
100
AcDbTrace
 10
977.1185972222222
 20
495.6880555555555
 30
0.0
 11
953.117713888889
 21
496.6899444444443
 31
0.0
 12
959.118463888889
 22
496.24967777777755
 32
0.0
 13
959.118463888889
 23
496.24967777777755
 33
0.0
  0
SOLID
  5
7CB
330
17
100
AcDbEntity
  8
CENTER
 62
250
420
0
100
AcDbTrace
 10
977.1185972222222
 20
495.6880555555555
 30
0.0
 11
959.118463888889
 21
496.24967777777755
 31
0.0
 12
965.119213888889
 22
495.7289777777775
 32
0.0
 13
965.119213888889
 23
495.7289777777775
 33
0.0
  0
SOLID
  5
7CC
330
17
100
AcDbEntity
  8
CENTER
 62
250
420
0
100
AcDbTrace
 10
977.1185972222222
 20
495.6880555555555
 30
0.0
 11
965.119213888889
 21
495.7289777777775
 31
0.0
 12
971.1178472222223
 22
495.1701777777775
 32
0.0
 13
971.1178472222223
 23
495.1701777777775
 33
0.0
  0
SOLID
  5
7CD
330
17
100
AcDbEntity
  8
CENTER
 62
250
420
0
100
AcDbTrace
 10
977.1185972222222
 20
495.6880555555555
 30
0.0
 11
971.1178472222223
 21
495.1701777777775
 31
0.0
 12
977.1185972222222
 22
494.53094444444423
 32
0.0
 13
977.1185972222222
 23
494.53094444444423
 33
0.0
  0
SOLID
  5
7CE
330
17
100
AcDbEntity
  8
CENTER
 62
250
420
0
100
AcDbTrace
 10
977.1185972222222
 20
495.6880555555555
 30
0.0
 11
977.1185972222222
 21
494.53094444444423
 31
0.0
 12
983.1193472222221
 22
493.77035555555534
 32
0.0
 13
983.1193472222221
 23
493.77035555555534
 33
0.0
  0
SOLID
  5
7CF
330
17
100
AcDbEntity
  8
CENTER
 62
250
420
0
100
AcDbTrace
 10
977.1185972222222
 20
495.6880555555555
 30
0.0
 11
983.1193472222221
 21
493.77035555555534
 31
0.0
 12
989.1179805555556
 22
492.9307444444442
 32
0.0
 13
989.1179805555556
 23
492.9307444444442
 33
0.0
  0
SOLID
  5
7D0
330
17
100
AcDbEntity
  8
CENTER
 62
250
420
0
100
AcDbTrace
 10
977.1185972222222
 20
495.6880555555555
 30
0.0
 11
989.1179805555556
 21
492.9307444444442
 31
0.0
 12
995.1187305555555
 22
491.8921666666664
 32
0.0
 13
995.1187305555555
 23
491.8921666666664
 33
0.0
  0
SOLID
  5
7D1
330
17
100
AcDbEntity
  8
CENTER
 62
250
420
0
100
AcDbTrace
 10
977.1185972222222
 20
495.6880555555555
 30
0.0
 11
995.1187305555555
 21
491.8921666666664
 31
0.0
 12
1001.1194805555555
 22
490.65179999999975
 32
0.0
 13
1001.1194805555555
 23
490.65179999999975
 33
0.0
  0
HATCH
  5
7D2
330
17
100
AcDbEntity
  8
CENTER
 62
7
420
0
100
AcDbHatch
 10
0.0
 20
0.0
 30
0.0
210
0.0
220
0.0
230
1.0
  2
SOLID
 70
1
 71
0
 91
1
 92
3
 72
0
 73
1
 93
63
 10
1001.1194805555555
 20
492.25058888888884
 10
995.1187305555555
 20
493.33008888888884
 10
989.1179805555556
 20
494.24872222222217
 10
983.1193472222221
 20
495.00931111111106
 10
977.1185972222222
 20
495.6880555555555
 10
971.1178472222223
 20
496.24826666666655
 10
965.119213888889
 20
496.7280444444443
 10
959.118463888889
 20
497.20782222222203
 10
953.117713888889
 20
497.56906666666646
 10
947.1190805555557
 20
497.92889999999977
 10
941.1183305555559
 20
498.249222222222
 10
935.1175805555557
 20
498.52862222222194
 10
929.1189472222225
 20
498.80802222222195
 10
923.1181972222225
 20
499.0493222222219
 10
917.1174472222226
 20
499.2496999999997
 10
911.1188138888893
 20
499.45007777777744
 10
905.1180638888892
 20
499.65045555555525
 10
899.1173138888893
 20
499.8099111111108
 10
893.118680555556
 20
499.96936666666636
 10
887.1179305555561
 20
500.1288222222219
 10
881.117180555556
 20
500.2487666666663
 10
875.1185472222227
 20
500.3701222222219
 10
869.1177972222229
 20
500.4900666666663
 10
863.1170472222229
 20
500.61001111111074
 10
857.1184138888894
 20
500.72995555555514
 10
851.1176638888895
 20
500.8103888888885
 10
845.1169138888896
 20
500.9303333333329
 10
839.1182805555561
 20
501.01076666666626
 10
833.1175305555562
 20
501.0911999999996
 10
827.1167805555563
 20
501.171633333333
 10
821.118147222223
 20
501.25206666666634
 10
821.118147222223
 20
500.85272222222187
 10
827.1167805555563
 20
500.7722888888885
 10
833.1175305555562
 20
500.69185555555515
 10
839.1182805555561
 20
500.57191111111075
 10
845.1169138888896
 20
500.4914777777774
 10
851.1176638888895
 20
500.37153333333293
 10
857.1184138888894
 20
500.25017777777737
 10
863.1170472222229
 20
500.13023333333297
 10
869.1177972222229
 20
500.01028888888857
 10
875.1185472222227
 20
499.850833333333
 10
881.117180555556
 20
499.73088888888856
 10
887.1179305555561
 20
499.571433333333
 10
893.118680555556
 20
499.41197777777745
 10
899.1173138888893
 20
499.2115999999997
 10
905.1180638888892
 20
499.01122222222193
 10
911.1188138888893
 20
498.80943333333306
 10
917.1174472222226
 20
498.56954444444415
 10
923.1181972222225
 20
498.32965555555523
 10
929.1189472222225
 20
498.0502555555553
 10
935.1175805555557
 20
497.77085555555533
 10
941.1183305555559
 20
497.4505333333331
 10
947.1190805555557
 20
497.08928888888875
 10
953.117713888889
 20
496.6899444444443
 10
959.118463888889
 20
496.24967777777755
 10
965.119213888889
 20
495.7289777777775
 10
971.1178472222223
 20
495.1701777777775
 10
977.1185972222222
 20
494.53094444444423
 10
983.1193472222221
 20
493.77035555555534
 10
989.1179805555556
 20
492.9307444444442
 10
995.1187305555555
 20
491.8921666666664
 10
1001.1194805555555
 20
490.65179999999975
 10
1001.1194805555555
 20
492.25058888888884
 97
0
 75
1
 76
1
 98
0
  0
TEXT
  5
7D3
330
17
100
AcDbEntity
  8
LABELS
 62
250
100
AcDbText
 10
985.8600072222221
 20
443.5291555555555
 30
0.0
 40
16.93333333333333
  1
6
 11
985.8600072222221
 21
443.5291555555555
 31
0.0
100
AcDbText
  0
TEXT
  5
7D4
330
17
100
AcDbEntity
  8
LABELS
 62
250
100
AcDbText
 10
838.6028722222221
 20
453.47579555555546
 30
0.0
 40
16.93333333333333
  1
18
 11
838.6028722222221
 21
453.47579555555546
 31
0.0
100
AcDbText
  0
TEXT
  5
7D5
330
17
100
AcDbEntity
  8
LABELS
 62
250
100
AcDbText
 10
862.6034380555554
 20
452.70547
 30
0.0
 40
16.93333333333333
  1
16
 11
862.6034380555554
 21
452.70547
 31
0.0
100
AcDbText
  0
TEXT
  5
7D6
330
17
100
AcDbEntity
  8
LABELS
 62
250
100
AcDbText
 10
886.6040038888888
 20
452.24530666666664
 30
0.0
 40
16.93333333333333
  1
14
 11
886.6040038888888
 21
452.24530666666664
 31
0.0
100
AcDbText
  0
TEXT
  5
7D7
330
17
100
AcDbEntity
  8
LABELS
 62
250
100
AcDbText
 10
910.6025588888888
 20
450.47591444444436
 30
0.0
 40
16.93333333333333
  1
12
 11
910.6025588888888
 21
450.47591444444436
 31
0.0
100
AcDbText
  0
TEXT
  5
7D8
330
17
100
AcDbEntity
  8
LABELS
 62
250
100
AcDbText
 10
934.6031247222222
 20
448.70779222222217
 30
0.0
 40
16.93333333333333
  1
10
 11
934.6031247222222
 21
448.70779222222217
 31
0.0
100
AcDbText
  0
TEXT
  5
7D9
330
17
100
AcDbEntity
  8
LABELS
 62
250
100
AcDbText
 10
961.8614522222222
 20
447.0155877777777
 30
0.0
 40
16.93333333333333
  1
8
 11
961.8614522222222
 21
447.0155877777777
 31
0.0
100
AcDbText
  0
TEXT
  5
7DA
330
17
100
AcDbEntity
  8
NOTES
 62
250
100
AcDbText
 10
826.6871501388887
 20
947.367309111111
 30
0.0
 40
9.6
  1
Region: CENTER   Aspect: 4:3   4X   Full PH=800 mm   Tile height=671 mm   If this tile fills the frame, multiply labeled LW/PH by 1.19
 72
1
 11
826.6871501388887
 21
947.367309111111
 31
0.0
100
AcDbText
 73
2
  0
ENDSEC
  0
SECTION
  2
OBJECTS
  0
DICTIONARY
  5
A
330
0
100
AcDbDictionary
281
1
  3
ACAD_COLOR
350
B
  3
ACAD_GROUP
350
C
  3
ACAD_LAYOUT
350
D
  3
ACAD_MATERIAL
350
E
  3
ACAD_MLEADERSTYLE
350
F
  3
ACAD_MLINESTYLE
350
10
  3
ACAD_PLOTSETTINGS
350
11
  3
ACAD_PLOTSTYLENAME
350
12
  3
ACAD_SCALELIST
350
14
  3
ACAD_TABLESTYLE
350
15
  3
ACAD_VISUALSTYLE
350
16
  3
EZDXF_META
350
2D
  0
DICTIONARY
  5
B
330
A
100
AcDbDictionary
281
1
  0
DICTIONARY
  5
C
330
A
100
AcDbDictionary
281
1
  0
DICTIONARY
  5
D
330
A
100
AcDbDictionary
281
1
  3
Model
350
1A
  3
Layout1
350
1E
  0
DICTIONARY
  5
E
330
A
100
AcDbDictionary
281
1
  3
ByBlock
350
1F
  3
ByLayer
350
20
  3
Global
350
21
  0
DICTIONARY
  5
F
330
A
100
AcDbDictionary
281
1
  3
Standard
350
2C
  0
DICTIONARY
  5
10
330
A
100
AcDbDictionary
281
1
  3
Standard
350
22
  0
DICTIONARY
  5
11
330
A
100
AcDbDictionary
281
1
  0
ACDBDICTIONARYWDFLT
  5
12
330
A
100
AcDbDictionary
281
1
  3
Normal
350
13
100
AcDbDictionaryWithDefault
340
13
  0
ACDBPLACEHOLDER
  5
13
330
12
  0
DICTIONARY
  5
14
330
A
100
AcDbDictionary
281
1
  0
DICTIONARY
  5
15
330
A
100
AcDbDictionary
281
1
  0
DICTIONARY
  5
16
330
A
100
AcDbDictionary
281
1
  3
2dWireframe
350
5A
  3
Basic
350
5B
  3
Brighten
350
5C
  3
ColorChange
350
5D
  3
Conceptual
350
5E
  3
Dim
350
5F
  3
EdgeColorOff
350
60
  3
Facepattern
350
61
  3
Flat
350
62
  3
FlatWithEdges
350
63
  3
Gouraud
350
64
  3
GouraudWithEdges
350
65
  3
Hidden
350
66
  3
JitterOff
350
67
  3
Linepattern
350
68
  3
Modeling
350
69
  3
OverhangOff
350
6A
  3
Realistic
350
6B
  3
Shaded
350
6C
  3
Shaded with edges
350
6D
  3
Shades of Gray
350
6E
  3
Sketchy
350
6F
  3
Thicken
350
70
  3
Wireframe
350
71
  3
X-Ray
350
72
  0
LAYOUT
  5
1A
330
D
100
AcDbPlotSettings
  1

  4
A3
  6

 40
7.5
 41
20.0
 42
7.5
 43
20.0
 44
420.0
 45
297.0
 46
0.0
 47
0.0
 48
0.0
 49
0.0
140
0.0
141
0.0
142
1.0
143
1.0
 70
1024
 72
1
 73
0
 74
5
  7

 75
16
 76
0
 77
2
 78
300
147
1.0
148
0.0
149
0.0
100
AcDbLayout
  1
Model
 70
1
 71
0
 10
0.0
 20
0.0
 11
420.0
 21
297.0
 12
0.0
 22
0.0
 32
0.0
 14
1e+20
 24
1e+20
 34
1e+20
 15
-1e+20
 25
-1e+20
 35
-1e+20
146
0.0
 13
0.0
 23
0.0
 33
0.0
 16
1.0
 26
0.0
 36
0.0
 17
0.0
 27
1.0
 37
0.0
 76
1
330
17
  0
LAYOUT
  5
1E
330
D
100
AcDbPlotSettings
  1

  4
A3
  6

 40
7.5
 41
20.0
 42
7.5
 43
20.0
 44
420.0
 45
297.0
 46
0.0
 47
0.0
 48
0.0
 49
0.0
140
0.0
141
0.0
142
1.0
143
1.0
 70
0
 72
1
 73
0
 74
5
  7

 75
16
 76
0
 77
2
 78
300
147
1.0
148
0.0
149
0.0
100
AcDbLayout
  1
Layout1
 70
1
 71
1
 10
0.0
 20
0.0
 11
420.0
 21
297.0
 12
0.0
 22
0.0
 32
0.0
 14
1e+20
 24
1e+20
 34
1e+20
 15
-1e+20
 25
-1e+20
 35
-1e+20
146
0.0
 13
0.0
 23
0.0
 33
0.0
 16
1.0
 26
0.0
 36
0.0
 17
0.0
 27
1.0
 37
0.0
 76
1
330
1B
  0
MATERIAL
  5
1F
102
{ACAD_REACTORS
330
E
102
}
330
E
100
AcDbMaterial
  1
ByBlock
  2

 70
0
 40
1.0
 71
1
 41
1.0
 91
-1023410177
 42
1.0
 72
1
  3

 73
1
 74
1
 75
1
 44
0.5
 73
0
 45
1.0
 46
1.0
 77
1
  4

 78
1
 79
1
170
1
 48
1.0
171
1
  6

172
1
173
1
174
1
140
1.0
141
1.0
175
1
  7

176
1
177
1
178
1
143
1.0
179
1
  8

270
1
271
1
272
1
145
1.0
146
1.0
273
1
  9

274
1
275
1
276
1
 42
1.0
 72
1
  3

 73
1
 74
1
 75
1
 94
63
  0
MATERIAL
  5
20
102
{ACAD_REACTORS
330
E
102
}
330
E
100
AcDbMaterial
  1
ByLayer
  2

 70
0
 40
1.0
 71
1
 41
1.0
 91
-1023410177
 42
1.0
 72
1
  3

 73
1
 74
1
 75
1
 44
0.5
 73
0
 45
1.0
 46
1.0
 77
1
  4

 78
1
 79
1
170
1
 48
1.0
171
1
  6

172
1
173
1
174
1
140
1.0
141
1.0
175
1
  7

176
1
177
1
178
1
143
1.0
179
1
  8

270
1
271
1
272
1
145
1.0
146
1.0
273
1
  9

274
1
275
1
276
1
 42
1.0
 72
1
  3

 73
1
 74
1
 75
1
 94
63
  0
MATERIAL
  5
21
102
{ACAD_REACTORS
330
E
102
}
330
E
100
AcDbMaterial
  1
Global
  2

 70
0
 40
1.0
 71
1
 41
1.0
 91
-1023410177
 42
1.0
 72
1
  3

 73
1
 74
1
 75
1
 44
0.5
 73
0
 45
1.0
 46
1.0
 77
1
  4

 78
1
 79
1
170
1
 48
1.0
171
1
  6

172
1
173
1
174
1
140
1.0
141
1.0
175
1
  7

176
1
177
1
178
1
143
1.0
179
1
  8

270
1
271
1
272
1
145
1.0
146
1.0
273
1
  9

274
1
275
1
276
1
 42
1.0
 72
1
  3

 73
1
 74
1
 75
1
 94
63
  0
MLINESTYLE
  5
22
102
{ACAD_REACTORS
330
10
102
}
330
10
100
AcDbMlineStyle
  2
Standard
 70
0
  3

 62
256
 51
90.0
 52
90.0
 71
2
 49
0.5
 62
256
  6
BYLAYER
 49
-0.5
 62
256
  6
BYLAYER
  0
MLEADERSTYLE
  5
2C
102
{ACAD_REACTORS
330
F
102
}
330
F
100
AcDbMLeaderStyle
179
2
170
2
171
1
172
0
 90
2
 40
0.0
 41
0.0
173
1
 91
-1056964608
 92
-2
290
1
 42
2.0
291
1
 43
8.0
  3
Standard
 44
4.0
300

342
29
174
1
175
1
176
0
178
1
 93
-1056964608
 45
4.0
292
0
297
0
 46
4.0
 94
-1056964608
 47
1.0
 49
1.0
140
1.0
294
1
141
0.0
177
0
142
1.0
295
0
296
0
143
3.75
271
0
272
9
273
9
  0
DICTIONARY
  5
2D
330
A
100
AcDbDictionary
280
1
281
1
  3
CREATED_BY_EZDXF
350
2E
  3
WRITTEN_BY_EZDXF
350
7DD
  0
DICTIONARYVAR
  5
2E
330
2D
100
DictionaryVariables
280
0
  1
1.4.4 @ 2026-08-24T03:38:42.175075+00:00
  0
VISUALSTYLE
  5
5A
102
{ACAD_REACTORS
330
16
102
}
330
16
100
AcDbVisualStyle
  2
2dWireframe
 70
4
177
3
291
0
 70
58
 90
2
176
1
 90
2
176
1
 90
0
176
1
 90
0
176
1
 40
0.6
176
1
 40
30.0
176
1
 62
7
420
16777215
176
1
 90
1
176
1
 90
4
176
1
 62
7
176
1
 62
257
176
1
 90
1
176
1
 90
1
176
1
 40
1.0
176
1
 90
8
176
1
 62
7
176
1
 40
1.0
176
1
 90
1
176
1
 90
6
176
1
 90
2
176
1
 62
7
176
1
 90
5
176
1
 90
0
176
1
 90
0
176
1
290
0
176
1
 90
1
176
1
 40
0.0
176
1
 90
0
176
1
290
1
176
1
290
1
176
1
290
0
176
1
290
0
176
1
290
0
176
1
290
0
176
1
290
0
176
1
290
0
176
1
290
0
176
1
 90
50
176
1
 40
0.0
176
1
 40
1.0
176
1
 90
0
176
1
 62
18
420
0
176
1
 90
50
176
1
 90
3
176
1
 62
5
420
255
176
1
290
0
176
1
 90
50
176
1
 90
50
176
1
 90
50
176
1
290
0
176
1
 90
50
176
1
 62
256
176
0
 40
1.0
176
0
 90
2
176
1
  1
strokes_ogs.tif
176
1
290
0
176
1
 40
1.0
176
1
 40
1.0
176
1
  0
VISUALSTYLE
  5
5B
102
{ACAD_REACTORS
330
16
102
}
330
16
100
AcDbVisualStyle
  2
Basic
 70
7
177
3
291
1
 70
58
 90
2
176
1
 90
2
176
1
 90
0
176
1
 90
1
176
1
 40
0.6
176
1
 40
30.0
176
1
 62
7
420
16777215
176
1
 90
1
176
1
 90
4
176
1
 62
7
176
1
 62
257
176
1
 90
1
176
1
 90
1
176
1
 40
1.0
176
1
 90
8
176
1
 62
7
176
1
 40
1.0
176
1
 90
1
176
1
 90
6
176
1
 90
2
176
1
 62
7
176
1
 90
5
176
1
 90
0
176
1
 90
0
176
1
290
0
176
1
 90
1
176
1
 40
0.0
176
1
 90
0
176
1
290
0
176
1
290
1
176
1
290
1
176
1
290
0
176
1
290
0
176
1
290
0
176
1
290
0
176
1
290
0
176
1
290
0
176
1
 90
50
176
1
 40
0.0
176
1
 40
1.0
176
1
 90
0
176
1
 62
18
420
0
176
1
 90
50
176
1
 90
3
176
1
 62
5
420
255
176
1
290
0
176
1
 90
50
176
1
 90
50
176
1
 90
50
176
1
290
0
176
1
 90
50
176
1
 62
256
176
0
 40
1.0
176
0
 90
2
176
1
  1
strokes_ogs.tif
176
1
290
0
176
1
 40
1.0
176
1
 40
1.0
176
1
  0
VISUALSTYLE
  5
5C
102
{ACAD_REACTORS
330
16
102
}
330
16
100
AcDbVisualStyle
  2
Brighten
 70
12
177
3
291
1
 70
58
 90
2
176
1
 90
2
176
1
 90
0
176
1
 90
2
176
1
 40
0.6
176
1
 40
30.0
176
1
 62
7
420
16777215
176
1
 90
1
176
1
 90
4
176
1
 62
7
176
1
 62
257
176
1
 90
1
176
1
 90
1
176
1
 40
1.0
176
1
 90
8
176
1
 62
7
176
1
 40
1.0
176
1
 90
1
176
1
 90
6
176
1
 90
2
176
1
 62
7
176
1
 90
5
176
1
 90
0
176
1
 90
0
176
1
290
0
176
1
 90
1
176
1
 40
0.0
176
1
 90
0
176
1
290
0
176
1
290
1
176
1
290
1
176
1
290
0
176
1
290
0
176
1
290
0
176
1
290
0
176
1
290
0
176
1
290
0
176
1
 90
50
176
1
 40
0.0
176
1
 40
1.0
176
1
 90
0
176
1
 62
18
420
0
176
1
 90
50
176
1
 90
3
176
1
 62
5
420
255
176
1
290
0
176
1
 90
50
176
1
 90
50
176
1
 90
50
176
1
290
0
176
1
 90
50
176
1
 62
256
176
0
 40
1.0
176
0
 90
2
176
1
  1
strokes_ogs.tif
176
1
290
0
176
1
 40
1.0
176
1
 40
1.0
176
1
  0
VISUALSTYLE
  5
5D
102
{ACAD_REACTORS
330
16
102
}
330
16
100
AcDbVisualStyle
  2
ColorChange
 70
16
177
3
291
1
 70
58
 90
2
176
1
 90
2
176
1
 90
0
176
1
 90
2
176
1
 40
0.6
176
1
 40
30.0
176
1
 62
7
420
16777215
176
1
 90
1
176
1
 90
4
176
1
 62
7
176
1
 62
257
176
1
 90
1
176
1
 90
1
176
1
 40
1.0
176
1
 90
8
176
1
 62
7
176
1
 40
1.0
176
1
 90
1
176
1
 90
6
176
1
 90
2
176
1
 62
7
176
1
 90
5
176
1
 90
0
176
1
 90
0
176
1
290
0
176
1
 90
1
176
1
 40
0.0
176
1
 90
0
176
1
290
0
176
1
290
1
176
1
290
1
176
1
290
0
176
1
290
0
176
1
290
0
176
1
290
0
176
1
290
0
176
1
290
0
176
1
 90
50
176
1
 40
0.0
176
1
 40
1.0
176
1
 90
0
176
1
 62
18
420
0
176
1
 90
50
176
1
 90
3
176
1
 62
5
420
255
176
1
290
0
176
1
 90
50
176
1
 90
50
176
1
 90
50
176
1
290
0
176
1
 90
50
176
1
 62
256
176
0
 40
1.0
176
0
 90
2
176
1
  1
strokes_ogs.tif
176
1
290
0
176
1
 40
1.0
176
1
 40
1.0
176
1
  0
VISUALSTYLE
  5
5E
102
{ACAD_REACTORS
330
16
102
}
330
16
100
AcDbVisualStyle
  2
Conceptual
 70
9
177
3
291
0
 70
58
 90
2
176
1
 90
2
176
1
 90
0
176
1
 90
3
176
1
 40
0.6
176
1
 40
30.0
176
1
 62
7
420
16777215
176
1
 90
1
176
1
 90
4
176
1
 62
7
176
1
 62
257
176
1
 90
1
176
1
 90
1
176
1
 40
1.0
176
1
 90
8
176
1
 62
7
176
1
 40
1.0
176
1
 90
1
176
1
 90
6
176
1
 90
2
176
1
 62
7
176
1
 90
5
176
1
 90
0
176
1
 90
0
176
1
290
0
176
1
 90
1
176
1
 40
0.0
176
1
 90
0
176
1
290
0
176
1
290
1
176
1
290
1
176
1
290
0
176
1
290
0
176
1
290
0
176
1
290
0
176
1
290
0
176
1
290
0
176
1
 90
50
176
1
 40
0.0
176
1
 40
1.0
176
1
 90
0
176
1
 62
18
420
0
176
1
 90
50
176
1
 90
3
176
1
 62
5
420
255
176
1
290
0
176
1
 90
50
176
1
 90
50
176
1
 90
50
176
1
290
0
176
1
 90
50
176
1
 62
256
176
0
 40
1.0
176
0
 90
2
176
1
  1
strokes_ogs.tif
176
1
290
0
176
1
 40
1.0
176
1
 40
1.0
176
1
  0
VISUALSTYLE
  5
5F
102
{ACAD_REACTORS
330
16
102
}
330
16
100
AcDbVisualStyle
  2
Dim
 70
11
177
3
291
1
 70
58
 90
2
176
1
 90
2
176
1
 90
0
176
1
 90
2
176
1
 40
0.6
176
1
 40
30.0
176
1
 62
7
420
16777215
176
1
 90
1
176
1
 90
4
176
1
 62
7
176
1
 62
257
176
1
 90
1
176
1
 90
1
176
1
 40
1.0
176
1
 90
8
176
1
 62
7
176
1
 40
1.0
176
1
 90
1
176
1
 90
6
176
1
 90
2
176
1
 62
7
176
1
 90
5
176
1
 90
0
176
1
 90
0
176
1
290
0
176
1
 90
1
176
1
 40
0.0
176
1
 90
0
176
1
290
0
176
1
290
1
176
1
290
1
176
1
290
0
176
1
290
0
176
1
290
0
176
1
290
0
176
1
290
0
176
1
290
0
176
1
 90
50
176
1
 40
0.0
176
1
 40
1.0
176
1
 90
0
176
1
 62
18
420
0
176
1
 90
50
176
1
 90
3
176
1
 62
5
420
255
176
1
290
0
176
1
 90
50
176
1
 90
50
176
1
 90
50
176
1
290
0
176
1
 90
50
176
1
 62
256
176
0
 40
1.0
176
0
 90
2
176
1
  1
strokes_ogs.tif
176
1
290
0
176
1
 40
1.0
176
1
 40
1.0
176
1
  0
VISUALSTYLE
  5
60
102
{ACAD_REACTORS
330
16
102
}
330
16
100
AcDbVisualStyle
  2
EdgeColorOff
 70
22
177
3
291
1
 70
58
 90
2
176
1
 90
2
176
1
 90
0
176
1
 90
2
176
1
 40
0.6
176
1
 40
30.0
176
1
 62
7
420
16777215
176
1
 90
1
176
1
 90
4
176
1
 62
7
176
1
 62
257
176
1
 90
1
176
1
 90
1
176
1
 40
1.0
176
1
 90
8
176
1
 62
7
176
1
 40
1.0
176
1
 90
1
176
1
 90
6
176
1
 90
2
176
1
 62
7
176
1
 90
5
176
1
 90
0
176
1
 90
0
176
1
290
0
176
1
 90
1
176
1
 40
0.0
176
1
 90
0
176
1
290
0
176
1
290
1
176
1
290
1
176
1
290
0
176
1
290
0
176
1
290
0
176
1
290
0
176
1
290
0
176
1
290
0
176
1
 90
50
176
1
 40
0.0
176
1
 40
1.0
176
1
 90
0
176
1
 62
18
420
0
176
1
 90
50
176
1
 90
3
176
1
 62
5
420
255
176
1
290
0
176
1
 90
50
176
1
 90
50
176
1
 90
50
176
1
290
0
176
1
 90
50
176
1
 62
256
176
0
 40
1.0
176
0
 90
2
176
1
  1
strokes_ogs.tif
176
1
290
0
176
1
 40
1.0
176
1
 40
1.0
176
1
  0
VISUALSTYLE
  5
61
102
{ACAD_REACTORS
330
16
102
}
330
16
100
AcDbVisualStyle
  2
Facepattern
 70
15
177
3
291
1
 70
58
 90
2
176
1
 90
2
176
1
 90
0
176
1
 90
2
176
1
 40
0.6
176
1
 40
30.0
176
1
 62
7
420
16777215
176
1
 90
1
176
1
 90
4
176
1
 62
7
176
1
 62
257
176
1
 90
1
176
1
 90
1
176
1
 40
1.0
176
1
 90
8
176
1
 62
7
176
1
 40
1.0
176
1
 90
1
176
1
 90
6
176
1
 90
2
176
1
 62
7
176
1
 90
5
176
1
 90
0
176
1
 90
0
176
1
290
0
176
1
 90
1
176
1
 40
0.0
176
1
 90
0
176
1
290
0
176
1
290
1
176
1
290
1
176
1
290
0
176
1
290
0
176
1
290
0
176
1
290
0
176
1
290
0
176
1
290
0
176
1
 90
50
176
1
 40
0.0
176
1
 40
1.0
176
1
 90
0
176
1
 62
18
420
0
176
1
 90
50
176
1
 90
3
176
1
 62
5
420
255
176
1
290
0
176
1
 90
50
176
1
 90
50
176
1
 90
50
176
1
290
0
176
1
 90
50
176
1
 62
256
176
0
 40
1.0
176
0
 90
2
176
1
  1
strokes_ogs.tif
176
1
290
0
176
1
 40
1.0
176
1
 40
1.0
176
1
  0
VISUALSTYLE
  5
62
102
{ACAD_REACTORS
330
16
102
}
330
16
100
AcDbVisualStyle
  2
Flat
 70
0
177
3
291
1
 70
58
 90
2
176
1
 90
2
176
1
 90
0
176
1
 90
2
176
1
 40
0.6
176
1
 40
30.0
176
1
 62
7
420
16777215
176
1
 90
1
176
1
 90
4
176
1
 62
7
176
1
 62
257
176
1
 90
1
176
1
 90
1
176
1
 40
1.0
176
1
 90
8
176
1
 62
7
176
1
 40
1.0
176
1
 90
1
176
1
 90
6
176
1
 90
2
176
1
 62
7
176
1
 90
5
176
1
 90
0
176
1
 90
0
176
1
290
0
176
1
 90
1
176
1
 40
0.0
176
1
 90
0
176
1
290
0
176
1
290
1
176
1
290
1
176
1
290
0
176
1
290
0
176
1
290
0
176
1
290
0
176
1
290
0
176
1
290
0
176
1
 90
50
176
1
 40
0.0
176
1
 40
1.0
176
1
 90
0
176
1
 62
18
420
0
176
1
 90
50
176
1
 90
3
176
1
 62
5
420
255
176
1
290
0
176
1
 90
50
176
1
 90
50
176
1
 90
50
176
1
290
0
176
1
 90
50
176
1
 62
256
176
0
 40
1.0
176
0
 90
2
176
1
  1
strokes_ogs.tif
176
1
290
0
176
1
 40
1.0
176
1
 40
1.0
176
1
  0
VISUALSTYLE
  5
63
102
{ACAD_REACTORS
330
16
102
}
330
16
100
AcDbVisualStyle
  2
FlatWithEdges
 70
1
177
3
291
1
 70
58
 90
2
176
1
 90
2
176
1
 90
0
176
1
 90
2
176
1
 40
0.6
176
1
 40
30.0
176
1
 62
7
420
16777215
176
1
 90
1
176
1
 90
4
176
1
 62
7
176
1
 62
257
176
1
 90
1
176
1
 90
1
176
1
 40
1.0
176
1
 90
8
176
1
 62
7
176
1
 40
1.0
176
1
 90
1
176
1
 90
6
176
1
 90
2
176
1
 62
7
176
1
 90
5
176
1
 90
0
176
1
 90
0
176
1
290
0
176
1
 90
1
176
1
 40
0.0
176
1
 90
0
176
1
290
0
176
1
290
1
176
1
290
1
176
1
290
0
176
1
290
0
176
1
290
0
176
1
290
0
176
1
290
0
176
1
290
0
176
1
 90
50
176
1
 40
0.0
176
1
 40
1.0
176
1
 90
0
176
1
 62
18
420
0
176
1
 90
50
176
1
 90
3
176
1
 62
5
420
255
176
1
290
0
176
1
 90
50
176
1
 90
50
176
1
 90
50
176
1
290
0
176
1
 90
50
176
1
 62
256
176
0
 40
1.0
176
0
 90
2
176
1
  1
strokes_ogs.tif
176
1
290
0
176
1
 40
1.0
176
1
 40
1.0
176
1
  0
VISUALSTYLE
  5
64
102
{ACAD_REACTORS
330
16
102
}
330
16
100
AcDbVisualStyle
  2
Gouraud
 70
2
177
3
291
1
 70
58
 90
2
176
1
 90
2
176
1
 90
0
176
1
 90
2
176
1
 40
0.6
176
1
 40
30.0
176
1
 62
7
420
16777215
176
1
 90
1
176
1
 90
4
176
1
 62
7
176
1
 62
257
176
1
 90
1
176
1
 90
1
176
1
 40
1.0
176
1
 90
8
176
1
 62
7
176
1
 40
1.0
176
1
 90
1
176
1
 90
6
176
1
 90
2
176
1
 62
7
176
1
 90
5
176
1
 90
0
176
1
 90
0
176
1
290
0
176
1
 90
1
176
1
 40
0.0
176
1
 90
0
176
1
290
0
176
1
290
1
176
1
290
1
176
1
290
0
176
1
290
0
176
1
290
0
176
1
290
0
176
1
290
0
176
1
290
0
176
1
 90
50
176
1
 40
0.0
176
1
 40
1.0
176
1
 90
0
176
1
 62
18
420
0
176
1
 90
50
176
1
 90
3
176
1
 62
5
420
255
176
1
290
0
176
1
 90
50
176
1
 90
50
176
1
 90
50
176
1
290
0
176
1
 90
50
176
1
 62
256
176
0
 40
1.0
176
0
 90
2
176
1
  1
strokes_ogs.tif
176
1
290
0
176
1
 40
1.0
176
1
 40
1.0
176
1
  0
VISUALSTYLE
  5
65
102
{ACAD_REACTORS
330
16
102
}
330
16
100
AcDbVisualStyle
  2
GouraudWithEdges
 70
3
177
3
291
1
 70
58
 90
2
176
1
 90
2
176
1
 90
0
176
1
 90
2
176
1
 40
0.6
176
1
 40
30.0
176
1
 62
7
420
16777215
176
1
 90
1
176
1
 90
4
176
1
 62
7
176
1
 62
257
176
1
 90
1
176
1
 90
1
176
1
 40
1.0
176
1
 90
8
176
1
 62
7
176
1
 40
1.0
176
1
 90
1
176
1
 90
6
176
1
 90
2
176
1
 62
7
176
1
 90
5
176
1
 90
0
176
1
 90
0
176
1
290
0
176
1
 90
1
176
1
 40
0.0
176
1
 90
0
176
1
290
0
176
1
290
1
176
1
290
1
176
1
290
0
176
1
290
0
176
1
290
0
176
1
290
0
176
1
290
0
176
1
290
0
176
1
 90
50
176
1
 40
0.0
176
1
 40
1.0
176
1
 90
0
176
1
 62
18
420
0
176
1
 90
50
176
1
 90
3
176
1
 62
5
420
255
176
1
290
0
176
1
 90
50
176
1
 90
50
176
1
 90
50
176
1
290
0
176
1
 90
50
176
1
 62
256
176
0
 40
1.0
176
0
 90
2
176
1
  1
strokes_ogs.tif
176
1
290
0
176
1
 40
1.0
176
1
 40
1.0
176
1
  0
VISUALSTYLE
  5
66
102
{ACAD_REACTORS
330
16
102
}
330
16
100
AcDbVisualStyle
  2
Hidden
 70
6
177
3
291
0
 70
58
 90
2
176
1
 90
2
176
1
 90
0
176
1
 90
1
176
1
 40
0.6
176
1
 40
30.0
176
1
 62
7
420
16777215
176
1
 90
1
176
1
 90
4
176
1
 62
7
176
1
 62
257
176
1
 90
1
176
1
 90
1
176
1
 40
1.0
176
1
 90
8
176
1
 62
7
176
1
 40
1.0
176
1
 90
1
176
1
 90
6
176
1
 90
2
176
1
 62
7
176
1
 90
5
176
1
 90
0
176
1
 90
0
176
1
290
0
176
1
 90
1
176
1
 40
0.0
176
1
 90
0
176
1
290
0
176
1
290
1
176
1
290
1
176
1
290
0
176
1
290
0
176
1
290
0
176
1
290
0
176
1
290
0
176
1
290
0
176
1
 90
50
176
1
 40
0.0
176
1
 40
1.0
176
1
 90
0
176
1
 62
18
420
0
176
1
 90
50
176
1
 90
3
176
1
 62
5
420
255
176
1
290
0
176
1
 90
50
176
1
 90
50
176
1
 90
50
176
1
290
0
176
1
 90
50
176
1
 62
256
176
0
 40
1.0
176
0
 90
2
176
1
  1
strokes_ogs.tif
176
1
290
0
176
1
 40
1.0
176
1
 40
1.0
176
1
  0
VISUALSTYLE
  5
67
102
{ACAD_REACTORS
330
16
102
}
330
16
100
AcDbVisualStyle
  2
JitterOff
 70
20
177
3
291
1
 70
58
 90
2
176
1
 90
2
176
1
 90
0
176
1
 90
2
176
1
 40
0.6
176
1
 40
30.0
176
1
 62
7
420
16777215
176
1
 90
1
176
1
 90
4
176
1
 62
7
176
1
 62
257
176
1
 90
1
176
1
 90
1
176
1
 40
1.0
176
1
 90
8
176
1
 62
7
176
1
 40
1.0
176
1
 90
1
176
1
 90
6
176
1
 90
2
176
1
 62
7
176
1
 90
5
176
1
 90
0
176
1
 90
0
176
1
290
0
176
1
 90
1
176
1
 40
0.0
176
1
 90
0
176
1
290
0
176
1
290
1
176
1
290
1
176
1
290
0
176
1
290
0
176
1
290
0
176
1
290
0
176
1
290
0
176
1
290
0
176
1
 90
50
176
1
 40
0.0
176
1
 40
1.0
176
1
 90
0
176
1
 62
18
420
0
176
1
 90
50
176
1
 90
3
176
1
 62
5
420
255
176
1
290
0
176
1
 90
50
176
1
 90
50
176
1
 90
50
176
1
290
0
176
1
 90
50
176
1
 62
256
176
0
 40
1.0
176
0
 90
2
176
1
  1
strokes_ogs.tif
176
1
290
0
176
1
 40
1.0
176
1
 40
1.0
176
1
  0
VISUALSTYLE
  5
68
102
{ACAD_REACTORS
330
16
102
}
330
16
100
AcDbVisualStyle
  2
Linepattern
 70
14
177
3
291
1
 70
58
 90
2
176
1
 90
2
176
1
 90
0
176
1
 90
2
176
1
 40
0.6
176
1
 40
30.0
176
1
 62
7
420
16777215
176
1
 90
1
176
1
 90
4
176
1
 62
7
176
1
 62
257
176
1
 90
1
176
1
 90
1
176
1
 40
1.0
176
1
 90
8
176
1
 62
7
176
1
 40
1.0
176
1
 90
1
176
1
 90
6
176
1
 90
2
176
1
 62
7
176
1
 90
5
176
1
 90
0
176
1
 90
0
176
1
290
0
176
1
 90
1
176
1
 40
0.0
176
1
 90
0
176
1
290
0
176
1
290
1
176
1
290
1
176
1
290
0
176
1
290
0
176
1
290
0
176
1
290
0
176
1
290
0
176
1
290
0
176
1
 90
50
176
1
 40
0.0
176
1
 40
1.0
176
1
 90
0
176
1
 62
18
420
0
176
1
 90
50
176
1
 90
3
176
1
 62
5
420
255
176
1
290
0
176
1
 90
50
176
1
 90
50
176
1
 90
50
176
1
290
0
176
1
 90
50
176
1
 62
256
176
0
 40
1.0
176
0
 90
2
176
1
  1
strokes_ogs.tif
176
1
290
0
176
1
 40
1.0
176
1
 40
1.0
176
1
  0
VISUALSTYLE
  5
69
102
{ACAD_REACTORS
330
16
102
}
330
16
100
AcDbVisualStyle
  2
Modeling
 70
10
177
3
291
0
 70
58
 90
2
176
1
 90
2
176
1
 90
0
176
1
 90
2
176
1
 40
0.6
176
1
 40
30.0
176
1
 62
7
420
16777215
176
1
 90
1
176
1
 90
4
176
1
 62
7
176
1
 62
257
176
1
 90
1
176
1
 90
1
176
1
 40
1.0
176
1
 90
8
176
1
 62
7
176
1
 40
1.0
176
1
 90
1
176
1
 90
6
176
1
 90
2
176
1
 62
7
176
1
 90
5
176
1
 90
0
176
1
 90
0
176
1
290
0
176
1
 90
1
176
1
 40
0.0
176
1
 90
0
176
1
290
0
176
1
290
1
176
1
290
1
176
1
290
0
176
1
290
0
176
1
290
0
176
1
290
0
176
1
290
0
176
1
290
0
176
1
 90
50
176
1
 40
0.0
176
1
 40
1.0
176
1
 90
0
176
1
 62
18
420
0
176
1
 90
50
176
1
 90
3
176
1
 62
5
420
255
176
1
290
0
176
1
 90
50
176
1
 90
50
176
1
 90
50
176
1
290
0
176
1
 90
50
176
1
 62
256
176
0
 40
1.0
176
0
 90
2
176
1
  1
strokes_ogs.tif
176
1
290
0
176
1
 40
1.0
176
1
 40
1.0
176
1
  0
VISUALSTYLE
  5
6A
102
{ACAD_REACTORS
330
16
102
}
330
16
100
AcDbVisualStyle
  2
OverhangOff
 70
21
177
3
291
1
 70
58
 90
2
176
1
 90
2
176
1
 90
0
176
1
 90
2
176
1
 40
0.6
176
1
 40
30.0
176
1
 62
7
420
16777215
176
1
 90
1
176
1
 90
4
176
1
 62
7
176
1
 62
257
176
1
 90
1
176
1
 90
1
176
1
 40
1.0
176
1
 90
8
176
1
 62
7
176
1
 40
1.0
176
1
 90
1
176
1
 90
6
176
1
 90
2
176
1
 62
7
176
1
 90
5
176
1
 90
0
176
1
 90
0
176
1
290
0
176
1
 90
1
176
1
 40
0.0
176
1
 90
0
176
1
290
0
176
1
290
1
176
1
290
1
176
1
290
0
176
1
290
0
176
1
290
0
176
1
290
0
176
1
290
0
176
1
290
0
176
1
 90
50
176
1
 40
0.0
176
1
 40
1.0
176
1
 90
0
176
1
 62
18
420
0
176
1
 90
50
176
1
 90
3
176
1
 62
5
420
255
176
1
290
0
176
1
 90
50
176
1
 90
50
176
1
 90
50
176
1
290
0
176
1
 90
50
176
1
 62
256
176
0
 40
1.0
176
0
 90
2
176
1
  1
strokes_ogs.tif
176
1
290
0
176
1
 40
1.0
176
1
 40
1.0
176
1
  0
VISUALSTYLE
  5
6B
102
{ACAD_REACTORS
330
16
102
}
330
16
100
AcDbVisualStyle
  2
Realistic
 70
8
177
3
291
0
 70
58
 90
2
176
1
 90
2
176
1
 90
0
176
1
 90
2
176
1
 40
0.6
176
1
 40
30.0
176
1
 62
7
420
16777215
176
1
 90
1
176
1
 90
4
176
1
 62
7
176
1
 62
257
176
1
 90
1
176
1
 90
1
176
1
 40
1.0
176
1
 90
8
176
1
 62
7
176
1
 40
1.0
176
1
 90
1
176
1
 90
6
176
1
 90
2
176
1
 62
7
176
1
 90
5
176
1
 90
0
176
1
 90
0
176
1
290
0
176
1
 90
1
176
1
 40
0.0
176
1
 90
0
176
1
290
0
176
1
290
1
176
1
290
1
176
1
290
0
176
1
290
0
176
1
290
0
176
1
290
0
176
1
290
0
176
1
290
0
176
1
 90
50
176
1
 40
0.0
176
1
 40
1.0
176
1
 90
0
176
1
 62
18
420
0
176
1
 90
50
176
1
 90
3
176
1
 62
5
420
255
176
1
290
0
176
1
 90
50
176
1
 90
50
176
1
 90
50
176
1
290
0
176
1
 90
50
176
1
 62
256
176
0
 40
1.0
176
0
 90
2
176
1
  1
strokes_ogs.tif
176
1
290
0
176
1
 40
1.0
176
1
 40
1.0
176
1
  0
VISUALSTYLE
  5
6C
102
{ACAD_REACTORS
330
16
102
}
330
16
100
AcDbVisualStyle
  2
Shaded
 70
27
177
3
291
0
 70
58
 90
2
176
1
 90
2
176
1
 90
0
176
1
 90
2
176
1
 40
0.6
176
1
 40
30.0
176
1
 62
7
420
16777215
176
1
 90
1
176
1
 90
4
176
1
 62
7
176
1
 62
257
176
1
 90
1
176
1
 90
1
176
1
 40
1.0
176
1
 90
8
176
1
 62
7
176
1
 40
1.0
176
1
 90
1
176
1
 90
6
176
1
 90
2
176
1
 62
7
176
1
 90
5
176
1
 90
0
176
1
 90
0
176
1
290
0
176
1
 90
1
176
1
 40
0.0
176
1
 90
0
176
1
290
0
176
1
290
1
176
1
290
1
176
1
290
0
176
1
290
0
176
1
290
0
176
1
290
0
176
1
290
0
176
1
290
0
176
1
 90
50
176
1
 40
0.0
176
1
 40
1.0
176
1
 90
0
176
1
 62
18
420
0
176
1
 90
50
176
1
 90
3
176
1
 62
5
420
255
176
1
290
0
176
1
 90
50
176
1
 90
50
176
1
 90
50
176
1
290
0
176
1
 90
50
176
1
 62
256
176
0
 40
1.0
176
0
 90
2
176
1
  1
strokes_ogs.tif
176
1
290
0
176
1
 40
1.0
176
1
 40
1.0
176
1
  0
VISUALSTYLE
  5
6D
102
{ACAD_REACTORS
330
16
102
}
330
16
100
AcDbVisualStyle
  2
Shaded with edges
 70
26
177
3
291
0
 70
58
 90
2
176
1
 90
2
176
1
 90
0
176
1
 90
2
176
1
 40
0.6
176
1
 40
30.0
176
1
 62
7
420
16777215
176
1
 90
1
176
1
 90
4
176
1
 62
7
176
1
 62
257
176
1
 90
1
176
1
 90
1
176
1
 40
1.0
176
1
 90
8
176
1
 62
7
176
1
 40
1.0
176
1
 90
1
176
1
 90
6
176
1
 90
2
176
1
 62
7
176
1
 90
5
176
1
 90
0
176
1
 90
0
176
1
290
0
176
1
 90
1
176
1
 40
0.0
176
1
 90
0
176
1
290
0
176
1
290
1
176
1
290
1
176
1
290
0
176
1
290
0
176
1
290
0
176
1
290
0
176
1
290
0
176
1
290
0
176
1
 90
50
176
1
 40
0.0
176
1
 40
1.0
176
1
 90
0
176
1
 62
18
420
0
176
1
 90
50
176
1
 90
3
176
1
 62
5
420
255
176
1
290
0
176
1
 90
50
176
1
 90
50
176
1
 90
50
176
1
290
0
176
1
 90
50
176
1
 62
256
176
0
 40
1.0
176
0
 90
2
176
1
  1
strokes_ogs.tif
176
1
290
0
176
1
 40
1.0
176
1
 40
1.0
176
1
  0
VISUALSTYLE
  5
6E
102
{ACAD_REACTORS
330
16
102
}
330
16
100
AcDbVisualStyle
  2
Shades of Gray
 70
23
177
3
291
0
 70
58
 90
2
176
1
 90
2
176
1
 90
0
176
1
 90
2
176
1
 40
0.6
176
1
 40
30.0
176
1
 62
7
420
16777215
176
1
 90
1
176
1
 90
4
176
1
 62
7
176
1
 62
257
176
1
 90
1
176
1
 90
1
176
1
 40
1.0
176
1
 90
8
176
1
 62
7
176
1
 40
1.0
176
1
 90
1
176
1
 90
6
176
1
 90
2
176
1
 62
7
176
1
 90
5
176
1
 90
0
176
1
 90
0
176
1
290
0
176
1
 90
1
176
1
 40
0.0
176
1
 90
0
176
1
290
0
176
1
290
1
176
1
290
1
176
1
290
0
176
1
290
0
176
1
290
0
176
1
290
0
176
1
290
0
176
1
290
0
176
1
 90
50
176
1
 40
0.0
176
1
 40
1.0
176
1
 90
0
176
1
 62
18
420
0
176
1
 90
50
176
1
 90
3
176
1
 62
5
420
255
176
1
290
0
176
1
 90
50
176
1
 90
50
176
1
 90
50
176
1
290
0
176
1
 90
50
176
1
 62
256
176
0
 40
1.0
176
0
 90
2
176
1
  1
strokes_ogs.tif
176
1
290
0
176
1
 40
1.0
176
1
 40
1.0
176
1
  0
VISUALSTYLE
  5
6F
102
{ACAD_REACTORS
330
16
102
}
330
16
100
AcDbVisualStyle
  2
Sketchy
 70
24
177
3
291
0
 70
58
 90
2
176
1
 90
2
176
1
 90
0
176
1
 90
1
176
1
 40
0.6
176
1
 40
30.0
176
1
 62
7
420
16777215
176
1
 90
1
176
1
 90
4
176
1
 62
7
176
1
 62
257
176
1
 90
1
176
1
 90
1
176
1
 40
1.0
176
1
 90
8
176
1
 62
7
176
1
 40
1.0
176
1
 90
1
176
1
 90
6
176
1
 90
2
176
1
 62
7
176
1
 90
5
176
1
 90
0
176
1
 90
0
176
1
290
0
176
1
 90
1
176
1
 40
0.0
176
1
 90
0
176
1
290
0
176
1
290
1
176
1
290
1
176
1
290
0
176
1
290
0
176
1
290
0
176
1
290
0
176
1
290
0
176
1
290
0
176
1
 90
50
176
1
 40
0.0
176
1
 40
1.0
176
1
 90
0
176
1
 62
18
420
0
176
1
 90
50
176
1
 90
3
176
1
 62
5
420
255
176
1
290
0
176
1
 90
50
176
1
 90
50
176
1
 90
50
176
1
290
0
176
1
 90
50
176
1
 62
256
176
0
 40
1.0
176
0
 90
2
176
1
  1
strokes_ogs.tif
176
1
290
0
176
1
 40
1.0
176
1
 40
1.0
176
1
  0
VISUALSTYLE
  5
70
102
{ACAD_REACTORS
330
16
102
}
330
16
100
AcDbVisualStyle
  2
Thicken
 70
13
177
3
291
1
 70
58
 90
2
176
1
 90
2
176
1
 90
0
176
1
 90
2
176
1
 40
0.6
176
1
 40
30.0
176
1
 62
7
420
16777215
176
1
 90
1
176
1
 90
4
176
1
 62
7
176
1
 62
257
176
1
 90
1
176
1
 90
1
176
1
 40
1.0
176
1
 90
8
176
1
 62
7
176
1
 40
1.0
176
1
 90
1
176
1
 90
6
176
1
 90
2
176
1
 62
7
176
1
 90
5
176
1
 90
0
176
1
 90
0
176
1
290
0
176
1
 90
1
176
1
 40
0.0
176
1
 90
0
176
1
290
0
176
1
290
1
176
1
290
1
176
1
290
0
176
1
290
0
176
1
290
0
176
1
290
0
176
1
290
0
176
1
290
0
176
1
 90
50
176
1
 40
0.0
176
1
 40
1.0
176
1
 90
0
176
1
 62
18
420
0
176
1
 90
50
176
1
 90
3
176
1
 62
5
420
255
176
1
290
0
176
1
 90
50
176
1
 90
50
176
1
 90
50
176
1
290
0
176
1
 90
50
176
1
 62
256
176
0
 40
1.0
176
0
 90
2
176
1
  1
strokes_ogs.tif
176
1
290
0
176
1
 40
1.0
176
1
 40
1.0
176
1
  0
VISUALSTYLE
  5
71
102
{ACAD_REACTORS
330
16
102
}
330
16
100
AcDbVisualStyle
  2
Wireframe
 70
5
177
3
291
0
 70
58
 90
2
176
1
 90
2
176
1
 90
0
176
1
 90
0
176
1
 40
0.6
176
1
 40
30.0
176
1
 62
7
420
16777215
176
1
 90
1
176
1
 90
4
176
1
 62
7
176
1
 62
257
176
1
 90
1
176
1
 90
1
176
1
 40
1.0
176
1
 90
8
176
1
 62
7
176
1
 40
1.0
176
1
 90
1
176
1
 90
6
176
1
 90
2
176
1
 62
7
176
1
 90
5
176
1
 90
0
176
1
 90
0
176
1
290
0
176
1
 90
1
176
1
 40
0.0
176
1
 90
0
176
1
290
0
176
1
290
1
176
1
290
1
176
1
290
0
176
1
290
0
176
1
290
0
176
1
290
0
176
1
290
0
176
1
290
0
176
1
 90
50
176
1
 40
0.0
176
1
 40
1.0
176
1
 90
0
176
1
 62
18
420
0
176
1
 90
50
176
1
 90
3
176
1
 62
5
420
255
176
1
290
0
176
1
 90
50
176
1
 90
50
176
1
 90
50
176
1
290
0
176
1
 90
50
176
1
 62
256
176
0
 40
1.0
176
0
 90
2
176
1
  1
strokes_ogs.tif
176
1
290
0
176
1
 40
1.0
176
1
 40
1.0
176
1
  0
VISUALSTYLE
  5
72
102
{ACAD_REACTORS
330
16
102
}
330
16
100
AcDbVisualStyle
  2
X-Ray
 70
25
177
3
291
0
 70
58
 90
2
176
1
 90
2
176
1
 90
0
176
1
 90
2
176
1
 40
0.5
176
1
 40
30.0
176
1
 62
7
420
16777215
176
1
 90
1
176
1
 90
4
176
1
 62
7
176
1
 62
257
176
1
 90
1
176
1
 90
1
176
1
 40
1.0
176
1
 90
8
176
1
 62
7
176
1
 40
1.0
176
1
 90
1
176
1
 90
6
176
1
 90
2
176
1
 62
7
176
1
 90
5
176
1
 90
0
176
1
 90
0
176
1
290
0
176
1
 90
1
176
1
 40
0.0
176
1
 90
0
176
1
290
0
176
1
290
1
176
1
290
1
176
1
290
0
176
1
290
0
176
1
290
0
176
1
290
0
176
1
290
0
176
1
290
0
176
1
 90
50
176
1
 40
0.0
176
1
 40
1.0
176
1
 90
0
176
1
 62
18
420
0
176
1
 90
50
176
1
 90
3
176
1
 62
5
420
255
176
1
290
0
176
1
 90
50
176
1
 90
50
176
1
 90
50
176
1
290
0
176
1
 90
50
176
1
 62
256
176
0
 40
1.0
176
0
 90
2
176
1
  1
strokes_ogs.tif
176
1
290
0
176
1
 40
1.0
176
1
 40
1.0
176
1
  0
DICTIONARYVAR
  5
7DD
330
2D
100
DictionaryVariables
280
0
  1
1.4.4 @ 2026-08-24T03:38:42.324817+00:00
  0
ENDSEC
  0
EOF
